apex,kind,evidence,server_count,foreign_hosted
pipeworx.io,platform,endpoint_on_apex,1311,1311
smithery.ai,platform,endpoint_on_apex|verified_namespace,217,4
wishpool.app,organization,endpoint_on_apex|verified_namespace,125,0
ansvar.eu,platform,endpoint_on_apex|verified_namespace,118,12
klymax402.com,platform,endpoint_on_apex,100,100
mcp.ai,platform,endpoint_on_apex,99,99
usefulapi.io,organization,endpoint_on_apex|verified_namespace,99,0
mcparmory.com,organization,endpoint_on_apex|verified_namespace,76,0
caseyjhand.com,platform,endpoint_on_apex,75,75
clauxel.com,organization,endpoint_on_apex|verified_namespace,75,0
apify.actor,platform,endpoint_on_apex,69,69
alpic.live,organization,endpoint_on_apex|verified_namespace,64,0
tooloracle.io,organization,endpoint_on_apex|verified_namespace,62,1
mcpize.run,platform,endpoint_on_apex,55,55
lazy-mac.com,platform,endpoint_on_apex,54,54
apify.com,platform,endpoint_on_apex|verified_namespace,49,48
thenextgennexus.com,organization,verified_namespace,43,0
olyport.com,organization,endpoint_on_apex|verified_namespace,38,0
dropwatchhq.com,organization,endpoint_on_apex|verified_namespace,35,0
meok.ai,platform,endpoint_on_apex,34,34
steve-corbeil.workers.dev,platform,endpoint_on_apex,33,33
antibody-package-occasional-floppy.trycloudflare.com,platform,endpoint_on_apex,30,30
viridisconservation.com,platform,endpoint_on_apex,30,30
withdrawal-scales-newport-gordon.trycloudflare.com,platform,endpoint_on_apex,30,30
pulsemcp.com,organization,verified_namespace,29,0
memoryapi.org,organization,endpoint_on_apex|verified_namespace,27,0
junct.dev,platform,endpoint_on_apex,26,26
acedata.cloud,platform,endpoint_on_apex,23,23
dinglebear.ai,organization,endpoint_on_apex|verified_namespace,23,0
trendsapi.ai,organization,endpoint_on_apex|verified_namespace,21,0
trendsmcp.ai,organization,endpoint_on_apex|verified_namespace,21,0
hive-mcp-gateway.onrender.com,platform,endpoint_on_apex,19,19
microsoft.com,organization,endpoint_on_apex|verified_namespace,18,0
seoapi.com,organization,endpoint_on_apex|verified_namespace,18,0
agentutility.ai,organization,verified_namespace,17,0
atlasword.workers.dev,platform,endpoint_on_apex,17,17
daedalmap.com,organization,endpoint_on_apex|verified_namespace,17,0
mcpbundles.com,organization,endpoint_on_apex|verified_namespace,17,0
rjctdlabs.xyz,platform,endpoint_on_apex,17,17
doc2mcp.site,platform,endpoint_on_apex,16,16
xpay.sh,platform,endpoint_on_apex,16,16
studiomeyer.io,organization,endpoint_on_apex|verified_namespace,15,0
mambabuilt.com,organization,verified_namespace,13,0
roxyapi.com,organization,endpoint_on_apex|verified_namespace,13,0
viridis-agent-stable.fly.dev,platform,endpoint_on_apex,13,13
fetcher.sh,organization,endpoint_on_apex|verified_namespace,12,0
waystation.ai,organization,endpoint_on_apex|verified_namespace,12,0
cz-agents.dev,organization,endpoint_on_apex|verified_namespace,11,0
fastmcp.app,platform,endpoint_on_apex,11,11
mctx.ai,platform,endpoint_on_apex,11,11
stagenth.com,organization,endpoint_on_apex|verified_namespace,11,0
whensport.com,organization,endpoint_on_apex|verified_namespace,11,0
ausdata.io,organization,verified_namespace,10,0
cloud.microsoft,platform,endpoint_on_apex,10,10
gera.services,organization,verified_namespace,10,0
phos.nz,platform,endpoint_on_apex|verified_namespace,10,6
scanbimlabs.io,organization,endpoint_on_apex|verified_namespace,10,0
themineworks.com,organization,verified_namespace,10,0
datakoot.com,organization,endpoint_on_apex|verified_namespace,9,0
easakura.workers.dev,platform,endpoint_on_apex,9,9
getvda.ai,platform,endpoint_on_apex,9,9
mcp.com.ai,organization,endpoint_on_apex|verified_namespace,9,0
plus-synergy.workers.dev,platform,endpoint_on_apex,9,9
selflabbs.com,platform,endpoint_on_apex,9,9
airblock2026.workers.dev,platform,endpoint_on_apex,8,8
airblockfz.com,organization,verified_namespace,8,0
avalara.com,organization,endpoint_on_apex|verified_namespace,8,0
azurecontainerapps.io,platform,endpoint_on_apex,8,8
bonissystems.com,organization,endpoint_on_apex|verified_namespace,8,0
feedoracle.io,platform,endpoint_on_apex|verified_namespace,8,7
rootz.global,organization,endpoint_on_apex|verified_namespace,8,0
stratalize.com,organization,endpoint_on_apex|verified_namespace,8,0
agishub.com,organization,endpoint_on_apex|verified_namespace,7,0
fabtally.com,platform,endpoint_on_apex|verified_namespace,7,6
invokera.com,organization,endpoint_on_apex|verified_namespace,7,0
tenzro.network,organization,endpoint_on_apex|verified_namespace,7,0
tenzro.xyz,organization,endpoint_on_apex|verified_namespace,7,0
three.ws,platform,endpoint_on_apex,7,7
timzinin.com,organization,endpoint_on_apex|verified_namespace,7,0
valksor.com,organization,endpoint_on_apex|verified_namespace,7,0
zoom.us,platform,endpoint_on_apex,7,7
apim-agentforge-6lfm33.azure-api.net,platform,endpoint_on_apex,6,6
faf.one,organization,verified_namespace,6,0
fodda.ai,organization,endpoint_on_apex|verified_namespace,6,0
mailkite.dev,organization,endpoint_on_apex|verified_namespace,6,0
noon-ai.dyndns-server.com,organization,endpoint_on_apex|verified_namespace,6,0
openhelm.ai,organization,endpoint_on_apex|verified_namespace,6,0
reapx.dev,organization,verified_namespace,6,0
regiq.in,platform,endpoint_on_apex,6,6
skybridge.tech,organization,endpoint_on_apex|verified_namespace,6,0
web-production-ae61.up.railway.app,platform,endpoint_on_apex,6,6
x402supply.com,organization,endpoint_on_apex|verified_namespace,6,0
52choujiang.com,organization,endpoint_on_apex|verified_namespace,5,0
agentutil.net,organization,verified_namespace,5,0
basenull.com,organization,endpoint_on_apex|verified_namespace,5,0
borisinc.com,organization,endpoint_on_apex|verified_namespace,5,0
dokasukadon.workers.dev,platform,endpoint_on_apex,5,5
gatemcp.ai,platform,endpoint_on_apex,5,5
itmartin24.workers.dev,platform,endpoint_on_apex,5,5
llmotions.com,organization,endpoint_on_apex|verified_namespace,5,0
mintmcp.com,organization,endpoint_on_apex|verified_namespace,5,0
ontoramp.com,organization,endpoint_on_apex|verified_namespace,5,0
rgiskard.xyz,platform,endpoint_on_apex,5,5
rootsbybenda.workers.dev,platform,endpoint_on_apex,5,5
scope.bid,organization,endpoint_on_apex|verified_namespace,5,0
seiche.info,platform,endpoint_on_apex,5,5
spideriq.ai,organization,verified_namespace,5,0
tootie.tv,organization,endpoint_on_apex|verified_namespace,5,0
usedailyai.com,organization,verified_namespace,5,0
actablesite.com,organization,endpoint_on_apex|verified_namespace,4,2
agentlookups.ai,organization,endpoint_on_apex|verified_namespace,4,0
ainode.tech,platform,endpoint_on_apex,4,4
boolsai.ai,organization,endpoint_on_apex|verified_namespace,4,0
gadgethumans.com,organization,endpoint_on_apex|verified_namespace,4,1
gocreativeai.com,organization,endpoint_on_apex|verified_namespace,4,1
hogarmas.net,organization,endpoint_on_apex|verified_namespace,4,0
humanified.dk,organization,endpoint_on_apex|verified_namespace,4,0
jithox.com,organization,endpoint_on_apex|verified_namespace,4,0
modal.run,platform,endpoint_on_apex,4,4
oga-surf-project.workers.dev,platform,endpoint_on_apex,4,4
olane.com,organization,verified_namespace,4,0
pipeboard.co,organization,endpoint_on_apex|verified_namespace,4,0
rugslayer.com,platform,endpoint_on_apex,4,4
run402.com,organization,endpoint_on_apex|verified_namespace,4,0
staycek.workers.dev,platform,endpoint_on_apex,4,4
usewire.io,organization,endpoint_on_apex|verified_namespace,4,0
veezee.io,organization,endpoint_on_apex|verified_namespace,4,0
virohanalife.com,organization,endpoint_on_apex|verified_namespace,4,0
x402-resource-scanner.vercel.app,platform,endpoint_on_apex,4,4
acjlabs.com,organization,endpoint_on_apex|verified_namespace,3,0
agentexchange.work,organization,endpoint_on_apex|verified_namespace,3,1
agenticshelf.ai,organization,endpoint_on_apex|verified_namespace,3,0
amdal-dev.workers.dev,platform,endpoint_on_apex,3,3
apim-ai-apis.azure-api.net,platform,endpoint_on_apex,3,3
atomadic.tech,organization,endpoint_on_apex|verified_namespace,3,1
autoblocks.ai,organization,verified_namespace,3,0
biodnd.com,organization,endpoint_on_apex|verified_namespace,3,0
blackswancausallabs.com,organization,endpoint_on_apex|verified_namespace,3,0
buywhere.ai,organization,endpoint_on_apex|verified_namespace,3,1
cantara.no,organization,endpoint_on_apex|verified_namespace,3,0
damdafa.com,platform,endpoint_on_apex,3,3
divineapi.com,organization,endpoint_on_apex|verified_namespace,3,0
dwelldata.io,organization,endpoint_on_apex|verified_namespace,3,2
engenheiro-producao-ai.onrender.com,platform,endpoint_on_apex,3,3
ezbizservices.com,organization,endpoint_on_apex|verified_namespace,3,1
fenetresurciel.com,organization,endpoint_on_apex|verified_namespace,3,1
forgesworn.dev,organization,verified_namespace,3,0
form.io,organization,verified_namespace,3,0
greenfield1775.workers.dev,platform,endpoint_on_apex,3,3
hatchloop.dev,organization,endpoint_on_apex|verified_namespace,3,0
hove.capital,organization,verified_namespace,3,0
htagai.com,organization,endpoint_on_apex|verified_namespace,3,0
hypa1m.xyz,platform,endpoint_on_apex,3,3
iwebdevelopment.com,organization,endpoint_on_apex|verified_namespace,3,0
kekwanu.com,organization,verified_namespace,3,0
kultur.dev,organization,endpoint_on_apex|verified_namespace,3,2
lexiang-app.com,platform,endpoint_on_apex,3,3
mapbox.com,platform,endpoint_on_apex,3,3
mcpaas.live,platform,endpoint_on_apex,3,3
n-3.ai,platform,endpoint_on_apex,3,3
opportunityradar.africa,platform,endpoint_on_apex,3,3
opzyai.com,organization,endpoint_on_apex|verified_namespace,3,0
perch-app.workers.dev,organization,endpoint_on_apex|verified_namespace,3,0
proofbeforepay.vercel.app,platform,endpoint_on_apex,3,3
publifye.pro,organization,endpoint_on_apex|verified_namespace,3,0
recursive.support,organization,endpoint_on_apex|verified_namespace,3,0
rugscore.workers.dev,platform,endpoint_on_apex,3,3
run.tools,platform,endpoint_on_apex,3,3
scopeblind.com,organization,verified_namespace,3,0
searchshopai-mcp.fly.dev,platform,endpoint_on_apex,3,3
sidneybissoli.com,platform,endpoint_on_apex,3,3
sig.ai,organization,endpoint_on_apex|verified_namespace,3,2
spocont.com,organization,endpoint_on_apex|verified_namespace,3,0
stillos.workers.dev,platform,endpoint_on_apex,3,3
stipple.sh,organization,endpoint_on_apex|verified_namespace,3,0
tachyo.ai,organization,endpoint_on_apex|verified_namespace,3,0
theaslangroupllc.com,organization,endpoint_on_apex|verified_namespace,3,0
tkllabs.io,organization,endpoint_on_apex|verified_namespace,3,0
tunnelmind.ai,organization,endpoint_on_apex|verified_namespace,3,0
vaquill.ai,platform,endpoint_on_apex,3,3
4bots.net,organization,endpoint_on_apex|verified_namespace,2,1
911fund.io,organization,endpoint_on_apex|verified_namespace,2,0
acjlabs.workers.dev,organization,endpoint_on_apex,2,2
adcritter.com,organization,endpoint_on_apex|verified_namespace,2,0
aerware.ai,organization,endpoint_on_apex,2,2
aerynw.workers.dev,organization,endpoint_on_apex,2,2
agentage.io,organization,endpoint_on_apex|verified_namespace,2,0
agentopskit.dev,organization,endpoint_on_apex|verified_namespace,2,0
agentry.com,organization,endpoint_on_apex|verified_namespace,2,1
ai-akari.ai,organization,endpoint_on_apex|verified_namespace,2,0
aidatanorge.no,organization,endpoint_on_apex,2,2
aiegis.ie,organization,endpoint_on_apex,2,2
aineedhelpfromotherai.com,organization,endpoint_on_apex|verified_namespace,2,1
aioproductos.com,organization,endpoint_on_apex|verified_namespace,2,0
aitwire.com,organization,endpoint_on_apex|verified_namespace,2,0
ajwallacemusic.workers.dev,organization,endpoint_on_apex,2,2
alchemylab.sh,organization,endpoint_on_apex|verified_namespace,2,0
alpic.ai,organization,endpoint_on_apex|verified_namespace,2,0
analook.com,organization,endpoint_on_apex,2,2
ankimcp.ai,organization,verified_namespace,2,0
api.aws,organization,verified_namespace,2,0
apolloai.team,organization,endpoint_on_apex|verified_namespace,2,1
arcandledger.com,organization,endpoint_on_apex|verified_namespace,2,1
arif-fazil.com,organization,endpoint_on_apex,2,2
auteng.ai,organization,endpoint_on_apex|verified_namespace,2,0
autonomad.ai,organization,endpoint_on_apex|verified_namespace,2,0
ayurak.com,organization,endpoint_on_apex|verified_namespace,2,1
bitrix24.com,organization,endpoint_on_apex,2,2
bitsbound.com,organization,verified_namespace,2,0
bizgigz.com,organization,endpoint_on_apex|verified_namespace,2,0
blackwalltier.com,organization,endpoint_on_apex|verified_namespace,2,0
bolthub.ai,organization,verified_namespace,2,0
bopmarket.store,organization,endpoint_on_apex|verified_namespace,2,1
braincloudservers.com,organization,endpoint_on_apex|verified_namespace,2,0
brightsec.com,organization,endpoint_on_apex|verified_namespace,2,1
candy-josh-writers-balance.trycloudflare.com,organization,endpoint_on_apex|verified_namespace,2,0
cellarion.app,organization,endpoint_on_apex|verified_namespace,2,0
certscore.ai,organization,endpoint_on_apex|verified_namespace,2,0
chicoxyzzy.workers.dev,organization,endpoint_on_apex,2,2
civic.com,organization,endpoint_on_apex|verified_namespace,2,1
claimhit.com,organization,endpoint_on_apex,2,2
clarid.ai,organization,endpoint_on_apex|verified_namespace,2,0
clients-involving-billion-headers.trycloudflare.com,organization,endpoint_on_apex|verified_namespace,2,0
comos-gateway.com,organization,endpoint_on_apex,2,2
compuute.se,organization,endpoint_on_apex,2,2
connectedpaths.com,organization,endpoint_on_apex,2,2
coremodels.io,organization,endpoint_on_apex,2,2
crestsystems.ai,organization,endpoint_on_apex|verified_namespace,2,1
decide.fyi,organization,endpoint_on_apex,2,2
deepbluebase.xyz,organization,endpoint_on_apex|verified_namespace,2,1
defaultprivacy.com,organization,endpoint_on_apex|verified_namespace,2,1
deinai.ai,organization,endpoint_on_apex|verified_namespace,2,0
desvela.dev,organization,endpoint_on_apex|verified_namespace,2,0
digitalpipe.net,organization,endpoint_on_apex|verified_namespace,2,0
digitalpublic.com,organization,endpoint_on_apex|verified_namespace,2,0
domainium.io,organization,endpoint_on_apex|verified_namespace,2,0
dugganusa.com,organization,endpoint_on_apex,2,2
e2a.dev,organization,endpoint_on_apex|verified_namespace,2,1
edivia.fr,organization,verified_namespace,2,0
ejentum.com,organization,endpoint_on_apex,2,2
elytron.in,organization,endpoint_on_apex|verified_namespace,2,0
energyaisolution.com,organization,endpoint_on_apex|verified_namespace,2,0
entia.systems,organization,endpoint_on_apex|verified_namespace,2,1
eruditepay.com,organization,endpoint_on_apex|verified_namespace,2,1
fastdb.in,organization,endpoint_on_apex|verified_namespace,2,0
fcapp.run,organization,endpoint_on_apex|verified_namespace,2,0
fdcommercial-uk.workers.dev,organization,endpoint_on_apex,2,2
fidacy.com,organization,verified_namespace,2,0
fin-discovery.com,organization,endpoint_on_apex,2,2
finalpos.com,organization,endpoint_on_apex|verified_namespace,2,1
foomworks.workers.dev,organization,endpoint_on_apex,2,2
for-ai-agents.workers.dev,organization,endpoint_on_apex,2,2
fugentic.ai,organization,endpoint_on_apex|verified_namespace,2,0
fusionauth.io,organization,verified_namespace,2,0
gapup.io,organization,endpoint_on_apex,2,2
geiant.com,organization,verified_namespace,2,0
get-obra.com,organization,verified_namespace,2,0
getlulu.dev,organization,endpoint_on_apex,2,2
gjalla.io,organization,endpoint_on_apex|verified_namespace,2,0
gleaming-cassata-d41682.netlify.app,organization,endpoint_on_apex|verified_namespace,2,1
goldbean-api.xyz,organization,endpoint_on_apex|verified_namespace,2,1
gotolstoy.com,organization,endpoint_on_apex,2,2
grapecity.com.cn,organization,endpoint_on_apex|verified_namespace,2,0
guruwalk.com,organization,endpoint_on_apex|verified_namespace,2,0
haymon.ai,organization,verified_namespace,2,0
healthai.com,organization,endpoint_on_apex|verified_namespace,2,0
hgfbxjxghp.workers.dev,organization,endpoint_on_apex,2,2
hirosecure.com,organization,endpoint_on_apex|verified_namespace,2,0
hivegate.onrender.com,organization,endpoint_on_apex,2,2
hoodly.io,organization,endpoint_on_apex,2,2
humanmcp.net,organization,endpoint_on_apex,2,2
intuitek.ai,organization,endpoint_on_apex|verified_namespace,2,1
jaco-veldsman.workers.dev,organization,endpoint_on_apex,2,2
jamesrosingmd.com,organization,verified_namespace,2,0
jason-12c.workers.dev,organization,endpoint_on_apex,2,2
jaymiller.workers.dev,organization,endpoint_on_apex,2,2
joinsandwich.com,organization,endpoint_on_apex|verified_namespace,2,0
journalize.dev,organization,endpoint_on_apex|verified_namespace,2,1
kairossignal.com,organization,endpoint_on_apex|verified_namespace,2,1
keenethics-labs.com,organization,endpoint_on_apex|verified_namespace,2,0
kimnchai.com,organization,endpoint_on_apex,2,2
kunstudio.workers.dev,organization,endpoint_on_apex,2,2
kynth.studio,organization,verified_namespace,2,0
lantangtang54.workers.dev,organization,endpoint_on_apex,2,2
law.ai,organization,endpoint_on_apex|verified_namespace,2,0
lexia-pro.workers.dev,organization,endpoint_on_apex,2,2
lexsocket.ai,organization,endpoint_on_apex,2,2
lightsyncpro.com,organization,endpoint_on_apex|verified_namespace,2,1
linxule.workers.dev,organization,endpoint_on_apex,2,2
llmintel.ai,organization,endpoint_on_apex|verified_namespace,2,0
lowtoxgear.com,organization,endpoint_on_apex|verified_namespace,2,0
m-zikriz.workers.dev,organization,endpoint_on_apex,2,2
machfive.io,organization,endpoint_on_apex,2,2
machinesignal.it,organization,endpoint_on_apex|verified_namespace,2,0
madeinro.eu,organization,endpoint_on_apex|verified_namespace,2,0
maindex.io,organization,endpoint_on_apex|verified_namespace,2,0
marketcheck.com,organization,endpoint_on_apex|verified_namespace,2,0
marywomack.workers.dev,organization,endpoint_on_apex,2,2
mcp-server-295985738387.europe-west1.run.app,organization,endpoint_on_apex,2,2
mcpcentral.io,organization,endpoint_on_apex|verified_namespace,2,1
mcpgatepro.com,organization,endpoint_on_apex|verified_namespace,2,0
meni.ge,organization,endpoint_on_apex|verified_namespace,2,0
mgm-llc.org,organization,endpoint_on_apex,2,2
mimirslab.workers.dev,organization,endpoint_on_apex,2,2
minia2a.uk,organization,endpoint_on_apex|verified_namespace,2,0
mino-yakking.com,organization,endpoint_on_apex|verified_namespace,2,0
missingmcp.com,organization,endpoint_on_apex|verified_namespace,2,0
mj-mcp-tools.workers.dev,organization,endpoint_on_apex,2,2
ml.ink,organization,endpoint_on_apex|verified_namespace,2,1
mmatinca.eu,organization,endpoint_on_apex|verified_namespace,2,0
mnemopay.com,organization,verified_namespace,2,0
mobcrm.au,organization,endpoint_on_apex,2,2
mudko.com,organization,endpoint_on_apex|verified_namespace,2,0
mukoko.com,organization,endpoint_on_apex|verified_namespace,2,1
nanocorp.app,organization,endpoint_on_apex|verified_namespace,2,0
nansen.ai,organization,endpoint_on_apex,2,2
newrelic.com,organization,endpoint_on_apex|verified_namespace,2,1
newzai.ai,organization,endpoint_on_apex|verified_namespace,2,0
nexbid.dev,organization,endpoint_on_apex|verified_namespace,2,1
nexus-zero.xyz,organization,endpoint_on_apex,2,2
nip.io,organization,endpoint_on_apex|verified_namespace,2,1
notfair.co,organization,endpoint_on_apex,2,2
obligationsign.com,organization,endpoint_on_apex|verified_namespace,2,1
octotrip.app,organization,endpoint_on_apex|verified_namespace,2,0
openbsp.dev,organization,endpoint_on_apex,2,2
openstanding.org,organization,endpoint_on_apex|verified_namespace,2,1
paidsync.ai,organization,endpoint_on_apex,2,2
paladinfi.com,organization,endpoint_on_apex|verified_namespace,2,1
pangolinfo.com,organization,endpoint_on_apex|verified_namespace,2,1
parallel.ai,organization,endpoint_on_apex|verified_namespace,2,0
pendia-community.workers.dev,organization,endpoint_on_apex,2,2
perplexity.ai,organization,endpoint_on_apex|verified_namespace,2,1
persimmonhq.com,organization,endpoint_on_apex|verified_namespace,2,1
phoslabs.io,organization,endpoint_on_apex|verified_namespace,2,0
policylayer.com,organization,endpoint_on_apex|verified_namespace,2,0
politicalcomms.com,organization,endpoint_on_apex|verified_namespace,2,0
printmoneylab.com,organization,endpoint_on_apex,2,2
q2bot.com,organization,endpoint_on_apex,2,2
qovery.com,organization,endpoint_on_apex|verified_namespace,2,1
quli1016908036.workers.dev,organization,endpoint_on_apex,2,2
qwady.app,organization,endpoint_on_apex|verified_namespace,2,0
recordo.app,organization,verified_namespace,2,0
recordo.com,organization,endpoint_on_apex,2,2
remix-it.com,organization,endpoint_on_apex,2,2
repowise.dev,organization,endpoint_on_apex|verified_namespace,2,0
rhdxm.com,organization,endpoint_on_apex,2,2
roastingly-procensorship-audrianna.ngrok-free.dev,organization,endpoint_on_apex,2,2
royalty.technology,organization,endpoint_on_apex|verified_namespace,2,0
rv-grid.com,organization,endpoint_on_apex,2,2
sallim.app,organization,endpoint_on_apex|verified_namespace,2,0
satoshidata.ai,organization,endpoint_on_apex|verified_namespace,2,1
scrapeunblocker.com,organization,endpoint_on_apex|verified_namespace,2,0
seanwinslow.com,organization,verified_namespace,2,0
searchshop.ai,organization,verified_namespace,2,0
seekrit.dev,organization,endpoint_on_apex|verified_namespace,2,0
sentinelsignal.io,organization,endpoint_on_apex|verified_namespace,2,0
sgdata.workers.dev,organization,endpoint_on_apex,2,2
sgpdirectory.com,organization,endpoint_on_apex|verified_namespace,2,0
shawndurrani.ai,organization,endpoint_on_apex|verified_namespace,2,0
shippingrates.org,organization,endpoint_on_apex,2,2
shonanfarm.com,organization,endpoint_on_apex|verified_namespace,2,0
sidneybissoli.workers.dev,organization,endpoint_on_apex,2,2
sigrunner.workers.dev,organization,endpoint_on_apex,2,2
smartergpt.dev,organization,verified_namespace,2,0
smarterweather.com,organization,endpoint_on_apex,2,2
socialdatax.com,organization,endpoint_on_apex,2,2
softbowl.co.kr,organization,endpoint_on_apex|verified_namespace,2,0
somosvelora.com,organization,endpoint_on_apex|verified_namespace,2,1
sourcemill.ai,organization,endpoint_on_apex|verified_namespace,2,0
southlondonscientific.com,organization,endpoint_on_apex|verified_namespace,2,0
srivastsh.workers.dev,organization,endpoint_on_apex,2,2
sslip.io,organization,endpoint_on_apex|verified_namespace,2,1
startvest.ai,organization,endpoint_on_apex,2,2
stewwilli.workers.dev,organization,endpoint_on_apex,2,2
subotiz.com,organization,endpoint_on_apex,2,2
supplymaven.com,organization,endpoint_on_apex|verified_namespace,2,1
surewhynot.app,organization,endpoint_on_apex|verified_namespace,2,0
swapp1990.org,organization,endpoint_on_apex|verified_namespace,2,0
synlake.ai,organization,endpoint_on_apex|verified_namespace,2,1
syntermedia.ai,organization,endpoint_on_apex,2,2
tenpace.com,organization,endpoint_on_apex,2,2
tensorfeed.ai,organization,endpoint_on_apex|verified_namespace,2,0
thinair.co,organization,endpoint_on_apex|verified_namespace,2,0
thrain.ai,organization,verified_namespace,2,0
toolvn.io.vn,organization,endpoint_on_apex,2,2
totto.org,organization,endpoint_on_apex|verified_namespace,2,0
tradeos.xyz,organization,endpoint_on_apex,2,2
traderwai.com,organization,endpoint_on_apex|verified_namespace,2,0
tulimoa.com,organization,endpoint_on_apex|verified_namespace,2,0
tweekit.io,organization,endpoint_on_apex|verified_namespace,2,1
uizze.com,organization,endpoint_on_apex,2,2
urgent-clean-occupied-catalogs.trycloudflare.com,organization,endpoint_on_apex|verified_namespace,2,0
valid.co,organization,endpoint_on_apex|verified_namespace,2,0
vaultcrux.com,organization,endpoint_on_apex,2,2
vibgrate.com,organization,endpoint_on_apex|verified_namespace,2,0
vivioo.io,organization,endpoint_on_apex|verified_namespace,2,1
wadie.workers.dev,organization,endpoint_on_apex,2,2
weather.com,organization,endpoint_on_apex,2,2
wizerapi.com,organization,endpoint_on_apex|verified_namespace,2,0
xavio.in,organization,endpoint_on_apex|verified_namespace,2,0
xbarry.ai,organization,endpoint_on_apex,2,2
xrpl-referee.onrender.com,organization,endpoint_on_apex,2,2
xyzzylabs.ai,organization,endpoint_on_apex,2,2
ydb-qdrant.tech,organization,endpoint_on_apex|verified_namespace,2,0
zhihuo.net,organization,endpoint_on_apex|verified_namespace,2,0
zugabot.ai,organization,endpoint_on_apex,2,2
zuluworksai.com,organization,endpoint_on_apex,2,2
0.space,organization,endpoint_on_apex|verified_namespace,1,0
0523.tw,organization,endpoint_on_apex|verified_namespace,1,0
0latency.ai,organization,endpoint_on_apex,1,1
0nmcp.com,organization,endpoint_on_apex,1,1
0xarchive.io,organization,endpoint_on_apex|verified_namespace,1,0
0xdirectping.com,organization,endpoint_on_apex,1,1
0xhumans-mcp-proxy.vercel.app,organization,endpoint_on_apex,1,1
1001locals.com,organization,endpoint_on_apex|verified_namespace,1,0
100hires.com,organization,endpoint_on_apex|verified_namespace,1,0
101soundboards.com,organization,endpoint_on_apex|verified_namespace,1,0
1145.am,organization,endpoint_on_apex,1,1
11agents.ai,organization,endpoint_on_apex,1,1
123elec.com,organization,endpoint_on_apex,1,1
1325.ai,organization,verified_namespace,1,0
13flow.eu,organization,endpoint_on_apex,1,1
1clickreport.com,organization,endpoint_on_apex,1,1
1inch.com,organization,endpoint_on_apex|verified_namespace,1,0
1social.dev,organization,endpoint_on_apex|verified_namespace,1,0
1stdibs.com,organization,endpoint_on_apex|verified_namespace,1,0
2022.cat,organization,endpoint_on_apex|verified_namespace,1,0
21st.dev,organization,endpoint_on_apex|verified_namespace,1,0
2c08-27-4-120-4.ngrok-free.app,organization,endpoint_on_apex,1,1
2oapi.xyz,organization,endpoint_on_apex,1,1
2ools.app,organization,endpoint_on_apex|verified_namespace,1,0
3ceng.cn,organization,verified_namespace,1,0
3d-meshweaver-mcp.vercel.app,organization,endpoint_on_apex,1,1
3doptix.com,organization,endpoint_on_apex|verified_namespace,1,0
3dpack.ing,organization,verified_namespace,1,0
3dstreet.app,organization,verified_namespace,1,0
3keys.world,organization,endpoint_on_apex|verified_namespace,1,0
3tg.dev,organization,endpoint_on_apex|verified_namespace,1,0
402.bot,organization,endpoint_on_apex|verified_namespace,1,0
402.coffee,organization,verified_namespace,1,0
402oracle.com,organization,endpoint_on_apex|verified_namespace,1,0
448c.org,organization,endpoint_on_apex|verified_namespace,1,0
4fetch.com,organization,endpoint_on_apex,1,1
530amodel.com,organization,endpoint_on_apex|verified_namespace,1,0
558686.xyz,organization,endpoint_on_apex|verified_namespace,1,0
5arz.com,organization,endpoint_on_apex,1,1
5pu357jdkqc3qynzkjvu3okgqy0ncsiy.lambda-url.us-east-1.on.aws,organization,endpoint_on_apex,1,1
636865636b73756d.com,organization,verified_namespace,1,0
68cxgfyr0.workers.dev,organization,endpoint_on_apex,1,1
6ducklearn.com,organization,endpoint_on_apex|verified_namespace,1,0
70ug3hqb29.execute-api.us-east-1.amazonaws.com,organization,endpoint_on_apex,1,1
787daily.com,organization,endpoint_on_apex,1,1
7qc1f4ft9d.execute-api.us-west-2.amazonaws.com,organization,endpoint_on_apex,1,1
80l.app,organization,endpoint_on_apex,1,1
869biz.com,organization,endpoint_on_apex|verified_namespace,1,0
8p5dmrjzl1.execute-api.eu-north-1.amazonaws.com,organization,endpoint_on_apex,1,1
91eaaf4b-0a31-4f81-971a-86dc09a31986-00-2a9kujnvh541f-mwardvi0.kirk.replit.dev,organization,verified_namespace,1,0
a0985344368.workers.dev,organization,endpoint_on_apex,1,1
a1.gallery,organization,endpoint_on_apex|verified_namespace,1,0
a11ychk.com,organization,verified_namespace,1,0
a2a-artifact-handoff.onrender.com,organization,endpoint_on_apex,1,1
a2a2p.com,organization,endpoint_on_apex|verified_namespace,1,0
a2abench-mcp-remote-405318049509.us-central1.run.app,organization,endpoint_on_apex,1,1
a2abench-mcp.web.app,organization,endpoint_on_apex,1,1
a2ainfrastructure.com,organization,endpoint_on_apex,1,1
a2awire.com,organization,endpoint_on_apex|verified_namespace,1,0
a2ax.fly.dev,organization,endpoint_on_apex,1,1
a2me.app,organization,endpoint_on_apex,1,1
a3eecosystem.com,organization,endpoint_on_apex|verified_namespace,1,0
aapl.se,organization,endpoint_on_apex|verified_namespace,1,0
aarna.ai,organization,endpoint_on_apex|verified_namespace,1,0
aatos.dev,organization,endpoint_on_apex|verified_namespace,1,0
abbyseo.com,organization,endpoint_on_apex|verified_namespace,1,0
abdominal.in,organization,endpoint_on_apex,1,1
abhijitjavelin.github.io,organization,endpoint_on_apex,1,1
ablakarajanlat.hu,organization,endpoint_on_apex|verified_namespace,1,0
ablakunio.com,organization,endpoint_on_apex|verified_namespace,1,0
abm.dev,organization,endpoint_on_apex,1,1
abmeter.ai,organization,endpoint_on_apex|verified_namespace,1,0
abundanceapis.com,organization,endpoint_on_apex|verified_namespace,1,0
abyssfallgame.com,organization,endpoint_on_apex|verified_namespace,1,0
academic-intel-mcp-production.up.railway.app,organization,endpoint_on_apex,1,1
accountingqb.com,organization,endpoint_on_apex|verified_namespace,1,0
accrue.cc,organization,endpoint_on_apex|verified_namespace,1,0
accruedev.com,organization,endpoint_on_apex,1,1
accurecord.io,organization,endpoint_on_apex|verified_namespace,1,0
aceadvising.com,organization,endpoint_on_apex,1,1
acerank.in,organization,verified_namespace,1,0
achillesalpha.onrender.com,organization,endpoint_on_apex,1,1
achriom.com,organization,endpoint_on_apex|verified_namespace,1,0
aclimacao.sampa.br,organization,endpoint_on_apex,1,1
acopio.dev,organization,endpoint_on_apex|verified_namespace,1,0
acornonaut.app,organization,endpoint_on_apex,1,1
acprompt.com,organization,endpoint_on_apex|verified_namespace,1,0
acquislaw.com,organization,endpoint_on_apex|verified_namespace,1,0
actimate.io,organization,verified_namespace,1,0
actimateai.io,organization,endpoint_on_apex,1,1
actiongate.xyz,organization,endpoint_on_apex|verified_namespace,1,0
actionlayer.io,organization,endpoint_on_apex|verified_namespace,1,0
activated-ai.ru,organization,endpoint_on_apex,1,1
activatedai.ru,organization,verified_namespace,1,0
actuallycare.com,organization,endpoint_on_apex|verified_namespace,1,0
actvt.io,organization,verified_namespace,1,0
acuris-geo.com,organization,endpoint_on_apex|verified_namespace,1,0
ad-sniper-mcp.vercel.app,organization,endpoint_on_apex,1,1
ad-spend-auditor-mcp.vercel.app,organization,endpoint_on_apex,1,1
adadvisor.ai,organization,endpoint_on_apex|verified_namespace,1,0
adaptika.io,organization,endpoint_on_apex|verified_namespace,1,0
adbloop.com,organization,endpoint_on_apex|verified_namespace,1,0
adbutler.com,organization,endpoint_on_apex|verified_namespace,1,0
adcrunch.dev,organization,endpoint_on_apex|verified_namespace,1,0
address-validator-x402-production.up.railway.app,organization,endpoint_on_apex,1,1
addresstozip.jp,organization,endpoint_on_apex|verified_namespace,1,0
adeu.ai,organization,verified_namespace,1,0
adextract.co,organization,endpoint_on_apex,1,1
adgentek.ai,organization,endpoint_on_apex,1,1
adkit.so,organization,endpoint_on_apex,1,1
admaxxer.com,organization,endpoint_on_apex|verified_namespace,1,0
admit-coach.com,organization,endpoint_on_apex|verified_namespace,1,0
admitbase.com,organization,endpoint_on_apex|verified_namespace,1,0
adologyai.com,organization,endpoint_on_apex|verified_namespace,1,0
adopte-un-conteneur.fr,organization,endpoint_on_apex,1,1
adramp.ai,organization,endpoint_on_apex|verified_namespace,1,0
adrianczuczka.com,organization,verified_namespace,1,0
adrkit.dev,organization,verified_namespace,1,0
adsagent.org,organization,endpoint_on_apex,1,1
adside.ai,organization,endpoint_on_apex|verified_namespace,1,0
adspirer.com,organization,endpoint_on_apex|verified_namespace,1,0
adtao.io,organization,endpoint_on_apex|verified_namespace,1,0
adufloridainfo.com,organization,endpoint_on_apex,1,1
advalorem.io,organization,endpoint_on_apex|verified_namespace,1,0
advisorfinder.com,organization,verified_namespace,1,0
advocatemcp.com,organization,endpoint_on_apex|verified_namespace,1,0
adweave.ai,organization,endpoint_on_apex|verified_namespace,1,0
adwhispr.com,organization,endpoint_on_apex|verified_namespace,1,0
adwhiz.ai,organization,endpoint_on_apex,1,1
aegis-policy-mcp.vercel.app,organization,endpoint_on_apex,1,1
aegisgov-contracts.vercel.app,organization,endpoint_on_apex,1,1
aeml-x402.zeabur.app,organization,endpoint_on_apex,1,1
aeoess.com,organization,endpoint_on_apex,1,1
aeotool.io,organization,endpoint_on_apex|verified_namespace,1,0
aethereum.dev,organization,endpoint_on_apex,1,1
aetheris-mcp.onrender.com,organization,endpoint_on_apex,1,1
aetherwealth.ai,organization,verified_namespace,1,0
aevia.cloud,organization,endpoint_on_apex|verified_namespace,1,0
aevumsecurity.com.sg,organization,endpoint_on_apex|verified_namespace,1,0
aex402.com,organization,endpoint_on_apex|verified_namespace,1,0
afbudsrejser.dk,organization,endpoint_on_apex|verified_namespace,1,0
afdinstitute.com,organization,endpoint_on_apex|verified_namespace,1,0
affogata.com,organization,endpoint_on_apex|verified_namespace,1,0
afmr.ai,organization,endpoint_on_apex|verified_namespace,1,0
africanmarketos.com,organization,endpoint_on_apex,1,1
afriref.dev,organization,endpoint_on_apex|verified_namespace,1,0
afterlaunch.io,organization,endpoint_on_apex|verified_namespace,1,0
aftership.com,organization,endpoint_on_apex|verified_namespace,1,0
agenda.rio.br,organization,endpoint_on_apex,1,1
agenda.sampa.br,organization,endpoint_on_apex,1,1
agent-api-production-169b.up.railway.app,organization,endpoint_on_apex,1,1
agent-commerce-guard.vercel.app,organization,endpoint_on_apex,1,1
agent-data-platform.onrender.com,organization,endpoint_on_apex,1,1
agent-factory-gateway-production.up.railway.app,organization,endpoint_on_apex,1,1
agent-guild-5d5r.onrender.com,organization,endpoint_on_apex,1,1
agent-handoff-production-573c.up.railway.app,organization,endpoint_on_apex,1,1
agent-hub-henna.vercel.app,organization,endpoint_on_apex,1,1
agent-infra.workers.dev,organization,endpoint_on_apex,1,1
agent-memory-api.vercel.app,organization,endpoint_on_apex,1,1
agent-memory-production-6506.up.railway.app,organization,endpoint_on_apex,1,1
agent-module.dev,organization,endpoint_on_apex|verified_namespace,1,0
agent-phone-mcp.vercel.app,organization,endpoint_on_apex,1,1
agent-pulse-seven.vercel.app,organization,endpoint_on_apex,1,1
agent-ready.dev,organization,endpoint_on_apex,1,1
agent-rescue-desk.netlify.app,organization,endpoint_on_apex|verified_namespace,1,0
agent-rescue.vercel.app,organization,endpoint_on_apex,1,1
agent-router.org,organization,endpoint_on_apex,1,1
agent-services-seven.vercel.app,organization,endpoint_on_apex,1,1
agent-signal-production.up.railway.app,organization,endpoint_on_apex,1,1
agent-svg-registry.vercel.app,organization,endpoint_on_apex|verified_namespace,1,0
agent-teller-production.up.railway.app,organization,endpoint_on_apex,1,1
agent-tools.cloud,organization,endpoint_on_apex,1,1
agent-tune.com,organization,endpoint_on_apex|verified_namespace,1,0
agent-vending-factory-3srpjtr7na-ew.a.run.app,organization,endpoint_on_apex,1,1
agent4.io,organization,endpoint_on_apex|verified_namespace,1,0
agent402.tools,organization,endpoint_on_apex,1,1
agentaegis-mcp-production.up.railway.app,organization,endpoint_on_apex,1,1
agentanalytics.sh,organization,endpoint_on_apex,1,1
agentarena.site,organization,endpoint_on_apex,1,1
agentbase.tools,organization,endpoint_on_apex,1,1
agentbazaar.tech,organization,endpoint_on_apex|verified_namespace,1,0
agentberg.ai,organization,endpoint_on_apex|verified_namespace,1,0
agentblueprint.workers.dev,organization,endpoint_on_apex,1,1
agentbooks.workers.dev,organization,endpoint_on_apex,1,1
agentbrush.dev,organization,verified_namespace,1,0
agentbuilders.app,organization,endpoint_on_apex,1,1
agentcard.sh,organization,endpoint_on_apex|verified_namespace,1,0
agentcat.com,organization,endpoint_on_apex|verified_namespace,1,0
agentcentral.to,organization,endpoint_on_apex|verified_namespace,1,0
agentcommunity.org,organization,endpoint_on_apex|verified_namespace,1,0
agentcouch.dev,organization,endpoint_on_apex|verified_namespace,1,0
agentcrush.xyz,organization,endpoint_on_apex,1,1
agentdata-api.com,organization,endpoint_on_apex,1,1
agentdata-liquidity-exit-cost.onrender.com,organization,endpoint_on_apex,1,1
agentdatum.com,organization,endpoint_on_apex|verified_namespace,1,0
agentdeals-production.up.railway.app,organization,endpoint_on_apex,1,1
agentdeals.dev,organization,endpoint_on_apex,1,1
agentdemand.network,organization,endpoint_on_apex|verified_namespace,1,0
agentdevx-production.up.railway.app,organization,endpoint_on_apex,1,1
agentdilemma.com,organization,endpoint_on_apex,1,1
agentdm.ai,organization,endpoint_on_apex|verified_namespace,1,0
agentdocs.eu,organization,endpoint_on_apex,1,1
agentdomain.cloud,organization,verified_namespace,1,0
agentdomainsearch.com,organization,endpoint_on_apex|verified_namespace,1,0
agentdrive.run,organization,endpoint_on_apex|verified_namespace,1,0
agentdrive.sh,organization,endpoint_on_apex|verified_namespace,1,0
agentegalicia.com,organization,endpoint_on_apex|verified_namespace,1,0
agentery.com,organization,endpoint_on_apex|verified_namespace,1,0
agentfeeds.jp,organization,endpoint_on_apex|verified_namespace,1,0
agentfilings.com,organization,endpoint_on_apex|verified_namespace,1,0
agentflow.watch,organization,endpoint_on_apex,1,1
agentforge-taupe.vercel.app,organization,endpoint_on_apex,1,1
agentfulfyl.com,organization,endpoint_on_apex,1,1
agentfund.net,organization,endpoint_on_apex,1,1
agentgauge.ai,organization,endpoint_on_apex,1,1
agentgrade.com,organization,endpoint_on_apex|verified_namespace,1,0
agentic-ads-production.up.railway.app,organization,endpoint_on_apex,1,1
agentic-ads.onrender.com,organization,endpoint_on_apex,1,1
agentic-ai-production-e711.up.railway.app,organization,endpoint_on_apex,1,1
agentic-firmenbuch.at,organization,endpoint_on_apex,1,1
agentic-mermaid.dev,organization,endpoint_on_apex,1,1
agentic-news.ai,organization,endpoint_on_apex|verified_namespace,1,0
agentic-prompt.com,organization,endpoint_on_apex,1,1
agentic-security-shield-mcp-production.up.railway.app,organization,endpoint_on_apex,1,1
agentic.ai,organization,endpoint_on_apex,1,1
agenticaffiliate.ai,organization,endpoint_on_apex|verified_namespace,1,0
agenticbi.com,organization,endpoint_on_apex,1,1
agenticcontrolplane.com,organization,endpoint_on_apex|verified_namespace,1,0
agenticemail.dev,organization,endpoint_on_apex|verified_namespace,1,0
agenticfabricationnetwork.ai,organization,endpoint_on_apex|verified_namespace,1,0
agenticfeed.ai,organization,endpoint_on_apex,1,1
agenticmemory.ai,organization,endpoint_on_apex,1,1
agenticpaywall.com,organization,endpoint_on_apex|verified_namespace,1,0
agenticrail.nz,organization,endpoint_on_apex|verified_namespace,1,0
agenticsubstrate.org,organization,endpoint_on_apex|verified_namespace,1,0
agenticterminal.ai,organization,endpoint_on_apex|verified_namespace,1,0
agentictotem.com,organization,endpoint_on_apex|verified_namespace,1,0
agentictrade.io,organization,endpoint_on_apex,1,1
agentline.cloud,organization,endpoint_on_apex,1,1
agentlock.net,organization,endpoint_on_apex,1,1
agentlore.vercel.app,organization,endpoint_on_apex,1,1
agentlux.ai,organization,endpoint_on_apex,1,1
agently.dev,organization,endpoint_on_apex|verified_namespace,1,0
agentmail.to,organization,endpoint_on_apex|verified_namespace,1,0
agentmemory.space,organization,endpoint_on_apex|verified_namespace,1,0
agentmetal.dev,organization,verified_namespace,1,0
agentmuseum.org,organization,endpoint_on_apex|verified_namespace,1,0
agentndx-production.up.railway.app,organization,endpoint_on_apex,1,1
agentnet-api.onrender.com,organization,endpoint_on_apex,1,1
agentnx.ai,organization,endpoint_on_apex,1,1
agentorist.com,organization,endpoint_on_apex|verified_namespace,1,0
agentpapers.dev,organization,endpoint_on_apex|verified_namespace,1,0
agentpay.so,organization,endpoint_on_apex,1,1
agentpays.dev,organization,endpoint_on_apex|verified_namespace,1,0
agentphone.ai,organization,endpoint_on_apex,1,1
agentphone.to,organization,endpoint_on_apex,1,1
agentplaybooks.ai,organization,endpoint_on_apex|verified_namespace,1,0
agentpmt.com,organization,endpoint_on_apex|verified_namespace,1,0
agentq.id,organization,endpoint_on_apex,1,1
agentramp.io,organization,endpoint_on_apex,1,1
agentrank.info,organization,endpoint_on_apex|verified_namespace,1,0
agentrapay.ai,organization,endpoint_on_apex|verified_namespace,1,0
agentready.it.com,organization,endpoint_on_apex,1,1
agentready.market,organization,endpoint_on_apex,1,1
agentready.me,organization,endpoint_on_apex,1,1
agentreputation.dev,organization,endpoint_on_apex,1,1
agentrider.vercel.app,organization,endpoint_on_apex,1,1
agentsandswarms.ai,organization,endpoint_on_apex,1,1
agentsbase.net,organization,verified_namespace,1,0
agentsconsultants.com,organization,verified_namespace,1,0
agentsearch-mcp.vercel.app,organization,endpoint_on_apex,1,1
agentsec-mcp.workers.dev,organization,endpoint_on_apex,1,1
agentseo.dev,organization,endpoint_on_apex|verified_namespace,1,0
agentservices.to,organization,endpoint_on_apex|verified_namespace,1,0
agentshare.dev,organization,endpoint_on_apex|verified_namespace,1,0
agentsim.dev,organization,endpoint_on_apex|verified_namespace,1,0
agentskit.io,organization,endpoint_on_apex,1,1
agentsprice.com,organization,endpoint_on_apex|verified_namespace,1,0
agentstamp.org,organization,endpoint_on_apex,1,1
agentswitchboard.dev,organization,endpoint_on_apex,1,1
agenttoll.dev,organization,endpoint_on_apex,1,1
agenttool.dev,organization,endpoint_on_apex|verified_namespace,1,0
agenttrust.ai,organization,verified_namespace,1,0
agentview.de,organization,endpoint_on_apex|verified_namespace,1,0
agentwork.so,organization,endpoint_on_apex,1,1
agenty.im,organization,endpoint_on_apex|verified_namespace,1,0
agentzon.xyz,organization,endpoint_on_apex|verified_namespace,1,0
agialpha.com,organization,endpoint_on_apex|verified_namespace,1,0
agile-sprint-mcp.vercel.app,organization,endpoint_on_apex,1,1
agilitycms.com,organization,endpoint_on_apex|verified_namespace,1,0
agkit.cloud,organization,verified_namespace,1,0
agnic.ai,organization,endpoint_on_apex,1,1
agnigateway.com,organization,endpoint_on_apex,1,1
agoclnqfyinwjxdmjnns.supabase.co,organization,endpoint_on_apex,1,1
agora402.fly.dev,organization,endpoint_on_apex,1,1
agoragentic.com,organization,endpoint_on_apex,1,1
agrus.ai,organization,endpoint_on_apex,1,1
agundur.de,organization,endpoint_on_apex|verified_namespace,1,0
ahel.io,organization,endpoint_on_apex|verified_namespace,1,0
ahmadsl.workers.dev,organization,endpoint_on_apex,1,1
ai-advisors.ai,organization,endpoint_on_apex|verified_namespace,1,0
ai-automation-operating-pack.vercel.app,organization,endpoint_on_apex,1,1
ai-elevation.azurewebsites.net,organization,endpoint_on_apex,1,1
ai-erd.com,organization,endpoint_on_apex|verified_namespace,1,0
ai-fleet-cards-mcp.vercel.app,organization,endpoint_on_apex,1,1
ai-furniture-hub.onrender.com,organization,endpoint_on_apex,1,1
ai-gaoqian.xyz,organization,endpoint_on_apex,1,1
ai-gist.com,organization,endpoint_on_apex|verified_namespace,1,0
ai-humanizer-mcp.vercel.app,organization,endpoint_on_apex,1,1
ai-know.me,organization,endpoint_on_apex|verified_namespace,1,0
ai-law-tracker.com,organization,endpoint_on_apex|verified_namespace,1,0
ai-portal.ai,organization,endpoint_on_apex|verified_namespace,1,0
ai-rete-rag.com,organization,verified_namespace,1,0
ai-rook.com,organization,verified_namespace,1,0
ai-success-story-20f19ed7769b.herokuapp.com,organization,endpoint_on_apex,1,1
ai-summarizer-x402-production.up.railway.app,organization,endpoint_on_apex,1,1
ai-visibility-index.dev,organization,endpoint_on_apex,1,1
ai-visibility-scanner-production.up.railway.app,organization,endpoint_on_apex,1,1
ai-visionary.xyz,organization,endpoint_on_apex,1,1
ai.church,organization,endpoint_on_apex|verified_namespace,1,0
ai.moda,organization,endpoint_on_apex|verified_namespace,1,0
ai.tv,organization,endpoint_on_apex|verified_namespace,1,0
ai2fin.com,organization,endpoint_on_apex|verified_namespace,1,0
aiaam.xyz,organization,endpoint_on_apex,1,1
aiactradar.com,organization,endpoint_on_apex|verified_namespace,1,0
aiagentsbay.com,organization,endpoint_on_apex,1,1
aiakiv.com,organization,endpoint_on_apex|verified_namespace,1,0
aiapplyd.com,organization,endpoint_on_apex,1,1
aibooma.com,organization,endpoint_on_apex|verified_namespace,1,0
aibvf.com,organization,endpoint_on_apex,1,1
aic0rt3x.dev,organization,endpoint_on_apex|verified_namespace,1,0
aicandidatehub.com,organization,verified_namespace,1,0
aicatalog.com.ua,organization,endpoint_on_apex,1,1
aicomglobal.com,organization,endpoint_on_apex,1,1
aicomglobal.onrender.com,organization,endpoint_on_apex,1,1
aicommander.dev,organization,endpoint_on_apex|verified_namespace,1,0
aiconduit.app,organization,endpoint_on_apex|verified_namespace,1,0
aidc-ai.io,organization,endpoint_on_apex|verified_namespace,1,0
aidelly.ai,organization,endpoint_on_apex,1,1
aidemos.com,organization,endpoint_on_apex|verified_namespace,1,0
aidesignblueprint.com,organization,endpoint_on_apex|verified_namespace,1,0
aidevboard.com,organization,endpoint_on_apex|verified_namespace,1,0
aidoos.com,organization,endpoint_on_apex|verified_namespace,1,0
aient.ai,organization,endpoint_on_apex|verified_namespace,1,0
aiframework.com.au,organization,endpoint_on_apex|verified_namespace,1,0
aigramx.com,organization,endpoint_on_apex|verified_namespace,1,0
aihomedesign.com,organization,endpoint_on_apex|verified_namespace,1,0
aiinfradecoded.com,organization,verified_namespace,1,0
aiinterviewagents.com,organization,endpoint_on_apex|verified_namespace,1,0
aikstockdata.com,organization,endpoint_on_apex|verified_namespace,1,0
ailabra.org,organization,endpoint_on_apex,1,1
aim-journal.com,organization,endpoint_on_apex|verified_namespace,1,0
aimnis.com,organization,endpoint_on_apex,1,1
aindex-ai.com,organization,endpoint_on_apex,1,1
ainetcafe.com,organization,endpoint_on_apex|verified_namespace,1,0
ainote.dev,organization,endpoint_on_apex,1,1
ainpcengine.com,organization,endpoint_on_apex,1,1
ainumbers.co,organization,endpoint_on_apex|verified_namespace,1,0
aioniq.ai,organization,endpoint_on_apex,1,1
aipaygen.com,organization,endpoint_on_apex,1,1
aipaygent.xyz,organization,endpoint_on_apex,1,1
aipocketagent.com,organization,endpoint_on_apex,1,1
aiponge.app,organization,verified_namespace,1,0
aiponge.com,organization,endpoint_on_apex,1,1
aipricinghub.com,organization,endpoint_on_apex,1,1
aiproductscout.shop,organization,endpoint_on_apex,1,1
aiqaramba.com,organization,endpoint_on_apex,1,1
aiqbee.com,organization,endpoint_on_apex|verified_namespace,1,0
airbyte.ai,organization,endpoint_on_apex,1,1
airdrop-checker-x402-production.up.railway.app,organization,endpoint_on_apex,1,1
airiskmanagement.ca,organization,endpoint_on_apex|verified_namespace,1,0
airpipe.io,organization,endpoint_on_apex|verified_namespace,1,0
airport-pickups-london.com,organization,endpoint_on_apex|verified_namespace,1,0
airport-transit-mcp.fly.dev,organization,endpoint_on_apex,1,1
airroi.com,organization,endpoint_on_apex|verified_namespace,1,0
airshelf.ai,organization,endpoint_on_apex|verified_namespace,1,0
airtable.com,organization,endpoint_on_apex|verified_namespace,1,0
airtreks.com,organization,endpoint_on_apex,1,1
airweave.ai,organization,endpoint_on_apex,1,1
airy-enthusiasm-production.up.railway.app,organization,endpoint_on_apex|verified_namespace,1,0
aisecuritygateway.ai,organization,endpoint_on_apex|verified_namespace,1,0
aiservices.to,organization,endpoint_on_apex,1,1
aiskillstore.io,organization,endpoint_on_apex,1,1
aisotools.com,organization,endpoint_on_apex,1,1
aistackscore.com,organization,endpoint_on_apex|verified_namespace,1,0
aistatusdashboard.com,organization,endpoint_on_apex,1,1
aitrailblazer.net,organization,endpoint_on_apex,1,1
aitrips.io,organization,endpoint_on_apex|verified_namespace,1,0
aiven.io,organization,verified_namespace,1,0
aiven.live,organization,endpoint_on_apex,1,1
akeda.ru,organization,endpoint_on_apex|verified_namespace,1,0
akkilahdot.fi,organization,endpoint_on_apex|verified_namespace,1,0
ako-labs.workers.dev,organization,endpoint_on_apex,1,1
akta.pro,organization,endpoint_on_apex,1,1
al.ink,organization,endpoint_on_apex|verified_namespace,1,0
alamavar.com,organization,endpoint_on_apex|verified_namespace,1,0
alaskajobs.org,organization,endpoint_on_apex|verified_namespace,1,0
alchemy.com,organization,endpoint_on_apex|verified_namespace,1,0
aldc.io,organization,endpoint_on_apex,1,1
alderflux.com,organization,verified_namespace,1,0
aleeth.com,organization,endpoint_on_apex|verified_namespace,1,0
alejandroarnaud.dev,organization,endpoint_on_apex,1,1
alexbell1-hipocampo-mcp.hf.space,organization,endpoint_on_apex,1,1
algenta.ai,organization,endpoint_on_apex,1,1
algeriacertify.com,organization,endpoint_on_apex|verified_namespace,1,0
algolia.com,organization,endpoint_on_apex,1,1
algovault.com,organization,endpoint_on_apex,1,1
algovesta.com,organization,endpoint_on_apex|verified_namespace,1,0
alice.co.il,organization,endpoint_on_apex|verified_namespace,1,0
aliceapp.ai,organization,endpoint_on_apex,1,1
aliengiraffe.ai,organization,verified_namespace,1,0
alleskralle.com,organization,endpoint_on_apex|verified_namespace,1,0
allflyghts.com,organization,endpoint_on_apex,1,1
allgoodinsp.com,organization,endpoint_on_apex|verified_namespace,1,0
alloc-context.com,organization,endpoint_on_apex,1,1
allourthings.io,organization,verified_namespace,1,0
allover.art,organization,endpoint_on_apex|verified_namespace,1,0
alloy.cx,organization,endpoint_on_apex|verified_namespace,1,0
allpdfmagic.com,organization,endpoint_on_apex|verified_namespace,1,0
allstacks.com,organization,verified_namespace,1,0
almanac.ar,organization,endpoint_on_apex|verified_namespace,1,0
almured.com,organization,endpoint_on_apex|verified_namespace,1,0
almxpp.com,organization,endpoint_on_apex,1,1
alokbarnwal.com,organization,endpoint_on_apex,1,1
aloudable.com,organization,endpoint_on_apex|verified_namespace,1,0
alpaca-cloud.com,organization,endpoint_on_apex,1,1
alpha-systems.net,organization,endpoint_on_apex|verified_namespace,1,0
alpha402x.com,organization,endpoint_on_apex|verified_namespace,1,0
alphaassay.com,organization,endpoint_on_apex|verified_namespace,1,0
alphacreek.ai,organization,endpoint_on_apex|verified_namespace,1,0
alphai.io,organization,endpoint_on_apex,1,1
alphasophia.com,organization,endpoint_on_apex,1,1
alphavantage.co,organization,endpoint_on_apex,1,1
alpinedataworks.com,organization,endpoint_on_apex|verified_namespace,1,0
alterlab.io,organization,verified_namespace,1,0
altesim.com,organization,endpoint_on_apex|verified_namespace,1,0
altmetric.com,organization,endpoint_on_apex|verified_namespace,1,0
altoviz.com,organization,endpoint_on_apex|verified_namespace,1,0
am-lich.com,organization,endpoint_on_apex|verified_namespace,1,0
am-server-jbneh74b5q-uc.a.run.app,organization,endpoint_on_apex,1,1
amalgix.io,organization,endpoint_on_apex,1,1
ambermem.com,organization,endpoint_on_apex|verified_namespace,1,0
ambiscribe.io,organization,endpoint_on_apex|verified_namespace,1,0
ambix.ai,organization,endpoint_on_apex|verified_namespace,1,0
amendor.site,organization,endpoint_on_apex,1,1
americandefault.org,organization,endpoint_on_apex|verified_namespace,1,0
amplitude.com,organization,endpoint_on_apex|verified_namespace,1,0
amr-dbe.workers.dev,organization,endpoint_on_apex,1,1
amzscout.net,organization,endpoint_on_apex,1,1
anakin.io,organization,verified_namespace,1,0
anakior.app,organization,verified_namespace,1,0
analyticlabs.io,organization,verified_namespace,1,0
analyticslegends.ai,organization,endpoint_on_apex|verified_namespace,1,0
anamneseai.app,organization,endpoint_on_apex|verified_namespace,1,0
anaxer.com,organization,verified_namespace,1,0
anchor-x402.com,organization,endpoint_on_apex,1,1
anchord.ai,organization,endpoint_on_apex,1,1
anchoredip.com,organization,endpoint_on_apex|verified_namespace,1,0
anchorregistry.ai,organization,endpoint_on_apex,1,1
andre.vote,organization,endpoint_on_apex|verified_namespace,1,0
andrii.net,organization,endpoint_on_apex|verified_namespace,1,0
androidmanagement.googleapis.com,organization,endpoint_on_apex|verified_namespace,1,0
anglero.com,organization,endpoint_on_apex|verified_namespace,1,0
animaapp.com,organization,endpoint_on_apex,1,1
animam.ai,organization,endpoint_on_apex,1,1
animica.org,organization,endpoint_on_apex,1,1
anishdasmail.workers.dev,organization,endpoint_on_apex,1,1
annotated-lot-operational-tourism.trycloudflare.com,organization,endpoint_on_apex|verified_namespace,1,0
anomalyarmor.ai,organization,endpoint_on_apex|verified_namespace,1,0
anotepad.com,organization,endpoint_on_apex|verified_namespace,1,0
anotherai.dev,organization,endpoint_on_apex|verified_namespace,1,0
anots.com,organization,endpoint_on_apex|verified_namespace,1,0
anteoshealth.com,organization,endpoint_on_apex,1,1
anteroom.so,organization,endpoint_on_apex|verified_namespace,1,0
antrieb.sh,organization,endpoint_on_apex|verified_namespace,1,0
antwork.io,organization,endpoint_on_apex|verified_namespace,1,0
anybrowse.dev,organization,endpoint_on_apex,1,1
anygas.xyz,organization,endpoint_on_apex,1,1
anyhook.net,organization,endpoint_on_apex|verified_namespace,1,0
anymailmcp.com,organization,endpoint_on_apex|verified_namespace,1,0
anythingmcp.com,organization,endpoint_on_apex,1,1
anythink.cloud,organization,verified_namespace,1,0
anzenna.ai,organization,endpoint_on_apex|verified_namespace,1,0
aoexl.com,organization,endpoint_on_apex,1,1
apaleo.com,organization,endpoint_on_apex,1,1
apdf.io,organization,endpoint_on_apex|verified_namespace,1,0
apertura-ai.de,organization,endpoint_on_apex,1,1
apex.new,organization,endpoint_on_apex,1,1
apg.workers.dev,organization,endpoint_on_apex,1,1
api-kjijorqedq-uc.a.run.app,organization,endpoint_on_apex,1,1
api-production-bc748.up.railway.app,organization,endpoint_on_apex,1,1
apibase.pro,organization,endpoint_on_apex,1,1
apideck.com,organization,verified_namespace,1,0
apideck.dev,organization,endpoint_on_apex,1,1
apier.no,organization,endpoint_on_apex|verified_namespace,1,0
apievangelist.com,organization,endpoint_on_apex|verified_namespace,1,0
apiforchads.com,organization,endpoint_on_apex,1,1
apihub.io,organization,endpoint_on_apex,1,1
apiiro.com,organization,endpoint_on_apex,1,1
apiosk.com,organization,endpoint_on_apex,1,1
apis.io,organization,endpoint_on_apex|verified_namespace,1,0
apiscreenshot.com,organization,endpoint_on_apex|verified_namespace,1,0
apisecurityscan.net,organization,endpoint_on_apex|verified_namespace,1,0
apistatuscheck.com,organization,endpoint_on_apex,1,1
apithreshold.ai,organization,verified_namespace,1,0
apiverve.com,organization,endpoint_on_apex|verified_namespace,1,0
apogeoapi.com,organization,verified_namespace,1,0
apollo.io,organization,endpoint_on_apex,1,1
apollographql.com,organization,endpoint_on_apex,1,1
app-dex.com,organization,verified_namespace,1,0
app-store-builder-mcp.vercel.app,organization,endpoint_on_apex,1,1
appcircle.io,organization,endpoint_on_apex|verified_namespace,1,0
appcontazz.com,organization,endpoint_on_apex,1,1
appcontext.dev,organization,verified_namespace,1,0
appdeploy.ai,organization,endpoint_on_apex|verified_namespace,1,0
appendix.com,organization,endpoint_on_apex|verified_namespace,1,0
appfigures.com,organization,verified_namespace,1,0
appgenie.com.au,organization,endpoint_on_apex|verified_namespace,1,0
appgoblin.info,organization,endpoint_on_apex|verified_namespace,1,0
apphandoff.com,organization,endpoint_on_apex,1,1
applayer.io,organization,endpoint_on_apex|verified_namespace,1,0
apple-rag.com,organization,endpoint_on_apex|verified_namespace,1,0
appleadsmcp.com,organization,endpoint_on_apex,1,1
applivery.com,organization,endpoint_on_apex|verified_namespace,1,0
approval.studio,organization,endpoint_on_apex|verified_namespace,1,0
appscripthub.com,organization,endpoint_on_apex,1,1
appsflyer.com,organization,endpoint_on_apex|verified_namespace,1,0
appskyline.com,organization,endpoint_on_apex|verified_namespace,1,0
appwrite.io,organization,endpoint_on_apex,1,1
apuchat.com,organization,endpoint_on_apex,1,1
aquaview.org,organization,endpoint_on_apex|verified_namespace,1,0
arc-flash-platform.onrender.com,organization,endpoint_on_apex,1,1
arca.build,organization,endpoint_on_apex|verified_namespace,1,0
arcadedb.com,organization,verified_namespace,1,0
arcadia.finance,organization,endpoint_on_apex,1,1
arcagent.dev,organization,endpoint_on_apex,1,1
arcaneforecasting.com,organization,endpoint_on_apex|verified_namespace,1,0
arcanum-plus.com,organization,endpoint_on_apex|verified_namespace,1,0
arcasos.com,organization,endpoint_on_apex|verified_namespace,1,0
arcat.com,organization,endpoint_on_apex|verified_namespace,1,0
arch-tools-mcp.onrender.com,organization,endpoint_on_apex,1,1
archerionlabs.com,organization,endpoint_on_apex|verified_namespace,1,0
archgraph.dev,organization,endpoint_on_apex|verified_namespace,1,0
archimedes.market,organization,endpoint_on_apex,1,1
architecture-dna-mcp.vercel.app,organization,endpoint_on_apex,1,1
archtools.dev,organization,endpoint_on_apex,1,1
arcjet.com,organization,endpoint_on_apex|verified_namespace,1,0
arclan.ai,organization,endpoint_on_apex|verified_namespace,1,0
arcology-mcp.fly.dev,organization,endpoint_on_apex,1,1
arcself.com,organization,verified_namespace,1,0
arctura-reef-mcp.fly.dev,organization,endpoint_on_apex,1,1
argo.games,organization,endpoint_on_apex,1,1
argosvix.com,organization,verified_namespace,1,0
argushq.ai,organization,endpoint_on_apex|verified_namespace,1,0
aribadernatal.com,organization,endpoint_on_apex|verified_namespace,1,0
aristocles.com.au,organization,endpoint_on_apex,1,1
arithym.xyz,organization,endpoint_on_apex|verified_namespace,1,0
arkforge.fr,organization,endpoint_on_apex,1,1
arkforge.tech,organization,endpoint_on_apex,1,1
arkolith.com,organization,endpoint_on_apex,1,1
arkoncybersecurity.com,organization,endpoint_on_apex,1,1
arkova.ai,organization,endpoint_on_apex,1,1
arlet.dev,organization,endpoint_on_apex|verified_namespace,1,0
arpi.ai,organization,endpoint_on_apex|verified_namespace,1,0
arrakis.house,organization,endpoint_on_apex,1,1
ars.is,organization,endpoint_on_apex,1,1
arsenal-quant.com,organization,endpoint_on_apex,1,1
artblocks.io,organization,endpoint_on_apex,1,1
artidrop.ai,organization,endpoint_on_apex|verified_namespace,1,0
artifacta.io,organization,endpoint_on_apex|verified_namespace,1,0
artifactos.studio,organization,endpoint_on_apex,1,1
artificialwit.com,organization,endpoint_on_apex|verified_namespace,1,0
artifyde.com,organization,verified_namespace,1,0
arvi.ch,organization,endpoint_on_apex|verified_namespace,1,0
arzbin.com,organization,endpoint_on_apex|verified_namespace,1,0
asalsold.com,organization,endpoint_on_apex|verified_namespace,1,0
asalvocreative.com,organization,endpoint_on_apex,1,1
asap.cool,organization,endpoint_on_apex|verified_namespace,1,0
ascendgtm.net,organization,verified_namespace,1,0
ascendgtm.workers.dev,organization,endpoint_on_apex,1,1
ascendkit.dev,organization,verified_namespace,1,0
asiaref.dev,organization,endpoint_on_apex|verified_namespace,1,0
ask-ai-data-connector.com,organization,endpoint_on_apex|verified_namespace,1,0
ask-ai-mcp-710575177112.asia-south1.run.app,organization,endpoint_on_apex,1,1
ask-meridian.uk,organization,endpoint_on_apex,1,1
askais.com,organization,endpoint_on_apex,1,1
askcyborg.com,organization,endpoint_on_apex,1,1
askew.network,organization,endpoint_on_apex,1,1
askloop.app,organization,endpoint_on_apex|verified_namespace,1,0
askmarcel.app,organization,endpoint_on_apex,1,1
askmatchbox.com,organization,endpoint_on_apex|verified_namespace,1,0
askqa.app,organization,endpoint_on_apex|verified_namespace,1,0
asksakina.com,organization,verified_namespace,1,0
asktian.com,organization,endpoint_on_apex,1,1
asmhunter.app,organization,verified_namespace,1,0
asohawk.cc,organization,endpoint_on_apex,1,1
aspirelearning.app,organization,endpoint_on_apex|verified_namespace,1,0
assay.wiki,organization,endpoint_on_apex,1,1
assessing-scoop-authorities-sheet.trycloudflare.com,organization,endpoint_on_apex,1,1
asset-manager-jaymarrero2.replit.app,organization,endpoint_on_apex,1,1
assetlog.ai,organization,endpoint_on_apex|verified_namespace,1,0
assetzaar.com,organization,endpoint_on_apex|verified_namespace,1,0
asterpay.io,organization,endpoint_on_apex|verified_namespace,1,0
asterwise.com,organization,endpoint_on_apex|verified_namespace,1,0
astranl.com,organization,endpoint_on_apex|verified_namespace,1,0
astravue.com,organization,endpoint_on_apex|verified_namespace,1,0
astrocal.dev,organization,endpoint_on_apex|verified_namespace,1,0
astryke.com,organization,endpoint_on_apex|verified_namespace,1,0
asvaai.com,organization,endpoint_on_apex,1,1
asynthetic.up.railway.app,organization,endpoint_on_apex,1,1
atagon.com,organization,verified_namespace,1,0
atatravel.cloud,organization,endpoint_on_apex|verified_namespace,1,0
atdev.ai,organization,endpoint_on_apex|verified_namespace,1,0
ateam-ai.com,organization,endpoint_on_apex,1,1
atlarium.bio,organization,endpoint_on_apex|verified_namespace,1,0
atlas-sooty-delta.vercel.app,organization,endpoint_on_apex,1,1
atlas.red,organization,endpoint_on_apex|verified_namespace,1,0
atlasemoji.com,organization,endpoint_on_apex|verified_namespace,1,0
atlaso.ai,organization,endpoint_on_apex|verified_namespace,1,0
atlassian.com,organization,endpoint_on_apex|verified_namespace,1,0
atlasverified.ai,organization,endpoint_on_apex|verified_namespace,1,0
ato-mcp.com.au,organization,endpoint_on_apex|verified_namespace,1,0
atom-mcp-server-production.up.railway.app,organization,endpoint_on_apex,1,1
atom.com,organization,endpoint_on_apex|verified_namespace,1,0
atomadictech.workers.dev,organization,endpoint_on_apex,1,1
atomandbits.com,organization,endpoint_on_apex,1,1
atomiccss.dev,organization,endpoint_on_apex,1,1
attestagent.org,organization,endpoint_on_apex,1,1
attester.dev,organization,endpoint_on_apex,1,1
attestify-os.vercel.app,organization,endpoint_on_apex,1,1
attribloom.com,organization,verified_namespace,1,0
attrove.com,organization,endpoint_on_apex|verified_namespace,1,0
auctiontrace.com,organization,endpoint_on_apex,1,1
audiala.com,organization,endpoint_on_apex|verified_namespace,1,0
audioalpha.io,organization,endpoint_on_apex|verified_namespace,1,0
audiodelivery.net,organization,endpoint_on_apex|verified_namespace,1,0
audioknihy.cz,organization,endpoint_on_apex|verified_namespace,1,0
audioscrape.com,organization,endpoint_on_apex|verified_namespace,1,0
augmentev.ai,organization,endpoint_on_apex|verified_namespace,1,0
augments.dev,organization,endpoint_on_apex|verified_namespace,1,0
augworlds.ai,organization,endpoint_on_apex|verified_namespace,1,0
aura-ui.com,organization,endpoint_on_apex,1,1
auracite.de,organization,endpoint_on_apex|verified_namespace,1,0
auralogs.ai,organization,endpoint_on_apex|verified_namespace,1,0
aurelianflo.com,organization,endpoint_on_apex|verified_namespace,1,0
aurinia.online,organization,endpoint_on_apex|verified_namespace,1,0
auriniaxo.com,organization,endpoint_on_apex|verified_namespace,1,0
aurora-coach.com,organization,endpoint_on_apex,1,1
ausecon-mcp-server.onrender.com,organization,endpoint_on_apex,1,1
auseconmcp.com,organization,endpoint_on_apex,1,1
ausref.dev,organization,endpoint_on_apex|verified_namespace,1,0
austere-unsteady-pdf.replit.app,organization,endpoint_on_apex|verified_namespace,1,0
auth-sentinel-mcp.vercel.app,organization,endpoint_on_apex,1,1
auth0.com,organization,verified_namespace,1,0
authorized.by,organization,endpoint_on_apex|verified_namespace,1,0
authoryze.ai,organization,endpoint_on_apex|verified_namespace,1,0
authshore.ai,organization,endpoint_on_apex,1,1
auto-reader.com,organization,endpoint_on_apex|verified_namespace,1,0
autoady.io,organization,endpoint_on_apex|verified_namespace,1,0
automatedclientacquisition.com,organization,endpoint_on_apex|verified_namespace,1,0
automation-weaver-mcp.vercel.app,organization,endpoint_on_apex,1,1
automox.com,organization,verified_namespace,1,0
autonomyforge.dev,organization,endpoint_on_apex|verified_namespace,1,0
autorfp.ai,organization,verified_namespace,1,0
autoscrape-api-seven.vercel.app,organization,endpoint_on_apex,1,1
auxen.ai,organization,endpoint_on_apex|verified_namespace,1,0
avagenesis.com,organization,endpoint_on_apex,1,1
avakit.dev,organization,verified_namespace,1,0
avalix.ai,organization,endpoint_on_apex,1,1
avatarfactory.io,organization,endpoint_on_apex|verified_namespace,1,0
avax.network,organization,endpoint_on_apex,1,1
avaza.com,organization,endpoint_on_apex|verified_namespace,1,0
aveiro.app,organization,endpoint_on_apex|verified_namespace,1,0
avengersofsuperearth.com,organization,endpoint_on_apex,1,1
avenity-agentic-audit.onrender.com,organization,endpoint_on_apex,1,1
averra.dev,organization,verified_namespace,1,0
averta.io,organization,endpoint_on_apex|verified_namespace,1,0
aviado.ai,organization,endpoint_on_apex|verified_namespace,1,0
avisradar-production.up.railway.app,organization,endpoint_on_apex,1,1
avizo.ro,organization,endpoint_on_apex|verified_namespace,1,0
avnester.com,organization,endpoint_on_apex|verified_namespace,1,0
avo.app,organization,endpoint_on_apex,1,1
avocadoai.co,organization,endpoint_on_apex,1,1
avots.ai,organization,endpoint_on_apex,1,1
awardflightdaily.com,organization,endpoint_on_apex|verified_namespace,1,0
awardtravelfinder.com,organization,endpoint_on_apex,1,1
aws-builder-mcp.vercel.app,organization,endpoint_on_apex,1,1
axcess-mcp-server.fly.dev,organization,endpoint_on_apex,1,1
axint.ai,organization,endpoint_on_apex,1,1
axiom.co,organization,endpoint_on_apex|verified_namespace,1,0
axiomatic-ai.com,organization,endpoint_on_apex|verified_namespace,1,0
axiomseal.com,organization,endpoint_on_apex|verified_namespace,1,0
axiomstack.dev,organization,endpoint_on_apex,1,1
axiorank.com,organization,endpoint_on_apex|verified_namespace,1,0
axis-api-6c7z.onrender.com,organization,endpoint_on_apex,1,1
axonagentic.ai,organization,endpoint_on_apex|verified_namespace,1,0
aykiz.workers.dev,organization,endpoint_on_apex,1,1
azure.com,organization,endpoint_on_apex,1,1
azurecarbon.com,organization,verified_namespace,1,0
b20check.com,organization,endpoint_on_apex|verified_namespace,1,0
b2bware.com,organization,endpoint_on_apex|verified_namespace,1,0
b4-index.vercel.app,organization,endpoint_on_apex,1,1
babyagecalculator.com,organization,endpoint_on_apex|verified_namespace,1,0
babyblueviper.com,organization,endpoint_on_apex|verified_namespace,1,0
backengine.ai,organization,endpoint_on_apex|verified_namespace,1,0
backtest360.com,organization,endpoint_on_apex|verified_namespace,1,0
baeck.at,organization,verified_namespace,1,0
bakeryos.io,organization,endpoint_on_apex,1,1
balladic.com,organization,endpoint_on_apex|verified_namespace,1,0
balldontlie.io,organization,endpoint_on_apex|verified_namespace,1,0
bamboosnow.co,organization,endpoint_on_apex,1,1
bananabanana.pro,organization,endpoint_on_apex|verified_namespace,1,0
bandsaas.com,organization,endpoint_on_apex,1,1
bankbridge.money,organization,endpoint_on_apex|verified_namespace,1,0
bankee.ai,organization,verified_namespace,1,0
bankruptcyobserver.com,organization,endpoint_on_apex|verified_namespace,1,0
bankstatemently.com,organization,endpoint_on_apex,1,1
banksync.io,organization,endpoint_on_apex|verified_namespace,1,0
baozugong.app,organization,endpoint_on_apex|verified_namespace,1,0
barcode-generator-production-3545.up.railway.app,organization,endpoint_on_apex,1,1
barcode-generator-x402-production.up.railway.app,organization,endpoint_on_apex,1,1
bardo.id,organization,endpoint_on_apex|verified_namespace,1,0
bareun.ai,organization,endpoint_on_apex|verified_namespace,1,0
bargo.ai,organization,endpoint_on_apex,1,1
barisasa.com,organization,endpoint_on_apex|verified_namespace,1,0
barker.money,organization,endpoint_on_apex|verified_namespace,1,0
barvinca.com,organization,endpoint_on_apex|verified_namespace,1,0
barwa.pl,organization,endpoint_on_apex|verified_namespace,1,0
basalt.run,organization,endpoint_on_apex,1,1
base-defi-x402-production.up.railway.app,organization,endpoint_on_apex,1,1
base64-codec-production-1047.up.railway.app,organization,endpoint_on_apex,1,1
base64-codec-x402-production.up.railway.app,organization,endpoint_on_apex,1,1
baseframelabs.com,organization,endpoint_on_apex,1,1
basehub.com,organization,endpoint_on_apex,1,1
baselight.ai,organization,verified_namespace,1,0
baselight.app,organization,endpoint_on_apex,1,1
basethread.ai,organization,endpoint_on_apex|verified_namespace,1,0
basicops.com,organization,endpoint_on_apex,1,1
basil-agent.workers.dev,organization,endpoint_on_apex,1,1
basinwise.vercel.app,organization,endpoint_on_apex,1,1
bassethound.ai,organization,endpoint_on_apex|verified_namespace,1,0
baton-mcp-production.up.railway.app,organization,endpoint_on_apex,1,1
batru.gg,organization,endpoint_on_apex|verified_namespace,1,0
battox.workers.dev,organization,endpoint_on_apex,1,1
bauta.app,organization,endpoint_on_apex|verified_namespace,1,0
bc-curriculum-mcp.fly.dev,organization,endpoint_on_apex,1,1
bcparcel.onrender.com,organization,endpoint_on_apex,1,1
bda.ai,organization,endpoint_on_apex,1,1
beacio.com,organization,verified_namespace,1,0
beacon-index.onrender.com,organization,endpoint_on_apex,1,1
beatbandit.ai,organization,endpoint_on_apex|verified_namespace,1,0
beauticslab.com,organization,endpoint_on_apex|verified_namespace,1,0
bedrocknews.com,organization,endpoint_on_apex|verified_namespace,1,0
beethoven2024.com,organization,endpoint_on_apex,1,1
befall.net,organization,verified_namespace,1,0
beforeusersdo.com,organization,endpoint_on_apex,1,1
begonia.pro,organization,endpoint_on_apex|verified_namespace,1,0
behindthewatt.com,organization,endpoint_on_apex,1,1
belavista.sampa.br,organization,endpoint_on_apex,1,1
bellwether.markets,organization,endpoint_on_apex|verified_namespace,1,0
bellwethermetrics.com,organization,verified_namespace,1,0
belong.events,organization,endpoint_on_apex|verified_namespace,1,0
bendtherules.io,organization,endpoint_on_apex,1,1
benevolabs.org,organization,endpoint_on_apex|verified_namespace,1,0
benmilne.com,organization,endpoint_on_apex,1,1
benriscore.com,organization,endpoint_on_apex|verified_namespace,1,0
benroberts.ai,organization,verified_namespace,1,0
besot.com,organization,endpoint_on_apex|verified_namespace,1,0
besttimetobookhotels.com,organization,endpoint_on_apex|verified_namespace,1,0
betafinds.com,organization,endpoint_on_apex,1,1
betterlytics.io,organization,endpoint_on_apex|verified_namespace,1,0
betterpost.ai,organization,endpoint_on_apex|verified_namespace,1,0
beycome.com,organization,endpoint_on_apex|verified_namespace,1,0
beyond.wine,organization,endpoint_on_apex|verified_namespace,1,0
beyourcover.com,organization,endpoint_on_apex|verified_namespace,1,0
bezal.ai,organization,endpoint_on_apex|verified_namespace,1,0
bezbaseina.lv,organization,endpoint_on_apex|verified_namespace,1,0
bfl.ai,organization,endpoint_on_apex,1,1
bgpt.pro,organization,endpoint_on_apex,1,1
biaedge-mcp.onrender.com,organization,endpoint_on_apex,1,1
biaedge.com,organization,endpoint_on_apex|verified_namespace,1,0
bible-mcp-server.fly.dev,organization,endpoint_on_apex,1,1
bibleglide.com,organization,endpoint_on_apex,1,1
bid-jp.com,organization,endpoint_on_apex,1,1
bidda.com,organization,endpoint_on_apex|verified_namespace,1,0
biddeed.ai,organization,endpoint_on_apex|verified_namespace,1,0
bids44-mcp-751110103074.asia-south1.run.app,organization,endpoint_on_apex,1,1
bids44.com,organization,verified_namespace,1,0
bidsparq.com,organization,endpoint_on_apex|verified_namespace,1,0
biel.ai,organization,endpoint_on_apex|verified_namespace,1,0
bies.io,organization,endpoint_on_apex,1,1
bighub.io,organization,verified_namespace,1,0
bigredcloud.com,organization,endpoint_on_apex,1,1
bigtableadmin.googleapis.com,organization,endpoint_on_apex|verified_namespace,1,0
biii-production.up.railway.app,organization,endpoint_on_apex,1,1
bijack.ir,organization,endpoint_on_apex|verified_namespace,1,0
bikefuchs.com,organization,endpoint_on_apex|verified_namespace,1,0
biletyna.pl,organization,endpoint_on_apex|verified_namespace,1,0
billcommons.org,organization,endpoint_on_apex|verified_namespace,1,0
billingserv.com,organization,verified_namespace,1,0
bilt.me,organization,endpoint_on_apex,1,1
bim.house,organization,endpoint_on_apex|verified_namespace,1,0
bio-data-parser-mcp.vercel.app,organization,endpoint_on_apex,1,1
bio-safe-audit-mcp.vercel.app,organization,endpoint_on_apex,1,1
biocosm-mcp.fly.dev,organization,endpoint_on_apex,1,1
biome-commons-production.up.railway.app,organization,endpoint_on_apex,1,1
birdfury.com,organization,endpoint_on_apex,1,1
bisibility.com,organization,endpoint_on_apex|verified_namespace,1,0
bitcoinintel.live,organization,endpoint_on_apex|verified_namespace,1,0
bitcompare.net,organization,endpoint_on_apex,1,1
bitfence.ai,organization,endpoint_on_apex,1,1
bitpoort.com,organization,endpoint_on_apex|verified_namespace,1,0
bitquery.io,organization,endpoint_on_apex|verified_namespace,1,0
bitrise.io,organization,endpoint_on_apex,1,1
bittlebits.ai,organization,endpoint_on_apex|verified_namespace,1,0
bitvoya.com,organization,endpoint_on_apex|verified_namespace,1,0
biz-planner.com,organization,endpoint_on_apex|verified_namespace,1,0
bizclaw.xyz,organization,endpoint_on_apex|verified_namespace,1,0
bizfile-mcp-production.up.railway.app,organization,endpoint_on_apex,1,1
bizinsured.ai,organization,endpoint_on_apex,1,1
bizmuse.ai,organization,verified_namespace,1,0
bizverify.co,organization,endpoint_on_apex|verified_namespace,1,0
black-voice-76e6.workers.dev,organization,endpoint_on_apex,1,1
blackduck.com,organization,verified_namespace,1,0
blacklake.systems,organization,endpoint_on_apex|verified_namespace,1,0
blacklight.observer,organization,endpoint_on_apex|verified_namespace,1,0
blackveilsecurity.com,organization,endpoint_on_apex|verified_namespace,1,0
blame.today,organization,endpoint_on_apex|verified_namespace,1,0
blast-radius.ai,organization,endpoint_on_apex|verified_namespace,1,0
blazesportsintel.com,organization,endpoint_on_apex|verified_namespace,1,0
blendduck.com,organization,endpoint_on_apex|verified_namespace,1,0
blicht.com,organization,endpoint_on_apex|verified_namespace,1,0
blinkpdf.io,organization,endpoint_on_apex|verified_namespace,1,0
blip-board.app,organization,endpoint_on_apex|verified_namespace,1,0
blixtworks.com,organization,endpoint_on_apex|verified_namespace,1,0
blobpedia.org,organization,endpoint_on_apex,1,1
blockchainanalysis.io,organization,endpoint_on_apex|verified_namespace,1,0
blockrazor.io,organization,endpoint_on_apex|verified_namespace,1,0
blockscholes.com,organization,endpoint_on_apex,1,1
blockscout.com,organization,endpoint_on_apex|verified_namespace,1,0
blocksize.info,organization,endpoint_on_apex|verified_namespace,1,0
blocktrust.tech,organization,endpoint_on_apex,1,1
blockventurechaincapital.com,organization,verified_namespace,1,0
bloopo.ai,organization,endpoint_on_apex|verified_namespace,1,0
blueauth.co,organization,endpoint_on_apex,1,1
bluecraneworks.ca,organization,endpoint_on_apex|verified_namespace,1,0
bluegamma.io,organization,endpoint_on_apex,1,1
bluenexus.ai,organization,endpoint_on_apex|verified_namespace,1,0
bluepillow.com,organization,endpoint_on_apex|verified_namespace,1,0
bluewatch.app,organization,endpoint_on_apex,1,1
bluffnet.gg,organization,endpoint_on_apex|verified_namespace,1,0
blumen-verschicken.online,organization,endpoint_on_apex,1,1
bluraysuchmaschine.de,organization,endpoint_on_apex|verified_namespace,1,0
blyck.dev,organization,verified_namespace,1,0
bmcxiv.com,organization,endpoint_on_apex|verified_namespace,1,0
bmikit.com,organization,endpoint_on_apex|verified_namespace,1,0
bmlt.app,organization,endpoint_on_apex,1,1
boardbriefai.io,organization,endpoint_on_apex|verified_namespace,1,0
bodenrichtwert.ai,organization,endpoint_on_apex|verified_namespace,1,0
bofip.dev,organization,endpoint_on_apex|verified_namespace,1,0
bogeyland.golf,organization,endpoint_on_apex,1,1
bol.ai,organization,endpoint_on_apex,1,1
boletinclaro.es,organization,endpoint_on_apex|verified_namespace,1,0
bolotstudio.com,organization,endpoint_on_apex|verified_namespace,1,0
bomretiro.sampa.br,organization,endpoint_on_apex,1,1
bonsave.app,organization,endpoint_on_apex|verified_namespace,1,0
bonussok.no,organization,endpoint_on_apex|verified_namespace,1,0
booboooking.com,organization,endpoint_on_apex,1,1
bookingmaven.com,organization,endpoint_on_apex|verified_namespace,1,0
bookrails-api.azurewebsites.net,organization,endpoint_on_apex,1,1
bookstore4agents.workers.dev,organization,endpoint_on_apex,1,1
boostedchat.com,organization,endpoint_on_apex|verified_namespace,1,0
boostermage.com,organization,endpoint_on_apex|verified_namespace,1,0
boosthis.com,organization,endpoint_on_apex|verified_namespace,1,0
boothcheck.com,organization,endpoint_on_apex|verified_namespace,1,0
borealhost.ai,organization,endpoint_on_apex|verified_namespace,1,0
bosonprotocol.io,organization,endpoint_on_apex|verified_namespace,1,0
bot-trade.org,organization,endpoint_on_apex|verified_namespace,1,0
botcorpus.com,organization,endpoint_on_apex,1,1
botguard-agent-production.up.railway.app,organization,endpoint_on_apex,1,1
botoi.com,organization,endpoint_on_apex,1,1
botspot.trade,organization,endpoint_on_apex,1,1
bounceprotect.com,organization,verified_namespace,1,0
bouncewatch.com,organization,endpoint_on_apex|verified_namespace,1,0
boundaryai.ai,organization,endpoint_on_apex|verified_namespace,1,0
boundr.dev,organization,endpoint_on_apex,1,1
boundy.workers.dev,organization,endpoint_on_apex,1,1
bountyapi.com,organization,endpoint_on_apex,1,1
bourdon.ai,organization,verified_namespace,1,0
bowmark.ai,organization,endpoint_on_apex|verified_namespace,1,0
boxtoplay.com,organization,endpoint_on_apex|verified_namespace,1,0
bqixfybgflusxwnvzjwu.supabase.co,organization,endpoint_on_apex,1,1
brafinder.com,organization,endpoint_on_apex,1,1
brain-tube.com,organization,endpoint_on_apex,1,1
brainattic.ai,organization,endpoint_on_apex|verified_namespace,1,0
brainfile.io,organization,endpoint_on_apex|verified_namespace,1,0
brainiall.com,organization,endpoint_on_apex|verified_namespace,1,0
brainkb.org,organization,endpoint_on_apex|verified_namespace,1,0
brainonbnb.com,organization,endpoint_on_apex|verified_namespace,1,0
brainstormrouter.com,organization,endpoint_on_apex,1,1
branchapp.com,organization,endpoint_on_apex,1,1
brand-intel-mcp-production.up.railway.app,organization,endpoint_on_apex,1,1
brandfetch.io,organization,endpoint_on_apex|verified_namespace,1,0
brandyze.fr,organization,endpoint_on_apex|verified_namespace,1,0
brasilnfe.com.br,organization,endpoint_on_apex|verified_namespace,1,0
bravos-ai.com,organization,endpoint_on_apex|verified_namespace,1,0
brazilmcp.dev,organization,endpoint_on_apex|verified_namespace,1,0
breckenwander.com,organization,endpoint_on_apex|verified_namespace,1,0
breeze.pm,organization,endpoint_on_apex,1,1
brick.directory,organization,endpoint_on_apex|verified_namespace,1,0
brickpulse.ai,organization,endpoint_on_apex,1,1
bridge-routes-x402-production.up.railway.app,organization,endpoint_on_apex,1,1
bridgenode.cc,organization,endpoint_on_apex,1,1
bridgetoagent.com,organization,endpoint_on_apex|verified_namespace,1,0
bridgetown.builders,organization,endpoint_on_apex|verified_namespace,1,0
brieform.app,organization,endpoint_on_apex,1,1
briefverzenden.nl,organization,endpoint_on_apex|verified_namespace,1,0
brightkey.co,organization,endpoint_on_apex|verified_namespace,1,0
bringyour.ai,organization,endpoint_on_apex|verified_namespace,1,0
bringyour.com,organization,endpoint_on_apex,1,1
brivvy.io,organization,endpoint_on_apex,1,1
broen.tech,organization,endpoint_on_apex|verified_namespace,1,0
brokerchooser.com,organization,endpoint_on_apex|verified_namespace,1,0
brokeria.com.br,organization,endpoint_on_apex,1,1
browser-use.com,organization,verified_namespace,1,0
browserssh.com,organization,endpoint_on_apex|verified_namespace,1,0
bstorms.ai,organization,endpoint_on_apex,1,1
bsv.cx,organization,endpoint_on_apex|verified_namespace,1,0
btcnode.uk,organization,endpoint_on_apex,1,1
btcwhalealerts.com,organization,endpoint_on_apex,1,1
budgetary.tools,organization,endpoint_on_apex,1,1
bugbrain.tech,organization,verified_namespace,1,0
bugezy.dev,organization,endpoint_on_apex|verified_namespace,1,0
buggazi.com,organization,endpoint_on_apex,1,1
bugiadata.com,organization,endpoint_on_apex,1,1
buildervet.au,organization,endpoint_on_apex,1,1
buildforce.io,organization,endpoint_on_apex|verified_namespace,1,0
buildpulse.io,organization,endpoint_on_apex,1,1
builtwithjon.com,organization,endpoint_on_apex|verified_namespace,1,0
bulkurlchecker.com,organization,endpoint_on_apex,1,1
bull-run.org,organization,endpoint_on_apex|verified_namespace,1,0
bullbear.ninja,organization,endpoint_on_apex,1,1
bullpenstrategygroup.com,organization,endpoint_on_apex|verified_namespace,1,0
bunzee.ai,organization,endpoint_on_apex|verified_namespace,1,0
burademirung.workers.dev,organization,endpoint_on_apex,1,1
burn-mcp-server.vercel.app,organization,endpoint_on_apex,1,1
burnlore.com,organization,endpoint_on_apex|verified_namespace,1,0
buron.ai,organization,endpoint_on_apex|verified_namespace,1,0
bushdrum.com,organization,endpoint_on_apex|verified_namespace,1,0
businys.app,organization,verified_namespace,1,0
bustup-monitor.com,organization,endpoint_on_apex|verified_namespace,1,0
busymate.dev,organization,endpoint_on_apex|verified_namespace,1,0
butlerbrain.ai,organization,endpoint_on_apex|verified_namespace,1,0
butterbase.ai,organization,endpoint_on_apex,1,1
buy-my-agent.com,organization,endpoint_on_apex,1,1
buyapi.ai,organization,endpoint_on_apex,1,1
buyersense.ai,organization,endpoint_on_apex|verified_namespace,1,0
buylater.com,organization,endpoint_on_apex|verified_namespace,1,0
buyukesim.com,organization,endpoint_on_apex|verified_namespace,1,0
byimprint.com,organization,endpoint_on_apex,1,1
bykaranteli.com,organization,verified_namespace,1,0
byteask.ai,organization,endpoint_on_apex|verified_namespace,1,0
byteray.ai,organization,endpoint_on_apex|verified_namespace,1,0
byway.world,organization,endpoint_on_apex|verified_namespace,1,0
bzigo.com,organization,endpoint_on_apex|verified_namespace,1,0
cabal-hunter.com,organization,endpoint_on_apex|verified_namespace,1,0
cabalspy.xyz,organization,endpoint_on_apex|verified_namespace,1,0
cabrini.ai,organization,endpoint_on_apex|verified_namespace,1,0
cachebash-mcp-922749444863.us-central1.run.app,organization,endpoint_on_apex,1,1
cajusticewatch.com,organization,endpoint_on_apex|verified_namespace,1,0
calc.engineer,organization,endpoint_on_apex|verified_namespace,1,0
calcfleet.com,organization,endpoint_on_apex|verified_namespace,1,0
calendarbridge.vercel.app,organization,endpoint_on_apex,1,1
calendarmcp.ai,organization,endpoint_on_apex|verified_namespace,1,0
calfeed.ai,organization,endpoint_on_apex|verified_namespace,1,0
caliper.fit,organization,endpoint_on_apex|verified_namespace,1,0
call-for-me.fly.dev,organization,endpoint_on_apex,1,1
callendar.co,organization,verified_namespace,1,0
callendar.de,organization,endpoint_on_apex,1,1
callingly.com,organization,endpoint_on_apex|verified_namespace,1,0
callmcp.ai,organization,verified_namespace,1,0
calmactiva.com,organization,endpoint_on_apex,1,1
calmboard.ai,organization,endpoint_on_apex,1,1
calmloop.in,organization,endpoint_on_apex|verified_namespace,1,0
calmseo.com,organization,endpoint_on_apex|verified_namespace,1,0
calvingwatch.com,organization,endpoint_on_apex|verified_namespace,1,0
calvix.io,organization,endpoint_on_apex|verified_namespace,1,0
cambercloud.com,organization,endpoint_on_apex|verified_namespace,1,0
cameronwilson.com.au,organization,endpoint_on_apex|verified_namespace,1,0
campaignstack.io,organization,endpoint_on_apex|verified_namespace,1,0
campobelo.sampa.br,organization,endpoint_on_apex,1,1
can-tap-verified.com,organization,endpoint_on_apex,1,1
canada-payroll.ca,organization,endpoint_on_apex|verified_namespace,1,0
canalnav.com,organization,endpoint_on_apex|verified_namespace,1,0
canaryusers.ai,organization,endpoint_on_apex|verified_namespace,1,0
cancun4-mcp.fly.dev,organization,endpoint_on_apex,1,1
cancun4.me,organization,verified_namespace,1,0
candidcost.com,organization,endpoint_on_apex|verified_namespace,1,0
canivibe.ai,organization,endpoint_on_apex|verified_namespace,1,0
cannonstudio.app,organization,endpoint_on_apex|verified_namespace,1,0
cannonvoip.com,organization,endpoint_on_apex|verified_namespace,1,0
canuckeats.com,organization,endpoint_on_apex,1,1
canvora.ai,organization,endpoint_on_apex|verified_namespace,1,0
canvs.io,organization,endpoint_on_apex,1,1
canyougrab.it,organization,endpoint_on_apex,1,1
cap-rate-signals-mcp-production.up.railway.app,organization,endpoint_on_apex,1,1
capabilitiestxt.org,organization,endpoint_on_apex,1,1
capability.network,organization,endpoint_on_apex|verified_namespace,1,0
capabilityhostprotocol.com,organization,endpoint_on_apex,1,1
capitol.guide,organization,endpoint_on_apex|verified_namespace,1,0
caplia.ai,organization,endpoint_on_apex,1,1
capmus.com,organization,endpoint_on_apex,1,1
captapi.com,organization,endpoint_on_apex,1,1
captcha.cc,organization,endpoint_on_apex|verified_namespace,1,0
carbon-cashmere.de,organization,endpoint_on_apex|verified_namespace,1,0
carbonarc.ai,organization,endpoint_on_apex,1,1
carbone.io,organization,endpoint_on_apex|verified_namespace,1,0
cardmind.app,organization,endpoint_on_apex,1,1
cardog.app,organization,verified_namespace,1,0
cardog.io,organization,endpoint_on_apex,1,1
careercraft.ing,organization,endpoint_on_apex,1,1
careerrift.com,organization,endpoint_on_apex|verified_namespace,1,0
careranks.com,organization,endpoint_on_apex|verified_namespace,1,0
carhunt.fr,organization,endpoint_on_apex|verified_namespace,1,0
caringcourseforge.com,organization,endpoint_on_apex,1,1
cars-data.com,organization,endpoint_on_apex|verified_namespace,1,0
carshake.online,organization,endpoint_on_apex,1,1
carso.exchange,organization,endpoint_on_apex|verified_namespace,1,0
carsxe.com,organization,endpoint_on_apex,1,1
carteleracines.es,organization,endpoint_on_apex|verified_namespace,1,0
carvox.pt,organization,endpoint_on_apex|verified_namespace,1,0
casa-agents.fly.dev,organization,endpoint_on_apex,1,1
casaintelligence.com.au,organization,endpoint_on_apex|verified_namespace,1,0
casenode.ai,organization,endpoint_on_apex,1,1
cashbackpro.org,organization,endpoint_on_apex|verified_namespace,1,0
cashflow.tech,organization,endpoint_on_apex,1,1
cashflowfrog.com,organization,endpoint_on_apex|verified_namespace,1,0
casthost.net,organization,endpoint_on_apex|verified_namespace,1,0
castiq.net,organization,endpoint_on_apex,1,1
catalo.ai,organization,endpoint_on_apex,1,1
catalog-engine-mcp.vercel.app,organization,endpoint_on_apex,1,1
catalystedgescanner.com,organization,endpoint_on_apex|verified_namespace,1,0
catchaset.live,organization,endpoint_on_apex|verified_namespace,1,0
catchdoms.com,organization,endpoint_on_apex|verified_namespace,1,0
catchintent.com,organization,endpoint_on_apex|verified_namespace,1,0
catchmetrics.io,organization,endpoint_on_apex|verified_namespace,1,0
cathedral-ai.com,organization,endpoint_on_apex,1,1
caudexcatena.com,organization,endpoint_on_apex|verified_namespace,1,0
caulo.ai,organization,endpoint_on_apex|verified_namespace,1,0
causaprima.ai,organization,endpoint_on_apex,1,1
cavendo.ai,organization,endpoint_on_apex,1,1
cavetitle.xyz,organization,endpoint_on_apex,1,1
cavuno.com,organization,endpoint_on_apex|verified_namespace,1,0
cc0.company,organization,endpoint_on_apex,1,1
ccapi.ai,organization,endpoint_on_apex|verified_namespace,1,0
ccpedia.xyz,organization,endpoint_on_apex,1,1
cdata.com,organization,endpoint_on_apex|verified_namespace,1,0
cdk.bot,organization,endpoint_on_apex,1,1
ceki.me,organization,endpoint_on_apex|verified_namespace,1,0
celestium-cosmic-compass.fly.dev,organization,endpoint_on_apex,1,1
cello.so,organization,endpoint_on_apex|verified_namespace,1,0
cenogram.pl,organization,endpoint_on_apex|verified_namespace,1,0
centralus-01.azurewebsites.net,organization,endpoint_on_apex,1,1
centric-demo-mcp-808053805730.us-central1.run.app,organization,endpoint_on_apex,1,1
centro.sampa.br,organization,endpoint_on_apex,1,1
cerberusindex.com,organization,endpoint_on_apex|verified_namespace,1,0
cerebrochain.com,organization,endpoint_on_apex|verified_namespace,1,0
certifier.io,organization,endpoint_on_apex|verified_namespace,1,0
certman.app,organization,endpoint_on_apex|verified_namespace,1,0
cesaryague.es,organization,endpoint_on_apex|verified_namespace,1,0
cg3.io,organization,endpoint_on_apex|verified_namespace,1,0
chadanalytics.com,organization,endpoint_on_apex|verified_namespace,1,0
chain.love,organization,endpoint_on_apex|verified_namespace,1,0
chainaware.ai,organization,endpoint_on_apex,1,1
chaincontext.dev,organization,endpoint_on_apex|verified_namespace,1,0
chainflip-broker.io,organization,endpoint_on_apex|verified_namespace,1,0
chainhelix.io,organization,endpoint_on_apex|verified_namespace,1,0
chainsscope.duckdns.org,organization,endpoint_on_apex,1,1
chaiz.com,organization,endpoint_on_apex|verified_namespace,1,0
chalet-montagne.com,organization,endpoint_on_apex|verified_namespace,1,0
chamade.io,organization,endpoint_on_apex|verified_namespace,1,0
changebook.app,organization,endpoint_on_apex,1,1
changegamer.ai,organization,endpoint_on_apex,1,1
changethisfile.com,organization,endpoint_on_apex|verified_namespace,1,0
chaot-kit.com,organization,endpoint_on_apex|verified_namespace,1,0
chapsoft.com,organization,endpoint_on_apex|verified_namespace,1,0
charliemorrison.dev,organization,endpoint_on_apex|verified_namespace,1,0
charm.ing,organization,endpoint_on_apex,1,1
chartercaptain.com,organization,endpoint_on_apex|verified_namespace,1,0
chartforgeai.com,organization,verified_namespace,1,0
chartpane.com,organization,endpoint_on_apex,1,1
chathome.lu,organization,endpoint_on_apex|verified_namespace,1,0
chatthing.ai,organization,endpoint_on_apex|verified_namespace,1,0
chatwithcharm.com,organization,endpoint_on_apex,1,1
cheapestinference.com,organization,endpoint_on_apex|verified_namespace,1,0
checklist.day,organization,endpoint_on_apex,1,1
checklyra.com,organization,endpoint_on_apex,1,1
checkmails.eu,organization,endpoint_on_apex|verified_namespace,1,0
checkmyvin.net,organization,endpoint_on_apex|verified_namespace,1,0
checkrecall.com,organization,endpoint_on_apex|verified_namespace,1,0
chemandphysicsmastery.workers.dev,organization,endpoint_on_apex,1,1
cherokeeai.com,organization,endpoint_on_apex|verified_namespace,1,0
chesswithclaw.vercel.app,organization,endpoint_on_apex,1,1
chia.health,organization,endpoint_on_apex|verified_namespace,1,0
chieflab.io,organization,endpoint_on_apex,1,1
chikoh.com,organization,endpoint_on_apex,1,1
childadhd.ai,organization,endpoint_on_apex|verified_namespace,1,0
childanxiety.ai,organization,endpoint_on_apex|verified_namespace,1,0
childpsychiatry.ai,organization,endpoint_on_apex|verified_namespace,1,0
chilipiper.com,organization,endpoint_on_apex|verified_namespace,1,0
china-phone-mcp.vercel.app,organization,endpoint_on_apex,1,1
chinamarketing.ai,organization,endpoint_on_apex|verified_namespace,1,0
chirpwireless.io,organization,endpoint_on_apex|verified_namespace,1,0
choosehelp.com,organization,endpoint_on_apex|verified_namespace,1,0
choosemylo.com,organization,endpoint_on_apex|verified_namespace,1,0
choov.de,organization,endpoint_on_apex|verified_namespace,1,0
chorilo.com,organization,endpoint_on_apex|verified_namespace,1,0
chromeflow.run,organization,verified_namespace,1,0
chronary.ai,organization,endpoint_on_apex|verified_namespace,1,0
chrysai.com,organization,endpoint_on_apex|verified_namespace,1,0
churnlens.site,organization,endpoint_on_apex,1,1
ci-sentinel.vercel.app,organization,endpoint_on_apex,1,1
cigarfinder.com,organization,endpoint_on_apex,1,1
cinderfi.com,organization,endpoint_on_apex|verified_namespace,1,0
cinevva.com,organization,endpoint_on_apex|verified_namespace,1,0
cintrasupply.com,organization,endpoint_on_apex|verified_namespace,1,0
cipher-x402-mcp.vercel.app,organization,endpoint_on_apex,1,1
cipherhub.cloud,organization,endpoint_on_apex,1,1
circleci.com,organization,endpoint_on_apex|verified_namespace,1,0
circlfi.com,organization,endpoint_on_apex,1,1
circulara.ai,organization,verified_namespace,1,0
cirra.ai,organization,endpoint_on_apex|verified_namespace,1,0
cissp.workers.dev,organization,endpoint_on_apex,1,1
citadeldb.dev,organization,verified_namespace,1,0
citationsafe.com,organization,endpoint_on_apex|verified_namespace,1,0
cite42.dev,organization,verified_namespace,1,0
citedy.com,organization,endpoint_on_apex,1,1
citehawk.com,organization,endpoint_on_apex|verified_namespace,1,0
citestamp.com,organization,endpoint_on_apex|verified_namespace,1,0
citizenofnowhere.org,organization,endpoint_on_apex|verified_namespace,1,0
cituna.com,organization,verified_namespace,1,0
city24.ee,organization,endpoint_on_apex|verified_namespace,1,0
city24.lv,organization,endpoint_on_apex|verified_namespace,1,0
cityheart.run,organization,verified_namespace,1,0
cityparity.com,organization,endpoint_on_apex|verified_namespace,1,0
citywalkplan.com,organization,endpoint_on_apex|verified_namespace,1,0
civdotiq.org,organization,endpoint_on_apex,1,1
civilquants.com,organization,endpoint_on_apex|verified_namespace,1,0
civis.run,organization,endpoint_on_apex,1,1
ckg-agentforce.onrender.com,organization,endpoint_on_apex,1,1
ckg-nvidia-ai.onrender.com,organization,endpoint_on_apex,1,1
ckg-nvidia-nemoclaw.onrender.com,organization,endpoint_on_apex,1,1
claidex.com,organization,endpoint_on_apex|verified_namespace,1,0
claimondo.de,organization,endpoint_on_apex|verified_namespace,1,0
clamp.sh,organization,endpoint_on_apex|verified_namespace,1,0
claracars.pt,organization,endpoint_on_apex,1,1
claribi.com,organization,endpoint_on_apex|verified_namespace,1,0
clarigrid.energy,organization,endpoint_on_apex|verified_namespace,1,0
clarilayer.com,organization,endpoint_on_apex,1,1
claritybriefs.com,organization,endpoint_on_apex|verified_namespace,1,0
clarx.ai,organization,verified_namespace,1,0
classquill.com,organization,endpoint_on_apex,1,1
claude-context-bridge.fly.dev,organization,endpoint_on_apex,1,1
claude-faf-mcp.vercel.app,organization,endpoint_on_apex,1,1
claude-world.com,organization,endpoint_on_apex|verified_namespace,1,0
claudeers.com,organization,endpoint_on_apex|verified_namespace,1,0
claudenews.online,organization,endpoint_on_apex|verified_namespace,1,0
clauderecall.com,organization,verified_namespace,1,0
clauderegistry.com,organization,endpoint_on_apex|verified_namespace,1,0
claw-link.dev,organization,endpoint_on_apex|verified_namespace,1,0
claw.cleaning,organization,endpoint_on_apex,1,1
clawagent-production.up.railway.app,organization,endpoint_on_apex,1,1
clawbots.org,organization,endpoint_on_apex,1,1
clawmcpinone.work,organization,endpoint_on_apex,1,1
clawmerchants.com,organization,endpoint_on_apex,1,1
clawriver.onrender.com,organization,endpoint_on_apex,1,1
clawshow.ai,organization,endpoint_on_apex,1,1
clawspan.cloud,organization,endpoint_on_apex|verified_namespace,1,0
clawstudiouo.com,organization,endpoint_on_apex,1,1
clawterminal.ai,organization,endpoint_on_apex|verified_namespace,1,0
clean.tools,organization,endpoint_on_apex|verified_namespace,1,0
cleancode-ai-mcp.vercel.app,organization,endpoint_on_apex,1,1
cleanor.app,organization,endpoint_on_apex|verified_namespace,1,0
cleanslice.org,organization,endpoint_on_apex,1,1
clearancesearchengine.com,organization,endpoint_on_apex,1,1
clearfront.sh,organization,verified_namespace,1,0
clearlist.me,organization,endpoint_on_apex,1,1
clearmarket.fyi,organization,endpoint_on_apex|verified_namespace,1,0
clearpolicy.app,organization,endpoint_on_apex|verified_namespace,1,0
clearpostplugin.com,organization,verified_namespace,1,0
clelp.ai,organization,verified_namespace,1,0
cleofamily.app,organization,endpoint_on_apex,1,1
clerk.com,organization,endpoint_on_apex,1,1
clicon.app,organization,endpoint_on_apex|verified_namespace,1,0
clihub.com,organization,verified_namespace,1,0
climateux.net,organization,endpoint_on_apex,1,1
climbpast.com,organization,endpoint_on_apex,1,1
clipform.io,organization,endpoint_on_apex,1,1
clipia.ai,organization,endpoint_on_apex,1,1
clipkit.dev,organization,endpoint_on_apex|verified_namespace,1,0
clipy.online,organization,verified_namespace,1,0
clipzyn-mcp-production.up.railway.app,organization,endpoint_on_apex,1,1
clize.ai,organization,verified_namespace,1,0
clockchain-time-rp6evdzqkq-uc.a.run.app,organization,endpoint_on_apex,1,1
clockchain.network,organization,verified_namespace,1,0
clootrack.com,organization,endpoint_on_apex|verified_namespace,1,0
close.city,organization,endpoint_on_apex|verified_namespace,1,0
close.com,organization,endpoint_on_apex|verified_namespace,1,0
cloud-pathfinder.vercel.app,organization,endpoint_on_apex,1,1
cloudbees.io,organization,endpoint_on_apex,1,1
cloudflare.com,organization,endpoint_on_apex|verified_namespace,1,0
cloudgate.dev,organization,endpoint_on_apex|verified_namespace,1,0
cloudinary.com,organization,endpoint_on_apex,1,1
cloudmindmaps.app,organization,verified_namespace,1,0
cloudpepper.io,organization,endpoint_on_apex|verified_namespace,1,0
cloudresume.io,organization,endpoint_on_apex|verified_namespace,1,0
cloudscale-sim-mcp.vercel.app,organization,endpoint_on_apex,1,1
clsplusplus.com,organization,endpoint_on_apex,1,1
clubs.place,organization,endpoint_on_apex|verified_namespace,1,0
clueso.io,organization,endpoint_on_apex|verified_namespace,1,0
clutch.co,organization,endpoint_on_apex|verified_namespace,1,0
cnaps.ai,organization,endpoint_on_apex|verified_namespace,1,0
cnvs.app,organization,endpoint_on_apex|verified_namespace,1,0
coachleo.ai,organization,endpoint_on_apex,1,1
coachsync.io,organization,endpoint_on_apex|verified_namespace,1,0
coachwatts.com,organization,endpoint_on_apex|verified_namespace,1,0
cobbles.ai,organization,endpoint_on_apex|verified_namespace,1,0
cocktail.glass,organization,endpoint_on_apex|verified_namespace,1,0
code-sandbox-production-9b5e.up.railway.app,organization,endpoint_on_apex,1,1
code-sandbox-x402-production.up.railway.app,organization,endpoint_on_apex,1,1
codecomber.io,organization,verified_namespace,1,0
codecrafted.co.uk,organization,endpoint_on_apex|verified_namespace,1,0
codeitall.dev,organization,endpoint_on_apex|verified_namespace,1,0
codemouse.ai,organization,endpoint_on_apex,1,1
codeniverse.com,organization,endpoint_on_apex|verified_namespace,1,0
codepathfinder.dev,organization,verified_namespace,1,0
codepic.cc,organization,endpoint_on_apex,1,1
coderifts.com,organization,endpoint_on_apex,1,1
codescene.com,organization,verified_namespace,1,0
codestringers.com,organization,endpoint_on_apex|verified_namespace,1,0
codevulnerability-mcp.vercel.app,organization,endpoint_on_apex,1,1
codmir.com,organization,verified_namespace,1,0
cofoundagent.ai,organization,endpoint_on_apex|verified_namespace,1,0
cognethics.com,organization,verified_namespace,1,0
cogniledger.eu,organization,endpoint_on_apex,1,1
cognivators.com,organization,verified_namespace,1,0
cohearence.app,organization,endpoint_on_apex,1,1
cohereon.io,organization,endpoint_on_apex|verified_namespace,1,0
coil.trade,organization,endpoint_on_apex|verified_namespace,1,0
coinbucha.com,organization,endpoint_on_apex|verified_namespace,1,0
coinmarketcap.com,organization,endpoint_on_apex|verified_namespace,1,0
coinop.dev,organization,verified_namespace,1,0
coinpaprika.com,organization,endpoint_on_apex|verified_namespace,1,0
coinrailz.com,organization,verified_namespace,1,0
coinrithm.com,organization,endpoint_on_apex,1,1
coinrule.com,organization,endpoint_on_apex,1,1
coinverdict.io,organization,endpoint_on_apex,1,1
color-palette-production-74c7.up.railway.app,organization,endpoint_on_apex,1,1
color-palette-x402-production.up.railway.app,organization,endpoint_on_apex,1,1
colorado-business-storefront.onrender.com,organization,endpoint_on_apex,1,1
colorme.app,organization,endpoint_on_apex,1,1
colour-memory-api-production.up.railway.app,organization,endpoint_on_apex,1,1
comehome.ai,organization,endpoint_on_apex,1,1
cometchat.com,organization,endpoint_on_apex,1,1
comitelligence-mcp.onrender.com,organization,endpoint_on_apex,1,1
commandplusk.com,organization,endpoint_on_apex|verified_namespace,1,0
commercebridge-isaiahduprees-projects.vercel.app,organization,endpoint_on_apex,1,1
commodities.sh,organization,endpoint_on_apex,1,1
commonelements.com,organization,endpoint_on_apex|verified_namespace,1,0
commoninja.com,organization,endpoint_on_apex,1,1
commonlands.com,organization,endpoint_on_apex|verified_namespace,1,0
commutescout.com,organization,endpoint_on_apex,1,1
comos-portal.com,organization,endpoint_on_apex,1,1
comp-shop.com,organization,endpoint_on_apex,1,1
compabase.com,organization,endpoint_on_apex,1,1
compamir.com,organization,endpoint_on_apex|verified_namespace,1,0
companies-house-mcp-server.onrender.com,organization,endpoint_on_apex,1,1
company-enrichment-x402-production.up.railway.app,organization,endpoint_on_apex,1,1
comparedge.com,organization,endpoint_on_apex,1,1
comparefairly.com,organization,endpoint_on_apex,1,1
compatair.fr,organization,endpoint_on_apex,1,1
compdf.com,organization,endpoint_on_apex,1,1
compeller.ai,organization,endpoint_on_apex|verified_namespace,1,0
competitortracker.io,organization,endpoint_on_apex|verified_namespace,1,0
completionkit.com,organization,endpoint_on_apex|verified_namespace,1,0
compliance-mcp-production.up.railway.app,organization,endpoint_on_apex,1,1
complianceautomator.com,organization,endpoint_on_apex|verified_namespace,1,0
compliancecn.netlify.app,organization,endpoint_on_apex,1,1
complianceregistry.net,organization,endpoint_on_apex|verified_namespace,1,0
complyme.ai,organization,verified_namespace,1,0
compoid.com,organization,endpoint_on_apex|verified_namespace,1,0
componecat.ai,organization,endpoint_on_apex|verified_namespace,1,0
composedchaos.net,organization,endpoint_on_apex|verified_namespace,1,0
composer.googleapis.com,organization,endpoint_on_apex|verified_namespace,1,0
composio.dev,organization,endpoint_on_apex,1,1
compute.googleapis.com,organization,endpoint_on_apex|verified_namespace,1,0
comuna.work,organization,endpoint_on_apex|verified_namespace,1,0
conc-exe.xyz,organization,endpoint_on_apex|verified_namespace,1,0
concessio.io,organization,endpoint_on_apex|verified_namespace,1,0
concordancehq.duckdns.org,organization,endpoint_on_apex,1,1
concorde-painel.workers.dev,organization,endpoint_on_apex,1,1
condens.io,organization,verified_namespace,1,0
conductorrelay.com,organization,endpoint_on_apex,1,1
conjure.ing,organization,endpoint_on_apex|verified_namespace,1,0
connectmachine.ai,organization,endpoint_on_apex|verified_namespace,1,0
connorgallic.com,organization,endpoint_on_apex|verified_namespace,1,0
consensus-analytics.com,organization,endpoint_on_apex|verified_namespace,1,0
consentlayer.com,organization,endpoint_on_apex|verified_namespace,1,0
consignatarias.com.ar,organization,endpoint_on_apex|verified_namespace,1,0
consolidated-survey-gamma-arrival.trycloudflare.com,organization,endpoint_on_apex,1,1
constat-auto.com,organization,endpoint_on_apex,1,1
constat.dev,organization,endpoint_on_apex,1,1
constellationfinance.ai,organization,endpoint_on_apex|verified_namespace,1,0
consulatehq.com,organization,endpoint_on_apex|verified_namespace,1,0
consumergenie.net,organization,endpoint_on_apex,1,1
container.googleapis.com,organization,endpoint_on_apex|verified_namespace,1,0
containermath.com,organization,endpoint_on_apex|verified_namespace,1,0
contendeo.app,organization,endpoint_on_apex|verified_namespace,1,0
contentrain.io,organization,endpoint_on_apex,1,1
context-awesome.com,organization,endpoint_on_apex,1,1
context-book-mcp-production.up.railway.app,organization,endpoint_on_apex,1,1
contexta.cc,organization,endpoint_on_apex|verified_namespace,1,0
contextcloud.pro,organization,endpoint_on_apex,1,1
contextlattice.io,organization,endpoint_on_apex,1,1
contextoverflow.org,organization,endpoint_on_apex|verified_namespace,1,0
contextser.com,organization,endpoint_on_apex|verified_namespace,1,0
contextstream.io,organization,endpoint_on_apex|verified_namespace,1,0
contextstudios.ai,organization,verified_namespace,1,0
continue.dev,organization,endpoint_on_apex|verified_namespace,1,0
continueops.com,organization,verified_namespace,1,0
contio.ai,organization,endpoint_on_apex|verified_namespace,1,0
contix.es,organization,endpoint_on_apex|verified_namespace,1,0
contraption.co,organization,endpoint_on_apex|verified_namespace,1,0
contrastcyber.com,organization,endpoint_on_apex|verified_namespace,1,0
controldrill.com,organization,endpoint_on_apex|verified_namespace,1,0
convalytics.dev,organization,endpoint_on_apex,1,1
convention.sh,organization,endpoint_on_apex|verified_namespace,1,0
conveo.ai,organization,endpoint_on_apex|verified_namespace,1,0
converly.io,organization,endpoint_on_apex|verified_namespace,1,0
conversoriaecnae.es,organization,endpoint_on_apex,1,1
convertfilefast.com,organization,endpoint_on_apex,1,1
convertica.net,organization,verified_namespace,1,0
convexvalue.com,organization,endpoint_on_apex|verified_namespace,1,0
convika.com,organization,endpoint_on_apex|verified_namespace,1,0
convradar.com,organization,endpoint_on_apex,1,1
convrgent.ai,organization,endpoint_on_apex,1,1
cookiy.ai,organization,endpoint_on_apex|verified_namespace,1,0
cooperpetcare.app,organization,endpoint_on_apex|verified_namespace,1,0
coordinalo.com,organization,endpoint_on_apex|verified_namespace,1,0
copass.com,organization,endpoint_on_apex,1,1
copass.id,organization,endpoint_on_apex,1,1
copyright01.com,organization,endpoint_on_apex,1,1
copywriting.sh,organization,endpoint_on_apex|verified_namespace,1,0
corbelworks.pages.dev,organization,endpoint_on_apex|verified_namespace,1,0
corduroy-labs.ai,organization,endpoint_on_apex|verified_namespace,1,0
corebee.ai,organization,endpoint_on_apex,1,1
coredash.app,organization,endpoint_on_apex,1,1
coret.id,organization,endpoint_on_apex,1,1
corewebvitals.io,organization,endpoint_on_apex,1,1
corewise.video,organization,endpoint_on_apex,1,1
corply.dev,organization,endpoint_on_apex,1,1
corpusiq.io,organization,endpoint_on_apex|verified_namespace,1,0
correctover.com,organization,verified_namespace,1,0
correkt.com,organization,endpoint_on_apex|verified_namespace,1,0
cortex-320.workers.dev,organization,endpoint_on_apex,1,1
cortex-gateway.dev,organization,endpoint_on_apex,1,1
cortex-mem.com,organization,verified_namespace,1,0
cortexpad.com,organization,endpoint_on_apex|verified_namespace,1,0
corvi.careers,organization,endpoint_on_apex,1,1
cosmicjs.com,organization,endpoint_on_apex|verified_namespace,1,0
cosmonote.ai,organization,endpoint_on_apex|verified_namespace,1,0
costbench.com,organization,endpoint_on_apex|verified_namespace,1,0
costsegsmart.com,organization,endpoint_on_apex|verified_namespace,1,0
cotribute.co,organization,endpoint_on_apex,1,1
cotribute.com,organization,verified_namespace,1,0
couillardelectricllc.com,organization,endpoint_on_apex|verified_namespace,1,0
council-ai.app,organization,endpoint_on_apex,1,1
countrycalling.codes,organization,endpoint_on_apex,1,1
coupler.io,organization,endpoint_on_apex|verified_namespace,1,0
courier.com,organization,endpoint_on_apex,1,1
courseprofiler.com,organization,endpoint_on_apex|verified_namespace,1,0
courtdb.org,organization,endpoint_on_apex,1,1
covasyn.com,organization,endpoint_on_apex|verified_namespace,1,0
coverage-rights.com,organization,endpoint_on_apex|verified_namespace,1,0
cowboy-model-finder-mcp-app-8b3709a7529a.herokuapp.com,organization,endpoint_on_apex,1,1
cowork24.ch,organization,endpoint_on_apex|verified_namespace,1,0
coworkingview.com,organization,endpoint_on_apex|verified_namespace,1,0
cpgagentprotocols.ai,organization,endpoint_on_apex,1,1
cpghumanintheloop.ai,organization,endpoint_on_apex,1,1
cpgknowledgegraph.ai,organization,endpoint_on_apex,1,1
cpln.io,organization,endpoint_on_apex|verified_namespace,1,0
cpz-lab.com,organization,endpoint_on_apex|verified_namespace,1,0
crabbitmq.com,organization,endpoint_on_apex|verified_namespace,1,0
craft.do,organization,endpoint_on_apex|verified_namespace,1,0
craftablesoftware.com,organization,endpoint_on_apex|verified_namespace,1,0
craftedtrust.com,organization,endpoint_on_apex|verified_namespace,1,0
craigmbrown.com,organization,endpoint_on_apex,1,1
craneledger.ai,organization,endpoint_on_apex|verified_namespace,1,0
crank.ing,organization,endpoint_on_apex|verified_namespace,1,0
crashstory-mcp-production.up.railway.app,organization,endpoint_on_apex,1,1
crashstory.com,organization,verified_namespace,1,0
crashtestyourstrategy.ai,organization,endpoint_on_apex,1,1
crawlconsole.com,organization,endpoint_on_apex|verified_namespace,1,0
crawleo.dev,organization,endpoint_on_apex,1,1
crawlie.app,organization,endpoint_on_apex|verified_namespace,1,0
crawlinx.com,organization,endpoint_on_apex,1,1
crawlora.net,organization,endpoint_on_apex|verified_namespace,1,0
crcrwtjzqzinfzokianr.supabase.co,organization,endpoint_on_apex,1,1
cre-intelligence-mcp.onrender.com,organization,endpoint_on_apex,1,1
cre8techdev.com,organization,endpoint_on_apex|verified_namespace,1,0
create-web-page.com,organization,endpoint_on_apex|verified_namespace,1,0
createmod.com,organization,endpoint_on_apex|verified_namespace,1,0
createya.ai,organization,endpoint_on_apex,1,1
creationloop.ai,organization,endpoint_on_apex|verified_namespace,1,0
creativeclaw.co,organization,endpoint_on_apex|verified_namespace,1,0
creativescope.ai,organization,endpoint_on_apex|verified_namespace,1,0
creator-api.com,organization,endpoint_on_apex,1,1
creatordb.app,organization,endpoint_on_apex|verified_namespace,1,0
cred.fyi,organization,endpoint_on_apex|verified_namespace,1,0
credit-risk-mcp.vercel.app,organization,endpoint_on_apex,1,1
creditcards.best,organization,endpoint_on_apex|verified_namespace,1,0
crehq.com,organization,endpoint_on_apex,1,1
crelvo.dev,organization,endpoint_on_apex|verified_namespace,1,0
creo-memories.in,organization,endpoint_on_apex|verified_namespace,1,0
crimsoncrawler.com,organization,endpoint_on_apex|verified_namespace,1,0
crinkl.xyz,organization,endpoint_on_apex|verified_namespace,1,0
crisphive.com,organization,endpoint_on_apex|verified_namespace,1,0
crispy.sh,organization,endpoint_on_apex|verified_namespace,1,0
criterion.life,organization,endpoint_on_apex,1,1
criticalpathpartners.ca,organization,endpoint_on_apex,1,1
crm-noto.onrender.com,organization,endpoint_on_apex,1,1
croma.run,organization,endpoint_on_apex,1,1
cron-explainer-prod.workers.dev,organization,endpoint_on_apex,1,1
cron-parser-production.up.railway.app,organization,endpoint_on_apex,1,1
cron-parser-x402-production.up.railway.app,organization,endpoint_on_apex,1,1
cronping-oren.workers.dev,organization,endpoint_on_apex|verified_namespace,1,0
crontab-generator-production.up.railway.app,organization,endpoint_on_apex,1,1
crontab-generator-x402-production.up.railway.app,organization,endpoint_on_apex,1,1
crosbynews.com,organization,endpoint_on_apex|verified_namespace,1,0
cross-deck.com,organization,endpoint_on_apex|verified_namespace,1,0
crossfin.dev,organization,endpoint_on_apex,1,1
crosswire-api.com,organization,endpoint_on_apex|verified_namespace,1,0
crowdhum.com,organization,endpoint_on_apex|verified_namespace,1,0
crowterminal.com,organization,endpoint_on_apex,1,1
crowvault.ai,organization,endpoint_on_apex,1,1
crucibleui.com,organization,endpoint_on_apex|verified_namespace,1,0
crustapi.com,organization,verified_namespace,1,0
crypto-intel-mcp-production.up.railway.app,organization,endpoint_on_apex,1,1
crypto-news-x402-production.up.railway.app,organization,endpoint_on_apex,1,1
cryptoexchange.discount,organization,endpoint_on_apex|verified_namespace,1,0
cryptogate.live,organization,endpoint_on_apex,1,1
cryptogenesis.duckdns.org,organization,endpoint_on_apex|verified_namespace,1,0
cryptohopper.com,organization,endpoint_on_apex|verified_namespace,1,0
cryptopolitan.com,organization,endpoint_on_apex,1,1
cryptoquant.com,organization,endpoint_on_apex|verified_namespace,1,0
cryptorefills.com,organization,endpoint_on_apex|verified_namespace,1,0
cryptotaxedge.com,organization,endpoint_on_apex,1,1
cryptowhaleinsights.com,organization,endpoint_on_apex|verified_namespace,1,0
csclear.net,organization,endpoint_on_apex|verified_namespace,1,0
csidia.com,organization,endpoint_on_apex|verified_namespace,1,0
csoluble.media,organization,endpoint_on_apex,1,1
csquaredsystems.com,organization,endpoint_on_apex|verified_namespace,1,0
csv-to-json-production-0ca3.up.railway.app,organization,endpoint_on_apex,1,1
csv-to-json-x402-production.up.railway.app,organization,endpoint_on_apex,1,1
ctlsurf.com,organization,endpoint_on_apex|verified_namespace,1,0
ctrl.build,organization,endpoint_on_apex,1,1
ctxfile.dev,organization,verified_namespace,1,0
cualbet.com,organization,endpoint_on_apex|verified_namespace,1,0
cueapi.ai,organization,verified_namespace,1,0
cueframe.ai,organization,endpoint_on_apex|verified_namespace,1,0
culture.sbs,organization,endpoint_on_apex|verified_namespace,1,0
culturelib.fr,organization,endpoint_on_apex,1,1
cup24.it,organization,endpoint_on_apex|verified_namespace,1,0
curagent.io,organization,endpoint_on_apex,1,1
curecancerwithai.com,organization,endpoint_on_apex,1,1
curie.app,organization,endpoint_on_apex,1,1
curie.co,organization,verified_namespace,1,0
currency-converter-x402-production.up.railway.app,organization,endpoint_on_apex,1,1
currency-intel-mcp-production.up.railway.app,organization,endpoint_on_apex,1,1
currencyguard.com,organization,endpoint_on_apex|verified_namespace,1,0
custom-digital-services.fr,organization,endpoint_on_apex|verified_namespace,1,0
customblinds.co.za,organization,endpoint_on_apex,1,1
customdomain.ai,organization,endpoint_on_apex|verified_namespace,1,0
customjs.space,organization,endpoint_on_apex|verified_namespace,1,0
customs.dog,organization,endpoint_on_apex,1,1
customswise-api.onrender.com,organization,endpoint_on_apex,1,1
custosa.com,organization,endpoint_on_apex|verified_namespace,1,0
cut.pro,organization,endpoint_on_apex,1,1
cuttingtoolsai.eu,organization,verified_namespace,1,0
cve-security.com,organization,endpoint_on_apex|verified_namespace,1,0
cyber-intel-mcp-production.up.railway.app,organization,endpoint_on_apex,1,1
cyberelf.link,organization,endpoint_on_apex|verified_namespace,1,0
cyclesite.co.uk,organization,endpoint_on_apex,1,1
cyclingcoachai.com,organization,verified_namespace,1,0
cycloid.io,organization,endpoint_on_apex|verified_namespace,1,0
cymetica.com,organization,verified_namespace,1,0
cymosoft.com,organization,endpoint_on_apex|verified_namespace,1,0
cyphrex.io,organization,endpoint_on_apex,1,1
cypress.io,organization,endpoint_on_apex|verified_namespace,1,0
d.cv,organization,endpoint_on_apex|verified_namespace,1,0
d50.ai,organization,endpoint_on_apex|verified_namespace,1,0
dabble.me,organization,endpoint_on_apex,1,1
dacix.store,organization,endpoint_on_apex|verified_namespace,1,0
dadan.io,organization,endpoint_on_apex|verified_namespace,1,0
daedalusdevelopmentgroup.com,organization,endpoint_on_apex,1,1
daemoon.dev,organization,endpoint_on_apex,1,1
dalalos.in,organization,endpoint_on_apex,1,1
dania.ai,organization,endpoint_on_apex,1,1
danielsdesignstudio.com,organization,endpoint_on_apex|verified_namespace,1,0
danielsuchan.dev,organization,endpoint_on_apex|verified_namespace,1,0
danubeai.com,organization,endpoint_on_apex,1,1
dap.solutions,organization,endpoint_on_apex|verified_namespace,1,0
dapdip.com,organization,endpoint_on_apex|verified_namespace,1,0
dappgrade.vercel.app,organization,endpoint_on_apex,1,1
darkweb-breach-mcp.vercel.app,organization,endpoint_on_apex,1,1
darwin-ideation-mcp.vercel.app,organization,endpoint_on_apex,1,1
dashboardbase.com,organization,verified_namespace,1,0
data-apis.com,organization,endpoint_on_apex|verified_namespace,1,0
data-compliance-mcp-production.up.railway.app,organization,endpoint_on_apex,1,1
data-observability-mcp.vercel.app,organization,endpoint_on_apex,1,1
data-portal-172867820131.us-west1.run.app,organization,endpoint_on_apex,1,1
data-pulse.my,organization,endpoint_on_apex,1,1
data247.com,organization,endpoint_on_apex,1,1
dataassist.io,organization,endpoint_on_apex,1,1
databazaar.io,organization,endpoint_on_apex,1,1
databr.api.br,organization,endpoint_on_apex,1,1
datachain.workers.dev,organization,endpoint_on_apex,1,1
dataclawe.com,organization,endpoint_on_apex|verified_namespace,1,0
datacommenter.com,organization,endpoint_on_apex|verified_namespace,1,0
datadoe.com,organization,endpoint_on_apex|verified_namespace,1,0
dataecho.ai,organization,endpoint_on_apex|verified_namespace,1,0
dataforb2b.ai,organization,endpoint_on_apex|verified_namespace,1,0
datagraph.city,organization,endpoint_on_apex,1,1
datahealth-observer-mcp.vercel.app,organization,endpoint_on_apex,1,1
datahyena.com,organization,endpoint_on_apex|verified_namespace,1,0
datalastic.com,organization,endpoint_on_apex|verified_namespace,1,0
datamcp.app,organization,endpoint_on_apex,1,1
datamerge.ai,organization,endpoint_on_apex|verified_namespace,1,0
datanest-stores.pages.dev,organization,endpoint_on_apex|verified_namespace,1,0
datanexusmcp.com,organization,endpoint_on_apex|verified_namespace,1,0
datanika.io,organization,verified_namespace,1,0
datao.ma,organization,endpoint_on_apex|verified_namespace,1,0
dataplex-consulting.com,organization,endpoint_on_apex|verified_namespace,1,0
dataroia.com,organization,endpoint_on_apex|verified_namespace,1,0
datasignalslab.com,organization,verified_namespace,1,0
datastream.googleapis.com,organization,endpoint_on_apex|verified_namespace,1,0
datavessel.io,organization,endpoint_on_apex|verified_namespace,1,0
datpaq.com,organization,endpoint_on_apex|verified_namespace,1,0
datronis.com,organization,endpoint_on_apex|verified_namespace,1,0
daxoom.com,organization,endpoint_on_apex|verified_namespace,1,0
dayze.com,organization,endpoint_on_apex|verified_namespace,1,0
dbssearch.today,organization,endpoint_on_apex,1,1
dbtrail.com,organization,endpoint_on_apex|verified_namespace,1,0
dcamethod.com,organization,endpoint_on_apex|verified_namespace,1,0
dchub.cloud,organization,endpoint_on_apex|verified_namespace,1,0
ddnsip.cn,organization,endpoint_on_apex,1,1
deadbeatradar.com,organization,endpoint_on_apex,1,1
deadbeatradar.workers.dev,organization,endpoint_on_apex,1,1
deadends.dev,organization,verified_namespace,1,0
deadsimple.email,organization,endpoint_on_apex|verified_namespace,1,0
dealermax.app,organization,endpoint_on_apex|verified_namespace,1,0
dealfilter.ai,organization,endpoint_on_apex|verified_namespace,1,0
deali.co.il,organization,endpoint_on_apex|verified_namespace,1,0
dealmachine.com,organization,endpoint_on_apex,1,1
dealscanner.io,organization,endpoint_on_apex|verified_namespace,1,0
dealsurface.com,organization,verified_namespace,1,0
deapi.ai,organization,endpoint_on_apex,1,1
debitura.com,organization,endpoint_on_apex|verified_namespace,1,0
debridge.com,organization,endpoint_on_apex,1,1
debugbundle.com,organization,verified_namespace,1,0
decibelshield.app,organization,endpoint_on_apex|verified_namespace,1,0
decision-anchor.com,organization,endpoint_on_apex|verified_namespace,1,0
decisionlog.ai,organization,endpoint_on_apex|verified_namespace,1,0
decker-ai.com,organization,endpoint_on_apex,1,1
deckextract.com,organization,endpoint_on_apex|verified_namespace,1,0
deepfake-lens-mcp.vercel.app,organization,endpoint_on_apex,1,1
deepfake-sentinel-mcp.vercel.app,organization,endpoint_on_apex,1,1
deepgent.net,organization,endpoint_on_apex|verified_namespace,1,0
deepidv.com,organization,endpoint_on_apex,1,1
deepledger.ai,organization,endpoint_on_apex|verified_namespace,1,0
deepmapai.com,organization,verified_namespace,1,0
deepminer.com.cn,organization,endpoint_on_apex,1,1
deeppane.com,organization,verified_namespace,1,0
deeprecall.io,organization,endpoint_on_apex,1,1
deepseoanalysis.com,organization,endpoint_on_apex|verified_namespace,1,0
deepskyai.com,organization,endpoint_on_apex|verified_namespace,1,0
deepvoice-guard-mcp.vercel.app,organization,endpoint_on_apex,1,1
deerdawn.com,organization,endpoint_on_apex|verified_namespace,1,0
defaultverifier.com,organization,endpoint_on_apex|verified_namespace,1,0
defi-sentinel-mcp.vercel.app,organization,endpoint_on_apex,1,1
defi-yields-x402-production.up.railway.app,organization,endpoint_on_apex,1,1
defianceinternational.io,organization,endpoint_on_apex|verified_namespace,1,0
defici.com,organization,endpoint_on_apex|verified_namespace,1,0
defimind.ai,organization,endpoint_on_apex,1,1
defited.com,organization,endpoint_on_apex,1,1
delega.ai,organization,endpoint_on_apex|verified_namespace,1,0
delegation.school,organization,endpoint_on_apex|verified_namespace,1,0
delora.build,organization,endpoint_on_apex,1,1
delphi-oracle.onrender.com,organization,endpoint_on_apex,1,1
delvynstudio.com,organization,endpoint_on_apex|verified_namespace,1,0
delx.ai,organization,endpoint_on_apex,1,1
demanddiscovery.ai,organization,endpoint_on_apex|verified_namespace,1,0
demiton.io,organization,endpoint_on_apex|verified_namespace,1,0
demo.st,organization,endpoint_on_apex|verified_namespace,1,0
demomagic.ai,organization,verified_namespace,1,0
denialpath.vercel.app,organization,endpoint_on_apex,1,1
deooch.com,organization,endpoint_on_apex,1,1
departi.eu,organization,endpoint_on_apex|verified_namespace,1,0
depfeed.dev,organization,endpoint_on_apex|verified_namespace,1,0
depixapp.com,organization,endpoint_on_apex,1,1
deplion.cc,organization,endpoint_on_apex|verified_namespace,1,0
deployment.io,organization,endpoint_on_apex,1,1
deploytoagents.com,organization,endpoint_on_apex|verified_namespace,1,0
depscope.dev,organization,endpoint_on_apex|verified_namespace,1,0
depthfeed.com,organization,endpoint_on_apex|verified_namespace,1,0
depureco.com,organization,endpoint_on_apex,1,1
derod.org,organization,endpoint_on_apex,1,1
design.googleapis.com,organization,endpoint_on_apex|verified_namespace,1,0
designare.at,organization,endpoint_on_apex|verified_namespace,1,0
designbycurio.com,organization,endpoint_on_apex|verified_namespace,1,0
designesy.org,organization,endpoint_on_apex,1,1
designvault.net,organization,verified_namespace,1,0
deskcrew.ai,organization,endpoint_on_apex|verified_namespace,1,0
deskcrew.io,organization,endpoint_on_apex|verified_namespace,1,0
desktopcommander.app,organization,endpoint_on_apex|verified_namespace,1,0
destinymatrixcalc.com,organization,endpoint_on_apex,1,1
details.page,organization,endpoint_on_apex|verified_namespace,1,0
dethboy.com,organization,verified_namespace,1,0
detourmap.com,organization,endpoint_on_apex|verified_namespace,1,0
deusproof.com,organization,endpoint_on_apex,1,1
dev-match.xyz,organization,endpoint_on_apex,1,1
devadex.com,organization,endpoint_on_apex,1,1
devcycle.com,organization,endpoint_on_apex|verified_namespace,1,0
devdrops.run,organization,endpoint_on_apex,1,1
developerknowledge.googleapis.com,organization,endpoint_on_apex|verified_namespace,1,0
devexpress.com,organization,endpoint_on_apex|verified_namespace,1,0
device-house-mcp.fly.dev,organization,endpoint_on_apex,1,1
device.house,organization,verified_namespace,1,0
deviceshelf.app,organization,verified_namespace,1,0
devopness.com,organization,endpoint_on_apex|verified_namespace,1,0
devopsagent.io,organization,endpoint_on_apex,1,1
devrel-amplifier-mcp.vercel.app,organization,endpoint_on_apex,1,1
devrel.directory,organization,endpoint_on_apex|verified_namespace,1,0
devspeak.dev,organization,endpoint_on_apex,1,1
devstack-mcp.vercel.app,organization,endpoint_on_apex,1,1
devvizion.com,organization,endpoint_on_apex|verified_namespace,1,0
dex-quotes-x402-production.up.railway.app,organization,endpoint_on_apex,1,1
dexpaprika.com,organization,endpoint_on_apex|verified_namespace,1,0
dfetcher.com,organization,endpoint_on_apex|verified_namespace,1,0
dgymaetjyvzdblryurmi.supabase.co,organization,endpoint_on_apex,1,1
diagrams-mcp-production.up.railway.app,organization,endpoint_on_apex,1,1
diagramzu.ai,organization,endpoint_on_apex|verified_namespace,1,0
dialfetch.com,organization,endpoint_on_apex|verified_namespace,1,0
dialmcp.com,organization,endpoint_on_apex|verified_namespace,1,0
dialogbrain.com,organization,endpoint_on_apex,1,1
diavgis.gr,organization,endpoint_on_apex|verified_namespace,1,0
dice.com,organization,endpoint_on_apex,1,1
didit.me,organization,endpoint_on_apex|verified_namespace,1,0
diff-checker-production.up.railway.app,organization,endpoint_on_apex,1,1
diff-checker-x402-production.up.railway.app,organization,endpoint_on_apex,1,1
digestseo.com,organization,endpoint_on_apex,1,1
diggercamp.com,organization,endpoint_on_apex|verified_namespace,1,0
digitaldataonline.com,organization,endpoint_on_apex|verified_namespace,1,0
digitalnomadindex.com,organization,verified_namespace,1,0
dillilabs.com,organization,endpoint_on_apex|verified_namespace,1,0
dimetrics.ai,organization,endpoint_on_apex|verified_namespace,1,0
dimhour.com,organization,verified_namespace,1,0
dino.markets,organization,endpoint_on_apex|verified_namespace,1,0
dirtsignal.com,organization,endpoint_on_apex|verified_namespace,1,0
disclose.io,organization,endpoint_on_apex,1,1
discoglobal.workers.dev,organization,endpoint_on_apex,1,1
discolike.com,organization,endpoint_on_apex|verified_namespace,1,0
discovr.es,organization,endpoint_on_apex|verified_namespace,1,0
discreterate.com,organization,endpoint_on_apex|verified_namespace,1,0
dispatchseo.com,organization,endpoint_on_apex,1,1
distribea.com,organization,endpoint_on_apex,1,1
distro.media,organization,endpoint_on_apex|verified_namespace,1,0
dittu.org,organization,endpoint_on_apex,1,1
divest.me,organization,endpoint_on_apex|verified_namespace,1,0
djwizard.ai,organization,endpoint_on_apex|verified_namespace,1,0
djzs.ai,organization,endpoint_on_apex|verified_namespace,1,0
dm.de,organization,endpoint_on_apex|verified_namespace,1,0
dmarc-examiner.com,organization,endpoint_on_apex,1,1
dmarkoff.com,organization,endpoint_on_apex|verified_namespace,1,0
dmitri-66a.workers.dev,organization,endpoint_on_apex,1,1
dmzagent.com,organization,verified_namespace,1,0
dns-lookup-production-437a.up.railway.app,organization,endpoint_on_apex,1,1
dns-lookup-x402-production.up.railway.app,organization,endpoint_on_apex,1,1
dnsdoctor.dev,organization,endpoint_on_apex|verified_namespace,1,0
dnsofmoney.com,organization,endpoint_on_apex,1,1
doaiorbit.com,organization,endpoint_on_apex,1,1
dobby-ai.com,organization,endpoint_on_apex,1,1
doc.page,organization,endpoint_on_apex|verified_namespace,1,0
docbase.io,organization,endpoint_on_apex,1,1
docdeploy.io,organization,endpoint_on_apex|verified_namespace,1,0
docdigest-mcp.vercel.app,organization,endpoint_on_apex,1,1
docfork.com,organization,endpoint_on_apex|verified_namespace,1,0
dochost.io,organization,endpoint_on_apex,1,1
docimprint.com,organization,endpoint_on_apex|verified_namespace,1,0
dockai.co,organization,endpoint_on_apex|verified_namespace,1,0
dockhold.eu,organization,endpoint_on_apex|verified_namespace,1,0
docly.work,organization,endpoint_on_apex,1,1
docmancer.dev,organization,verified_namespace,1,0
docpenny.com,organization,endpoint_on_apex|verified_namespace,1,0
docrocket.ai,organization,endpoint_on_apex,1,1
doctors-lighting-facial-admissions.trycloudflare.com,organization,endpoint_on_apex,1,1
docuguru.ai,organization,endpoint_on_apex|verified_namespace,1,0
document-integrity-validator-mcp-production.up.railway.app,organization,endpoint_on_apex,1,1
docuslide-mcp-production.up.railway.app,organization,endpoint_on_apex,1,1
docuwriter.ai,organization,endpoint_on_apex|verified_namespace,1,0
docverdict.com,organization,endpoint_on_apex,1,1
docwand.app,organization,endpoint_on_apex|verified_namespace,1,0
docweave.dev,organization,endpoint_on_apex,1,1
dogleadershipacademy.com,organization,endpoint_on_apex,1,1
dojoplus.co,organization,endpoint_on_apex,1,1
dokumendiregister.ee,organization,endpoint_on_apex,1,1
domain-finder-theta.vercel.app,organization,endpoint_on_apex,1,1
domain-intelligence-x402-production.up.railway.app,organization,endpoint_on_apex,1,1
domaincheckr.fly.dev,organization,endpoint_on_apex,1,1
domaindrift.io,organization,endpoint_on_apex|verified_namespace,1,0
domainee.dev,organization,endpoint_on_apex|verified_namespace,1,0
domainkits.com,organization,endpoint_on_apex,1,1
domainposture.com,organization,endpoint_on_apex|verified_namespace,1,0
domani.run,organization,endpoint_on_apex|verified_namespace,1,0
domduck.com,organization,endpoint_on_apex|verified_namespace,1,0
dominal.in,organization,endpoint_on_apex,1,1
dominionobservatory.com,organization,endpoint_on_apex|verified_namespace,1,0
domscan.net,organization,endpoint_on_apex,1,1
donethat.ai,organization,endpoint_on_apex|verified_namespace,1,0
donnyautomation.com,organization,verified_namespace,1,0
donotact.com,organization,endpoint_on_apex|verified_namespace,1,0
doomscore.vc,organization,endpoint_on_apex|verified_namespace,1,0
doomscrollr-mcp-947725b885f2.herokuapp.com,organization,endpoint_on_apex,1,1
doomscrollr.com,organization,endpoint_on_apex|verified_namespace,1,0
doorprofit.com,organization,endpoint_on_apex|verified_namespace,1,0
dopamineshopping.com,organization,endpoint_on_apex,1,1
doravideo.com,organization,endpoint_on_apex,1,1
doriku.io,organization,endpoint_on_apex|verified_namespace,1,0
doseedo.com,organization,endpoint_on_apex|verified_namespace,1,0
dotnova.io,organization,endpoint_on_apex,1,1
dotprompts.com,organization,endpoint_on_apex|verified_namespace,1,0
dotsweep.com,organization,endpoint_on_apex|verified_namespace,1,0
dottedsign.com,organization,endpoint_on_apex,1,1
double.finance,organization,endpoint_on_apex|verified_namespace,1,0
doxa.app,organization,endpoint_on_apex,1,1
dpf-it.com,organization,endpoint_on_apex|verified_namespace,1,0
dpf.it.com,organization,verified_namespace,1,0
drafters.kr,organization,endpoint_on_apex|verified_namespace,1,0
drafto.eu,organization,endpoint_on_apex|verified_namespace,1,0
drafturl.com,organization,endpoint_on_apex,1,1
dragapp.com,organization,verified_namespace,1,0
dragoneye.ai,organization,endpoint_on_apex|verified_namespace,1,0
draket.xyz,organization,verified_namespace,1,0
draugr.dev,organization,verified_namespace,1,0
draup.technology,organization,endpoint_on_apex|verified_namespace,1,0
draw.io,organization,endpoint_on_apex|verified_namespace,1,0
dreameros-scs-gateway-production.up.railway.app,organization,endpoint_on_apex,1,1
dreamhall.app,organization,endpoint_on_apex|verified_namespace,1,0
dreamlit.ai,organization,endpoint_on_apex|verified_namespace,1,0
dreamsteam-production.up.railway.app,organization,endpoint_on_apex,1,1
dreamtap.xyz,organization,endpoint_on_apex|verified_namespace,1,0
drengr.dev,organization,verified_namespace,1,0
driflyte.com,organization,endpoint_on_apex|verified_namespace,1,0
drillable.com,organization,endpoint_on_apex|verified_namespace,1,0
drillr.ai,organization,endpoint_on_apex|verified_namespace,1,0
drillspark.io,organization,endpoint_on_apex,1,1
drinkedin.net,organization,endpoint_on_apex,1,1
dripmetrics.ai,organization,endpoint_on_apex|verified_namespace,1,0
drivara.in,organization,endpoint_on_apex,1,1
drivings.com,organization,endpoint_on_apex|verified_namespace,1,0
droplinked.com,organization,endpoint_on_apex|verified_namespace,1,0
dropthis.app,organization,endpoint_on_apex,1,1
dropwarp.com,organization,verified_namespace,1,0
dropyour.io,organization,endpoint_on_apex|verified_namespace,1,0
drwho.me,organization,endpoint_on_apex|verified_namespace,1,0
dsers.com,organization,endpoint_on_apex,1,1
dsght.ai,organization,endpoint_on_apex|verified_namespace,1,0
dualregistry.dev,organization,endpoint_on_apex|verified_namespace,1,0
duck-hub.com,organization,endpoint_on_apex|verified_namespace,1,0
dukonai.com,organization,endpoint_on_apex|verified_namespace,1,0
dungbeetle.dev,organization,verified_namespace,1,0
dustforge.com,organization,verified_namespace,1,0
duvera.ai,organization,endpoint_on_apex|verified_namespace,1,0
duvo.ai,organization,endpoint_on_apex,1,1
dwland-aiservices.ngrok.io,organization,endpoint_on_apex,1,1
dxbdata.io,organization,endpoint_on_apex|verified_namespace,1,0
dxptnwrhwsqckaftyymj.supabase.co,organization,endpoint_on_apex,1,1
dxtra.com,organization,endpoint_on_apex|verified_namespace,1,0
dynamical.org,organization,endpoint_on_apex,1,1
dynamicfeed.ai,organization,endpoint_on_apex|verified_namespace,1,0
dynamitecircle.com,organization,endpoint_on_apex,1,1
dynamoi.com,organization,endpoint_on_apex,1,1
dynsoft.ai,organization,verified_namespace,1,0
dynsup.workers.dev,organization,endpoint_on_apex,1,1
dynsuplabs.com,organization,verified_namespace,1,0
e18e.dev,organization,endpoint_on_apex|verified_namespace,1,0
e2llm.com,organization,endpoint_on_apex|verified_namespace,1,0
ean-search.org,organization,endpoint_on_apex,1,1
earnidle.com,organization,verified_namespace,1,0
earningscalls.dev,organization,endpoint_on_apex,1,1
earningsfeed.com,organization,endpoint_on_apex|verified_namespace,1,0
easeclaw.com,organization,endpoint_on_apex,1,1
easyaccesspdf.com,organization,endpoint_on_apex,1,1
easydata.cc,organization,endpoint_on_apex|verified_namespace,1,0
easykanb.app,organization,endpoint_on_apex|verified_namespace,1,0
easyonward.com,organization,endpoint_on_apex|verified_namespace,1,0
easyship.com,organization,endpoint_on_apex|verified_namespace,1,0
easywebshop.com,organization,endpoint_on_apex,1,1
echoai.so,organization,endpoint_on_apex|verified_namespace,1,0
echoloc.ai,organization,endpoint_on_apex|verified_namespace,1,0
echolonius.deno.net,organization,endpoint_on_apex,1,1
echomindr.com,organization,endpoint_on_apex,1,1
echorelay.dev,organization,endpoint_on_apex|verified_namespace,1,0
echosaw.com,organization,endpoint_on_apex|verified_namespace,1,0
ecliptical.io,organization,endpoint_on_apex|verified_namespace,1,0
eco-optimizer-mcp.vercel.app,organization,endpoint_on_apex,1,1
ecoexperten.com,organization,endpoint_on_apex|verified_namespace,1,0
economyos.xyz,organization,endpoint_on_apex|verified_namespace,1,0
ecovanmove.com,organization,endpoint_on_apex|verified_namespace,1,0
ecpro.tw,organization,endpoint_on_apex,1,1
edgar.tools,organization,endpoint_on_apex|verified_namespace,1,0
edge-latency-guard-mcp.vercel.app,organization,endpoint_on_apex,1,1
edgedepth.com,organization,endpoint_on_apex|verified_namespace,1,0
edgelock.app,organization,endpoint_on_apex|verified_namespace,1,0
edgrapi.com,organization,endpoint_on_apex,1,1
edict.sh,organization,verified_namespace,1,0
edinetdb.jp,organization,endpoint_on_apex,1,1
ediscoverydecoder.com,organization,endpoint_on_apex|verified_namespace,1,0
edubase.net,organization,endpoint_on_apex,1,1
edumints.com,organization,endpoint_on_apex,1,1
edusignal.ai,organization,endpoint_on_apex|verified_namespace,1,0
eesier.com,organization,endpoint_on_apex|verified_namespace,1,0
eevy.ai,organization,endpoint_on_apex|verified_namespace,1,0
eformogi.com,organization,endpoint_on_apex|verified_namespace,1,0
egbtsqygtbkdfkywjofb.supabase.co,organization,endpoint_on_apex,1,1
egnyte.com,organization,endpoint_on_apex|verified_namespace,1,0
ego.dog,organization,endpoint_on_apex|verified_namespace,1,0
ehtekunst.ee,organization,endpoint_on_apex|verified_namespace,1,0
eigi.ai,organization,endpoint_on_apex,1,1
el-buen-agente-mcp-production.up.railway.app,organization,endpoint_on_apex,1,1
elaan.io,organization,verified_namespace,1,0
elasticflow.app,organization,endpoint_on_apex|verified_namespace,1,0
elc-conference.io,organization,endpoint_on_apex,1,1
elcheff.com.mx,organization,endpoint_on_apex|verified_namespace,1,0
elecz.com,organization,endpoint_on_apex,1,1
elephant-mcp.fly.dev,organization,endpoint_on_apex,1,1
elevenflo.com,organization,endpoint_on_apex|verified_namespace,1,0
elijahdesent.com,organization,endpoint_on_apex|verified_namespace,1,0
elkassabgi.workers.dev,organization,endpoint_on_apex,1,1
elkassabgidata.com,organization,verified_namespace,1,0
elliat.nl,organization,endpoint_on_apex,1,1
elnora.ai,organization,endpoint_on_apex,1,1
elron.club,organization,endpoint_on_apex|verified_namespace,1,0
elsas.it,organization,endpoint_on_apex|verified_namespace,1,0
eltociear-skill-audit.hf.space,organization,endpoint_on_apex,1,1
eltociear-tokenguard.hf.space,organization,endpoint_on_apex,1,1
elysiatools.com,organization,endpoint_on_apex,1,1
emadibrahim.com,organization,endpoint_on_apex,1,1
email-deliverability-x402-production.up.railway.app,organization,endpoint_on_apex,1,1
email-finder-x402-production.up.railway.app,organization,endpoint_on_apex,1,1
email-send-x402-production.up.railway.app,organization,endpoint_on_apex,1,1
email-verification-x402-production.up.railway.app,organization,endpoint_on_apex,1,1
email-verify-mcp-production.up.railway.app,organization,endpoint_on_apex,1,1
emailens.dev,organization,endpoint_on_apex,1,1
emailkind.com,organization,endpoint_on_apex|verified_namespace,1,0
emailmd.dev,organization,endpoint_on_apex|verified_namespace,1,0
embersds.com,organization,endpoint_on_apex|verified_namespace,1,0
emc2ai.io,organization,endpoint_on_apex|verified_namespace,1,0
emem.dev,organization,endpoint_on_apex,1,1
emercoin.com,organization,endpoint_on_apex,1,1
emergentphysicslab.com,organization,verified_namespace,1,0
emergingtechcenter.com,organization,endpoint_on_apex|verified_namespace,1,0
emidlabs.com,organization,endpoint_on_apex,1,1
emile.wine,organization,endpoint_on_apex,1,1
emisar.dev,organization,endpoint_on_apex|verified_namespace,1,0
emorahealth.com,organization,endpoint_on_apex|verified_namespace,1,0
emotioninside.org,organization,endpoint_on_apex,1,1
empresskorea.com,organization,endpoint_on_apex|verified_namespace,1,0
emtailabs.com,organization,endpoint_on_apex|verified_namespace,1,0
enconvert.com,organization,verified_namespace,1,0
encore-pages-mcp.vercel.app,organization,endpoint_on_apex,1,1
encorehq.co,organization,verified_namespace,1,0
endiagram.com,organization,endpoint_on_apex,1,1
endlessai.org,organization,endpoint_on_apex,1,1
endlss.io,organization,endpoint_on_apex|verified_namespace,1,0
endoflife.ai,organization,endpoint_on_apex,1,1
endorso.com,organization,endpoint_on_apex|verified_namespace,1,0
energetic-upliftment-production-8bdd.up.railway.app,organization,endpoint_on_apex,1,1
energetica.ar,organization,endpoint_on_apex|verified_namespace,1,0
engageable.tech,organization,verified_namespace,1,0
engine-production-3bdc.up.railway.app,organization,endpoint_on_apex|verified_namespace,1,0
engineeringleaders.io,organization,endpoint_on_apex|verified_namespace,1,0
enginy.ai,organization,endpoint_on_apex|verified_namespace,1,0
enigma.com,organization,endpoint_on_apex|verified_namespace,1,0
enigmata.ru,organization,endpoint_on_apex,1,1
eno.cx.ua,organization,endpoint_on_apex,1,1
enrichment.kids,organization,endpoint_on_apex,1,1
enrow.io,organization,endpoint_on_apex|verified_namespace,1,0
ens-resolver-x402-production.up.railway.app,organization,endpoint_on_apex,1,1
ensotrade.tech,organization,endpoint_on_apex|verified_namespace,1,0
entangleeq.com,organization,endpoint_on_apex|verified_namespace,1,0
entidex.com,organization,endpoint_on_apex|verified_namespace,1,0
entity0.com,organization,endpoint_on_apex|verified_namespace,1,0
entityenricher.ai,organization,endpoint_on_apex|verified_namespace,1,0
entityresolver.xyz,organization,verified_namespace,1,0
entrida.com,organization,verified_namespace,1,0
entroute.com,organization,endpoint_on_apex|verified_namespace,1,0
entscheidsuche.ch,organization,endpoint_on_apex|verified_namespace,1,0
entyrax.com,organization,endpoint_on_apex|verified_namespace,1,0
enuygun.com,organization,endpoint_on_apex|verified_namespace,1,0
env-locker-mcp.vercel.app,organization,endpoint_on_apex,1,1
enyal.ai,organization,endpoint_on_apex|verified_namespace,1,0
eodly.io,organization,endpoint_on_apex,1,1
eosl.ai,organization,endpoint_on_apex|verified_namespace,1,0
eox.at,organization,endpoint_on_apex,1,1
epanya.ai,organization,endpoint_on_apex|verified_namespace,1,0
ephemengine.com,organization,endpoint_on_apex,1,1
epidemicsound.com,organization,endpoint_on_apex|verified_namespace,1,0
epinu.ai,organization,endpoint_on_apex|verified_namespace,1,0
epitome.fyi,organization,endpoint_on_apex,1,1
epkproperties.com,organization,endpoint_on_apex|verified_namespace,1,0
epovest.com,organization,endpoint_on_apex|verified_namespace,1,0
epublys.com,organization,endpoint_on_apex|verified_namespace,1,0
epwforge.com,organization,endpoint_on_apex,1,1
eqbuilder.dev,organization,endpoint_on_apex|verified_namespace,1,0
equibles.com,organization,endpoint_on_apex,1,1
eqvps.com,organization,endpoint_on_apex,1,1
era.app,organization,endpoint_on_apex|verified_namespace,1,0
eraser.io,organization,endpoint_on_apex|verified_namespace,1,0
erikbethke.com,organization,endpoint_on_apex|verified_namespace,1,0
escoladeradio.com.br,organization,endpoint_on_apex|verified_namespace,1,0
esheria.ai,organization,endpoint_on_apex,1,1
esimfinder.io,organization,endpoint_on_apex|verified_namespace,1,0
esimtabby.com,organization,endpoint_on_apex|verified_namespace,1,0
esst.bio,organization,endpoint_on_apex|verified_namespace,1,0
estaite.com,organization,endpoint_on_apex,1,1
estroni.com.au,organization,endpoint_on_apex,1,1
etapa-mcp-production.up.railway.app,organization,endpoint_on_apex,1,1
eterna.exchange,organization,endpoint_on_apex,1,1
euacc.ai,organization,endpoint_on_apex,1,1
eucompliance.tools,organization,endpoint_on_apex,1,1
euearth.com,organization,endpoint_on_apex|verified_namespace,1,0
eurc402.com,organization,endpoint_on_apex|verified_namespace,1,0
eureka.md,organization,endpoint_on_apex|verified_namespace,1,0
eurocomply.app,organization,endpoint_on_apex|verified_namespace,1,0
eurolytics.app,organization,endpoint_on_apex|verified_namespace,1,0
europe-west3-mhs-bloom.cloudfunctions.net,organization,endpoint_on_apex,1,1
europebeachmap.com,organization,endpoint_on_apex|verified_namespace,1,0
eurorackref.com,organization,endpoint_on_apex|verified_namespace,1,0
euroref.dev,organization,endpoint_on_apex|verified_namespace,1,0
eutsoqdpjurknjsshxes.supabase.co,organization,endpoint_on_apex,1,1
event-resolver-x402-production.up.railway.app,organization,endpoint_on_apex,1,1
eventchat-events-mcp-production.up.railway.app,organization,endpoint_on_apex,1,1
eventescapes.com,organization,endpoint_on_apex|verified_namespace,1,0
eventify.io,organization,endpoint_on_apex|verified_namespace,1,0
eventmatey.com,organization,endpoint_on_apex|verified_namespace,1,0
eventship.com,organization,endpoint_on_apex|verified_namespace,1,0
eventsynoptic.com,organization,endpoint_on_apex|verified_namespace,1,0
eveoy.com,organization,endpoint_on_apex|verified_namespace,1,0
everjust.app,organization,verified_namespace,1,0
everpop.app,organization,endpoint_on_apex|verified_namespace,1,0
everstake.one,organization,endpoint_on_apex|verified_namespace,1,0
everway.ai,organization,endpoint_on_apex|verified_namespace,1,0
everydaybudd.com,organization,endpoint_on_apex|verified_namespace,1,0
evlek.app,organization,endpoint_on_apex|verified_namespace,1,0
exa.ai,organization,endpoint_on_apex|verified_namespace,1,0
exactpdf.com,organization,verified_namespace,1,0
examova.com,organization,endpoint_on_apex|verified_namespace,1,0
example4.ai,organization,endpoint_on_apex|verified_namespace,1,0
exascale.build,organization,endpoint_on_apex|verified_namespace,1,0
exatoshi.uk,organization,endpoint_on_apex|verified_namespace,1,0
exchangerate.dev,organization,endpoint_on_apex|verified_namespace,1,0
exclusive-magical-insights-usr.trycloudflare.com,organization,endpoint_on_apex,1,1
execbro.com,organization,verified_namespace,1,0
execution.market,organization,endpoint_on_apex|verified_namespace,1,0
exoquery.com,organization,endpoint_on_apex|verified_namespace,1,0
expatriator.com,organization,endpoint_on_apex|verified_namespace,1,0
exploit-intel.com,organization,endpoint_on_apex|verified_namespace,1,0
explorium.ai,organization,endpoint_on_apex|verified_namespace,1,0
extentos.com,organization,verified_namespace,1,0
eyeot.fr,organization,endpoint_on_apex,1,1
eyepup.com,organization,endpoint_on_apex,1,1
ezatwork.com,organization,endpoint_on_apex,1,1
ezel.ai,organization,endpoint_on_apex|verified_namespace,1,0
ezi-app.com,organization,endpoint_on_apex,1,1
ezoic.com,organization,endpoint_on_apex|verified_namespace,1,0
ezstats.io,organization,endpoint_on_apex|verified_namespace,1,0
eztexting.com,organization,endpoint_on_apex|verified_namespace,1,0
fablerlabs.com,organization,endpoint_on_apex|verified_namespace,1,0
fabric-api-393345198409.us-west1.run.app,organization,endpoint_on_apex,1,1
fabric.so,organization,endpoint_on_apex|verified_namespace,1,0
facet.llc,organization,endpoint_on_apex|verified_namespace,1,0
facilities-radical-advantage-flashers.trycloudflare.com,organization,endpoint_on_apex,1,1
fact-check-mcp-production.up.railway.app,organization,endpoint_on_apex,1,1
fact-checker-x402-production.up.railway.app,organization,endpoint_on_apex,1,1
factorguide.io,organization,endpoint_on_apex|verified_namespace,1,0
factori.ai,organization,endpoint_on_apex|verified_namespace,1,0
factry.cloud,organization,verified_namespace,1,0
facturacobra.com,organization,endpoint_on_apex|verified_namespace,1,0
fahaliai.com,organization,endpoint_on_apex|verified_namespace,1,0
failmodes.com,organization,endpoint_on_apex,1,1
faireplace.com,organization,endpoint_on_apex|verified_namespace,1,0
fakturai.de,organization,endpoint_on_apex|verified_namespace,1,0
falkordb.com,organization,verified_namespace,1,0
familiartarot.com,organization,endpoint_on_apex|verified_namespace,1,0
familiarvtt.com,organization,verified_namespace,1,0
famulor.io,organization,endpoint_on_apex|verified_namespace,1,0
fantasy-bald-shark-stereo.trycloudflare.com,organization,endpoint_on_apex,1,1
fantasytabletophelper.com,organization,endpoint_on_apex,1,1
fantopy.ai,organization,endpoint_on_apex|verified_namespace,1,0
fanvault.shop,organization,endpoint_on_apex,1,1
faqai.app,organization,verified_namespace,1,0
farofinance.app,organization,endpoint_on_apex,1,1
fastcrw.com,organization,endpoint_on_apex,1,1
fastdrop.dev,organization,endpoint_on_apex|verified_namespace,1,0
fate-craft.com,organization,endpoint_on_apex,1,1
fatestar.top,organization,endpoint_on_apex,1,1
fathom-mcp-server.com,organization,endpoint_on_apex,1,1
fathom.ai,organization,endpoint_on_apex|verified_namespace,1,0
faultkey.com,organization,endpoint_on_apex,1,1
favcrm.io,organization,endpoint_on_apex|verified_namespace,1,0
favo.workers.dev,organization,endpoint_on_apex,1,1
faxer.me,organization,endpoint_on_apex|verified_namespace,1,0
fccdb.com,organization,endpoint_on_apex|verified_namespace,1,0
fcefnmdlggldmfusydix.supabase.co,organization,endpoint_on_apex,1,1
feasibly.com.au,organization,endpoint_on_apex|verified_namespace,1,0
featureboard.ai,organization,verified_namespace,1,0
featurejet.com,organization,endpoint_on_apex|verified_namespace,1,0
fed-spend.com,organization,endpoint_on_apex|verified_namespace,1,0
fedlex-connector.ch,organization,endpoint_on_apex|verified_namespace,1,0
feedbk.ai,organization,endpoint_on_apex,1,1
feedhipppo.com,organization,endpoint_on_apex|verified_namespace,1,0
feedsquad.com,organization,endpoint_on_apex|verified_namespace,1,0
feeless402.com,organization,verified_namespace,1,0
fentz.dev,organization,verified_namespace,1,0
feode.com,organization,endpoint_on_apex|verified_namespace,1,0
feranor.com,organization,endpoint_on_apex|verified_namespace,1,0
fermyon.app,organization,endpoint_on_apex,1,1
ferritin.rs,organization,endpoint_on_apex|verified_namespace,1,0
ferrolaser.com,organization,endpoint_on_apex,1,1
ferryflighthub.com,organization,endpoint_on_apex|verified_namespace,1,0
fetcher.cloud,organization,endpoint_on_apex|verified_namespace,1,0
fetter.io,organization,endpoint_on_apex,1,1
fflpdljiuruqdnewvwkk.supabase.co,organization,endpoint_on_apex,1,1
ffmpeg-micro.com,organization,endpoint_on_apex|verified_namespace,1,0
ffmpegapi.net,organization,endpoint_on_apex,1,1
fftcompanion.app,organization,endpoint_on_apex|verified_namespace,1,0
fhirfly.io,organization,verified_namespace,1,0
fhsc.com.vn,organization,endpoint_on_apex,1,1
fiasignals.com,organization,endpoint_on_apex,1,1
fiatdock.com,organization,endpoint_on_apex|verified_namespace,1,0
fiber.ai,organization,endpoint_on_apex|verified_namespace,1,0
fiberfinder.ai,organization,endpoint_on_apex,1,1
fibery.io,organization,endpoint_on_apex,1,1
fibrous.finance,organization,verified_namespace,1,0
fichepro.ai,organization,endpoint_on_apex,1,1
fidensa.com,organization,verified_namespace,1,0
figma.com,organization,endpoint_on_apex|verified_namespace,1,0
filae.workers.dev,organization,endpoint_on_apex|verified_namespace,1,0
filechanger.io,organization,verified_namespace,1,0
filegraph.ai,organization,endpoint_on_apex|verified_namespace,1,0
filepad.ai,organization,endpoint_on_apex|verified_namespace,1,0
files.com,organization,verified_namespace,1,0
filetopdf.dev,organization,endpoint_on_apex|verified_namespace,1,0
filetourl.org,organization,endpoint_on_apex|verified_namespace,1,0
filingapi.dev,organization,endpoint_on_apex,1,1
filingfirehose.com,organization,endpoint_on_apex|verified_namespace,1,0
filipe.coffee,organization,endpoint_on_apex,1,1
filtrix.ai,organization,endpoint_on_apex|verified_namespace,1,0
filtrous.com,organization,verified_namespace,1,0
filtrous.workers.dev,organization,endpoint_on_apex,1,1
finalnotice.io,organization,endpoint_on_apex,1,1
financegenius.ai,organization,endpoint_on_apex,1,1
financial-signals-mcp-production.up.railway.app,organization,endpoint_on_apex,1,1
financialdatapi.com,organization,endpoint_on_apex|verified_namespace,1,0
fincontext.ai,organization,endpoint_on_apex|verified_namespace,1,0
find-me.casa,organization,endpoint_on_apex|verified_namespace,1,0
find.codes,organization,endpoint_on_apex|verified_namespace,1,0
findable.ai,organization,endpoint_on_apex,1,1
findip.ai,organization,endpoint_on_apex|verified_namespace,1,0
findvise.com,organization,endpoint_on_apex,1,1
findyourfivepm.com,organization,endpoint_on_apex|verified_namespace,1,0
finerxfinder.com,organization,endpoint_on_apex|verified_namespace,1,0
finestructure.ai,organization,endpoint_on_apex|verified_namespace,1,0
finhay.com.vn,organization,endpoint_on_apex|verified_namespace,1,0
fininfostation.com,organization,endpoint_on_apex|verified_namespace,1,0
finlight.me,organization,endpoint_on_apex|verified_namespace,1,0
finmanagerai.com,organization,endpoint_on_apex,1,1
finn-tannlege.com,organization,endpoint_on_apex,1,1
finn.com,organization,endpoint_on_apex|verified_namespace,1,0
finstat.ai,organization,endpoint_on_apex|verified_namespace,1,0
fintalio.com,organization,endpoint_on_apex|verified_namespace,1,0
fintent.ai,organization,endpoint_on_apex|verified_namespace,1,0
fintrx.com,organization,verified_namespace,1,0
fintrx.net,organization,endpoint_on_apex,1,1
fipex.com.br,organization,endpoint_on_apex|verified_namespace,1,0
firestore.googleapis.com,organization,endpoint_on_apex|verified_namespace,1,0
firmaradar.no,organization,endpoint_on_apex|verified_namespace,1,0
firmastat.cz,organization,endpoint_on_apex|verified_namespace,1,0
firmbrain.ai,organization,verified_namespace,1,0
firmeromanesti.com,organization,endpoint_on_apex|verified_namespace,1,0
firmoscop.ro,organization,endpoint_on_apex,1,1
firsttouch.ai,organization,endpoint_on_apex,1,1
fitllm.run,organization,endpoint_on_apex|verified_namespace,1,0
fitnito.com,organization,endpoint_on_apex|verified_namespace,1,0
fiuto.ai,organization,endpoint_on_apex|verified_namespace,1,0
fivem.no,organization,endpoint_on_apex,1,1
fixatia.com,organization,endpoint_on_apex,1,1
fixflow-mcp.onrender.com,organization,endpoint_on_apex,1,1
fixmypdfonline.com,organization,endpoint_on_apex,1,1
fixou.fr,organization,endpoint_on_apex|verified_namespace,1,0
fixyourdocs.io,organization,verified_namespace,1,0
fixzi.ai,organization,endpoint_on_apex,1,1
flagram.com,organization,endpoint_on_apex,1,1
flaim.app,organization,endpoint_on_apex|verified_namespace,1,0
flarelink.dev,organization,verified_namespace,1,0
flashalpha.com,organization,endpoint_on_apex,1,1
flashcards-open-source-app.com,organization,endpoint_on_apex|verified_namespace,1,0
flashodds.live,organization,endpoint_on_apex,1,1
flask.do,organization,endpoint_on_apex,1,1
flat.cash,organization,endpoint_on_apex|verified_namespace,1,0
flatlandfi.com,organization,endpoint_on_apex|verified_namespace,1,0
flato.ai,organization,endpoint_on_apex,1,1
flatscope.co.uk,organization,endpoint_on_apex|verified_namespace,1,0
flatway.fr,organization,endpoint_on_apex,1,1
fleetstreet.ai,organization,endpoint_on_apex,1,1
flevy.com,organization,endpoint_on_apex|verified_namespace,1,0
flightdb.org,organization,endpoint_on_apex,1,1
flightmussy.com,organization,endpoint_on_apex|verified_namespace,1,0
flightqueue.com,organization,endpoint_on_apex,1,1
flightseatmap.com,organization,endpoint_on_apex,1,1
flingflyers.com,organization,endpoint_on_apex|verified_namespace,1,0
flint.network,organization,endpoint_on_apex|verified_namespace,1,0
flipdomain.ai,organization,endpoint_on_apex|verified_namespace,1,0
flipnem.com,organization,endpoint_on_apex|verified_namespace,1,0
flipr-x402.fly.dev,organization,endpoint_on_apex,1,1
flomoapp.com,organization,endpoint_on_apex,1,1
floot.com,organization,endpoint_on_apex|verified_namespace,1,0
flow2.co,organization,endpoint_on_apex|verified_namespace,1,0
flowcastle.ai,organization,endpoint_on_apex|verified_namespace,1,0
flowcontent.io,organization,verified_namespace,1,0
flowgraf.in,organization,endpoint_on_apex|verified_namespace,1,0
flowstep.ai,organization,endpoint_on_apex|verified_namespace,1,0
flowstudio.app,organization,endpoint_on_apex,1,1
flowvolt-strike-engine.vercel.app,organization,endpoint_on_apex,1,1
flowvolt.io,organization,endpoint_on_apex,1,1
fltln.io,organization,endpoint_on_apex|verified_namespace,1,0
fluentive.app,organization,endpoint_on_apex|verified_namespace,1,0
fluf.io,organization,verified_namespace,1,0
fluora-mcp-172867820131.us-west1.run.app,organization,endpoint_on_apex,1,1
fluxink.ai,organization,endpoint_on_apex|verified_namespace,1,0
fluxiq.xyz,organization,endpoint_on_apex|verified_namespace,1,0
flyweel.co,organization,endpoint_on_apex|verified_namespace,1,0
foam.ai,organization,endpoint_on_apex,1,1
focxle.com,organization,endpoint_on_apex|verified_namespace,1,0
foliofact.com,organization,endpoint_on_apex|verified_namespace,1,0
followontours.com,organization,endpoint_on_apex|verified_namespace,1,0
foodnear.me,organization,endpoint_on_apex|verified_namespace,1,0
foodtruck-nation.de,organization,endpoint_on_apex|verified_namespace,1,0
footdigest.com,organization,endpoint_on_apex|verified_namespace,1,0
foqal.io,organization,endpoint_on_apex|verified_namespace,1,0
forageshopping.com,organization,endpoint_on_apex,1,1
forcedream.ai,organization,endpoint_on_apex,1,1
foresea.ink,organization,endpoint_on_apex|verified_namespace,1,0
forex-gpt.ai,organization,endpoint_on_apex,1,1
forgecascade.org,organization,endpoint_on_apex,1,1
forgeengine.app,organization,verified_namespace,1,0
forgeorbital.com,organization,verified_namespace,1,0
forgetreasury.com,organization,endpoint_on_apex|verified_namespace,1,0
forinvest.com,organization,endpoint_on_apex,1,1
forkast.gg,organization,endpoint_on_apex,1,1
forkbit.io,organization,verified_namespace,1,0
forkmate.ai,organization,endpoint_on_apex|verified_namespace,1,0
formbro.ca,organization,endpoint_on_apex,1,1
formdesigner.pro,organization,endpoint_on_apex|verified_namespace,1,0
formester.com,organization,endpoint_on_apex|verified_namespace,1,0
formpaste.com,organization,endpoint_on_apex|verified_namespace,1,0
fortfiapp.com,organization,endpoint_on_apex,1,1
fortytwo.network,organization,endpoint_on_apex|verified_namespace,1,0
fotify.app,organization,endpoint_on_apex|verified_namespace,1,0
fotohub.app,organization,endpoint_on_apex|verified_namespace,1,0
foundrole.com,organization,endpoint_on_apex,1,1
foundryims.com,organization,endpoint_on_apex|verified_namespace,1,0
foundrynet-geo-production.up.railway.app,organization,endpoint_on_apex,1,1
foundrynet-inference-production.up.railway.app,organization,endpoint_on_apex,1,1
foundrynet-mcp-production.up.railway.app,organization,endpoint_on_apex,1,1
foundrynet-scrape-production.up.railway.app,organization,endpoint_on_apex,1,1
foundrynet-search-production.up.railway.app,organization,endpoint_on_apex,1,1
four-leaf.ai,organization,endpoint_on_apex,1,1
four02proof.onrender.com,organization,endpoint_on_apex,1,1
foura.ai,organization,endpoint_on_apex|verified_namespace,1,0
fourmemeclaw.com,organization,endpoint_on_apex|verified_namespace,1,0
foxfiver.com,organization,endpoint_on_apex|verified_namespace,1,0
foyekanoxpnkydoibaas.supabase.co,organization,endpoint_on_apex,1,1
fpjs.io,organization,endpoint_on_apex,1,1
fractera.ai,organization,endpoint_on_apex,1,1
framebench.app,organization,endpoint_on_apex|verified_namespace,1,0
framefetch.net,organization,endpoint_on_apex,1,1
framekeep.com,organization,endpoint_on_apex|verified_namespace,1,0
framelane.io,organization,endpoint_on_apex|verified_namespace,1,0
framesail.com,organization,endpoint_on_apex|verified_namespace,1,0
france-care.fr,organization,endpoint_on_apex,1,1
france-data-mcp.vercel.app,organization,endpoint_on_apex,1,1
francolabs.vercel.app,organization,endpoint_on_apex,1,1
frankfurter.dev,organization,endpoint_on_apex,1,1
frankponcelet.com,organization,endpoint_on_apex|verified_namespace,1,0
frankspace.co.uk,organization,verified_namespace,1,0
frase.io,organization,verified_namespace,1,0
frazzlecrm.com,organization,endpoint_on_apex|verified_namespace,1,0
freddy.coach,organization,endpoint_on_apex|verified_namespace,1,0
free-sign.com,organization,endpoint_on_apex|verified_namespace,1,0
freeappstore.online,organization,endpoint_on_apex,1,1
freeastroapi.com,organization,endpoint_on_apex,1,1
freebatteryfactory.com,organization,endpoint_on_apex|verified_namespace,1,0
freelance-os-production.up.railway.app,organization,endpoint_on_apex,1,1
freelancertax.ca,organization,endpoint_on_apex|verified_namespace,1,0
freelax.cz,organization,endpoint_on_apex|verified_namespace,1,0
freight-pulse-mcp.vercel.app,organization,endpoint_on_apex,1,1
freightutils.com,organization,endpoint_on_apex,1,1
freqblog.com,organization,endpoint_on_apex|verified_namespace,1,0
freshjots.com,organization,endpoint_on_apex,1,1
friday-seller-tools-production.up.railway.app,organization,endpoint_on_apex,1,1
frigolog.fr,organization,endpoint_on_apex,1,1
frihet.io,organization,endpoint_on_apex|verified_namespace,1,0
frisian-mcp.com,organization,endpoint_on_apex|verified_namespace,1,0
frogeye.ai,organization,endpoint_on_apex,1,1
frontdeskreview.com,organization,endpoint_on_apex|verified_namespace,1,0
frontsail.app,organization,endpoint_on_apex,1,1
fryd.app,organization,endpoint_on_apex|verified_namespace,1,0
ftir.fun,organization,endpoint_on_apex,1,1
fuechvghummojkgliyha.supabase.co,organization,endpoint_on_apex,1,1
fuelcenter.co,organization,endpoint_on_apex,1,1
fulcradynamics.com,organization,endpoint_on_apex|verified_namespace,1,0
fulcru.app,organization,endpoint_on_apex,1,1
funding-arb-x402-production.up.railway.app,organization,endpoint_on_apex,1,1
funding-rates-x402-production.up.railway.app,organization,endpoint_on_apex,1,1
fundinglandscape.com,organization,endpoint_on_apex,1,1
fundmomentum.vc,organization,endpoint_on_apex,1,1
funn.to,organization,endpoint_on_apex|verified_namespace,1,0
fursat.fun,organization,endpoint_on_apex,1,1
fuse.io,organization,endpoint_on_apex|verified_namespace,1,0
fusionauth.dev,organization,endpoint_on_apex,1,1
futia.io,organization,endpoint_on_apex|verified_namespace,1,0
futur-panda.dev,organization,verified_namespace,1,0
future.video,organization,endpoint_on_apex|verified_namespace,1,0
futureagi.com,organization,endpoint_on_apex|verified_namespace,1,0
futuremultihousing.workers.dev,organization,endpoint_on_apex,1,1
futureproof.work,organization,endpoint_on_apex,1,1
futuronoti.workers.dev,organization,endpoint_on_apex,1,1
fuzz-breaker-mcp.vercel.app,organization,endpoint_on_apex,1,1
fxmacrodata.com,organization,endpoint_on_apex,1,1
fylings.com,organization,endpoint_on_apex,1,1
fynqo.app,organization,endpoint_on_apex,1,1
fysio.care,organization,endpoint_on_apex|verified_namespace,1,0
gabrielgusmao.com,organization,endpoint_on_apex,1,1
gachi-tokusuru.com,organization,endpoint_on_apex|verified_namespace,1,0
gaijin.team,organization,verified_namespace,1,0
gainium.io,organization,endpoint_on_apex|verified_namespace,1,0
gaizkajimenez.com,organization,endpoint_on_apex,1,1
galaxymind.space,organization,endpoint_on_apex|verified_namespace,1,0
gallandigital.com,organization,endpoint_on_apex|verified_namespace,1,0
gameanalytics.com,organization,endpoint_on_apex|verified_namespace,1,0
gamedev.net,organization,endpoint_on_apex|verified_namespace,1,0
gamefork.dev,organization,endpoint_on_apex,1,1
gamefork.io,organization,verified_namespace,1,0
gameindustrylibrary.com,organization,endpoint_on_apex|verified_namespace,1,0
gammainfra.com,organization,verified_namespace,1,0
gammarips-mcp-406581297632.us-central1.run.app,organization,endpoint_on_apex,1,1
gammarips.com,organization,endpoint_on_apex,1,1
gankdat.com,organization,endpoint_on_apex|verified_namespace,1,0
ganty.app,organization,endpoint_on_apex|verified_namespace,1,0
garchi.co.uk,organization,endpoint_on_apex|verified_namespace,1,0
garmin-mcp-nuqd.onrender.com,organization,endpoint_on_apex,1,1
garmolabs.com,organization,endpoint_on_apex,1,1
gas-estimator-x402-production.up.railway.app,organization,endpoint_on_apex,1,1
gas-oracle-x402-production.up.railway.app,organization,endpoint_on_apex,1,1
gas-pulse-mcp.vercel.app,organization,endpoint_on_apex,1,1
gastor-motherboard-mcp.vercel.app,organization,endpoint_on_apex,1,1
gateco.ai,organization,verified_namespace,1,0
gatetest.ai,organization,verified_namespace,1,0
gatewayticketing.hosting,organization,endpoint_on_apex,1,1
gaudiolab.com,organization,verified_namespace,1,0
gavelin.ai,organization,endpoint_on_apex|verified_namespace,1,0
gbgplatforms.com,organization,endpoint_on_apex,1,1
gblin-mcp-worker.workers.dev,organization,endpoint_on_apex,1,1
gcwmjfotygqnlsyfhiyq.supabase.co,organization,endpoint_on_apex,1,1
gdacs.org,organization,endpoint_on_apex|verified_namespace,1,0
gdpr-scanner-x402-production.up.railway.app,organization,endpoint_on_apex,1,1
geckovision.tech,organization,endpoint_on_apex|verified_namespace,1,0
geczbtsjfbvfukdzdemr.supabase.co,organization,endpoint_on_apex,1,1
geekflare.com,organization,endpoint_on_apex|verified_namespace,1,0
geezerkeeper.com,organization,endpoint_on_apex|verified_namespace,1,0
geiant-agentcore-production.up.railway.app,organization,endpoint_on_apex,1,1
gembook.xyz,organization,endpoint_on_apex|verified_namespace,1,0
gemina.co,organization,endpoint_on_apex|verified_namespace,1,0
gemot.dev,organization,endpoint_on_apex|verified_namespace,1,0
gemsift.com,organization,endpoint_on_apex,1,1
gemus.ai,organization,endpoint_on_apex|verified_namespace,1,0
gencove.com,organization,endpoint_on_apex|verified_namespace,1,0
gency.ai,organization,verified_namespace,1,0
genefoundry.org,organization,endpoint_on_apex,1,1
generect.com,organization,endpoint_on_apex|verified_namespace,1,0
genesis.social,organization,endpoint_on_apex,1,1
genesisconductor.io,organization,endpoint_on_apex,1,1
genesisre.io,organization,endpoint_on_apex|verified_namespace,1,0
genflik.com,organization,endpoint_on_apex,1,1
genflowai.io,organization,endpoint_on_apex,1,1
gengeo.co,organization,endpoint_on_apex,1,1
geniusflow-federation.vercel.app,organization,endpoint_on_apex,1,1
genmb.com,organization,endpoint_on_apex|verified_namespace,1,0
genome-api-production.up.railway.app,organization,endpoint_on_apex,1,1
genomicintelligence.ai,organization,endpoint_on_apex|verified_namespace,1,0
gentkey.com,organization,endpoint_on_apex|verified_namespace,1,0
geoclear.io,organization,endpoint_on_apex,1,1
geodesiclabs.ai,organization,endpoint_on_apex|verified_namespace,1,0
geospatialsystem.com,organization,endpoint_on_apex|verified_namespace,1,0
geotone.news,organization,endpoint_on_apex|verified_namespace,1,0
gepuro.net,organization,endpoint_on_apex|verified_namespace,1,0
getagentdocs.com,organization,endpoint_on_apex,1,1
getagentictools.com,organization,endpoint_on_apex|verified_namespace,1,0
getaiaiai.ru,organization,endpoint_on_apex,1,1
getaiform.com,organization,endpoint_on_apex,1,1
getalai.com,organization,endpoint_on_apex|verified_namespace,1,0
getamber.dev,organization,endpoint_on_apex,1,1
getandiamo.app,organization,endpoint_on_apex|verified_namespace,1,0
getanyapi.com,organization,endpoint_on_apex,1,1
getappniche.com,organization,endpoint_on_apex|verified_namespace,1,0
getbeachfinder.com,organization,endpoint_on_apex|verified_namespace,1,0
getboothiq.com,organization,endpoint_on_apex|verified_namespace,1,0
getbooyah.com,organization,endpoint_on_apex|verified_namespace,1,0
getboxkite.com,organization,endpoint_on_apex|verified_namespace,1,0
getcaboo.com,organization,endpoint_on_apex|verified_namespace,1,0
getcallable.dev,organization,endpoint_on_apex,1,1
getcallme.app,organization,endpoint_on_apex|verified_namespace,1,0
getcims.com,organization,endpoint_on_apex|verified_namespace,1,0
getcoherence.io,organization,verified_namespace,1,0
getconsultkit.com,organization,endpoint_on_apex,1,1
getcotrader.com,organization,endpoint_on_apex,1,1
getcourier.dev,organization,endpoint_on_apex,1,1
getcurrentoffer.com,organization,endpoint_on_apex|verified_namespace,1,0
getdealboard.com,organization,endpoint_on_apex|verified_namespace,1,0
getdial.ai,organization,endpoint_on_apex,1,1
getdialer.app,organization,endpoint_on_apex|verified_namespace,1,0
getdomus.app,organization,endpoint_on_apex|verified_namespace,1,0
getdot.ai,organization,endpoint_on_apex,1,1
getdrishti.in,organization,endpoint_on_apex|verified_namespace,1,0
getengram.app,organization,endpoint_on_apex,1,1
getexperience.com,organization,endpoint_on_apex,1,1
getfirmament.com,organization,endpoint_on_apex|verified_namespace,1,0
getforward.xyz,organization,endpoint_on_apex|verified_namespace,1,0
getfreedomos.com,organization,verified_namespace,1,0
getfrenchie.dev,organization,endpoint_on_apex,1,1
getguru.com,organization,endpoint_on_apex|verified_namespace,1,0
gethal.ai,organization,endpoint_on_apex|verified_namespace,1,0
getholdings.com,organization,verified_namespace,1,0
gethumandesign.com,organization,endpoint_on_apex|verified_namespace,1,0
getinquira.com,organization,endpoint_on_apex|verified_namespace,1,0
getintel.ai,organization,endpoint_on_apex,1,1
getjobzi.com,organization,endpoint_on_apex,1,1
getmanymeet.com,organization,endpoint_on_apex,1,1
getminds.ai,organization,endpoint_on_apex|verified_namespace,1,0
getmontecarlo.com,organization,endpoint_on_apex,1,1
getmunin.com,organization,endpoint_on_apex|verified_namespace,1,0
getmyhotels.com,organization,endpoint_on_apex|verified_namespace,1,0
getomnier.com,organization,endpoint_on_apex,1,1
getonbrd.com,organization,endpoint_on_apex|verified_namespace,1,0
getoptimal.ai,organization,verified_namespace,1,0
getpanes.com,organization,endpoint_on_apex|verified_namespace,1,0
getpapi.ai,organization,endpoint_on_apex,1,1
getperspective.ai,organization,endpoint_on_apex|verified_namespace,1,0
getplexa.com,organization,verified_namespace,1,0
getppcprophet.com,organization,endpoint_on_apex,1,1
getquieta.app,organization,endpoint_on_apex|verified_namespace,1,0
getrewired.org,organization,endpoint_on_apex,1,1
getsalta.app,organization,endpoint_on_apex|verified_namespace,1,0
getsavitools.com,organization,endpoint_on_apex|verified_namespace,1,0
getsocialclaw.com,organization,endpoint_on_apex,1,1
getsoma.store,organization,endpoint_on_apex|verified_namespace,1,0
getsortio.com,organization,endpoint_on_apex,1,1
getspm.com,organization,endpoint_on_apex|verified_namespace,1,0
getsquish.app,organization,endpoint_on_apex,1,1
getstack.run,organization,endpoint_on_apex,1,1
getthroughline.ai,organization,endpoint_on_apex|verified_namespace,1,0
gettimen.com,organization,endpoint_on_apex,1,1
gettransformseo.com,organization,endpoint_on_apex|verified_namespace,1,0
gettreatmenthelp.com,organization,verified_namespace,1,0
getunblocked.com,organization,endpoint_on_apex|verified_namespace,1,0
getunleash.io,organization,verified_namespace,1,0
getuserfeedback.com,organization,endpoint_on_apex|verified_namespace,1,0
getvaletparking.com,organization,endpoint_on_apex|verified_namespace,1,0
getvalyou.co,organization,verified_namespace,1,0
getveles.com,organization,endpoint_on_apex|verified_namespace,1,0
getvest.ai,organization,endpoint_on_apex,1,1
getvet.ai,organization,verified_namespace,1,0
getvia.xyz,organization,endpoint_on_apex|verified_namespace,1,0
getvitamind.app,organization,endpoint_on_apex,1,1
getwpagent.com,organization,endpoint_on_apex|verified_namespace,1,0
ghostblock-mcp.vercel.app,organization,endpoint_on_apex,1,1
ghosts.lk,organization,verified_namespace,1,0
ghostswap.io,organization,endpoint_on_apex,1,1
ghurt.org,organization,endpoint_on_apex|verified_namespace,1,0
gibsonai.com,organization,endpoint_on_apex|verified_namespace,1,0
giftcardshop.org,organization,verified_namespace,1,0
gigaverse.ai,organization,endpoint_on_apex|verified_namespace,1,0
gigora.live,organization,endpoint_on_apex,1,1
gigstamp.co.uk,organization,endpoint_on_apex|verified_namespace,1,0
gildara.io,organization,verified_namespace,1,0
gimmanuel73.workers.dev,organization,endpoint_on_apex,1,1
girlfriend-giant-celebrities-ride.trycloudflare.com,organization,endpoint_on_apex,1,1
gisgp.com,organization,endpoint_on_apex,1,1
gisti.workers.dev,organization,endpoint_on_apex,1,1
git.ci,organization,endpoint_on_apex|verified_namespace,1,0
git.top,organization,endpoint_on_apex,1,1
gitdealflow.com,organization,endpoint_on_apex,1,1
giteasy-mcp.azurewebsites.net,organization,endpoint_on_apex,1,1
githits.com,organization,endpoint_on_apex|verified_namespace,1,0
githubcopilot.com,organization,endpoint_on_apex,1,1
githunt.ai,organization,endpoint_on_apex,1,1
gitkraken.com,organization,verified_namespace,1,0
gitlab-mcp-server.fly.dev,organization,endpoint_on_apex,1,1
gitlab.com,organization,endpoint_on_apex|verified_namespace,1,0
gitlumen.com,organization,endpoint_on_apex,1,1
gitresume.co,organization,endpoint_on_apex|verified_namespace,1,0
gitscrum.com,organization,verified_namespace,1,0
gitsim.com,organization,endpoint_on_apex|verified_namespace,1,0
giuelvy.workers.dev,organization,endpoint_on_apex,1,1
giveradar.com,organization,endpoint_on_apex|verified_namespace,1,0
glance.com,organization,endpoint_on_apex|verified_namespace,1,0
glasp.co,organization,endpoint_on_apex,1,1
glassfrog.com,organization,endpoint_on_apex|verified_namespace,1,0
glasswarp.com,organization,endpoint_on_apex|verified_namespace,1,0
glasswerkskimny.workers.dev,organization,endpoint_on_apex,1,1
glassypic.com,organization,endpoint_on_apex,1,1
glc-rag.hu,organization,endpoint_on_apex,1,1
glean.com,organization,endpoint_on_apex|verified_namespace,1,0
gleanit.co,organization,endpoint_on_apex|verified_namespace,1,0
gleanmark.com,organization,endpoint_on_apex|verified_namespace,1,0
glif.app,organization,endpoint_on_apex|verified_namespace,1,0
glim.sh,organization,endpoint_on_apex|verified_namespace,1,0
glimind.com,organization,endpoint_on_apex,1,1
glitchexecutor.com,organization,verified_namespace,1,0
global-chat.io,organization,verified_namespace,1,0
globalexchangerates.org,organization,endpoint_on_apex|verified_namespace,1,0
globalgov.io,organization,endpoint_on_apex|verified_namespace,1,0
globalize.now,organization,endpoint_on_apex,1,1
globalping.io,organization,endpoint_on_apex|verified_namespace,1,0
globalsourcepartners.com,organization,endpoint_on_apex|verified_namespace,1,0
globalsurfari.com,organization,endpoint_on_apex|verified_namespace,1,0
globimmo.net,organization,endpoint_on_apex|verified_namespace,1,0
globkurier.pl,organization,endpoint_on_apex,1,1
gluecron.com,organization,endpoint_on_apex|verified_namespace,1,0
gluten-free.fr,organization,endpoint_on_apex|verified_namespace,1,0
glyphapi.dev,organization,endpoint_on_apex,1,1
glyt.net,organization,endpoint_on_apex|verified_namespace,1,0
gmapsextractor.com,organization,endpoint_on_apex|verified_namespace,1,0
gmapsscraper.io,organization,verified_namespace,1,0
gnosem.dev,organization,endpoint_on_apex|verified_namespace,1,0
gnosismemory.com,organization,endpoint_on_apex|verified_namespace,1,0
gntai.dev,organization,endpoint_on_apex,1,1
goalieip.com,organization,endpoint_on_apex|verified_namespace,1,0
goanywhere.guru,organization,endpoint_on_apex|verified_namespace,1,0
gocontentflow.com,organization,endpoint_on_apex|verified_namespace,1,0
gocosmik.com,organization,endpoint_on_apex|verified_namespace,1,0
gocushy.com,organization,endpoint_on_apex|verified_namespace,1,0
godmodeai.co,organization,endpoint_on_apex|verified_namespace,1,0
gofrantic.com,organization,endpoint_on_apex|verified_namespace,1,0
gogonka.com,organization,endpoint_on_apex,1,1
goji.agency,organization,endpoint_on_apex|verified_namespace,1,0
gojinko.com,organization,endpoint_on_apex|verified_namespace,1,0
gold-silver-analytics-mcp-production.up.railway.app,organization,endpoint_on_apex,1,1
goldencheck-mcp-production.up.railway.app,organization,endpoint_on_apex,1,1
goldenflow-mcp-production.up.railway.app,organization,endpoint_on_apex,1,1
goldenmatch-mcp-production.up.railway.app,organization,endpoint_on_apex,1,1
goldenpipe-mcp-production.up.railway.app,organization,endpoint_on_apex,1,1
goldhold.ai,organization,endpoint_on_apex,1,1
goldprice.dev,organization,endpoint_on_apex|verified_namespace,1,0
golemry.com,organization,endpoint_on_apex|verified_namespace,1,0
golexvibe.com,organization,endpoint_on_apex,1,1
gomarble.ai,organization,endpoint_on_apex|verified_namespace,1,0
gomission.io,organization,endpoint_on_apex,1,1
gondola.ai,organization,endpoint_on_apex|verified_namespace,1,0
good-sport.ai,organization,endpoint_on_apex|verified_namespace,1,0
goodbarber.dev,organization,endpoint_on_apex|verified_namespace,1,0
goodeye.dev,organization,endpoint_on_apex|verified_namespace,1,0
goodmeta.co,organization,endpoint_on_apex,1,1
goodword.com,organization,endpoint_on_apex|verified_namespace,1,0
goscoutgo.com,organization,endpoint_on_apex,1,1
goshipyard.app,organization,endpoint_on_apex|verified_namespace,1,0
gossiper.ai,organization,verified_namespace,1,0
gossiper.io,organization,endpoint_on_apex,1,1
gotcosy.com,organization,endpoint_on_apex,1,1
gotfreefax.com,organization,endpoint_on_apex|verified_namespace,1,0
gov-contracts-mcp-production.up.railway.app,organization,endpoint_on_apex,1,1
govauctions.app,organization,endpoint_on_apex|verified_namespace,1,0
govbase.com,organization,endpoint_on_apex|verified_namespace,1,0
goveda.com,organization,endpoint_on_apex|verified_namespace,1,0
govparse.io,organization,endpoint_on_apex|verified_namespace,1,0
govtribe.com,organization,endpoint_on_apex|verified_namespace,1,0
gp-intel.com,organization,endpoint_on_apex,1,1
gph-mcp-server.pages.dev,organization,endpoint_on_apex,1,1
gphub.app,organization,endpoint_on_apex,1,1
gponcrussdahcdyrlhcr.supabase.co,organization,endpoint_on_apex,1,1
gpt-food-calendar-mcp-dskqn4blgq-uc.a.run.app,organization,endpoint_on_apex,1,1
gpt.social,organization,endpoint_on_apex,1,1
gpthuman.ai,organization,endpoint_on_apex,1,1
gpusmarket.com,organization,endpoint_on_apex,1,1
grabbit.live,organization,endpoint_on_apex|verified_namespace,1,0
grabbit.sh,organization,endpoint_on_apex|verified_namespace,1,0
grace-hello-mcp.onrender.com,organization,endpoint_on_apex,1,1
graciebarrajiujitsu.site,organization,endpoint_on_apex,1,1
graded.sh,organization,endpoint_on_apex|verified_namespace,1,0
gradusmusic.com,organization,verified_namespace,1,0
grafana.com,organization,endpoint_on_apex,1,1
graneth.com,organization,endpoint_on_apex|verified_namespace,1,0
granoflow.com,organization,verified_namespace,1,0
grantiq.co.uk,organization,endpoint_on_apex|verified_namespace,1,0
grantiq.us,organization,endpoint_on_apex,1,1
grantsonar.com,organization,endpoint_on_apex,1,1
graphmaxer.workers.dev,organization,endpoint_on_apex,1,1
graqle.com,organization,verified_namespace,1,0
grcmigrate.com,organization,endpoint_on_apex|verified_namespace,1,0
gread.dev,organization,endpoint_on_apex,1,1
greatquestion.co,organization,endpoint_on_apex,1,1
green-api.com,organization,endpoint_on_apex|verified_namespace,1,0
greeneris.io,organization,endpoint_on_apex,1,1
greengooding.com,organization,endpoint_on_apex,1,1
greetwell.com,organization,endpoint_on_apex,1,1
gribstream.com,organization,endpoint_on_apex|verified_namespace,1,0
gridbert.at,organization,endpoint_on_apex|verified_namespace,1,0
gridgarden.eu,organization,endpoint_on_apex|verified_namespace,1,0
gridscoot.vercel.app,organization,endpoint_on_apex,1,1
griffnode.com,organization,endpoint_on_apex|verified_namespace,1,0
grocery-mcp-production.up.railway.app,organization,endpoint_on_apex,1,1
grok-faf-mcp.vercel.app,organization,endpoint_on_apex,1,1
groniz.com,organization,endpoint_on_apex|verified_namespace,1,0
ground.fyi,organization,endpoint_on_apex|verified_namespace,1,0
groundapi.net,organization,endpoint_on_apex,1,1
groundedaeo.com,organization,endpoint_on_apex|verified_namespace,1,0
groundlogic.ai,organization,endpoint_on_apex,1,1
groundroute.ai,organization,endpoint_on_apex|verified_namespace,1,0
grovs.io,organization,endpoint_on_apex|verified_namespace,1,0
growthkit.tools,organization,endpoint_on_apex|verified_namespace,1,0
grtwo.app,organization,endpoint_on_apex,1,1
gsb-swarm-production.up.railway.app,organization,endpoint_on_apex,1,1
gsc-em.com,organization,endpoint_on_apex,1,1
gsc-fleet.ai,organization,endpoint_on_apex,1,1
gtdbrain.com,organization,endpoint_on_apex|verified_namespace,1,0
gtfi.ai,organization,endpoint_on_apex|verified_namespace,1,0
gtfo.dev,organization,endpoint_on_apex|verified_namespace,1,0
gth-mcp-server.pages.dev,organization,endpoint_on_apex,1,1
gtm-api.com,organization,endpoint_on_apex|verified_namespace,1,0
gtmeditor.com,organization,endpoint_on_apex,1,1
gtmetrix.com,organization,endpoint_on_apex|verified_namespace,1,0
gtmtools.dev,organization,endpoint_on_apex|verified_namespace,1,0
guapu.io,organization,endpoint_on_apex|verified_namespace,1,0
guesty-mcp-server.vercel.app,organization,endpoint_on_apex,1,1
guffeyholdings.com,organization,endpoint_on_apex|verified_namespace,1,0
guleki.com,organization,endpoint_on_apex|verified_namespace,1,0
gulltoppr-mcp.fly.dev,organization,endpoint_on_apex,1,1
gulltoppr.dev,organization,endpoint_on_apex,1,1
gummble.com,organization,endpoint_on_apex|verified_namespace,1,0
gvnr.dev,organization,endpoint_on_apex|verified_namespace,1,0
gvrn.ai,organization,endpoint_on_apex|verified_namespace,1,0
gx7rt55cmrb2ilws3nrl5hpvli0lvzxg.lambda-url.eu-west-2.on.aws,organization,endpoint_on_apex,1,1
gyibb.com,organization,endpoint_on_apex,1,1
gym.plus,organization,endpoint_on_apex|verified_namespace,1,0
h2-papers.org,organization,endpoint_on_apex,1,1
haas.my,organization,endpoint_on_apex|verified_namespace,1,0
haasbot.com,organization,endpoint_on_apex,1,1
haasonline.com,organization,verified_namespace,1,0
hacecuentas.com,organization,endpoint_on_apex,1,1
hackle.io,organization,endpoint_on_apex,1,1
hafslund.no,organization,endpoint_on_apex,1,1
hail.so,organization,endpoint_on_apex,1,1
haiyixiang.cn,organization,endpoint_on_apex,1,1
halalterminal.com,organization,endpoint_on_apex|verified_namespace,1,0
halinc.tech,organization,endpoint_on_apex,1,1
halversonco.com,organization,endpoint_on_apex,1,1
halversondm.com,organization,endpoint_on_apex,1,1
handiworks.studio,organization,endpoint_on_apex,1,1
handoff-mcp-server-production.up.railway.app,organization,endpoint_on_apex,1,1
handoff-tracker-mcp.vercel.app,organization,endpoint_on_apex,1,1
handover.sh,organization,endpoint_on_apex|verified_namespace,1,0
hankookilbo.com,organization,endpoint_on_apex|verified_namespace,1,0
hannwill999.workers.dev,organization,endpoint_on_apex,1,1
happlen.com,organization,endpoint_on_apex,1,1
hapticpaper.com,organization,endpoint_on_apex|verified_namespace,1,0
hartjustin6.workers.dev,organization,endpoint_on_apex,1,1
hash-generator-x402-production.up.railway.app,organization,endpoint_on_apex,1,1
hashlock.duckdns.org,organization,endpoint_on_apex,1,1
hashlock.markets,organization,endpoint_on_apex,1,1
hatchable.com,organization,endpoint_on_apex|verified_namespace,1,0
hatchable.site,organization,endpoint_on_apex,1,1
haveibeenpwned.com,organization,endpoint_on_apex,1,1
haveny.co,organization,verified_namespace,1,0
havenyy.workers.dev,organization,endpoint_on_apex,1,1
havnre.app,organization,endpoint_on_apex|verified_namespace,1,0
hawaii-conditions.vercel.app,organization,endpoint_on_apex,1,1
hawudqgbvwmgwhhcbthb.supabase.co,organization,endpoint_on_apex,1,1
hcelnlqmgddxzvjegpdr.supabase.co,organization,endpoint_on_apex,1,1
hcompany.ai,organization,endpoint_on_apex,1,1
hcti.io,organization,endpoint_on_apex,1,1
headlessoracle.com,organization,endpoint_on_apex,1,1
healingsunhaven.workers.dev,organization,endpoint_on_apex,1,1
healthcovered-mcp.onrender.com,organization,endpoint_on_apex,1,1
healthparse.io,organization,endpoint_on_apex|verified_namespace,1,0
healthyagingatlas.com,organization,endpoint_on_apex,1,1
heartly.io,organization,endpoint_on_apex|verified_namespace,1,0
hebcal.com,organization,endpoint_on_apex,1,1
hebertmagic.com,organization,endpoint_on_apex|verified_namespace,1,0
hebrewbible.app,organization,endpoint_on_apex,1,1
hecher.app,organization,endpoint_on_apex,1,1
hedgefundalpha.com,organization,endpoint_on_apex|verified_namespace,1,0
heera.it,organization,endpoint_on_apex|verified_namespace,1,0
heirmos.com,organization,endpoint_on_apex|verified_namespace,1,0
heista.co,organization,endpoint_on_apex|verified_namespace,1,0
hekkova.com,organization,endpoint_on_apex|verified_namespace,1,0
helavgrvwipmdvyejfom.supabase.co,organization,endpoint_on_apex,1,1
heldly.io,organization,endpoint_on_apex|verified_namespace,1,0
helium-financial-mcp.vercel.app,organization,endpoint_on_apex,1,1
heliumtrades.com,organization,endpoint_on_apex,1,1
helixar.ai,organization,endpoint_on_apex|verified_namespace,1,0
hellobasestation.com,organization,endpoint_on_apex|verified_namespace,1,0
hellobooks.ai,organization,endpoint_on_apex,1,1
hellosafe.com,organization,endpoint_on_apex,1,1
helpfulbutton140.workers.dev,organization,endpoint_on_apex,1,1
helprentdanang.com,organization,endpoint_on_apex|verified_namespace,1,0
hemelion.com,organization,endpoint_on_apex|verified_namespace,1,0
hemmabo-mcp-server.vercel.app,organization,endpoint_on_apex,1,1
hemmabo.com,organization,endpoint_on_apex|verified_namespace,1,0
hemmabo.se,organization,endpoint_on_apex,1,1
hempdata.io,organization,endpoint_on_apex|verified_namespace,1,0
hemrock.com,organization,endpoint_on_apex,1,1
herbertkokholm.dk,organization,endpoint_on_apex|verified_namespace,1,0
hergertsynthora.com,organization,endpoint_on_apex|verified_namespace,1,0
hermes-storefront.onrender.com,organization,endpoint_on_apex,1,1
hermesplant.com,organization,endpoint_on_apex,1,1
hermitcrab.me,organization,endpoint_on_apex,1,1
hermitsh.ai,organization,endpoint_on_apex|verified_namespace,1,0
hermoso.ai,organization,endpoint_on_apex,1,1
heronapp.io,organization,endpoint_on_apex|verified_namespace,1,0
hexpm-mcp.fly.dev,organization,endpoint_on_apex,1,1
heyclau.de,organization,endpoint_on_apex,1,1
heydolfin.com,organization,endpoint_on_apex,1,1
heykody.dev,organization,endpoint_on_apex,1,1
heylead-api-141730336364.us-central1.run.app,organization,endpoint_on_apex,1,1
heyoden.com,organization,verified_namespace,1,0
heyspark.co,organization,endpoint_on_apex|verified_namespace,1,0
hiddenevents.online,organization,endpoint_on_apex,1,1
hilt.so,organization,endpoint_on_apex|verified_namespace,1,0
himalayas.app,organization,endpoint_on_apex|verified_namespace,1,0
hinducalendar.app,organization,endpoint_on_apex|verified_namespace,1,0
hipaaagent.ai,organization,endpoint_on_apex,1,1
hireeli.io,organization,endpoint_on_apex,1,1
hirejack.com,organization,endpoint_on_apex,1,1
hirelocksmiths-mcp.onrender.com,organization,endpoint_on_apex,1,1
hirelocksmiths.com,organization,verified_namespace,1,0
hirenimbus.com,organization,endpoint_on_apex,1,1
hiresignal-mcp-production-d4d9.up.railway.app,organization,endpoint_on_apex,1,1
hirey.ai,organization,endpoint_on_apex|verified_namespace,1,0
historicalsoundscapes.com,organization,endpoint_on_apex|verified_namespace,1,0
historis-api-production.up.railway.app,organization,endpoint_on_apex,1,1
historis.app,organization,endpoint_on_apex,1,1
hitsteps.com,organization,endpoint_on_apex|verified_namespace,1,0
hittheroad.rentals,organization,endpoint_on_apex,1,1
hive-execute.onrender.com,organization,endpoint_on_apex,1,1
hive-mcp-abtest.onrender.com,organization,endpoint_on_apex,1,1
hive-mcp-agent-kyc.onrender.com,organization,endpoint_on_apex,1,1
hive-mcp-agent-quota.onrender.com,organization,endpoint_on_apex,1,1
hive-mcp-agent-storage.onrender.com,organization,endpoint_on_apex,1,1
hive-mcp-aml-screen.onrender.com,organization,endpoint_on_apex,1,1
hive-mcp-attest.onrender.com,organization,endpoint_on_apex,1,1
hive-mcp-auction.onrender.com,organization,endpoint_on_apex,1,1
hive-mcp-audit-readiness.onrender.com,organization,endpoint_on_apex,1,1
hive-mcp-backup.onrender.com,organization,endpoint_on_apex,1,1
hive-mcp-barter.onrender.com,organization,endpoint_on_apex,1,1
hive-mcp-capital.onrender.com,organization,endpoint_on_apex,1,1
hive-mcp-cdn.onrender.com,organization,endpoint_on_apex,1,1
hive-mcp-compute-grid.onrender.com,organization,endpoint_on_apex,1,1
hive-mcp-compute.onrender.com,organization,endpoint_on_apex,1,1
hive-mcp-connector.onrender.com,organization,endpoint_on_apex,1,1
hive-mcp-credit.onrender.com,organization,endpoint_on_apex,1,1
hive-mcp-depin.onrender.com,organization,endpoint_on_apex,1,1
hive-mcp-escrow.onrender.com,organization,endpoint_on_apex,1,1
hive-mcp-evaluator.onrender.com,organization,endpoint_on_apex,1,1
hive-mcp-exchange.onrender.com,organization,endpoint_on_apex,1,1
hive-mcp-flag.onrender.com,organization,endpoint_on_apex,1,1
hive-mcp-identity.onrender.com,organization,endpoint_on_apex,1,1
hive-mcp-insurance.onrender.com,organization,endpoint_on_apex,1,1
hive-mcp-log.onrender.com,organization,endpoint_on_apex,1,1
hive-mcp-mining.onrender.com,organization,endpoint_on_apex,1,1
hive-mcp-morph.onrender.com,organization,endpoint_on_apex,1,1
hive-mcp-mos.onrender.com,organization,endpoint_on_apex,1,1
hive-mcp-oracle.onrender.com,organization,endpoint_on_apex,1,1
hive-mcp-secrets.onrender.com,organization,endpoint_on_apex,1,1
hive-mcp-sla-monitor.onrender.com,organization,endpoint_on_apex,1,1
hive-mcp-swap.onrender.com,organization,endpoint_on_apex,1,1
hive-mcp-tax-observer.onrender.com,organization,endpoint_on_apex,1,1
hive-mcp-trade.onrender.com,organization,endpoint_on_apex,1,1
hive-mcp-vault.onrender.com,organization,endpoint_on_apex,1,1
hive-mcp-wallet.onrender.com,organization,endpoint_on_apex,1,1
hive-mcp-zk-attestation.onrender.com,organization,endpoint_on_apex,1,1
hiveagentiq.com,organization,endpoint_on_apex,1,1
hivebank.onrender.com,organization,endpoint_on_apex,1,1
hiveclaw.ai,organization,endpoint_on_apex,1,1
hiveclear.onrender.com,organization,endpoint_on_apex,1,1
hiveconsciousness.onrender.com,organization,endpoint_on_apex,1,1
hiveconsult.onrender.com,organization,endpoint_on_apex,1,1
hiveecho.onrender.com,organization,endpoint_on_apex,1,1
hiveforge-lhu4.onrender.com,organization,endpoint_on_apex,1,1
hiveintelligence.xyz,organization,endpoint_on_apex|verified_namespace,1,0
hivelaw.onrender.com,organization,endpoint_on_apex,1,1
hivelearn.app,organization,endpoint_on_apex,1,1
hivemind-1-52cw.onrender.com,organization,endpoint_on_apex,1,1
hivepulse-y7li.onrender.com,organization,endpoint_on_apex,1,1
hiveround.com,organization,endpoint_on_apex,1,1
hivetrust.onrender.com,organization,endpoint_on_apex,1,1
hivewiki.ai,organization,endpoint_on_apex|verified_namespace,1,0
hjarni.com,organization,endpoint_on_apex|verified_namespace,1,0
hl-funding-production.up.railway.app,organization,endpoint_on_apex,1,1
hl-funding-x402-production.up.railway.app,organization,endpoint_on_apex,1,1
hl-portfolio-production.up.railway.app,organization,endpoint_on_apex,1,1
hl-portfolio-x402-production.up.railway.app,organization,endpoint_on_apex,1,1
hl-spot-production.up.railway.app,organization,endpoint_on_apex,1,1
hl-spot-x402-production.up.railway.app,organization,endpoint_on_apex,1,1
hl-vaults-x402-production.up.railway.app,organization,endpoint_on_apex,1,1
hlido.eu,organization,endpoint_on_apex|verified_namespace,1,0
hns-chatgpt-app.onrender.com,organization,endpoint_on_apex,1,1
hoangha.shop,organization,endpoint_on_apex,1,1
hoaster.app,organization,endpoint_on_apex|verified_namespace,1,0
hodlxxi.com,organization,endpoint_on_apex,1,1
hojincheck.com,organization,endpoint_on_apex|verified_namespace,1,0
hokai.io,organization,endpoint_on_apex|verified_namespace,1,0
hokmah.dev,organization,endpoint_on_apex,1,1
holdingsintel.com,organization,endpoint_on_apex|verified_namespace,1,0
holiday-forever-2.vercel.app,organization,endpoint_on_apex,1,1
holiday-photo-plus-2.vercel.app,organization,endpoint_on_apex,1,1
holiday-photo-plus.vercel.app,organization,endpoint_on_apex,1,1
holidayforever.vercel.app,organization,endpoint_on_apex,1,1
holidayforeverphoto.vercel.app,organization,endpoint_on_apex,1,1
holydb.com,organization,endpoint_on_apex|verified_namespace,1,0
homecastr.com,organization,endpoint_on_apex,1,1
homechecker.com.au,organization,endpoint_on_apex,1,1
homeclip.us,organization,endpoint_on_apex,1,1
homepage-flax-two.vercel.app,organization,endpoint_on_apex,1,1
homespun.dev,organization,endpoint_on_apex|verified_namespace,1,0
hometownwire.com,organization,endpoint_on_apex|verified_namespace,1,0
homevisto.com,organization,endpoint_on_apex|verified_namespace,1,0
honestdog.de,organization,endpoint_on_apex|verified_namespace,1,0
honeycomb.io,organization,endpoint_on_apex|verified_namespace,1,0
honeylabs.net,organization,endpoint_on_apex|verified_namespace,1,0
hood.ag,organization,endpoint_on_apex|verified_namespace,1,0
hoodex.app,organization,endpoint_on_apex|verified_namespace,1,0
hoodly.ai,organization,endpoint_on_apex,1,1
hooka.to,organization,verified_namespace,1,0
hooklayer.dev,organization,endpoint_on_apex,1,1
hopgraph.com,organization,endpoint_on_apex,1,1
horizonmedia.com,organization,endpoint_on_apex|verified_namespace,1,0
hormonaly.ai,organization,endpoint_on_apex,1,1
horustek.pro,organization,verified_namespace,1,0
hosco.com,organization,endpoint_on_apex|verified_namespace,1,0
hoshin.app,organization,endpoint_on_apex,1,1
hosted-server-1039762986179.us-central1.run.app,organization,endpoint_on_apex,1,1
hostingbrain.ai,organization,endpoint_on_apex|verified_namespace,1,0
hostprofit-mcp-production.up.railway.app,organization,endpoint_on_apex,1,1
hostprofit.ai,organization,verified_namespace,1,0
hostsmith.net,organization,endpoint_on_apex,1,1
housenstars.com,organization,verified_namespace,1,0
housingsentinel.cn,organization,endpoint_on_apex|verified_namespace,1,0
howtoreadthefuture.com,organization,endpoint_on_apex|verified_namespace,1,0
hpcontrol.pl,organization,endpoint_on_apex|verified_namespace,1,0
hpsilab.com,organization,endpoint_on_apex,1,1
hpt.su,organization,endpoint_on_apex|verified_namespace,1,0
hs-code-classifier-mcp-production.up.railway.app,organization,endpoint_on_apex,1,1
hs-code-classifier-mcp-server-production.up.railway.app,organization,endpoint_on_apex,1,1
hshintelligence.com,organization,endpoint_on_apex,1,1
html-to-markdown-production-3fc7.up.railway.app,organization,endpoint_on_apex,1,1
html-to-markdown-x402-production.up.railway.app,organization,endpoint_on_apex,1,1
html2img.com,organization,endpoint_on_apex|verified_namespace,1,0
htmlbook.io,organization,endpoint_on_apex,1,1
htmldrop.app,organization,endpoint_on_apex|verified_namespace,1,0
htmldrop.link,organization,endpoint_on_apex,1,1
htmlpub.com,organization,endpoint_on_apex,1,1
htmlvault.com,organization,endpoint_on_apex|verified_namespace,1,0
htmlweb.ru,organization,endpoint_on_apex|verified_namespace,1,0
htsapp.tech,organization,endpoint_on_apex|verified_namespace,1,0
httiyebjgxxwtgggkpgw.supabase.co,organization,endpoint_on_apex,1,1
http-headers-production.up.railway.app,organization,endpoint_on_apex,1,1
http-headers-x402-production.up.railway.app,organization,endpoint_on_apex,1,1
httpstatus.com,organization,endpoint_on_apex|verified_namespace,1,0
huangting.ai,organization,endpoint_on_apex,1,1
hub-equity.com,organization,verified_namespace,1,0
huettentouren.org,organization,endpoint_on_apex|verified_namespace,1,0
hugendubel.info,organization,endpoint_on_apex,1,1
huggingbay.xyz,organization,endpoint_on_apex,1,1
huggingface.co,organization,endpoint_on_apex|verified_namespace,1,0
huint.io,organization,endpoint_on_apex|verified_namespace,1,0
human.tech,organization,endpoint_on_apex|verified_namespace,1,0
humandesignhub.app,organization,endpoint_on_apex,1,1
humanforai.dev,organization,endpoint_on_apex|verified_namespace,1,0
humanform.app,organization,verified_namespace,1,0
humanhours.dev,organization,endpoint_on_apex|verified_namespace,1,0
humanjesse.github.io,organization,endpoint_on_apex,1,1
humanlineage.org,organization,endpoint_on_apex,1,1
humanpages.ai,organization,endpoint_on_apex,1,1
humantaste.app,organization,endpoint_on_apex|verified_namespace,1,0
humaux.com,organization,endpoint_on_apex|verified_namespace,1,0
hummatch.me,organization,endpoint_on_apex|verified_namespace,1,0
hunchful.io,organization,endpoint_on_apex|verified_namespace,1,0
hunter-seeker.net,organization,endpoint_on_apex|verified_namespace,1,0
huntertech.io,organization,endpoint_on_apex|verified_namespace,1,0
hunterzai.workers.dev,organization,endpoint_on_apex,1,1
hushvert.com,organization,verified_namespace,1,0
hvilkenai.no,organization,endpoint_on_apex,1,1
hvtracker.net,organization,endpoint_on_apex,1,1
hydrata.com,organization,endpoint_on_apex|verified_namespace,1,0
hypathesis.com,organization,endpoint_on_apex,1,1
hypeline.io,organization,endpoint_on_apex|verified_namespace,1,0
hyperai.com.vn,organization,endpoint_on_apex,1,1
hypergpt.ai,organization,endpoint_on_apex,1,1
hyperliquid-data-x402-production.up.railway.app,organization,endpoint_on_apex,1,1
hyperliquid-whales-x402-production.up.railway.app,organization,endpoint_on_apex,1,1
hypernatt.com,organization,endpoint_on_apex,1,1
hyperping.com,organization,verified_namespace,1,0
hyperping.io,organization,endpoint_on_apex,1,1
hypertext.live,organization,endpoint_on_apex|verified_namespace,1,0
hypotheques-en-ligne.fr,organization,endpoint_on_apex|verified_namespace,1,0
hzinsights.com,organization,endpoint_on_apex,1,1
i-gaming.tools,organization,endpoint_on_apex|verified_namespace,1,0
i18nagent.ai,organization,endpoint_on_apex|verified_namespace,1,0
i3deploy.com,organization,endpoint_on_apex|verified_namespace,1,0
ia-asso.fr,organization,endpoint_on_apex,1,1
ia-qa.com,organization,endpoint_on_apex,1,1
iban-test.eu,organization,endpoint_on_apex|verified_namespace,1,0
ibanchecker.cash,organization,endpoint_on_apex,1,1
ibanforge.com,organization,endpoint_on_apex,1,1
ibitlabs.com,organization,verified_namespace,1,0
ibkr.com,organization,endpoint_on_apex|verified_namespace,1,0
ibouniverse.com,organization,endpoint_on_apex,1,1
icecat.biz,organization,endpoint_on_apex|verified_namespace,1,0
icemoon.app,organization,verified_namespace,1,0
iching.rocks,organization,endpoint_on_apex|verified_namespace,1,0
icme.io,organization,endpoint_on_apex,1,1
icons-for-agents.workers.dev,organization,endpoint_on_apex,1,1
iconsroom.com,organization,verified_namespace,1,0
ideafactorylab.org,organization,endpoint_on_apex,1,1
idealo.com,organization,endpoint_on_apex|verified_namespace,1,0
idencify.com,organization,endpoint_on_apex,1,1
identark.io,organization,endpoint_on_apex|verified_namespace,1,0
identifai.net,organization,endpoint_on_apex|verified_namespace,1,0
identityforge.io,organization,verified_namespace,1,0
idevice.com,organization,endpoint_on_apex,1,1
idfmetale.pl,organization,endpoint_on_apex|verified_namespace,1,0
idxpro.id,organization,endpoint_on_apex|verified_namespace,1,0
ifillpdf.com,organization,endpoint_on_apex|verified_namespace,1,0
ifrcoworker.com,organization,endpoint_on_apex,1,1
ifthenpay.com,organization,endpoint_on_apex|verified_namespace,1,0
ignav.com,organization,endpoint_on_apex,1,1
ignission.io,organization,endpoint_on_apex|verified_namespace,1,0
ihateinvoicing.io,organization,endpoint_on_apex|verified_namespace,1,0
iihzbnyxbxhsrexqsori.supabase.co,organization,endpoint_on_apex,1,1
iknow.dev,organization,endpoint_on_apex|verified_namespace,1,0
iknowthepilot.com.au,organization,endpoint_on_apex|verified_namespace,1,0
illumora.io,organization,endpoint_on_apex|verified_namespace,1,0
ilovevideoeditor.com,organization,verified_namespace,1,0
imagcon.app,organization,endpoint_on_apex,1,1
image-generator-x402-production.up.railway.app,organization,endpoint_on_apex,1,1
image-resize-x402-production.up.railway.app,organization,endpoint_on_apex,1,1
imboard.ai,organization,verified_namespace,1,0
imejis.io,organization,endpoint_on_apex|verified_namespace,1,0
immersivecommons.com,organization,endpoint_on_apex|verified_namespace,1,0
immo-spot.com,organization,endpoint_on_apex|verified_namespace,1,0
immoapi.app,organization,endpoint_on_apex|verified_namespace,1,0
immostage.ai,organization,endpoint_on_apex,1,1
immoswipe.ch,organization,endpoint_on_apex|verified_namespace,1,0
imnoo.com,organization,verified_namespace,1,0
imperioutils.com,organization,endpoint_on_apex|verified_namespace,1,0
importly.io,organization,verified_namespace,1,0
imprezahost.com,organization,endpoint_on_apex,1,1
imqueue.org,organization,endpoint_on_apex|verified_namespace,1,0
in-context.me,organization,endpoint_on_apex|verified_namespace,1,0
in.bio,organization,endpoint_on_apex,1,1
inbin.dev,organization,endpoint_on_apex,1,1
inboxguard.io,organization,endpoint_on_apex|verified_namespace,1,0
inboxpolicy.com,organization,endpoint_on_apex|verified_namespace,1,0
incisory.com,organization,endpoint_on_apex|verified_namespace,1,0
incrediblefi.com,organization,endpoint_on_apex|verified_namespace,1,0
incwo.com,organization,endpoint_on_apex,1,1
inday.co,organization,endpoint_on_apex,1,1
index-now.ru,organization,endpoint_on_apex,1,1
indexone.io,organization,endpoint_on_apex|verified_namespace,1,0
indicadores.ar,organization,endpoint_on_apex|verified_namespace,1,0
indicate-data.io,organization,endpoint_on_apex,1,1
indicia.app,organization,endpoint_on_apex|verified_namespace,1,0
indieco.shop,organization,endpoint_on_apex,1,1
indocourtatlas.com,organization,endpoint_on_apex,1,1
indotender.com,organization,endpoint_on_apex,1,1
industry-lens.com,organization,endpoint_on_apex|verified_namespace,1,0
infaqa.com,organization,endpoint_on_apex,1,1
inference.ac,organization,endpoint_on_apex|verified_namespace,1,0
inference.sh,organization,endpoint_on_apex,1,1
infermap-mcp-production.up.railway.app,organization,endpoint_on_apex,1,1
infersports.dev,organization,endpoint_on_apex|verified_namespace,1,0
infiniteappsai.com,organization,endpoint_on_apex,1,1
inflowpay.ai,organization,endpoint_on_apex|verified_namespace,1,0
influship.com,organization,endpoint_on_apex,1,1
info-subscription.com,organization,verified_namespace,1,0
infobip.com,organization,endpoint_on_apex|verified_namespace,1,0
infolang.ai,organization,endpoint_on_apex|verified_namespace,1,0
infosecjobboard.com,organization,endpoint_on_apex|verified_namespace,1,0
infotrack.com,organization,endpoint_on_apex,1,1
infranode.dev,organization,endpoint_on_apex|verified_namespace,1,0
infumar.com,organization,endpoint_on_apex|verified_namespace,1,0
ingest0r.com,organization,endpoint_on_apex|verified_namespace,1,0
inistate.com,organization,endpoint_on_apex,1,1
inite.ai,organization,endpoint_on_apex,1,1
inkflowstudio.org,organization,endpoint_on_apex|verified_namespace,1,0
inkmotion.app,organization,endpoint_on_apex,1,1
inktdlomgdqrsqaalpey.supabase.co,organization,endpoint_on_apex,1,1
inktree.ai,organization,endpoint_on_apex,1,1
inlay.dev,organization,endpoint_on_apex,1,1
innergcomplete.com,organization,endpoint_on_apex|verified_namespace,1,0
innernet.live,organization,endpoint_on_apex|verified_namespace,1,0
insforge.dev,organization,endpoint_on_apex,1,1
insidedcpulse.com,organization,endpoint_on_apex|verified_namespace,1,0
insideralpha.ai,organization,endpoint_on_apex|verified_namespace,1,0
insidergraph.com,organization,endpoint_on_apex|verified_namespace,1,0
insightgenius.io,organization,endpoint_on_apex,1,1
instadash.io,organization,endpoint_on_apex|verified_namespace,1,0
instadomain.fly.dev,organization,endpoint_on_apex,1,1
install.md,organization,endpoint_on_apex|verified_namespace,1,0
instapods.com,organization,endpoint_on_apex|verified_namespace,1,0
instavar.com,organization,verified_namespace,1,0
instxnt.xyz,organization,endpoint_on_apex,1,1
insyncanalytics.com,organization,endpoint_on_apex|verified_namespace,1,0
intelcue.ai,organization,endpoint_on_apex,1,1
intencheck.com,organization,endpoint_on_apex|verified_namespace,1,0
intencion.io,organization,verified_namespace,1,0
intentions.me,organization,endpoint_on_apex,1,1
intentlink.io,organization,endpoint_on_apex,1,1
intentwake.com,organization,endpoint_on_apex|verified_namespace,1,0
intentweave-mcp.onrender.com,organization,endpoint_on_apex,1,1
interbang.app,organization,endpoint_on_apex|verified_namespace,1,0
interlagos.sampa.br,organization,endpoint_on_apex,1,1
intermediair.nl,organization,endpoint_on_apex|verified_namespace,1,0
interpretai.tech,organization,endpoint_on_apex|verified_namespace,1,0
interzoid.com,organization,endpoint_on_apex|verified_namespace,1,0
inthread.dev,organization,endpoint_on_apex,1,1
intrane.fr,organization,verified_namespace,1,0
inutriplan.com,organization,endpoint_on_apex,1,1
invaro.ai,organization,endpoint_on_apex,1,1
inventoryhero.ai,organization,endpoint_on_apex|verified_namespace,1,0
investhive.com,organization,verified_namespace,1,0
investmint.ru,organization,endpoint_on_apex|verified_namespace,1,0
inviaggioallecanarie.it,organization,endpoint_on_apex|verified_namespace,1,0
invisibleexit.com,organization,endpoint_on_apex,1,1
invoicebadger.com,organization,endpoint_on_apex|verified_namespace,1,0
invoicehub.dev,organization,endpoint_on_apex|verified_namespace,1,0
invoicexml.com,organization,endpoint_on_apex|verified_namespace,1,0
invoker.page,organization,verified_namespace,1,0
inxy.ai,organization,endpoint_on_apex|verified_namespace,1,0
io-aerospace.org,organization,endpoint_on_apex|verified_namespace,1,0
iox.cloud,organization,verified_namespace,1,0
ip-geolocation-x402-production.up.railway.app,organization,endpoint_on_apex,1,1
ip.app,organization,endpoint_on_apex|verified_namespace,1,0
ipayx.ai,organization,endpoint_on_apex,1,1
ipdefender.eu,organization,endpoint_on_apex,1,1
ipnex.ai,organization,endpoint_on_apex,1,1
ipnex.onrender.com,organization,endpoint_on_apex,1,1
ipogrid.com,organization,endpoint_on_apex|verified_namespace,1,0
iquesta.com,organization,endpoint_on_apex,1,1
irishealth.bio,organization,endpoint_on_apex|verified_namespace,1,0
ironcladverified.com,organization,endpoint_on_apex|verified_namespace,1,0
ironflip.duckdns.org,organization,endpoint_on_apex,1,1
ironscout.ai,organization,endpoint_on_apex|verified_namespace,1,0
ironshell.io,organization,endpoint_on_apex|verified_namespace,1,0
irrational.pages.dev,organization,endpoint_on_apex,1,1
is-real-biz.workers.dev,organization,endpoint_on_apex,1,1
isitdeprecated.com,organization,endpoint_on_apex|verified_namespace,1,0
isittrustready.ai,organization,endpoint_on_apex,1,1
iskra-bot.xyz,organization,endpoint_on_apex,1,1
it-e3f.workers.dev,organization,endpoint_on_apex,1,1
itaimbibi.sampa.br,organization,endpoint_on_apex,1,1
itcons.app,organization,endpoint_on_apex,1,1
itechsmart.dev,organization,endpoint_on_apex,1,1
iteon.pl,organization,endpoint_on_apex|verified_namespace,1,0
iterationlayer.com,organization,endpoint_on_apex|verified_namespace,1,0
iterruptivo.com,organization,endpoint_on_apex|verified_namespace,1,0
ithz.dev,organization,verified_namespace,1,0
itjuzi.com,organization,endpoint_on_apex,1,1
itmplatform.com,organization,endpoint_on_apex,1,1
itsgloria.ai,organization,endpoint_on_apex,1,1
iturri.ai,organization,endpoint_on_apex|verified_namespace,1,0
itutoronline.com,organization,endpoint_on_apex,1,1
iunera.com,organization,verified_namespace,1,0
ivanstanojevic.me,organization,endpoint_on_apex,1,1
ivdframework.dev,organization,endpoint_on_apex,1,1
ivisa.com,organization,endpoint_on_apex|verified_namespace,1,0
ivnmscuuljqubunqcgkh.supabase.co,organization,endpoint_on_apex,1,1
ivoryriver.store,organization,endpoint_on_apex|verified_namespace,1,0
iwant.fyi,organization,endpoint_on_apex|verified_namespace,1,0
izap.ai,organization,endpoint_on_apex|verified_namespace,1,0
izhost.com,organization,endpoint_on_apex|verified_namespace,1,0
izifete.fr,organization,endpoint_on_apex|verified_namespace,1,0
jacktrade.co,organization,verified_namespace,1,0
jacktrade.xyz,organization,endpoint_on_apex,1,1
jadagnino.workers.dev,organization,endpoint_on_apex,1,1
jadennuckels.chatgpt.site,organization,endpoint_on_apex,1,1
jadenote.app,organization,endpoint_on_apex|verified_namespace,1,0
jail.li,organization,endpoint_on_apex,1,1
jakeoborn.workers.dev,organization,endpoint_on_apex,1,1
jakvab.se,organization,endpoint_on_apex|verified_namespace,1,0
jamesprompt.com,organization,endpoint_on_apex|verified_namespace,1,0
jamp.io,organization,endpoint_on_apex,1,1
jampolls.com,organization,endpoint_on_apex|verified_namespace,1,0
jani-828.workers.dev,organization,endpoint_on_apex,1,1
janis7ewski.org,organization,endpoint_on_apex,1,1
jardins.sampa.br,organization,endpoint_on_apex,1,1
jarvisclaw.ai,organization,endpoint_on_apex,1,1
jasonpearson.dev,organization,verified_namespace,1,0
jassverband.ch,organization,verified_namespace,1,0
jasswiki.ch,organization,endpoint_on_apex,1,1
jayson-be1.workers.dev,organization,endpoint_on_apex,1,1
jcposada.workers.dev,organization,endpoint_on_apex,1,1
jeda.ai,organization,endpoint_on_apex|verified_namespace,1,0
jediapps.com,organization,endpoint_on_apex,1,1
jeeva-jyotish.com,organization,endpoint_on_apex|verified_namespace,1,0
jeikin.com,organization,endpoint_on_apex|verified_namespace,1,0
jellypod.com,organization,endpoint_on_apex|verified_namespace,1,0
jenniferrebholz.com,organization,endpoint_on_apex|verified_namespace,1,0
jentic.com,organization,endpoint_on_apex,1,1
jepto.com,organization,endpoint_on_apex|verified_namespace,1,0
jeremytwogood.com,organization,endpoint_on_apex|verified_namespace,1,0
jeroenbouma.com,organization,endpoint_on_apex,1,1
jessesay.chatgpt.site,organization,endpoint_on_apex|verified_namespace,1,0
jettyd.com,organization,verified_namespace,1,0
jewelrybysweetpea.com,organization,endpoint_on_apex,1,1
jflamb.com,organization,endpoint_on_apex,1,1
jfrog.github.io,organization,endpoint_on_apex,1,1
jiebang.site,organization,endpoint_on_apex|verified_namespace,1,0
jinero.online,organization,endpoint_on_apex|verified_namespace,1,0
jinko.so,organization,endpoint_on_apex|verified_namespace,1,0
jinn.works,organization,endpoint_on_apex|verified_namespace,1,0
jitsu.com,organization,endpoint_on_apex|verified_namespace,1,0
jktjj.com,organization,endpoint_on_apex,1,1
jmavid.workers.dev,organization,endpoint_on_apex,1,1
jmpy.me,organization,endpoint_on_apex,1,1
jmspfggpztykyubyzvlx.supabase.co,organization,endpoint_on_apex,1,1
jnexum.com,organization,endpoint_on_apex|verified_namespace,1,0
jobasean.com,organization,endpoint_on_apex,1,1
jobctl.app,organization,endpoint_on_apex,1,1
jobdonebot.com,organization,endpoint_on_apex,1,1
jobero.ai,organization,endpoint_on_apex|verified_namespace,1,0
jobkeepr.com,organization,endpoint_on_apex|verified_namespace,1,0
jobmojito.com,organization,endpoint_on_apex|verified_namespace,1,0
jobo.world,organization,endpoint_on_apex|verified_namespace,1,0
jobsai.cz,organization,endpoint_on_apex|verified_namespace,1,0
jobsbase.io,organization,endpoint_on_apex|verified_namespace,1,0
jobspipe.dev,organization,endpoint_on_apex|verified_namespace,1,0
jobstack-mcp.vercel.app,organization,endpoint_on_apex,1,1
jobyap.com,organization,endpoint_on_apex|verified_namespace,1,0
joe-glines.workers.dev,organization,endpoint_on_apex,1,1
joelverhagen.com,organization,verified_namespace,1,0
joerg-krauter.workers.dev,organization,endpoint_on_apex,1,1
jogo.team,organization,endpoint_on_apex|verified_namespace,1,0
johnsessentials.com,organization,endpoint_on_apex|verified_namespace,1,0
joinbudget.com,organization,verified_namespace,1,0
joinmultiplayer.ai,organization,endpoint_on_apex|verified_namespace,1,0
joinnod.com,organization,endpoint_on_apex|verified_namespace,1,0
joinplexa.com,organization,endpoint_on_apex|verified_namespace,1,0
joinways.app,organization,endpoint_on_apex|verified_namespace,1,0
jonathanmostov.workers.dev,organization,endpoint_on_apex,1,1
jordan-trana.workers.dev,organization,endpoint_on_apex,1,1
jotform.com,organization,endpoint_on_apex|verified_namespace,1,0
joules.cc,organization,endpoint_on_apex|verified_namespace,1,0
joy-connect.fly.dev,organization,endpoint_on_apex,1,1
jp-biz-opportunity-62ko7b2uwa-an.a.run.app,organization,endpoint_on_apex,1,1
jp-crypto-tax-rules-62ko7b2uwa-an.a.run.app,organization,endpoint_on_apex,1,1
jp-data-api-production.up.railway.app,organization,endpoint_on_apex,1,1
jp-m2m-gateway-62ko7b2uwa-an.a.run.app,organization,endpoint_on_apex,1,1
jpyc-info.com,organization,endpoint_on_apex|verified_namespace,1,0
jpyc-service.com,organization,endpoint_on_apex|verified_namespace,1,0
json-validator-x402-production.up.railway.app,organization,endpoint_on_apex,1,1
jsonaut-shaurya.workers.dev,organization,endpoint_on_apex,1,1
jsonlify.com,organization,endpoint_on_apex,1,1
jsonshelf.vercel.app,organization,endpoint_on_apex,1,1
jtrholidays.com,organization,endpoint_on_apex,1,1
jumpcloud.com,organization,endpoint_on_apex|verified_namespace,1,0
jumpseller.com,organization,endpoint_on_apex|verified_namespace,1,0
junely.co,organization,endpoint_on_apex|verified_namespace,1,0
junglecleaner.com,organization,endpoint_on_apex|verified_namespace,1,0
junkyard.guru,organization,endpoint_on_apex|verified_namespace,1,0
juno-health-tools.vercel.app,organization,endpoint_on_apex,1,1
juno.ventures,organization,endpoint_on_apex,1,1
jupiter-quotes-x402-production.up.railway.app,organization,endpoint_on_apex,1,1
jupiterinvoice.com,organization,endpoint_on_apex|verified_namespace,1,0
jupitersignup.com,organization,endpoint_on_apex|verified_namespace,1,0
juribase.com.br,organization,endpoint_on_apex,1,1
jurisprudencias.ai,organization,endpoint_on_apex|verified_namespace,1,0
justack.ai,organization,endpoint_on_apex,1,1
justcall.host,organization,endpoint_on_apex|verified_namespace,1,0
justdeploy.ai,organization,endpoint_on_apex|verified_namespace,1,0
justdomain.ai,organization,endpoint_on_apex|verified_namespace,1,0
justdrop.ai,organization,verified_namespace,1,0
justfill.app,organization,endpoint_on_apex,1,1
justfix.app,organization,endpoint_on_apex,1,1
justhappened.wtf,organization,endpoint_on_apex,1,1
justicelibre.org,organization,endpoint_on_apex,1,1
justonce.ai,organization,endpoint_on_apex,1,1
justpublish.ai,organization,endpoint_on_apex|verified_namespace,1,0
jwpalm99.workers.dev,organization,endpoint_on_apex,1,1
jwt-decoder-production.up.railway.app,organization,endpoint_on_apex,1,1
jwt-decoder-x402-production.up.railway.app,organization,endpoint_on_apex,1,1
jyotishintelligence.com,organization,endpoint_on_apex|verified_namespace,1,0
k-work-trust-api.fly.dev,organization,endpoint_on_apex,1,1
k01.is,organization,endpoint_on_apex|verified_namespace,1,0
k4tech.net,organization,endpoint_on_apex|verified_namespace,1,0
kaalshodh.com,organization,endpoint_on_apex|verified_namespace,1,0
kabrawala.workers.dev,organization,endpoint_on_apex,1,1
kachink.app,organization,endpoint_on_apex,1,1
kael.ink,organization,endpoint_on_apex,1,1
kage-core.com,organization,verified_namespace,1,0
kahvetabela.com,organization,endpoint_on_apex|verified_namespace,1,0
kai-agi.com,organization,endpoint_on_apex|verified_namespace,1,0
kaicalls.com,organization,endpoint_on_apex|verified_namespace,1,0
kaidn.io,organization,verified_namespace,1,0
kaimeilabs.dev,organization,endpoint_on_apex|verified_namespace,1,0
kaitoi.io,organization,endpoint_on_apex|verified_namespace,1,0
kaizan.ai,organization,endpoint_on_apex,1,1
kajabi.com,organization,endpoint_on_apex|verified_namespace,1,0
kajaril.com,organization,endpoint_on_apex,1,1
kaka-mcp-server-production.up.railway.app,organization,endpoint_on_apex,1,1
kalender-sync.de,organization,endpoint_on_apex|verified_namespace,1,0
kalicart.com,organization,endpoint_on_apex,1,1
kalshi-mcp.com,organization,endpoint_on_apex|verified_namespace,1,0
kamy.dev,organization,endpoint_on_apex|verified_namespace,1,0
kanbanai.dev,organization,endpoint_on_apex,1,1
kanbanthing.com,organization,endpoint_on_apex|verified_namespace,1,0
kanera.app,organization,endpoint_on_apex|verified_namespace,1,0
kansei-link-mcp-production-b054.up.railway.app,organization,endpoint_on_apex,1,1
kapa.ai,organization,endpoint_on_apex,1,1
kapoost-humanmcp.fly.dev,organization,endpoint_on_apex,1,1
kapruka.com,organization,endpoint_on_apex|verified_namespace,1,0
kariops.com,organization,endpoint_on_apex,1,1
karve.sa,organization,endpoint_on_apex|verified_namespace,1,0
kasabeh.tech,organization,verified_namespace,1,0
kasahorow.com,organization,endpoint_on_apex|verified_namespace,1,0
kasanegi123.workers.dev,organization,endpoint_on_apex,1,1
katalon.io,organization,endpoint_on_apex,1,1
kavara.ai,organization,endpoint_on_apex,1,1
kavel.ai,organization,verified_namespace,1,0
kavra.cloud,organization,endpoint_on_apex,1,1
kawacode.ai,organization,verified_namespace,1,0
kcaldata.com,organization,endpoint_on_apex,1,1
kcaldata.onrender.com,organization,endpoint_on_apex,1,1
kdandoc.com,organization,endpoint_on_apex|verified_namespace,1,0
kdata-gate.vercel.app,organization,endpoint_on_apex,1,1
keboola.com,organization,endpoint_on_apex|verified_namespace,1,0
keenable.ai,organization,endpoint_on_apex|verified_namespace,1,0
keenielts.com,organization,endpoint_on_apex|verified_namespace,1,0
keeperhub.com,organization,endpoint_on_apex,1,1
keepflash.com,organization,endpoint_on_apex,1,1
keepingtrack.biz,organization,endpoint_on_apex|verified_namespace,1,0
keepmysubs.com,organization,endpoint_on_apex|verified_namespace,1,0
keibai-hub.com,organization,endpoint_on_apex,1,1
keito.ai,organization,endpoint_on_apex,1,1
kenoodl.com,organization,endpoint_on_apex|verified_namespace,1,0
kenva.workers.dev,organization,endpoint_on_apex,1,1
kenwea.com,organization,endpoint_on_apex|verified_namespace,1,0
keploy.io,organization,endpoint_on_apex,1,1
kernelcad.com,organization,endpoint_on_apex|verified_namespace,1,0
kernelscan.io,organization,endpoint_on_apex|verified_namespace,1,0
kernora.ai,organization,endpoint_on_apex|verified_namespace,1,0
keryo.io,organization,endpoint_on_apex|verified_namespace,1,0
keryx.cc,organization,endpoint_on_apex,1,1
kesey.agency,organization,verified_namespace,1,0
kettlelogic.com,organization,endpoint_on_apex|verified_namespace,1,0
kevincogan.github.io,organization,endpoint_on_apex,1,1
keyboardcrumbs.com,organization,verified_namespace,1,0
keyboardia.dev,organization,endpoint_on_apex,1,1
keyhalve.com,organization,endpoint_on_apex|verified_namespace,1,0
keyid.ai,organization,endpoint_on_apex,1,1
keypup.io,organization,endpoint_on_apex|verified_namespace,1,0
keyword-research-x402-production.up.railway.app,organization,endpoint_on_apex,1,1
kfdadgtwmcmgehstagbe.supabase.co,organization,endpoint_on_apex,1,1
kgninja.dev,organization,endpoint_on_apex,1,1
khamenei-online.org,organization,endpoint_on_apex,1,1
kidsstay.workers.dev,organization,endpoint_on_apex,1,1
kifly.ai,organization,endpoint_on_apex|verified_namespace,1,0
kifly.io,organization,endpoint_on_apex|verified_namespace,1,0
kiloiot.io,organization,endpoint_on_apex|verified_namespace,1,0
kimchi-sushi.com,organization,endpoint_on_apex|verified_namespace,1,0
kimoun.com,organization,endpoint_on_apex|verified_namespace,1,0
kindora-mcp.azurewebsites.net,organization,endpoint_on_apex,1,1
kiprio.com,organization,verified_namespace,1,0
kismet.travel,organization,endpoint_on_apex|verified_namespace,1,0
kit-project.com,organization,endpoint_on_apex,1,1
kite-mcp-server.fly.dev,organization,endpoint_on_apex,1,1
kitsdeals.com,organization,endpoint_on_apex|verified_namespace,1,0
kive.ai,organization,endpoint_on_apex|verified_namespace,1,0
klanexai.com,organization,endpoint_on_apex,1,1
klavis.ai,organization,endpoint_on_apex|verified_namespace,1,0
klever.org,organization,endpoint_on_apex,1,1
klodkot.ai,organization,endpoint_on_apex|verified_namespace,1,0
klokin.io,organization,endpoint_on_apex|verified_namespace,1,0
kloudle.dev,organization,endpoint_on_apex,1,1
knigochit.ru,organization,endpoint_on_apex,1,1
knitli.com,organization,verified_namespace,1,0
knotrik.com,organization,endpoint_on_apex|verified_namespace,1,0
knowalabs.com,organization,endpoint_on_apex|verified_namespace,1,0
knowledge-raven.com,organization,endpoint_on_apex|verified_namespace,1,0
knownissue.dev,organization,endpoint_on_apex,1,1
knowtis.app,organization,endpoint_on_apex|verified_namespace,1,0
knurl.tools,organization,endpoint_on_apex|verified_namespace,1,0
ko.io,organization,endpoint_on_apex,1,1
koalcheck.com,organization,endpoint_on_apex|verified_namespace,1,0
kochava.com,organization,endpoint_on_apex,1,1
kogcat.com,organization,verified_namespace,1,0
kognitrix.com,organization,endpoint_on_apex,1,1
kojwpbbznaxyoxyqfacc.supabase.co,organization,endpoint_on_apex,1,1
kokofinance.net,organization,endpoint_on_apex|verified_namespace,1,0
kolada-mcp-pafn.onrender.com,organization,endpoint_on_apex,1,1
kolens.ai,organization,endpoint_on_apex|verified_namespace,1,0
kolmo.io,organization,endpoint_on_apex|verified_namespace,1,0
kolvera.io,organization,endpoint_on_apex|verified_namespace,1,0
konbiniapi.com,organization,endpoint_on_apex|verified_namespace,1,0
kondux.io,organization,endpoint_on_apex|verified_namespace,1,0
kontato.ai,organization,endpoint_on_apex|verified_namespace,1,0
kooexperience.com,organization,endpoint_on_apex,1,1
kordiapp.com,organization,endpoint_on_apex|verified_namespace,1,0
kordic.io,organization,endpoint_on_apex,1,1
korea-flight-mcp.fly.dev,organization,endpoint_on_apex,1,1
koreal6803.workers.dev,organization,endpoint_on_apex,1,1
korean-agriculture-mcp.onrender.com,organization,endpoint_on_apex,1,1
korean-news-mcp.onrender.com,organization,endpoint_on_apex,1,1
korean-public-data-mcp.onrender.com,organization,endpoint_on_apex,1,1
korean-stock-mcp.onrender.com,organization,endpoint_on_apex,1,1
koreanpulse.dev,organization,endpoint_on_apex,1,1
korext.com,organization,endpoint_on_apex,1,1
korey.ai,organization,endpoint_on_apex|verified_namespace,1,0
kortexio.io,organization,endpoint_on_apex|verified_namespace,1,0
korture.com,organization,endpoint_on_apex|verified_namespace,1,0
koyeb.app,organization,endpoint_on_apex,1,1
kpidepot.com,organization,endpoint_on_apex|verified_namespace,1,0
krasoft.ru,organization,endpoint_on_apex|verified_namespace,1,0
kresmion.com,organization,endpoint_on_apex|verified_namespace,1,0
krmfxedkxoyzkeqnijcd.supabase.co,organization,endpoint_on_apex,1,1
krobar.ai,organization,endpoint_on_apex,1,1
krosos.com,organization,endpoint_on_apex|verified_namespace,1,0
krtr.ai,organization,endpoint_on_apex|verified_namespace,1,0
krystalview.com,organization,endpoint_on_apex,1,1
ksrnyx.top,organization,endpoint_on_apex,1,1
kta-oracle.vercel.app,organization,endpoint_on_apex,1,1
ktcrystals.com,organization,endpoint_on_apex,1,1
kubedoll.com,organization,endpoint_on_apex,1,1
kubik.tools,organization,endpoint_on_apex,1,1
kubit.ai,organization,endpoint_on_apex|verified_namespace,1,0
kubova.com,organization,endpoint_on_apex|verified_namespace,1,0
kudosity.com,organization,verified_namespace,1,0
kuickr.co,organization,endpoint_on_apex|verified_namespace,1,0
kumbuka.ai,organization,endpoint_on_apex|verified_namespace,1,0
kundlit.com,organization,endpoint_on_apex|verified_namespace,1,0
kurdishtts.com,organization,endpoint_on_apex|verified_namespace,1,0
kvasir.legal,organization,endpoint_on_apex|verified_namespace,1,0
kwant.sh,organization,endpoint_on_apex|verified_namespace,1,0
kweenkl.com,organization,endpoint_on_apex,1,1
kynosure.ai,organization,endpoint_on_apex,1,1
l0g.fr,organization,endpoint_on_apex,1,1
l1979.ru,organization,endpoint_on_apex,1,1
la-palma24.net,organization,endpoint_on_apex,1,1
labelchop.com,organization,endpoint_on_apex,1,1
labelhead-mcp-public-production.up.railway.app,organization,endpoint_on_apex,1,1
labfolio.org,organization,endpoint_on_apex,1,1
labnotes.org,organization,endpoint_on_apex,1,1
labor-trends-mcp.vercel.app,organization,endpoint_on_apex,1,1
labsaps-d35810f00db3.herokuapp.com,organization,endpoint_on_apex,1,1
lad.lviv.ua,organization,endpoint_on_apex,1,1
ladderflow.ai,organization,endpoint_on_apex|verified_namespace,1,0
laddro.com,organization,endpoint_on_apex|verified_namespace,1,0
laei.ro,organization,endpoint_on_apex,1,1
laguna-pools.ru,organization,endpoint_on_apex|verified_namespace,1,0
lahend.ee,organization,endpoint_on_apex,1,1
laibniz-scholarfetch-web.hf.space,organization,endpoint_on_apex,1,1
lakpura.com,organization,endpoint_on_apex|verified_namespace,1,0
lambdatest.com,organization,endpoint_on_apex,1,1
lance.app,organization,endpoint_on_apex|verified_namespace,1,0
landed.jobs,organization,endpoint_on_apex,1,1
landingconnect.com,organization,endpoint_on_apex|verified_namespace,1,0
language-detector-x402-production.up.railway.app,organization,endpoint_on_apex,1,1
lanlan.site,organization,endpoint_on_apex|verified_namespace,1,0
larabench.com,organization,endpoint_on_apex|verified_namespace,1,0
larabi.fr,organization,endpoint_on_apex|verified_namespace,1,0
laraplugins.io,organization,endpoint_on_apex|verified_namespace,1,0
larklaon.chatgpt.site,organization,endpoint_on_apex|verified_namespace,1,0
laspi.pro,organization,endpoint_on_apex|verified_namespace,1,0
lassare.com,organization,endpoint_on_apex|verified_namespace,1,0
lassotech.com,organization,endpoint_on_apex,1,1
lastlookdata.com,organization,endpoint_on_apex,1,1
lastminutedealshq.com,organization,endpoint_on_apex|verified_namespace,1,0
latamref.dev,organization,endpoint_on_apex|verified_namespace,1,0
latchshot.fly.dev,organization,endpoint_on_apex,1,1
latex-tools.online,organization,endpoint_on_apex,1,1
latlng.work,organization,endpoint_on_apex|verified_namespace,1,0
lattiq.ai,organization,endpoint_on_apex|verified_namespace,1,0
lattis.dev,organization,endpoint_on_apex|verified_namespace,1,0
launchchair.io,organization,verified_namespace,1,0
launchtrust.co,organization,endpoint_on_apex|verified_namespace,1,0
lawmadi-os-v60-938146962157.asia-northeast3.run.app,organization,endpoint_on_apex,1,1
lawmadi.com,organization,endpoint_on_apex,1,1
lawstronaut.com,organization,endpoint_on_apex|verified_namespace,1,0
lawyerd.net,organization,endpoint_on_apex|verified_namespace,1,0
laxis.tech,organization,endpoint_on_apex,1,1
layercall.com,organization,endpoint_on_apex|verified_namespace,1,0
layero.ru,organization,endpoint_on_apex|verified_namespace,1,0
layerz.cc,organization,endpoint_on_apex,1,1
layupsport.com,organization,endpoint_on_apex,1,1
layven.io,organization,endpoint_on_apex|verified_namespace,1,0
lazaretto.dev,organization,endpoint_on_apex,1,1
le-teen.com,organization,verified_namespace,1,0
lead-stampede-mcp-server-production.up.railway.app,organization,endpoint_on_apex,1,1
lead411.com,organization,endpoint_on_apex,1,1
leadbay.app,organization,endpoint_on_apex,1,1
leaddelta.com,organization,endpoint_on_apex,1,1
leaderra.ai,organization,endpoint_on_apex,1,1
leadfoxconnect.com,organization,endpoint_on_apex,1,1
leadhoundapi.com,organization,endpoint_on_apex|verified_namespace,1,0
leadmarina.com,organization,endpoint_on_apex|verified_namespace,1,0
leadsapp.com,organization,endpoint_on_apex|verified_namespace,1,0
leagueloom.com,organization,endpoint_on_apex|verified_namespace,1,0
leagueofspin.com,organization,endpoint_on_apex|verified_namespace,1,0
leap-labs.com,organization,endpoint_on_apex|verified_namespace,1,0
leapmemory.com,organization,endpoint_on_apex|verified_namespace,1,0
learnthat-mcp-3bqygzrtsa-uc.a.run.app,organization,endpoint_on_apex,1,1
learnthedao.com,organization,endpoint_on_apex|verified_namespace,1,0
learnwithagents.app,organization,endpoint_on_apex|verified_namespace,1,0
lebenslaufheld.de,organization,endpoint_on_apex|verified_namespace,1,0
lebonfoin-mcp-production.up.railway.app,organization,endpoint_on_apex,1,1
ledgenter.com,organization,verified_namespace,1,0
ledgerhq.pro,organization,endpoint_on_apex|verified_namespace,1,0
ledgerproofhq.io,organization,endpoint_on_apex|verified_namespace,1,0
ledgy.app,organization,endpoint_on_apex|verified_namespace,1,0
leeway.tech,organization,endpoint_on_apex|verified_namespace,1,0
leewaystudio.com,organization,endpoint_on_apex|verified_namespace,1,0
legacy-migrator-mcp.vercel.app,organization,endpoint_on_apex,1,1
legal-grounding-199120533535.europe-north2.run.app,organization,endpoint_on_apex,1,1
legal-logic-fuzzer-mcp.vercel.app,organization,endpoint_on_apex,1,1
legal-validator-mcp.vercel.app,organization,endpoint_on_apex,1,1
legalaimcp.com,organization,endpoint_on_apex|verified_namespace,1,0
legaldatahunter.com,organization,endpoint_on_apex,1,1
legalfournier.com,organization,endpoint_on_apex|verified_namespace,1,0
legendsoflearning.com,organization,endpoint_on_apex|verified_namespace,1,0
lemma.workers.dev,organization,endpoint_on_apex,1,1
lemmebuyit.com,organization,endpoint_on_apex|verified_namespace,1,0
lemonado.io,organization,endpoint_on_apex,1,1
lenderprice.com,organization,endpoint_on_apex|verified_namespace,1,0
lenshub.ai,organization,endpoint_on_apex|verified_namespace,1,0
lenz.io,organization,endpoint_on_apex|verified_namespace,1,0
leocelis.com,organization,endpoint_on_apex,1,1
leor.cn,organization,endpoint_on_apex,1,1
letmediff.it,organization,verified_namespace,1,0
letsvibe.love,organization,endpoint_on_apex|verified_namespace,1,0
letta.com,organization,verified_namespace,1,0
lexbase.pt,organization,endpoint_on_apex|verified_namespace,1,0
lexguard-mcp.vercel.app,organization,endpoint_on_apex,1,1
lexvector.eu,organization,endpoint_on_apex,1,1
lianban.net,organization,endpoint_on_apex,1,1
liberated.site,organization,endpoint_on_apex|verified_namespace,1,0
liberdade.sampa.br,organization,endpoint_on_apex,1,1
libers.ai,organization,endpoint_on_apex|verified_namespace,1,0
librarymcp.vercel.app,organization,endpoint_on_apex,1,1
librejustice.fr,organization,endpoint_on_apex|verified_namespace,1,0
licensy.ai,organization,endpoint_on_apex|verified_namespace,1,0
licium.ai,organization,endpoint_on_apex,1,1
liedetectortest.com,organization,endpoint_on_apex|verified_namespace,1,0
liepin.com,organization,endpoint_on_apex,1,1
lifeisagame.ai,organization,endpoint_on_apex|verified_namespace,1,0
lifelongedge.com,organization,endpoint_on_apex|verified_namespace,1,0
lifescored.com,organization,endpoint_on_apex|verified_namespace,1,0
liftli-strategist-mcp.onrender.com,organization,endpoint_on_apex,1,1
liftmcp.com,organization,verified_namespace,1,0
lightbringer.com,organization,endpoint_on_apex|verified_namespace,1,0
lightgen.app,organization,endpoint_on_apex|verified_namespace,1,0
lightpaper.org,organization,verified_namespace,1,0
lightres.com,organization,endpoint_on_apex|verified_namespace,1,0
lighttune.com.au,organization,endpoint_on_apex,1,1
lightyear.build,organization,endpoint_on_apex,1,1
likarika.se,organization,endpoint_on_apex|verified_namespace,1,0
lilaonthegrid.com,organization,endpoint_on_apex,1,1
lilo.property,organization,endpoint_on_apex,1,1
limeflight.com,organization,endpoint_on_apex,1,1
liminary.io,organization,endpoint_on_apex|verified_namespace,1,0
limitguard.ai,organization,endpoint_on_apex|verified_namespace,1,0
limner.us,organization,endpoint_on_apex|verified_namespace,1,0
limzo.com,organization,endpoint_on_apex|verified_namespace,1,0
linatora.com,organization,endpoint_on_apex|verified_namespace,1,0
lindo.ai,organization,endpoint_on_apex,1,1
linear-broker-mcp.vercel.app,organization,endpoint_on_apex,1,1
linear.app,organization,endpoint_on_apex|verified_namespace,1,0
lingo.dev,organization,endpoint_on_apex|verified_namespace,1,0
linkbreakers.com,organization,endpoint_on_apex|verified_namespace,1,0
linkdeal.ai,organization,endpoint_on_apex|verified_namespace,1,0
linkedmash.com,organization,endpoint_on_apex,1,1
linkguard.ai,organization,verified_namespace,1,0
linklist.io,organization,endpoint_on_apex|verified_namespace,1,0
linklore.io,organization,verified_namespace,1,0
linklyhq.com,organization,endpoint_on_apex|verified_namespace,1,0
linkmcp.io,organization,endpoint_on_apex|verified_namespace,1,0
linkpulse-neon.vercel.app,organization,endpoint_on_apex,1,1
linkup.so,organization,endpoint_on_apex|verified_namespace,1,0
lionmaster-operations.workers.dev,organization,endpoint_on_apex|verified_namespace,1,0
lionx402.com,organization,endpoint_on_apex|verified_namespace,1,0
liqaa.io,organization,endpoint_on_apex|verified_namespace,1,0
liquidation-oracle-x402-production.up.railway.app,organization,endpoint_on_apex,1,1
liquilens.in,organization,endpoint_on_apex,1,1
listentosadhu.app,organization,endpoint_on_apex|verified_namespace,1,0
lithtrix.ai,organization,verified_namespace,1,0
lity.club,organization,verified_namespace,1,0
liveability.jp,organization,endpoint_on_apex,1,1
livebustimes.org,organization,endpoint_on_apex,1,1
livedatalink.ai,organization,endpoint_on_apex,1,1
livetennisapi.com,organization,endpoint_on_apex,1,1
livetraintimes.org,organization,endpoint_on_apex,1,1
livingmeta.ai,organization,endpoint_on_apex|verified_namespace,1,0
livtakt.app,organization,endpoint_on_apex|verified_namespace,1,0
llamanotes.ai,organization,endpoint_on_apex|verified_namespace,1,0
llm-bus.com,organization,endpoint_on_apex|verified_namespace,1,0
llmabacus.com,organization,endpoint_on_apex|verified_namespace,1,0
llmemory.xyz,organization,endpoint_on_apex,1,1
llmhosting.ai,organization,endpoint_on_apex|verified_namespace,1,0
llmlatency.dev,organization,endpoint_on_apex|verified_namespace,1,0
llmpulse.ai,organization,endpoint_on_apex,1,1
llmref.org,organization,endpoint_on_apex|verified_namespace,1,0
llmse.ai,organization,endpoint_on_apex|verified_namespace,1,0
llmsmap.me,organization,endpoint_on_apex,1,1
lmgram.com,organization,endpoint_on_apex,1,1
lmk.today,organization,endpoint_on_apex|verified_namespace,1,0
lmxcloud.io,organization,endpoint_on_apex|verified_namespace,1,0
lnk.bio,organization,endpoint_on_apex|verified_namespace,1,0
loacare.com,organization,endpoint_on_apex,1,1
loadbay.xyz,organization,endpoint_on_apex|verified_namespace,1,0
loadingmcp.com,organization,endpoint_on_apex,1,1
lobbyvoices.com,organization,endpoint_on_apex|verified_namespace,1,0
lobu.ai,organization,endpoint_on_apex,1,1
loc8n.com,organization,endpoint_on_apex,1,1
local-mcp.com,organization,endpoint_on_apex|verified_namespace,1,0
local-model-suitability-mcp-production.up.railway.app,organization,endpoint_on_apex,1,1
localgov.jp,organization,endpoint_on_apex,1,1
localize.io,organization,endpoint_on_apex|verified_namespace,1,0
localkiagent.com,organization,verified_namespace,1,0
localpro.dev,organization,endpoint_on_apex,1,1
locationledger.com,organization,endpoint_on_apex,1,1
locize.app,organization,endpoint_on_apex|verified_namespace,1,0
lockally.com,organization,endpoint_on_apex|verified_namespace,1,0
lockinplanner.com,organization,endpoint_on_apex,1,1
lodekeep.com,organization,endpoint_on_apex|verified_namespace,1,0
lodgedeck.vercel.app,organization,endpoint_on_apex,1,1
lodikidsactivities.com,organization,endpoint_on_apex|verified_namespace,1,0
logicnodes.io,organization,endpoint_on_apex,1,1
logisticflow-mcp.vercel.app,organization,endpoint_on_apex,1,1
logobaker.pro,organization,endpoint_on_apex|verified_namespace,1,0
logokit.com,organization,endpoint_on_apex|verified_namespace,1,0
logoscout-mcp.vercel.app,organization,endpoint_on_apex,1,1
logospell.com,organization,endpoint_on_apex|verified_namespace,1,0
logsentinel-mcp.vercel.app,organization,endpoint_on_apex,1,1
lolipop.jp,organization,endpoint_on_apex,1,1
lona.agency,organization,endpoint_on_apex|verified_namespace,1,0
lonestaroracle.xyz,organization,endpoint_on_apex|verified_namespace,1,0
longbridge.com,organization,endpoint_on_apex|verified_namespace,1,0
longwatch.dev,organization,endpoint_on_apex,1,1
loop-mcp-production-13cf.up.railway.app,organization,endpoint_on_apex,1,1
loopgolf.co,organization,endpoint_on_apex|verified_namespace,1,0
looptool.dev,organization,endpoint_on_apex|verified_namespace,1,0
loopwise.com,organization,endpoint_on_apex|verified_namespace,1,0
loopxxi.com,organization,endpoint_on_apex|verified_namespace,1,0
loppee.com,organization,endpoint_on_apex|verified_namespace,1,0
lorem-ipsum-production-efa3.up.railway.app,organization,endpoint_on_apex,1,1
lorem-ipsum-x402-production.up.railway.app,organization,endpoint_on_apex,1,1
lorensaisolutions.com,organization,endpoint_on_apex|verified_namespace,1,0
lorg.ai,organization,endpoint_on_apex,1,1
lovable.dev,organization,endpoint_on_apex|verified_namespace,1,0
loveoracle.app,organization,endpoint_on_apex|verified_namespace,1,0
lovie.co,organization,endpoint_on_apex|verified_namespace,1,0
lowvyn.com,organization,endpoint_on_apex|verified_namespace,1,0
loxoneai.com,organization,endpoint_on_apex|verified_namespace,1,0
loyaltyvip.com,organization,endpoint_on_apex,1,1
lqwdclaw.bot,organization,endpoint_on_apex,1,1
lrlabs.ai,organization,endpoint_on_apex,1,1
lrqkraglvppygtmwwsie.supabase.co,organization,endpoint_on_apex,1,1
lsadecrypt.online,organization,endpoint_on_apex,1,1
lsoatzzwpltpydwyfqqv.supabase.co,organization,endpoint_on_apex,1,1
lucasandersen.ai,organization,endpoint_on_apex|verified_namespace,1,0
lucid.app,organization,endpoint_on_apex|verified_namespace,1,0
lucidnest.io,organization,endpoint_on_apex|verified_namespace,1,0
luckmeai.com,organization,endpoint_on_apex|verified_namespace,1,0
ludo.ai,organization,endpoint_on_apex|verified_namespace,1,0
lukija.app,organization,endpoint_on_apex|verified_namespace,1,0
lumabill.ch,organization,endpoint_on_apex|verified_namespace,1,0
lume.living,organization,endpoint_on_apex,1,1
lumethic.com,organization,endpoint_on_apex|verified_namespace,1,0
lumify.ai,organization,endpoint_on_apex|verified_namespace,1,0
lumind.io,organization,endpoint_on_apex|verified_namespace,1,0
luneresearch.com,organization,endpoint_on_apex|verified_namespace,1,0
luniumpay.com,organization,endpoint_on_apex|verified_namespace,1,0
lunoo.com,organization,endpoint_on_apex|verified_namespace,1,0
lusha.com,organization,endpoint_on_apex|verified_namespace,1,0
lusrodri.workers.dev,organization,endpoint_on_apex,1,1
luthersystems.com,organization,endpoint_on_apex|verified_namespace,1,0
lutolearn.com,organization,endpoint_on_apex|verified_namespace,1,0
luviner.com,organization,endpoint_on_apex,1,1
luxembourg-mcp.com,organization,endpoint_on_apex,1,1
luzia.dev,organization,endpoint_on_apex,1,1
lvlupauto.com,organization,endpoint_on_apex|verified_namespace,1,0
lyrenth.com,organization,verified_namespace,1,0
m-kubriak.workers.dev,organization,endpoint_on_apex,1,1
m2ml.ai,organization,endpoint_on_apex,1,1
ma-workbench-api-303576587005.us-central1.run.app,organization,endpoint_on_apex,1,1
mabl.com,organization,endpoint_on_apex|verified_namespace,1,0
macalculatriceenligne.com,organization,endpoint_on_apex,1,1
macaroonnetwork.com,organization,verified_namespace,1,0
macfax.com,organization,endpoint_on_apex|verified_namespace,1,0
machinegrade.dev,organization,endpoint_on_apex,1,1
machins.co,organization,endpoint_on_apex|verified_namespace,1,0
machupicchu.org,organization,endpoint_on_apex|verified_namespace,1,0
madtaco.dev,organization,verified_namespace,1,0
maeil.cc,organization,endpoint_on_apex,1,1
mafdet.ai,organization,verified_namespace,1,0
magellandata.io,organization,endpoint_on_apex|verified_namespace,1,0
maggiegeller.com,organization,endpoint_on_apex|verified_namespace,1,0
magicinsights.ai,organization,endpoint_on_apex|verified_namespace,1,0
magicweave.xyz,organization,endpoint_on_apex,1,1
maguyva.ai,organization,verified_namespace,1,0
maguyva.tools,organization,endpoint_on_apex,1,1
maha-os.com,organization,endpoint_on_apex|verified_namespace,1,0
mahastrategies.com,organization,endpoint_on_apex,1,1
mailbox.bot,organization,endpoint_on_apex|verified_namespace,1,0
mailbuttons.com,organization,endpoint_on_apex|verified_namespace,1,0
mailfixture.com,organization,endpoint_on_apex|verified_namespace,1,0
mailjunky.ai,organization,endpoint_on_apex|verified_namespace,1,0
mailopoly.com,organization,endpoint_on_apex|verified_namespace,1,0
mailrith.com,organization,endpoint_on_apex|verified_namespace,1,0
mailstream.app,organization,endpoint_on_apex|verified_namespace,1,0
mailtempo.com,organization,endpoint_on_apex|verified_namespace,1,0
mailtrap.io,organization,verified_namespace,1,0
mailverdict.dev,organization,endpoint_on_apex|verified_namespace,1,0
mainline.dev,organization,endpoint_on_apex|verified_namespace,1,0
make.com,organization,endpoint_on_apex|verified_namespace,1,0
makefx.app,organization,endpoint_on_apex,1,1
makeitrun.ai,organization,endpoint_on_apex,1,1
makemebetter-ai-backend-59998332584.asia-south1.run.app,organization,endpoint_on_apex,1,1
makerreels.com,organization,endpoint_on_apex|verified_namespace,1,0
makeup.land,organization,endpoint_on_apex|verified_namespace,1,0
makometrics.com,organization,verified_namespace,1,0
malgorath.com,organization,endpoint_on_apex|verified_namespace,1,0
malwarepatrol.net,organization,endpoint_on_apex,1,1
mamoie.com,organization,endpoint_on_apex|verified_namespace,1,0
mana.am,organization,endpoint_on_apex|verified_namespace,1,0
managelm.com,organization,endpoint_on_apex|verified_namespace,1,0
managers-backup-dolls-seasons.trycloudflare.com,organization,endpoint_on_apex|verified_namespace,1,0
manageyourloans.com.au,organization,verified_namespace,1,0
manda.bz,organization,endpoint_on_apex|verified_namespace,1,0
mandateshield.com,organization,endpoint_on_apex|verified_namespace,1,0
manekami.com,organization,endpoint_on_apex,1,1
mangofolio.com,organization,verified_namespace,1,0
mangoinventory.com,organization,endpoint_on_apex|verified_namespace,1,0
mangrovetraders.com,organization,endpoint_on_apex,1,1
mansaapi.com,organization,endpoint_on_apex,1,1
mansamarkets.com,organization,endpoint_on_apex,1,1
mantiss.store,organization,endpoint_on_apex,1,1
mantlekit.dev,organization,endpoint_on_apex|verified_namespace,1,0
mapmelon.com,organization,endpoint_on_apex|verified_namespace,1,0
mapnetwork.app,organization,endpoint_on_apex,1,1
mapstools.googleapis.com,organization,endpoint_on_apex|verified_namespace,1,0
maqami.co,organization,endpoint_on_apex,1,1
marbellareport-mcp-production.up.railway.app,organization,endpoint_on_apex,1,1
marchward.ai,organization,verified_namespace,1,0
marcora.ai,organization,endpoint_on_apex,1,1
mareaalcalina.com,organization,endpoint_on_apex|verified_namespace,1,0
marginal.sh,organization,endpoint_on_apex|verified_namespace,1,0
marginofinsight.com,organization,endpoint_on_apex|verified_namespace,1,0
marian.coach,organization,endpoint_on_apex|verified_namespace,1,0
marigold.page,organization,endpoint_on_apex,1,1
marine-356.workers.dev,organization,endpoint_on_apex,1,1
mark-it.co,organization,endpoint_on_apex,1,1
markdown-renderer-production.up.railway.app,organization,endpoint_on_apex,1,1
markdown-renderer-x402-production.up.railway.app,organization,endpoint_on_apex,1,1
markdown-to-html-production-da89.up.railway.app,organization,endpoint_on_apex,1,1
markdown-to-html-x402-production.up.railway.app,organization,endpoint_on_apex,1,1
market-data-mcp-production.up.railway.app,organization,endpoint_on_apex,1,1
marketcore.ai,organization,endpoint_on_apex|verified_namespace,1,0
marketeyeslive.com,organization,endpoint_on_apex,1,1
marketgenius.app,organization,endpoint_on_apex|verified_namespace,1,0
marketingskills.directory,organization,endpoint_on_apex,1,1
marketintell.ai,organization,endpoint_on_apex|verified_namespace,1,0
marketnow.site,organization,endpoint_on_apex,1,1
marketscore.ru,organization,endpoint_on_apex,1,1
markettrace.ai,organization,endpoint_on_apex|verified_namespace,1,0
markifact.com,organization,endpoint_on_apex|verified_namespace,1,0
markmesh.com,organization,endpoint_on_apex|verified_namespace,1,0
marksiazon.dev,organization,endpoint_on_apex|verified_namespace,1,0
markustenghamn.com,organization,endpoint_on_apex|verified_namespace,1,0
marmoui.com,organization,endpoint_on_apex,1,1
marrow.id,organization,endpoint_on_apex|verified_namespace,1,0
mart402.com,organization,endpoint_on_apex|verified_namespace,1,0
martinelli.ch,organization,endpoint_on_apex|verified_namespace,1,0
martini.film,organization,endpoint_on_apex|verified_namespace,1,0
martinsundal.no,organization,endpoint_on_apex,1,1
masaro.ai,organization,endpoint_on_apex|verified_namespace,1,0
mascotlab.io,organization,endpoint_on_apex|verified_namespace,1,0
mashop.app,organization,endpoint_on_apex|verified_namespace,1,0
masnavi.ai,organization,endpoint_on_apex|verified_namespace,1,0
massdriver.cloud,organization,verified_namespace,1,0
massedcompute.com,organization,endpoint_on_apex,1,1
mathieuberthet.com,organization,endpoint_on_apex|verified_namespace,1,0
matih.ai,organization,endpoint_on_apex|verified_namespace,1,0
matt-merutech.workers.dev,organization,endpoint_on_apex,1,1
matterfact.com,organization,endpoint_on_apex|verified_namespace,1,0
mattherbert.ca,organization,endpoint_on_apex|verified_namespace,1,0
max4.live,organization,endpoint_on_apex|verified_namespace,1,0
maxcv.ai,organization,endpoint_on_apex|verified_namespace,1,0
maxiaworld.app,organization,endpoint_on_apex,1,1
maximem.ai,organization,endpoint_on_apex|verified_namespace,1,0
maximumsats.com,organization,verified_namespace,1,0
maxoperf.com,organization,endpoint_on_apex|verified_namespace,1,0
maxrhinehart.workers.dev,organization,endpoint_on_apex,1,1
maxstat.ru,organization,endpoint_on_apex,1,1
maxzoa.ru,organization,endpoint_on_apex|verified_namespace,1,0
mc-data-monitor-mcp.vercel.app,organization,endpoint_on_apex,1,1
mcd.cn,organization,endpoint_on_apex,1,1
mcp-assist-memory.replit.app,organization,endpoint_on_apex,1,1
mcp-automations.fly.dev,organization,endpoint_on_apex,1,1
mcp-bizintel-production.up.railway.app,organization,endpoint_on_apex,1,1
mcp-commerce-starter.vercel.app,organization,endpoint_on_apex,1,1
mcp-dmarc.com,organization,endpoint_on_apex,1,1
mcp-grantiq-api-production.up.railway.app,organization,endpoint_on_apex,1,1
mcp-hub.stream,organization,endpoint_on_apex,1,1
mcp-javabin-archieve.fly.dev,organization,endpoint_on_apex,1,1
mcp-judge.onrender.com,organization,endpoint_on_apex,1,1
mcp-market.ru,organization,endpoint_on_apex,1,1
mcp-marketplace.io,organization,endpoint_on_apex|verified_namespace,1,0
mcp-myl-oov7xgbxua-ts.a.run.app,organization,endpoint_on_apex,1,1
mcp-on-cloudrun-673872727624.us-central1.run.app,organization,endpoint_on_apex,1,1
mcp-patient-ilb-psc-cloudrun-d-673872727624.us-central1.run.app,organization,endpoint_on_apex,1,1
mcp-production-f681.up.railway.app,organization,endpoint_on_apex,1,1
mcp-pubrecords-production.up.railway.app,organization,endpoint_on_apex,1,1
mcp-registry-test-server-513943347567.europe-west1.run.app,organization,endpoint_on_apex,1,1
mcp-revenue-empire.com,organization,endpoint_on_apex|verified_namespace,1,0
mcp-server-nani-v3-20.up.railway.app,organization,endpoint_on_apex,1,1
mcp-server-production-38c9.up.railway.app,organization,endpoint_on_apex,1,1
mcp-server-production-5112.up.railway.app,organization,endpoint_on_apex,1,1
mcp-server-production-8f66.up.railway.app,organization,endpoint_on_apex,1,1
mcp-snowy-dew-9447.fly.dev,organization,endpoint_on_apex,1,1
mcp-x402.onrender.com,organization,endpoint_on_apex,1,1
mcp.sv,organization,endpoint_on_apex|verified_namespace,1,0
mcpanalytics.ai,organization,endpoint_on_apex|verified_namespace,1,0
mcpcalc.com,organization,endpoint_on_apex|verified_namespace,1,0
mcpcap.ai,organization,verified_namespace,1,0
mcpcensus.com,organization,verified_namespace,1,0
mcpcheckup.xyz,organization,endpoint_on_apex,1,1
mcpcut.com,organization,endpoint_on_apex,1,1
mcpdomain.ai,organization,endpoint_on_apex,1,1
mcpemails.com,organization,endpoint_on_apex|verified_namespace,1,0
mcpexplorer.com,organization,endpoint_on_apex,1,1
mcpfinder.dev,organization,endpoint_on_apex|verified_namespace,1,0
mcpgrade.dev,organization,verified_namespace,1,0
mcpindex.ai,organization,endpoint_on_apex,1,1
mcplint-web.vercel.app,organization,endpoint_on_apex,1,1
mcploadbudgeter.space,organization,endpoint_on_apex|verified_namespace,1,0
mcpmux.com,organization,verified_namespace,1,0
mcpmyadmin.ai,organization,endpoint_on_apex|verified_namespace,1,0
mcpqueen.com,organization,endpoint_on_apex|verified_namespace,1,0
mcpregistrysearchwilfredleejr.vercel.app,organization,endpoint_on_apex,1,1
mcps.work,organization,endpoint_on_apex|verified_namespace,1,0
mcpsearchconsole.com,organization,endpoint_on_apex|verified_namespace,1,0
mcpskills.io,organization,verified_namespace,1,0
mcptoplist.com,organization,endpoint_on_apex|verified_namespace,1,0
mcpvillage.com,organization,endpoint_on_apex|verified_namespace,1,0
mcpvot.xyz,organization,endpoint_on_apex,1,1
mcpweave.com,organization,endpoint_on_apex|verified_namespace,1,0
md-log.com,organization,verified_namespace,1,0
mdedit.ai,organization,endpoint_on_apex,1,1
mdflow.cz,organization,endpoint_on_apex|verified_namespace,1,0
mdkit.online,organization,endpoint_on_apex|verified_namespace,1,0
mdmagic.ai,organization,endpoint_on_apex,1,1
mdtidy.com,organization,endpoint_on_apex|verified_namespace,1,0
me-qr.com,organization,endpoint_on_apex,1,1
meacheal.ai,organization,endpoint_on_apex|verified_namespace,1,0
mearef.dev,organization,endpoint_on_apex|verified_namespace,1,0
measure.events,organization,endpoint_on_apex,1,1
meatspace.run,organization,endpoint_on_apex,1,1
mediawork.io,organization,endpoint_on_apex|verified_namespace,1,0
medibillsaver.com,organization,endpoint_on_apex,1,1
medical-rag-mcp-test-513943347567.europe-west1.run.app,organization,endpoint_on_apex,1,1
mediora.ai,organization,endpoint_on_apex,1,1
medplum.com,organization,endpoint_on_apex|verified_namespace,1,0
medprice.ai,organization,endpoint_on_apex,1,1
medrates.fyi,organization,endpoint_on_apex|verified_namespace,1,0
medrecpro.com,organization,endpoint_on_apex|verified_namespace,1,0
medseal.app,organization,endpoint_on_apex,1,1
medusajs.com,organization,endpoint_on_apex|verified_namespace,1,0
meelion.com,organization,endpoint_on_apex,1,1
meepo.app,organization,endpoint_on_apex|verified_namespace,1,0
meertrack.com,organization,endpoint_on_apex|verified_namespace,1,0
meet.bot,organization,endpoint_on_apex|verified_namespace,1,0
meetdewey.com,organization,endpoint_on_apex|verified_namespace,1,0
meetlark.ai,organization,endpoint_on_apex|verified_namespace,1,0
meetmyagent.io,organization,endpoint_on_apex,1,1
meetsponsors.com,organization,endpoint_on_apex|verified_namespace,1,0
meetsquad.ai,organization,endpoint_on_apex|verified_namespace,1,0
meetvalis.com,organization,endpoint_on_apex|verified_namespace,1,0
megachad.xyz,organization,endpoint_on_apex,1,1
megastructure.ai,organization,verified_namespace,1,0
mehdi-boukenouche.workers.dev,organization,endpoint_on_apex,1,1
meistertask.com,organization,endpoint_on_apex|verified_namespace,1,0
meliorra.co,organization,endpoint_on_apex,1,1
mellowmountainradio.com,organization,endpoint_on_apex|verified_namespace,1,0
meloncafe.github.io,organization,endpoint_on_apex,1,1
meltema.com,organization,endpoint_on_apex|verified_namespace,1,0
melvea.com,organization,endpoint_on_apex|verified_namespace,1,0
mem0.ai,organization,endpoint_on_apex,1,1
memberpass.net,organization,endpoint_on_apex|verified_namespace,1,0
memebo.at,organization,endpoint_on_apex|verified_namespace,1,0
memesio.com,organization,endpoint_on_apex|verified_namespace,1,0
memestack.ai,organization,endpoint_on_apex|verified_namespace,1,0
memfleet.com,organization,endpoint_on_apex|verified_namespace,1,0
meminal.ai,organization,endpoint_on_apex|verified_namespace,1,0
memmizgezgin.workers.dev,organization,endpoint_on_apex,1,1
memnode.dev,organization,endpoint_on_apex|verified_namespace,1,0
memoai.tech,organization,verified_namespace,1,0
memocore.ai,organization,endpoint_on_apex|verified_namespace,1,0
memoket.ai,organization,endpoint_on_apex|verified_namespace,1,0
memol.app,organization,endpoint_on_apex|verified_namespace,1,0
memoryplugin.com,organization,endpoint_on_apex|verified_namespace,1,0
memorystore.googleapis.com,organization,endpoint_on_apex|verified_namespace,1,0
memotrader.com,organization,verified_namespace,1,0
memside.com,organization,endpoint_on_apex,1,1
memsprout.com,organization,endpoint_on_apex|verified_namespace,1,0
memxus.com,organization,endpoint_on_apex|verified_namespace,1,0
mendapi.com,organization,verified_namespace,1,0
mengram.io,organization,endpoint_on_apex,1,1
menlolabs.dev,organization,endpoint_on_apex,1,1
menteorama.workers.dev,organization,endpoint_on_apex,1,1
mentionkit.com,organization,endpoint_on_apex|verified_namespace,1,0
menufresh.jp,organization,endpoint_on_apex|verified_namespace,1,0
mercantry.org,organization,endpoint_on_apex|verified_namespace,1,0
merchantwords.com,organization,endpoint_on_apex|verified_namespace,1,0
merchinary.com,organization,verified_namespace,1,0
mercury-hq.com,organization,endpoint_on_apex,1,1
meridianconsensus.com,organization,endpoint_on_apex,1,1
meritvalue.com,organization,endpoint_on_apex|verified_namespace,1,0
merlonix.com,organization,endpoint_on_apex|verified_namespace,1,0
mermaidchart.com,organization,endpoint_on_apex|verified_namespace,1,0
mermail.app,organization,endpoint_on_apex|verified_namespace,1,0
merx.exchange,organization,endpoint_on_apex|verified_namespace,1,0
merxprotocol.eu,organization,endpoint_on_apex,1,1
meseriasi.ro,organization,endpoint_on_apex|verified_namespace,1,0
meshtool.ai,organization,endpoint_on_apex,1,1
mesquared-mcp-server.vercel.app,organization,endpoint_on_apex,1,1
mess.fyi,organization,endpoint_on_apex|verified_namespace,1,0
messagesbridge.vercel.app,organization,endpoint_on_apex,1,1
meta-council.com,organization,endpoint_on_apex|verified_namespace,1,0
metadock.app,organization,verified_namespace,1,0
metaengine.eu,organization,verified_namespace,1,0
metagraph.sh,organization,endpoint_on_apex,1,1
metaltakip.com,organization,endpoint_on_apex|verified_namespace,1,0
metamesh-uga.dev,organization,endpoint_on_apex|verified_namespace,1,0
metamodel.app,organization,endpoint_on_apex,1,1
metapartner.ai,organization,endpoint_on_apex,1,1
metarun.dev,organization,endpoint_on_apex|verified_namespace,1,0
metastampv3-production.up.railway.app,organization,endpoint_on_apex,1,1
metatake.net,organization,endpoint_on_apex|verified_namespace,1,0
metavert.io,organization,endpoint_on_apex|verified_namespace,1,0
meteor.com.co,organization,endpoint_on_apex|verified_namespace,1,0
metricduck.com,organization,endpoint_on_apex|verified_namespace,1,0
metrichub.app,organization,endpoint_on_apex,1,1
metricprovenance.com,organization,verified_namespace,1,0
metricspot.com,organization,endpoint_on_apex|verified_namespace,1,0
metrifyr.cloud,organization,endpoint_on_apex|verified_namespace,1,0
meuvelmo.com,organization,endpoint_on_apex|verified_namespace,1,0
mfgcalcs.com,organization,endpoint_on_apex|verified_namespace,1,0
mgthompo.workers.dev,organization,endpoint_on_apex,1,1
mhai.app,organization,endpoint_on_apex|verified_namespace,1,0
mhsbloom.com,organization,verified_namespace,1,0
mia-platform.eu,organization,endpoint_on_apex,1,1
micro.mu,organization,endpoint_on_apex|verified_namespace,1,0
micropay-test-suite.netlify.app,organization,endpoint_on_apex|verified_namespace,1,0
microservices.sh,organization,endpoint_on_apex|verified_namespace,1,0
mid-continental.com,organization,endpoint_on_apex,1,1
midasflow.ai,organization,endpoint_on_apex,1,1
midasprotocol.org,organization,endpoint_on_apex,1,1
midax402.com,organization,endpoint_on_apex|verified_namespace,1,0
midos.dev,organization,endpoint_on_apex,1,1
midvash.com,organization,endpoint_on_apex|verified_namespace,1,0
mifactory-email.vercel.app,organization,endpoint_on_apex,1,1
mifactory-payments.vercel.app,organization,endpoint_on_apex,1,1
mifactory-pdf.vercel.app,organization,endpoint_on_apex,1,1
miinideck.com,organization,endpoint_on_apex,1,1
mike-c63.workers.dev,organization,endpoint_on_apex,1,1
mila.gg,organization,endpoint_on_apex,1,1
milatexai.com,organization,endpoint_on_apex,1,1
milemaker.com,organization,endpoint_on_apex,1,1
mima.works,organization,verified_namespace,1,0
mimiqai.com,organization,endpoint_on_apex,1,1
minddory.com,organization,endpoint_on_apex|verified_namespace,1,0
mindflows.us,organization,endpoint_on_apex|verified_namespace,1,0
mindlify.co,organization,endpoint_on_apex|verified_namespace,1,0
mindmeister.com,organization,endpoint_on_apex|verified_namespace,1,0
mindola.ai,organization,endpoint_on_apex|verified_namespace,1,0
mindset-502113.web.app,organization,verified_namespace,1,0
mindset-mcp-183316982259.europe-west2.run.app,organization,endpoint_on_apex,1,1
mindthegates.uk,organization,endpoint_on_apex|verified_namespace,1,0
mingles.ai,organization,endpoint_on_apex,1,1
mingxinstorage.xyz,organization,endpoint_on_apex|verified_namespace,1,0
miniaccountant.app,organization,endpoint_on_apex|verified_namespace,1,0
miniurl.com,organization,endpoint_on_apex,1,1
mink.is,organization,endpoint_on_apex|verified_namespace,1,0
minnas.io,organization,endpoint_on_apex|verified_namespace,1,0
mino.ai,organization,endpoint_on_apex|verified_namespace,1,0
mint-mcp-production.up.railway.app,organization,endpoint_on_apex,1,1
minter.io,organization,endpoint_on_apex|verified_namespace,1,0
mintqa.dev,organization,endpoint_on_apex,1,1
mintverdict.com,organization,verified_namespace,1,0
minutaia.com.br,organization,endpoint_on_apex|verified_namespace,1,0
mioffice.ai,organization,endpoint_on_apex,1,1
mirabelloconsultancy.com,organization,endpoint_on_apex,1,1
mireye.com,organization,endpoint_on_apex|verified_namespace,1,0
miro.com,organization,endpoint_on_apex,1,1
miromiro.app,organization,endpoint_on_apex|verified_namespace,1,0
misar.blog,organization,endpoint_on_apex,1,1
misar.io,organization,endpoint_on_apex|verified_namespace,1,0
misim.ai,organization,endpoint_on_apex,1,1
mission-control-six-kohl.vercel.app,organization,endpoint_on_apex,1,1
mistaike.ai,organization,endpoint_on_apex,1,1
mitosislabs.ai,organization,endpoint_on_apex|verified_namespace,1,0
mixer4ai.com,organization,endpoint_on_apex|verified_namespace,1,0
mixmake.com,organization,endpoint_on_apex,1,1
mkdshare.dev,organization,endpoint_on_apex,1,1
mkliniki.co.ke,organization,verified_namespace,1,0
mmsebenzi-oracle.workers.dev,organization,endpoint_on_apex,1,1
mmvdabzadclebfxyzudg.supabase.co,organization,endpoint_on_apex,1,1
mnemolog.com,organization,endpoint_on_apex,1,1
mnemolog.pages.dev,organization,verified_namespace,1,0
mnemom.ai,organization,endpoint_on_apex,1,1
mnemoverse.com,organization,endpoint_on_apex,1,1
mobbin.com,organization,endpoint_on_apex|verified_namespace,1,0
mobile-text-alerts.com,organization,endpoint_on_apex|verified_namespace,1,0
mobilerun.ai,organization,endpoint_on_apex,1,1
mochipdf.com,organization,endpoint_on_apex,1,1
mock-server.com,organization,verified_namespace,1,0
mockbird.workers.dev,organization,endpoint_on_apex|verified_namespace,1,0
mockd.io,organization,verified_namespace,1,0
mockhero.dev,organization,endpoint_on_apex,1,1
mockmcp.io,organization,endpoint_on_apex,1,1
moddable.games,organization,endpoint_on_apex|verified_namespace,1,0
model.spa,organization,endpoint_on_apex,1,1
modelmeter.xyz,organization,endpoint_on_apex|verified_namespace,1,0
modelpricewatch.com,organization,endpoint_on_apex|verified_namespace,1,0
modelrunner.ai,organization,verified_namespace,1,0
modelrunner.run,organization,endpoint_on_apex,1,1
modelsagree.com,organization,endpoint_on_apex|verified_namespace,1,0
modulos.ai,organization,endpoint_on_apex|verified_namespace,1,0
moema.sampa.br,organization,endpoint_on_apex,1,1
mographr.com,organization,endpoint_on_apex|verified_namespace,1,0
moja.work,organization,endpoint_on_apex|verified_namespace,1,0
mojalab.com,organization,endpoint_on_apex|verified_namespace,1,0
molt2meet.com,organization,endpoint_on_apex,1,1
moltarch.com,organization,endpoint_on_apex|verified_namespace,1,0
moltdj.com,organization,endpoint_on_apex,1,1
moltjobs.io,organization,endpoint_on_apex|verified_namespace,1,0
moltravel.com,organization,endpoint_on_apex|verified_namespace,1,0
momenticmarketing.com,organization,endpoint_on_apex|verified_namespace,1,0
monday.com,organization,endpoint_on_apex|verified_namespace,1,0
money4k.com,organization,endpoint_on_apex,1,1
moneyyoureowed.com,organization,endpoint_on_apex|verified_namespace,1,0
monikaskorykow.com,organization,verified_namespace,1,0
monitoring.googleapis.com,organization,endpoint_on_apex|verified_namespace,1,0
monnet.ai,organization,verified_namespace,1,0
monopoly-gold.com,organization,endpoint_on_apex|verified_namespace,1,0
monthsleft.netlify.app,organization,endpoint_on_apex,1,1
moonlings.ai,organization,endpoint_on_apex|verified_namespace,1,0
moreright.xyz,organization,endpoint_on_apex,1,1
mosaique.info,organization,endpoint_on_apex|verified_namespace,1,0
moss.land,organization,endpoint_on_apex|verified_namespace,1,0
mostrecommendedbooks.com,organization,endpoint_on_apex|verified_namespace,1,0
motaword.com,organization,endpoint_on_apex,1,1
mote.network,organization,verified_namespace,1,0
motecloud.io,organization,endpoint_on_apex,1,1
motherwise-api.onrender.com,organization,endpoint_on_apex,1,1
motionspec.dev,organization,endpoint_on_apex,1,1
motiontext.video,organization,endpoint_on_apex|verified_namespace,1,0
motley.nyc,organization,endpoint_on_apex,1,1
motomarks.io,organization,endpoint_on_apex|verified_namespace,1,0
motorloop.com.au,organization,endpoint_on_apex|verified_namespace,1,0
mowgli.ai,organization,endpoint_on_apex,1,1
moxiedocs.com,organization,endpoint_on_apex,1,1
moxt.ai,organization,endpoint_on_apex|verified_namespace,1,0
mozaika.design,organization,endpoint_on_apex|verified_namespace,1,0
mozg.sh,organization,endpoint_on_apex|verified_namespace,1,0
mozonic.com,organization,endpoint_on_apex|verified_namespace,1,0
mpcfintech.com,organization,endpoint_on_apex,1,1
mr-bridge.com,organization,verified_namespace,1,0
mrmarket.ai,organization,endpoint_on_apex|verified_namespace,1,0
mru-oracle.com,organization,endpoint_on_apex,1,1
mtcontext.com,organization,endpoint_on_apex,1,1
mtgmon.com,organization,endpoint_on_apex,1,1
mtok.market,organization,endpoint_on_apex|verified_namespace,1,0
mttrly.com,organization,endpoint_on_apex|verified_namespace,1,0
mudrex.com,organization,endpoint_on_apex,1,1
muffed.ai,organization,endpoint_on_apex|verified_namespace,1,0
mukoko.dev,organization,endpoint_on_apex,1,1
multi-bridge-mcp.vercel.app,organization,endpoint_on_apex,1,1
multi-turn.ai,organization,endpoint_on_apex|verified_namespace,1,0
multilocale.com,organization,endpoint_on_apex|verified_namespace,1,0
multimail.dev,organization,endpoint_on_apex|verified_namespace,1,0
multinex.ai,organization,endpoint_on_apex|verified_namespace,1,0
multyplylabs.com,organization,endpoint_on_apex|verified_namespace,1,0
mumo.chat,organization,endpoint_on_apex|verified_namespace,1,0
mundane.market,organization,verified_namespace,1,0
muni-dev-cost-mcp.vercel.app,organization,endpoint_on_apex,1,1
munimind.com,organization,verified_namespace,1,0
muninx.com,organization,endpoint_on_apex|verified_namespace,1,0
munispot.com,organization,endpoint_on_apex|verified_namespace,1,0
muntuai.com,organization,endpoint_on_apex,1,1
muovi.com.ar,organization,endpoint_on_apex|verified_namespace,1,0
muralists.nl,organization,endpoint_on_apex|verified_namespace,1,0
muro.chat,organization,endpoint_on_apex|verified_namespace,1,0
murphys-laws.com,organization,verified_namespace,1,0
musette.cc,organization,endpoint_on_apex,1,1
mushimushi.dev,organization,endpoint_on_apex,1,1
music360.com.br,organization,endpoint_on_apex|verified_namespace,1,0
mustertheforce.com,organization,endpoint_on_apex|verified_namespace,1,0
muumuu-domain.com,organization,endpoint_on_apex,1,1
mux.com,organization,endpoint_on_apex|verified_namespace,1,0
muzecmo.com,organization,endpoint_on_apex|verified_namespace,1,0
my-tv-channel.com,organization,endpoint_on_apex|verified_namespace,1,0
myagentda.com,organization,endpoint_on_apex|verified_namespace,1,0
myagentinbox.com,organization,endpoint_on_apex|verified_namespace,1,0
myagi.bot,organization,endpoint_on_apex|verified_namespace,1,0
myappstoreranking.com,organization,endpoint_on_apex|verified_namespace,1,0
myarchivist.ai,organization,endpoint_on_apex,1,1
mybiblecopilot.com,organization,endpoint_on_apex|verified_namespace,1,0
mycardfolio.com,organization,endpoint_on_apex|verified_namespace,1,0
mycloudclaw.com,organization,endpoint_on_apex|verified_namespace,1,0
mydatapass.app,organization,endpoint_on_apex,1,1
mydaughteralya.com,organization,endpoint_on_apex,1,1
mydriverparis.com,organization,verified_namespace,1,0
mydriverparis.workers.dev,organization,endpoint_on_apex,1,1
myfinance-mcp.com,organization,endpoint_on_apex,1,1
myghosts.app,organization,endpoint_on_apex|verified_namespace,1,0
myhairmailtools.com,organization,endpoint_on_apex|verified_namespace,1,0
myhuiban.com,organization,endpoint_on_apex|verified_namespace,1,0
mylinedchart.com,organization,verified_namespace,1,0
mylink.center,organization,endpoint_on_apex|verified_namespace,1,0
mymarky.ai,organization,endpoint_on_apex|verified_namespace,1,0
mymcps.dev,organization,endpoint_on_apex,1,1
mymcptools.com,organization,endpoint_on_apex,1,1
mynatapp.cc,organization,endpoint_on_apex,1,1
mynextadventure.cloud,organization,endpoint_on_apex|verified_namespace,1,0
mynto.no,organization,endpoint_on_apex|verified_namespace,1,0
myoamigo.com,organization,endpoint_on_apex|verified_namespace,1,0
myopc.io,organization,endpoint_on_apex,1,1
mypayslip.lk,organization,endpoint_on_apex,1,1
myplate.food,organization,endpoint_on_apex|verified_namespace,1,0
myriade.ai,organization,endpoint_on_apex|verified_namespace,1,0
myrouteonline.com,organization,endpoint_on_apex,1,1
mysoma.space,organization,verified_namespace,1,0
mysticapi.com,organization,endpoint_on_apex,1,1
mystoq.com,organization,endpoint_on_apex|verified_namespace,1,0
mysupermarket.com,organization,verified_namespace,1,0
mytelescope-orchestrator-mcp-amjjfcdvoa-uc.a.run.app,organization,endpoint_on_apex,1,1
mytesla.io,organization,endpoint_on_apex|verified_namespace,1,0
myteslamate.com,organization,endpoint_on_apex,1,1
mythsensus.com,organization,endpoint_on_apex|verified_namespace,1,0
mzizi.dev,organization,endpoint_on_apex,1,1
n0brains.com,organization,endpoint_on_apex|verified_namespace,1,0
n24q02m.com,organization,endpoint_on_apex,1,1
n6k96b1ql7.execute-api.us-west-2.amazonaws.com,organization,endpoint_on_apex,1,1
nahook.com,organization,endpoint_on_apex|verified_namespace,1,0
naia.today,organization,endpoint_on_apex|verified_namespace,1,0
nakodo.dev,organization,verified_namespace,1,0
nalegalu.org,organization,endpoint_on_apex,1,1
namasteamerica.us,organization,endpoint_on_apex|verified_namespace,1,0
namebrewery.com,organization,endpoint_on_apex|verified_namespace,1,0
namefi.io,organization,endpoint_on_apex|verified_namespace,1,0
nameintel.io,organization,endpoint_on_apex|verified_namespace,1,0
namemy.app,organization,endpoint_on_apex,1,1
namesniper.pro,organization,endpoint_on_apex|verified_namespace,1,0
namewhisper.ai,organization,endpoint_on_apex|verified_namespace,1,0
namingsignal.com,organization,endpoint_on_apex|verified_namespace,1,0
namu.ai.kr,organization,endpoint_on_apex,1,1
nanami-astro.com,organization,endpoint_on_apex,1,1
nannykeeper.com,organization,verified_namespace,1,0
nanocart.io,organization,endpoint_on_apex,1,1
nanostudiopro.com,organization,endpoint_on_apex|verified_namespace,1,0
nara-tour.com,organization,endpoint_on_apex,1,1
narapallc.com,organization,endpoint_on_apex,1,1
narrowhighway.com,organization,endpoint_on_apex|verified_namespace,1,0
naru.build,organization,endpoint_on_apex|verified_namespace,1,0
nashboard.ai,organization,endpoint_on_apex|verified_namespace,1,0
natgaslens.com,organization,endpoint_on_apex|verified_namespace,1,0
nationalevacaturebank.nl,organization,endpoint_on_apex|verified_namespace,1,0
nativeads.ai,organization,endpoint_on_apex|verified_namespace,1,0
nativesoil.dev,organization,endpoint_on_apex|verified_namespace,1,0
nauro.ai,organization,verified_namespace,1,0
nausika.app,organization,endpoint_on_apex|verified_namespace,1,0
nautaai.com,organization,verified_namespace,1,0
navigrants.eu,organization,endpoint_on_apex,1,1
navmds.com,organization,endpoint_on_apex,1,1
naxytra.com,organization,verified_namespace,1,0
nda-mcp-production.up.railway.app,organization,endpoint_on_apex,1,1
neblla.com,organization,endpoint_on_apex|verified_namespace,1,0
nebula-labs.online,organization,endpoint_on_apex,1,1
needhuman.ai,organization,endpoint_on_apex,1,1
needl.ai,organization,endpoint_on_apex,1,1
needmoar.games,organization,endpoint_on_apex|verified_namespace,1,0
nefesh.ai,organization,endpoint_on_apex|verified_namespace,1,0
negativeev.com,organization,endpoint_on_apex|verified_namespace,1,0
negimaru1025.workers.dev,organization,endpoint_on_apex,1,1
neglect.trade,organization,endpoint_on_apex|verified_namespace,1,0
neighborly-stoat-529.eu-west-1.convex.site,organization,endpoint_on_apex,1,1
neilpatelapi.com,organization,endpoint_on_apex|verified_namespace,1,0
neonia.io,organization,endpoint_on_apex|verified_namespace,1,0
neosyn.io,organization,verified_namespace,1,0
nerdydata.com,organization,endpoint_on_apex,1,1
nervousmachine.com,organization,endpoint_on_apex,1,1
nesimplicity.com,organization,endpoint_on_apex|verified_namespace,1,0
nestegg.money,organization,endpoint_on_apex,1,1
nestr.io,organization,endpoint_on_apex|verified_namespace,1,0
netbrainis.co.za,organization,endpoint_on_apex,1,1
netdata.cloud,organization,endpoint_on_apex,1,1
netentropyscore.com,organization,endpoint_on_apex|verified_namespace,1,0
netgrant.ca,organization,endpoint_on_apex|verified_namespace,1,0
netify.co.uk,organization,endpoint_on_apex,1,1
netzhandwerker.de,organization,endpoint_on_apex|verified_namespace,1,0
neural-graph-mapper-mcp.vercel.app,organization,endpoint_on_apex,1,1
neuralbrain.ai,organization,endpoint_on_apex,1,1
neurall.io,organization,endpoint_on_apex|verified_namespace,1,0
neurarelay.com,organization,endpoint_on_apex|verified_namespace,1,0
neurodock.org,organization,endpoint_on_apex,1,1
neuroflash.com,organization,endpoint_on_apex|verified_namespace,1,0
neuron.ng,organization,endpoint_on_apex,1,1
neuronik.io,organization,endpoint_on_apex|verified_namespace,1,0
neuronsearchlab.com,organization,endpoint_on_apex|verified_namespace,1,0
neurorank.app,organization,endpoint_on_apex|verified_namespace,1,0
neurostack.sh,organization,endpoint_on_apex,1,1
neus.network,organization,endpoint_on_apex,1,1
nevent.ai,organization,endpoint_on_apex,1,1
nevlo.io,organization,endpoint_on_apex|verified_namespace,1,0
new.test,organization,endpoint_on_apex,1,1
newmexicoliteracyproject.org,organization,endpoint_on_apex|verified_namespace,1,0
newscatcherapi.com,organization,endpoint_on_apex|verified_namespace,1,0
newsflash.sh,organization,endpoint_on_apex|verified_namespace,1,0
newsgurus.ai,organization,endpoint_on_apex,1,1
newsmind.app,organization,endpoint_on_apex|verified_namespace,1,0
newtqnia.com,organization,endpoint_on_apex|verified_namespace,1,0
nexaaly.com,organization,endpoint_on_apex|verified_namespace,1,0
nexalink.co,organization,endpoint_on_apex|verified_namespace,1,0
nexatron.io,organization,endpoint_on_apex,1,1
nexez.ai,organization,verified_namespace,1,0
nexez.app,organization,endpoint_on_apex,1,1
nexly.to,organization,endpoint_on_apex|verified_namespace,1,0
nexsus.com.au,organization,endpoint_on_apex,1,1
nexterait.com.br,organization,endpoint_on_apex,1,1
nextjobz.com.bd,organization,endpoint_on_apex,1,1
nextrole.site,organization,endpoint_on_apex,1,1
nexus-api-lab.com,organization,endpoint_on_apex,1,1
nexusforge.tools,organization,endpoint_on_apex,1,1
nexusquantum.legal,organization,endpoint_on_apex,1,1
nexustoken.ai,organization,verified_namespace,1,0
nflmcp.com,organization,endpoint_on_apex|verified_namespace,1,0
nft-floor-x402-production.up.railway.app,organization,endpoint_on_apex,1,1
nft-metadata-production.up.railway.app,organization,endpoint_on_apex,1,1
nft-metadata-x402-production.up.railway.app,organization,endpoint_on_apex,1,1
nhaultcoeur.workers.dev,organization,endpoint_on_apex,1,1
nicheangle.com,organization,endpoint_on_apex|verified_namespace,1,0
nichedata.dev,organization,endpoint_on_apex,1,1
nifra.dev,organization,endpoint_on_apex,1,1
niftypm.com,organization,endpoint_on_apex|verified_namespace,1,0
nightwatch-v1-api.onrender.com,organization,endpoint_on_apex,1,1
nikhilkulkarni1755.com,organization,endpoint_on_apex|verified_namespace,1,0
nimistu.ee,organization,endpoint_on_apex,1,1
ninar.ai,organization,endpoint_on_apex|verified_namespace,1,0
ninelayer.in,organization,endpoint_on_apex|verified_namespace,1,0
nineoneninetwo.com.br,organization,endpoint_on_apex|verified_namespace,1,0
ninox.com.ar,organization,endpoint_on_apex|verified_namespace,1,0
nippy.host,organization,endpoint_on_apex|verified_namespace,1,0
nipregon.pl,organization,endpoint_on_apex|verified_namespace,1,0
nirvanahq.com,organization,endpoint_on_apex|verified_namespace,1,0
nitrosend.com,organization,endpoint_on_apex|verified_namespace,1,0
nivelrisk.com,organization,endpoint_on_apex|verified_namespace,1,0
nlarqk54pr464oxhmozxd2sc6e0pkdrd.lambda-url.eu-central-1.on.aws,organization,endpoint_on_apex,1,1
nlqdb.com,organization,endpoint_on_apex|verified_namespace,1,0
no-shell-agent-architect-mcp.vercel.app,organization,endpoint_on_apex,1,1
nobleblocks.com,organization,endpoint_on_apex|verified_namespace,1,0
nocrash.io,organization,endpoint_on_apex|verified_namespace,1,0
nocticas.com,organization,endpoint_on_apex|verified_namespace,1,0
nocturnus.ai,organization,verified_namespace,1,0
node-core-firstlineaiis.replit.app,organization,endpoint_on_apex,1,1
nodecel.com,organization,endpoint_on_apex,1,1
nodeproxy-production.up.railway.app,organization,endpoint_on_apex,1,1
noderooms.com,organization,endpoint_on_apex,1,1
noemic.app,organization,endpoint_on_apex|verified_namespace,1,0
noesisapi.dev,organization,endpoint_on_apex,1,1
nohumans.directory,organization,endpoint_on_apex|verified_namespace,1,0
nohumans.shop,organization,endpoint_on_apex,1,1
nomadforecast.com,organization,endpoint_on_apex|verified_namespace,1,0
nomado24.de,organization,endpoint_on_apex|verified_namespace,1,0
nomadstays.com,organization,endpoint_on_apex,1,1
nombrio.com,organization,endpoint_on_apex|verified_namespace,1,0
nomnaviet.com,organization,endpoint_on_apex|verified_namespace,1,0
non-blockscholes.com,organization,endpoint_on_apex,1,1
noogat.app,organization,endpoint_on_apex,1,1
noonbarbari.xyz,organization,endpoint_on_apex|verified_namespace,1,0
nordax.ai,organization,endpoint_on_apex|verified_namespace,1,0
nordic-data-mcp-production.up.railway.app,organization,endpoint_on_apex,1,1
nordicdata.cloud,organization,endpoint_on_apex|verified_namespace,1,0
nordsynk.se,organization,endpoint_on_apex|verified_namespace,1,0
norman.finance,organization,endpoint_on_apex|verified_namespace,1,0
normatia.com,organization,endpoint_on_apex|verified_namespace,1,0
normhyra.ai,organization,endpoint_on_apex|verified_namespace,1,0
norric.io,organization,endpoint_on_apex,1,1
northtide.workers.dev,organization,endpoint_on_apex,1,1
northwestern.edu,organization,endpoint_on_apex,1,1
norvstar.com,organization,endpoint_on_apex|verified_namespace,1,0
norynta-mcp.vercel.app,organization,endpoint_on_apex,1,1
norynta.com,organization,endpoint_on_apex,1,1
noseforleads.com,organization,endpoint_on_apex|verified_namespace,1,0
nostos.market,organization,endpoint_on_apex|verified_namespace,1,0
notcve.org,organization,endpoint_on_apex|verified_namespace,1,0
note-mcp.vercel.app,organization,endpoint_on_apex,1,1
noteboxd.com,organization,endpoint_on_apex|verified_namespace,1,0
noteit-mcp.com,organization,endpoint_on_apex,1,1
notepad.page,organization,endpoint_on_apex|verified_namespace,1,0
notesbridge.vercel.app,organization,endpoint_on_apex,1,1
nothumansearch.ai,organization,endpoint_on_apex|verified_namespace,1,0
notion.com,organization,endpoint_on_apex|verified_namespace,1,0
notsy.com.mx,organization,endpoint_on_apex,1,1
nourishvedha.com,organization,endpoint_on_apex|verified_namespace,1,0
nousulabs.workers.dev,organization,endpoint_on_apex,1,1
novacal.io,organization,endpoint_on_apex,1,1
novelmcp.top,organization,endpoint_on_apex|verified_namespace,1,0
novence.ai,organization,endpoint_on_apex,1,1
novtriq.tech,organization,endpoint_on_apex|verified_namespace,1,0
novumos.app,organization,endpoint_on_apex|verified_namespace,1,0
nowah.xyz,organization,endpoint_on_apex,1,1
nowen.ai,organization,endpoint_on_apex|verified_namespace,1,0
nowline.io,organization,verified_namespace,1,0
nowpattern.com,organization,endpoint_on_apex,1,1
npledger.com,organization,endpoint_on_apex|verified_namespace,1,0
npm-package-ws-has-241560546-w-production.up.railway.app,organization,endpoint_on_apex,1,1
npmscan.com,organization,endpoint_on_apex,1,1
nsgoods.org,organization,verified_namespace,1,0
nslookup.io,organization,endpoint_on_apex,1,1
ntop.com,organization,endpoint_on_apex|verified_namespace,1,0
nttzen.cloud,organization,endpoint_on_apex|verified_namespace,1,0
nublson.com,organization,endpoint_on_apex,1,1
nuboohub.com,organization,endpoint_on_apex,1,1
nucleusos.dev,organization,endpoint_on_apex,1,1
nudg3.ai,organization,endpoint_on_apex|verified_namespace,1,0
nuepeople.com,organization,endpoint_on_apex,1,1
nukez.xyz,organization,endpoint_on_apex,1,1
nullary.ai,organization,endpoint_on_apex|verified_namespace,1,0
nullcone.ai,organization,endpoint_on_apex,1,1
nullpath.com,organization,endpoint_on_apex|verified_namespace,1,0
numbers-counseling-sub-emperor.trycloudflare.com,organization,endpoint_on_apex,1,1
numbers.online,organization,endpoint_on_apex|verified_namespace,1,0
numbru.com,organization,verified_namespace,1,0
numbru.workers.dev,organization,endpoint_on_apex,1,1
numeratica.com,organization,endpoint_on_apex|verified_namespace,1,0
numertel.pl,organization,endpoint_on_apex|verified_namespace,1,0
numproof.com,organization,endpoint_on_apex,1,1
nuria.one,organization,endpoint_on_apex,1,1
nursinghomedatabase.com,organization,endpoint_on_apex|verified_namespace,1,0
nusii.com,organization,endpoint_on_apex|verified_namespace,1,0
nutrition-mcp.com,organization,endpoint_on_apex,1,1
nuzur.com,organization,endpoint_on_apex,1,1
nvidia.com,organization,endpoint_on_apex|verified_namespace,1,0
nvoip.com.br,organization,endpoint_on_apex|verified_namespace,1,0
nyc-property-intel-production.up.railway.app,organization,endpoint_on_apex,1,1
nycrestaurantweek.app,organization,endpoint_on_apex,1,1
nymbo.net,organization,endpoint_on_apex|verified_namespace,1,0
nyu.edu,organization,endpoint_on_apex,1,1
nyuchi.com,organization,endpoint_on_apex,1,1
nyx-intelligence.com,organization,verified_namespace,1,0
nyxory.com,organization,endpoint_on_apex|verified_namespace,1,0
nzxplorer.co.nz,organization,endpoint_on_apex,1,1
o11r.com,organization,endpoint_on_apex|verified_namespace,1,0
oakallow.io,organization,endpoint_on_apex,1,1
oasdiff.com,organization,endpoint_on_apex,1,1
oathlayer.com,organization,endpoint_on_apex,1,1
oathready.ca,organization,endpoint_on_apex|verified_namespace,1,0
obaron.ai,organization,endpoint_on_apex|verified_namespace,1,0
obfus.link,organization,endpoint_on_apex|verified_namespace,1,0
objekt.sh,organization,verified_namespace,1,0
oblique.markets,organization,endpoint_on_apex|verified_namespace,1,0
obol-mcp.fly.dev,organization,endpoint_on_apex,1,1
obol-x402.fly.dev,organization,verified_namespace,1,0
obolpay.xyz,organization,endpoint_on_apex,1,1
obris.ai,organization,endpoint_on_apex|verified_namespace,1,0
obriym-crm.com,organization,endpoint_on_apex|verified_namespace,1,0
obsideo.io,organization,verified_namespace,1,0
obsidianri.com,organization,endpoint_on_apex,1,1
obsmetrics.com,organization,endpoint_on_apex|verified_namespace,1,0
obto.co,organization,endpoint_on_apex|verified_namespace,1,0
occam.fit,organization,endpoint_on_apex|verified_namespace,1,0
ochinimus.app,organization,endpoint_on_apex,1,1
ocr-extract-x402-production.up.railway.app,organization,endpoint_on_apex,1,1
octo-dock.com,organization,endpoint_on_apex|verified_namespace,1,0
octodamus.com,organization,endpoint_on_apex,1,1
octolens.com,organization,endpoint_on_apex|verified_namespace,1,0
octopad.app,organization,endpoint_on_apex|verified_namespace,1,0
octoparse.com,organization,endpoint_on_apex|verified_namespace,1,0
octoperf.com,organization,endpoint_on_apex,1,1
oddsockets.ai,organization,endpoint_on_apex,1,1
odei.ai,organization,endpoint_on_apex|verified_namespace,1,0
odyssey365.app,organization,verified_namespace,1,0
oecd-mcp-server.onrender.com,organization,endpoint_on_apex,1,1
oeradio.at,organization,endpoint_on_apex,1,1
offensive360.com,organization,verified_namespace,1,0
offerhopper.ai,organization,endpoint_on_apex|verified_namespace,1,0
offnadir-delta.com,organization,endpoint_on_apex|verified_namespace,1,0
offsite.ee,organization,endpoint_on_apex|verified_namespace,1,0
ofia.app,organization,endpoint_on_apex|verified_namespace,1,0
ofixio.es,organization,verified_namespace,1,0
oga-mcp.onrender.com,organization,endpoint_on_apex,1,1
ohio-business-storefront.onrender.com,organization,endpoint_on_apex,1,1
ohmyfin.ai,organization,endpoint_on_apex|verified_namespace,1,0
ohmyposh.dev,organization,endpoint_on_apex|verified_namespace,1,0
ohmywind.fr,organization,endpoint_on_apex|verified_namespace,1,0
oioioi.ai,organization,endpoint_on_apex,1,1
okahu.co,organization,endpoint_on_apex|verified_namespace,1,0
okareo.com,organization,endpoint_on_apex|verified_namespace,1,0
okdocai.com,organization,endpoint_on_apex|verified_namespace,1,0
okrstud.io,organization,endpoint_on_apex|verified_namespace,1,0
oksigenia.com,organization,verified_namespace,1,0
oktopus.lat,organization,endpoint_on_apex|verified_namespace,1,0
okunkoneosa.fi,organization,endpoint_on_apex|verified_namespace,1,0
oldcarsdata.com,organization,endpoint_on_apex|verified_namespace,1,0
oleander.dev,organization,endpoint_on_apex|verified_namespace,1,0
olefutebol.com.br,organization,endpoint_on_apex,1,1
olympus-bets.com,organization,endpoint_on_apex|verified_namespace,1,0
omardev.xyz,organization,endpoint_on_apex,1,1
omfang.io,organization,endpoint_on_apex|verified_namespace,1,0
omnarai.vercel.app,organization,endpoint_on_apex,1,1
omnidim.io,organization,endpoint_on_apex,1,1
omniology-engine.fly.dev,organization,endpoint_on_apex,1,1
omnioracle.workers.dev,organization,endpoint_on_apex,1,1
onboard.io,organization,endpoint_on_apex,1,1
onbrightsite.com,organization,endpoint_on_apex,1,1
onchain-ai.xyz,organization,endpoint_on_apex,1,1
onchainagentintel.io,organization,endpoint_on_apex|verified_namespace,1,0
onchainalphamcp.link,organization,endpoint_on_apex|verified_namespace,1,0
onchaindiligence.com,organization,endpoint_on_apex|verified_namespace,1,0
oncofiles.com,organization,endpoint_on_apex,1,1
onehaus.app,organization,endpoint_on_apex|verified_namespace,1,0
oneheartesim.com,organization,endpoint_on_apex|verified_namespace,1,0
onekash.org,organization,verified_namespace,1,0
onelasso.com,organization,verified_namespace,1,0
onelens.cloud,organization,endpoint_on_apex,1,1
onelore.ai,organization,endpoint_on_apex|verified_namespace,1,0
onepagecrm.com,organization,endpoint_on_apex|verified_namespace,1,0
oneprism.io,organization,endpoint_on_apex|verified_namespace,1,0
oneqaz.com,organization,endpoint_on_apex,1,1
oneschema.co,organization,endpoint_on_apex|verified_namespace,1,0
oneshotpacks.com,organization,verified_namespace,1,0
onesource.io,organization,verified_namespace,1,0
onikora.com,organization,endpoint_on_apex,1,1
onkernel.com,organization,endpoint_on_apex|verified_namespace,1,0
onlineshippingcalculator.com,organization,endpoint_on_apex|verified_namespace,1,0
onlyharness.com,organization,endpoint_on_apex|verified_namespace,1,0
onlyoffice.com,organization,endpoint_on_apex,1,1
onlyworlds.com,organization,endpoint_on_apex|verified_namespace,1,0
onplana.com,organization,endpoint_on_apex,1,1
ontarioprotocol.com,organization,endpoint_on_apex|verified_namespace,1,0
ontoramp-decision-intelligence.fly.dev,organization,endpoint_on_apex,1,1
ontoramp-graph-query.fly.dev,organization,endpoint_on_apex,1,1
ontoramp-knowledge-cartographer.fly.dev,organization,endpoint_on_apex,1,1
ontoramp-transformation-radar.fly.dev,organization,endpoint_on_apex,1,1
onvibe.run,organization,endpoint_on_apex|verified_namespace,1,0
onyx-actions.onrender.com,organization,endpoint_on_apex,1,1
onzero.ai,organization,endpoint_on_apex|verified_namespace,1,0
oobeprotocol.ai,organization,endpoint_on_apex|verified_namespace,1,0
ootworacle.com,organization,endpoint_on_apex|verified_namespace,1,0
op0.workers.dev,organization,endpoint_on_apex,1,1
opchain.dev,organization,endpoint_on_apex,1,1
opedd.com,organization,endpoint_on_apex|verified_namespace,1,0
open-and-async.com,organization,verified_namespace,1,0
open.video,organization,endpoint_on_apex|verified_namespace,1,0
openaccountants.com,organization,endpoint_on_apex,1,1
openaeo.dev,organization,verified_namespace,1,0
openaffiliate.dev,organization,endpoint_on_apex,1,1
openagenda.com,organization,endpoint_on_apex|verified_namespace,1,0
openagreements.ai,organization,endpoint_on_apex,1,1
openagreements.org,organization,endpoint_on_apex,1,1
openakashic.com,organization,endpoint_on_apex,1,1
openalpha.app,organization,endpoint_on_apex,1,1
openarchieven.nl,organization,endpoint_on_apex,1,1
openarx.ai,organization,endpoint_on_apex|verified_namespace,1,0
openaso.ai,organization,endpoint_on_apex|verified_namespace,1,0
openbrowser.me,organization,verified_namespace,1,0
openbudget.sh,organization,endpoint_on_apex|verified_namespace,1,0
opencapital.sh,organization,endpoint_on_apex|verified_namespace,1,0
opencaselaw.ch,organization,endpoint_on_apex|verified_namespace,1,0
openchainbench.com,organization,endpoint_on_apex,1,1
openclaw.direct,organization,endpoint_on_apex|verified_namespace,1,0
openclip.app,organization,endpoint_on_apex|verified_namespace,1,0
opencovenant.org,organization,verified_namespace,1,0
opencrater.to,organization,endpoint_on_apex,1,1
opendata.cat,organization,endpoint_on_apex,1,1
opendealer.app,organization,endpoint_on_apex|verified_namespace,1,0
openfab-22100483453.us-central1.run.app,organization,endpoint_on_apex,1,1
openfeature.dev,organization,verified_namespace,1,0
openheritage.online,organization,endpoint_on_apex,1,1
openhousecopilot.com,organization,endpoint_on_apex|verified_namespace,1,0
openlmnp.fr,organization,endpoint_on_apex,1,1
openmandate.ai,organization,endpoint_on_apex|verified_namespace,1,0
openmedici.com,organization,endpoint_on_apex|verified_namespace,1,0
openpost.social,organization,endpoint_on_apex,1,1
openqr.uk,organization,endpoint_on_apex,1,1
openshorts.app,organization,endpoint_on_apex,1,1
openswissdata.com,organization,endpoint_on_apex,1,1
opentweet.io,organization,verified_namespace,1,0
openunfurl.vercel.app,organization,endpoint_on_apex,1,1
openvan.camp,organization,endpoint_on_apex,1,1
openworkdays.vercel.app,organization,endpoint_on_apex,1,1
operandi.cc,organization,verified_namespace,1,0
ophis.fi,organization,endpoint_on_apex|verified_namespace,1,0
opinly.ai,organization,endpoint_on_apex|verified_namespace,1,0
opneclaw.cn,organization,endpoint_on_apex,1,1
opplevagent.no,organization,endpoint_on_apex,1,1
opsera.dev,organization,endpoint_on_apex,1,1
opsera.io,organization,endpoint_on_apex|verified_namespace,1,0
opslevel.com,organization,endpoint_on_apex|verified_namespace,1,0
opsmill.com,organization,verified_namespace,1,0
optiai.me,organization,endpoint_on_apex|verified_namespace,1,0
optimly.ai,organization,endpoint_on_apex|verified_namespace,1,0
optionsahoy.com,organization,endpoint_on_apex,1,1
optionsanalysissuite.com,organization,endpoint_on_apex|verified_namespace,1,0
optionsbell.com,organization,endpoint_on_apex|verified_namespace,1,0
opula.io,organization,endpoint_on_apex,1,1
opus-growth.com,organization,endpoint_on_apex,1,1
opus.pro,organization,endpoint_on_apex,1,1
opuslog.vercel.app,organization,endpoint_on_apex,1,1
oracles-production.up.railway.app,organization,endpoint_on_apex,1,1
orangepeel.to,organization,endpoint_on_apex|verified_namespace,1,0
orangepro.ai,organization,verified_namespace,1,0
oravan.org,organization,endpoint_on_apex|verified_namespace,1,0
orbator.io,organization,endpoint_on_apex|verified_namespace,1,0
orbiads.com,organization,endpoint_on_apex,1,1
orbisapi.com,organization,endpoint_on_apex,1,1
orbismo.com,organization,endpoint_on_apex|verified_namespace,1,0
orbit-zero-9.workers.dev,organization,endpoint_on_apex,1,1
orbiteos.cloud,organization,endpoint_on_apex,1,1
orbt.finance,organization,verified_namespace,1,0
orbuc.io,organization,endpoint_on_apex,1,1
orchardagentic.workers.dev,organization,endpoint_on_apex,1,1
orcool.com,organization,endpoint_on_apex,1,1
orderbook-depth-x402-production.up.railway.app,organization,endpoint_on_apex,1,1
oreilly.com,organization,endpoint_on_apex,1,1
organic-text-mcp.vercel.app,organization,endpoint_on_apex,1,1
organicwebchecker.com,organization,endpoint_on_apex,1,1
organikpi.com,organization,endpoint_on_apex|verified_namespace,1,0
orggen.ai,organization,endpoint_on_apex|verified_namespace,1,0
orgsdk.ai,organization,endpoint_on_apex|verified_namespace,1,0
origami-entreprises.fr,organization,endpoint_on_apex|verified_namespace,1,0
origineparis.com,organization,endpoint_on_apex|verified_namespace,1,0
origingrid.net,organization,endpoint_on_apex|verified_namespace,1,0
orionlabsone.cc,organization,endpoint_on_apex|verified_namespace,1,0
orioralabs.com,organization,endpoint_on_apex|verified_namespace,1,0
orisha-data.com,organization,verified_namespace,1,0
orivox.org,organization,endpoint_on_apex|verified_namespace,1,0
oro-intel.com,organization,endpoint_on_apex,1,1
orsf.sk,organization,verified_namespace,1,0
orshot.com,organization,endpoint_on_apex|verified_namespace,1,0
orthotomeo.app,organization,endpoint_on_apex,1,1
osamahassouna.com,organization,endpoint_on_apex,1,1
osf-master-server.com,organization,endpoint_on_apex,1,1
oss-intel-mcp-production.up.railway.app,organization,endpoint_on_apex,1,1
othmen-mohammadi.workers.dev,organization,endpoint_on_apex,1,1
ottasia.com,organization,endpoint_on_apex,1,1
ottodata.app,organization,endpoint_on_apex|verified_namespace,1,0
ottotheagent.com,organization,endpoint_on_apex|verified_namespace,1,0
ou-reports.com,organization,endpoint_on_apex|verified_namespace,1,0
outagedeck.com,organization,endpoint_on_apex|verified_namespace,1,0
outdoorithm.com,organization,endpoint_on_apex,1,1
outlit.ai,organization,endpoint_on_apex|verified_namespace,1,0
outliyr.com,organization,endpoint_on_apex|verified_namespace,1,0
outris.com,organization,endpoint_on_apex,1,1
outscraper.com,organization,endpoint_on_apex,1,1
outset.ai,organization,endpoint_on_apex|verified_namespace,1,0
overcomestress.io,organization,endpoint_on_apex,1,1
overlayqa.com,organization,verified_namespace,1,0
ovhcloud.com,organization,verified_namespace,1,0
ovrsea.com,organization,endpoint_on_apex|verified_namespace,1,0
owlgrouptrading.com,organization,endpoint_on_apex|verified_namespace,1,0
owlx.app,organization,endpoint_on_apex|verified_namespace,1,0
ownership-provenance-protocol.replit.app,organization,endpoint_on_apex,1,1
oxylabs.io,organization,verified_namespace,1,0
oyosihxkecspjkiligga.supabase.co,organization,endpoint_on_apex,1,1
ozma.app,organization,endpoint_on_apex,1,1
ozor.ai,organization,endpoint_on_apex,1,1
p7n.tech,organization,endpoint_on_apex|verified_namespace,1,0
pabs.co.nz,organization,endpoint_on_apex,1,1
packageguard-k4s4.onrender.com,organization,endpoint_on_apex,1,1
packagento.com,organization,endpoint_on_apex|verified_namespace,1,0
packagesmcp-perception-production.up.railway.app,organization,endpoint_on_apex,1,1
packmind.ai,organization,endpoint_on_apex|verified_namespace,1,0
packrift.com,organization,endpoint_on_apex,1,1
packzoo.com,organization,endpoint_on_apex,1,1
pactlayer.io,organization,endpoint_on_apex,1,1
pactlio.com,organization,endpoint_on_apex|verified_namespace,1,0
padel.how,organization,endpoint_on_apex|verified_namespace,1,0
pagecrawl.io,organization,endpoint_on_apex,1,1
pagelens.dev,organization,endpoint_on_apex|verified_namespace,1,0
pagelensai.com,organization,endpoint_on_apex,1,1
pagelive.io,organization,endpoint_on_apex|verified_namespace,1,0
paichart.app,organization,endpoint_on_apex|verified_namespace,1,0
painspotter.ai,organization,endpoint_on_apex|verified_namespace,1,0
pairgora.com,organization,endpoint_on_apex,1,1
pairoa.com,organization,endpoint_on_apex|verified_namespace,1,0
pak-labs.com,organization,endpoint_on_apex,1,1
palatemcp.com,organization,endpoint_on_apex|verified_namespace,1,0
palisade.email,organization,endpoint_on_apex|verified_namespace,1,0
palmyr.ai,organization,endpoint_on_apex|verified_namespace,1,0
pandadoc.com,organization,endpoint_on_apex|verified_namespace,1,0
pandev-metrics.com,organization,endpoint_on_apex,1,1
pantheon.run,organization,endpoint_on_apex|verified_namespace,1,0
pantryaide.com,organization,endpoint_on_apex|verified_namespace,1,0
pantrypersona.com,organization,endpoint_on_apex|verified_namespace,1,0
pantts.com,organization,endpoint_on_apex|verified_namespace,1,0
panya.health,organization,endpoint_on_apex,1,1
papacasper.com,organization,endpoint_on_apex|verified_namespace,1,0
papayapay.com,organization,endpoint_on_apex|verified_namespace,1,0
paperdock.dev,organization,endpoint_on_apex|verified_namespace,1,0
paperee.co.kr,organization,endpoint_on_apex|verified_namespace,1,0
paperlantern.ai,organization,endpoint_on_apex|verified_namespace,1,0
paperlink.online,organization,endpoint_on_apex|verified_namespace,1,0
papersflow.ai,organization,endpoint_on_apex,1,1
papertext.app,organization,endpoint_on_apex|verified_namespace,1,0
paraiso.sampa.br,organization,endpoint_on_apex,1,1
paralelo.bo,organization,endpoint_on_apex|verified_namespace,1,0
parallaxvinc.com,organization,endpoint_on_apex|verified_namespace,1,0
parallect.ai,organization,endpoint_on_apex,1,1
parceled.ai,organization,endpoint_on_apex|verified_namespace,1,0
parcellaunch.com,organization,endpoint_on_apex|verified_namespace,1,0
parkinzi.com,organization,endpoint_on_apex|verified_namespace,1,0
parlay.run,organization,endpoint_on_apex|verified_namespace,1,0
parse.gl,organization,endpoint_on_apex|verified_namespace,1,0
parsebounce.com,organization,endpoint_on_apex|verified_namespace,1,0
parsley.id,organization,endpoint_on_apex,1,1
parsons.ai,organization,endpoint_on_apex,1,1
partglyph.com,organization,endpoint_on_apex|verified_namespace,1,0
particle.pro,organization,endpoint_on_apex|verified_namespace,1,0
partreel.com,organization,endpoint_on_apex,1,1
partstable.com,organization,endpoint_on_apex|verified_namespace,1,0
pasal.id,organization,endpoint_on_apex,1,1
password-strength-x402-production.up.railway.app,organization,endpoint_on_apex,1,1
pasteapp.io,organization,verified_namespace,1,0
pastehtml.dev,organization,endpoint_on_apex|verified_namespace,1,0
pastemd.io,organization,endpoint_on_apex,1,1
pastepile.com,organization,endpoint_on_apex|verified_namespace,1,0
pastesheet.com,organization,endpoint_on_apex|verified_namespace,1,0
pastml.com,organization,endpoint_on_apex,1,1
patchistry-mcp-server.vercel.app,organization,endpoint_on_apex,1,1
patchrooms.com,organization,endpoint_on_apex,1,1
patent-intel-mcp-production.up.railway.app,organization,endpoint_on_apex,1,1
patent.dev,organization,endpoint_on_apex|verified_namespace,1,0
patentprecheck.com,organization,endpoint_on_apex,1,1
pathbound.ai,organization,endpoint_on_apex|verified_namespace,1,0
pathcoursehealth.com,organization,verified_namespace,1,0
pathin.me,organization,endpoint_on_apex|verified_namespace,1,0
pathrule.io,organization,endpoint_on_apex|verified_namespace,1,0
patsnap.com,organization,endpoint_on_apex,1,1
patternfetch.com,organization,endpoint_on_apex,1,1
pawlisty.com,organization,endpoint_on_apex|verified_namespace,1,0
paxai.app,organization,endpoint_on_apex,1,1
paycrow-app.fly.dev,organization,endpoint_on_apex,1,1
payflowagent.net,organization,verified_namespace,1,0
payments.ai,organization,verified_namespace,1,0
payotte.workers.dev,organization,endpoint_on_apex,1,1
paypal.com,organization,endpoint_on_apex|verified_namespace,1,0
payperbyte.io,organization,endpoint_on_apex,1,1
payram.com,organization,endpoint_on_apex,1,1
paysafe-agent.com,organization,verified_namespace,1,0
pcghrrzwqshejvifoxjq.supabase.co,organization,endpoint_on_apex,1,1
pdf-generator-x402-production.up.railway.app,organization,endpoint_on_apex,1,1
pdf-redaction.com,organization,endpoint_on_apex|verified_namespace,1,0
pdf-tables-mcp.vercel.app,organization,endpoint_on_apex,1,1
pdf2md.dev,organization,endpoint_on_apex|verified_namespace,1,0
pdf4me.com,organization,endpoint_on_apex,1,1
pdfassistant.ai,organization,endpoint_on_apex|verified_namespace,1,0
pdfgate.com,organization,verified_namespace,1,0
pdfhaul.com,organization,endpoint_on_apex|verified_namespace,1,0
pdfinvoiceapi.com,organization,endpoint_on_apex|verified_namespace,1,0
pdfmakerapi.com,organization,endpoint_on_apex,1,1
pdfops.dev,organization,verified_namespace,1,0
pdfrender.dev,organization,endpoint_on_apex|verified_namespace,1,0
pdfzen.site,organization,endpoint_on_apex|verified_namespace,1,0
pearl.com,organization,endpoint_on_apex|verified_namespace,1,0
peek.com,organization,endpoint_on_apex|verified_namespace,1,0
peeptrend.com,organization,verified_namespace,1,0
peerlytics.xyz,organization,endpoint_on_apex|verified_namespace,1,0
peerpush.com,organization,endpoint_on_apex|verified_namespace,1,0
peil.app,organization,verified_namespace,1,0
penantiaglobal.workers.dev,organization,endpoint_on_apex,1,1
pencil.ink,organization,endpoint_on_apex,1,1
penfield.app,organization,endpoint_on_apex,1,1
penlog.app,organization,endpoint_on_apex|verified_namespace,1,0
pensiata.me,organization,endpoint_on_apex,1,1
pentatrail.co,organization,verified_namespace,1,0
pentest-tools.com,organization,endpoint_on_apex|verified_namespace,1,0
pentonym.com,organization,endpoint_on_apex|verified_namespace,1,0
pepesto.com,organization,endpoint_on_apex,1,1
pepita.dev,organization,endpoint_on_apex|verified_namespace,1,0
pepys.co,organization,endpoint_on_apex|verified_namespace,1,0
perceptdot.com,organization,endpoint_on_apex,1,1
perception.to,organization,endpoint_on_apex,1,1
percher.app,organization,endpoint_on_apex|verified_namespace,1,0
perigeetides.com,organization,endpoint_on_apex,1,1
periodfinder.com,organization,endpoint_on_apex,1,1
periodix.net,organization,endpoint_on_apex|verified_namespace,1,0
periskop.ai,organization,endpoint_on_apex,1,1
permit-api-production-7375.up.railway.app,organization,endpoint_on_apex,1,1
perpvue.xyz,organization,endpoint_on_apex|verified_namespace,1,0
persnickety.bot,organization,endpoint_on_apex|verified_namespace,1,0
person-enrichment-x402-production.up.railway.app,organization,endpoint_on_apex,1,1
persona-mcp-server.onrender.com,organization,endpoint_on_apex,1,1
persuadioai.com,organization,endpoint_on_apex|verified_namespace,1,0
pestprocrm.com,organization,endpoint_on_apex,1,1
petabloom.com,organization,endpoint_on_apex|verified_namespace,1,0
petal.build,organization,endpoint_on_apex,1,1
petforai.com,organization,endpoint_on_apex|verified_namespace,1,0
petraport.ai,organization,endpoint_on_apex|verified_namespace,1,0
pfx.ch,organization,endpoint_on_apex|verified_namespace,1,0
pga.com,organization,endpoint_on_apex|verified_namespace,1,0
phano.ai,organization,endpoint_on_apex|verified_namespace,1,0
pharaoh.so,organization,endpoint_on_apex|verified_namespace,1,0
phasefolio.com,organization,endpoint_on_apex|verified_namespace,1,0
philadelphiarestoration.org,organization,endpoint_on_apex,1,1
philidor.io,organization,endpoint_on_apex|verified_namespace,1,0
philongevity.com,organization,endpoint_on_apex,1,1
phishunt.io,organization,endpoint_on_apex,1,1
phone-mcp.com,organization,endpoint_on_apex|verified_namespace,1,0
phone-validation-x402-production.up.railway.app,organization,endpoint_on_apex,1,1
phronesisintel.com,organization,endpoint_on_apex|verified_namespace,1,0
physea.ai,organization,endpoint_on_apex|verified_namespace,1,0
pi22by7.me,organization,verified_namespace,1,0
picaos.com,organization,verified_namespace,1,0
picdefense.io,organization,endpoint_on_apex,1,1
pickanagency.com,organization,endpoint_on_apex,1,1
pickleball3.com,organization,endpoint_on_apex,1,1
pickrate.io,organization,endpoint_on_apex|verified_namespace,1,0
picoads.xyz,organization,endpoint_on_apex|verified_namespace,1,0
picsart.com,organization,endpoint_on_apex|verified_namespace,1,0
picsee.io,organization,endpoint_on_apex|verified_namespace,1,0
pictify.io,organization,endpoint_on_apex,1,1
pictomancer.ai,organization,endpoint_on_apex|verified_namespace,1,0
pieterpost.com,organization,endpoint_on_apex,1,1
pifini.net,organization,endpoint_on_apex|verified_namespace,1,0
pii-detector-x402-production.up.railway.app,organization,endpoint_on_apex,1,1
pikasim.com,organization,endpoint_on_apex|verified_namespace,1,0
pillargtm.com,organization,endpoint_on_apex|verified_namespace,1,0
pilotgentic.com,organization,verified_namespace,1,0
pimea.ai,organization,endpoint_on_apex|verified_namespace,1,0
pinappai.com,organization,endpoint_on_apex|verified_namespace,1,0
pinchwork.dev,organization,endpoint_on_apex,1,1
pinelabs.com,organization,endpoint_on_apex,1,1
pinescript-mcp.fly.dev,organization,endpoint_on_apex,1,1
pingfyr.com,organization,endpoint_on_apex|verified_namespace,1,0
pingram.io,organization,verified_namespace,1,0
pingvalid.com,organization,endpoint_on_apex|verified_namespace,1,0
pingvera.com,organization,endpoint_on_apex|verified_namespace,1,0
pingwa.dev,organization,endpoint_on_apex,1,1
pingzen.dev,organization,endpoint_on_apex|verified_namespace,1,0
pinheiros.sampa.br,organization,endpoint_on_apex,1,1
pinnacleblooms.org,organization,endpoint_on_apex|verified_namespace,1,0
pinsuite.app,organization,endpoint_on_apex|verified_namespace,1,0
pipe2.ai,organization,endpoint_on_apex|verified_namespace,1,0
pipehero.app,organization,endpoint_on_apex,1,1
piqod.it,organization,endpoint_on_apex|verified_namespace,1,0
piranha-api.onrender.com,organization,endpoint_on_apex,1,1
piranha-ghcr.onrender.com,organization,endpoint_on_apex,1,1
pirchjobs.com,organization,endpoint_on_apex|verified_namespace,1,0
piszczek.pl,organization,verified_namespace,1,0
pitbridge.com,organization,verified_namespace,1,0
pitchcentric.com,organization,endpoint_on_apex|verified_namespace,1,0
pitchdeck-auto-mcp.vercel.app,organization,endpoint_on_apex,1,1
pitchghost.com,organization,endpoint_on_apex,1,1
pitchiq-mcp-production.up.railway.app,organization,endpoint_on_apex,1,1
piu-copy-mcp-production.up.railway.app,organization,endpoint_on_apex,1,1
pixeldrive.pro,organization,endpoint_on_apex|verified_namespace,1,0
pixelgust.com,organization,endpoint_on_apex|verified_namespace,1,0
pixelixe.com,organization,endpoint_on_apex|verified_namespace,1,0
pixelvault.dev,organization,endpoint_on_apex,1,1
pixie-vacations-mcp-production.up.railway.app,organization,endpoint_on_apex,1,1
pixserp.com,organization,endpoint_on_apex|verified_namespace,1,0
pjq.life,organization,endpoint_on_apex|verified_namespace,1,0
pkgseek.com,organization,endpoint_on_apex,1,1
placepack.top,organization,endpoint_on_apex|verified_namespace,1,0
plainquery.in,organization,endpoint_on_apex,1,1
plainsight.pro,organization,endpoint_on_apex|verified_namespace,1,0
planable.io,organization,endpoint_on_apex|verified_namespace,1,0
planexe.org,organization,endpoint_on_apex,1,1
planitprima.com,organization,endpoint_on_apex,1,1
planningcenter.com,organization,verified_namespace,1,0
planningcenteronline.com,organization,endpoint_on_apex,1,1
plantrip.io,organization,verified_namespace,1,0
planwright.tools,organization,endpoint_on_apex|verified_namespace,1,0
plataform-connect.workers.dev,organization,endpoint_on_apex,1,1
plate.to,organization,endpoint_on_apex|verified_namespace,1,0
plates-spread-materials-optimum.trycloudflare.com,organization,endpoint_on_apex|verified_namespace,1,0
platfone.com,organization,endpoint_on_apex,1,1
platform.uno,organization,endpoint_on_apex|verified_namespace,1,0
plati.market,organization,endpoint_on_apex|verified_namespace,1,0
playbykey.com,organization,verified_namespace,1,0
playcallerapp.com,organization,endpoint_on_apex|verified_namespace,1,0
playfrog.games,organization,endpoint_on_apex|verified_namespace,1,0
pleaseremind.com,organization,endpoint_on_apex,1,1
plentopasto.com,organization,verified_namespace,1,0
plero.ai,organization,endpoint_on_apex|verified_namespace,1,0
plith.ai,organization,endpoint_on_apex|verified_namespace,1,0
plixana.com,organization,endpoint_on_apex|verified_namespace,1,0
ploi.cloud,organization,endpoint_on_apex,1,1
plori.ai,organization,endpoint_on_apex|verified_namespace,1,0
plugrail.dev,organization,endpoint_on_apex|verified_namespace,1,0
plurality.network,organization,endpoint_on_apex|verified_namespace,1,0
plyrium.com,organization,endpoint_on_apex,1,1
plyto.ai,organization,endpoint_on_apex|verified_namespace,1,0
pm-33.io,organization,endpoint_on_apex|verified_namespace,1,0
pnllabs.com,organization,endpoint_on_apex,1,1
pntr.dev,organization,verified_namespace,1,0
po6.com,organization,endpoint_on_apex|verified_namespace,1,0
pocketdrives.ai,organization,endpoint_on_apex|verified_namespace,1,0
podcast-shorts-a2a-production.up.railway.app,organization,endpoint_on_apex,1,1
podkitapp.com,organization,endpoint_on_apex|verified_namespace,1,0
podpast.ai,organization,endpoint_on_apex,1,1
podstow.app,organization,endpoint_on_apex|verified_namespace,1,0
pody.io,organization,endpoint_on_apex,1,1
pointifytravels.com,organization,endpoint_on_apex|verified_namespace,1,0
pokeka.xyz,organization,endpoint_on_apex|verified_namespace,1,0
pokes.dev,organization,endpoint_on_apex|verified_namespace,1,0
policyforge.co,organization,endpoint_on_apex|verified_namespace,1,0
politikdata.dk,organization,endpoint_on_apex|verified_namespace,1,0
pollar.news,organization,endpoint_on_apex|verified_namespace,1,0
pollbolt.com,organization,endpoint_on_apex,1,1
polsia.app,organization,endpoint_on_apex,1,1
polybridge.ai,organization,endpoint_on_apex,1,1
polydoc.tech,organization,verified_namespace,1,0
polyglot-debugger-mcp.vercel.app,organization,endpoint_on_apex,1,1
polygraph.so,organization,endpoint_on_apex,1,1
polymarket-intel-production.up.railway.app,organization,endpoint_on_apex,1,1
polystrike.xyz,organization,endpoint_on_apex,1,1
ponito.com,organization,endpoint_on_apex|verified_namespace,1,0
ponlo.ai,organization,verified_namespace,1,0
poolparty.io,organization,endpoint_on_apex|verified_namespace,1,0
popdot.ai,organization,endpoint_on_apex|verified_namespace,1,0
pops4.com,organization,endpoint_on_apex,1,1
port-scanner-x402-production.up.railway.app,organization,endpoint_on_apex,1,1
port.io,organization,endpoint_on_apex|verified_namespace,1,0
portfolio-signals-mcp.fly.dev,organization,endpoint_on_apex,1,1
portfolio.fit,organization,endpoint_on_apex|verified_namespace,1,0
portlandmaps-mcp.vercel.app,organization,endpoint_on_apex,1,1
portscan.com,organization,endpoint_on_apex|verified_namespace,1,0
pos.do,organization,endpoint_on_apex,1,1
poshkan.com,organization,endpoint_on_apex,1,1
positif.ai,organization,verified_namespace,1,0
post-bridge.com,organization,endpoint_on_apex,1,1
post-pulse.com,organization,endpoint_on_apex|verified_namespace,1,0
postagent.sh,organization,endpoint_on_apex,1,1
postapp.win,organization,endpoint_on_apex|verified_namespace,1,0
postari.io,organization,endpoint_on_apex,1,1
postassembly.com,organization,endpoint_on_apex|verified_namespace,1,0
postcodeproperty.ai,organization,endpoint_on_apex,1,1
postcopilot.ai,organization,endpoint_on_apex,1,1
poster.ly,organization,endpoint_on_apex,1,1
posteverywhere.ai,organization,endpoint_on_apex|verified_namespace,1,0
postgate-ai.com,organization,endpoint_on_apex|verified_namespace,1,0
posthell.com,organization,endpoint_on_apex,1,1
posthog.com,organization,endpoint_on_apex,1,1
postking.app,organization,endpoint_on_apex,1,1
postlake.dev,organization,endpoint_on_apex|verified_namespace,1,0
postlia.com,organization,endpoint_on_apex|verified_namespace,1,0
postman.com,organization,endpoint_on_apex|verified_namespace,1,0
postproxy.dev,organization,endpoint_on_apex|verified_namespace,1,0
postrippl.com,organization,endpoint_on_apex|verified_namespace,1,0
potarix.com,organization,endpoint_on_apex,1,1
potomacledger.com,organization,endpoint_on_apex|verified_namespace,1,0
potto.app,organization,endpoint_on_apex|verified_namespace,1,0
powerdmarc.com,organization,verified_namespace,1,0
powerline.ai,organization,endpoint_on_apex|verified_namespace,1,0
powerpointengine.io,organization,endpoint_on_apex|verified_namespace,1,0
powerstationplatform.com,organization,endpoint_on_apex|verified_namespace,1,0
powersun.vip,organization,endpoint_on_apex,1,1
ppn-hub.com,organization,endpoint_on_apex|verified_namespace,1,0
pptogo.com,organization,endpoint_on_apex,1,1
praatmetjeboekhouding.nl,organization,endpoint_on_apex|verified_namespace,1,0
precis.finance,organization,endpoint_on_apex,1,1
preclick.ai,organization,endpoint_on_apex|verified_namespace,1,0
prediction-markets-production-3e07.up.railway.app,organization,endpoint_on_apex,1,1
prediction-markets-x402-production.up.railway.app,organization,endpoint_on_apex,1,1
prediction-router-chi.vercel.app,organization,endpoint_on_apex,1,1
predictionmarketspicks.com,organization,endpoint_on_apex|verified_namespace,1,0
predictleads.com,organization,endpoint_on_apex|verified_namespace,1,0
prediohq.com,organization,endpoint_on_apex|verified_namespace,1,0
predixsport.com,organization,endpoint_on_apex|verified_namespace,1,0
predmcp.com,organization,endpoint_on_apex,1,1
predme.com,organization,verified_namespace,1,0
preflyte.xyz,organization,endpoint_on_apex|verified_namespace,1,0
prelim.chat,organization,endpoint_on_apex|verified_namespace,1,0
prelude.co.nz,organization,endpoint_on_apex|verified_namespace,1,0
prereason.com,organization,endpoint_on_apex|verified_namespace,1,0
presentations.ai,organization,endpoint_on_apex|verified_namespace,1,0
presenterprep.com,organization,endpoint_on_apex|verified_namespace,1,0
presio.xyz,organization,endpoint_on_apex|verified_namespace,1,0
pressbooks.ch,organization,endpoint_on_apex,1,1
presso.now,organization,endpoint_on_apex|verified_namespace,1,0
preuve.ai,organization,endpoint_on_apex|verified_namespace,1,0
pricefeed.online,organization,endpoint_on_apex|verified_namespace,1,0
priceparse.com,organization,endpoint_on_apex,1,1
pricepilot-mcp.onrender.com,organization,endpoint_on_apex,1,1
pricetik.com,organization,endpoint_on_apex|verified_namespace,1,0
pricewatcha.com,organization,endpoint_on_apex,1,1
primateintelligence.ai,organization,endpoint_on_apex|verified_namespace,1,0
primerfp.com,organization,endpoint_on_apex|verified_namespace,1,0
primeta.ai,organization,endpoint_on_apex|verified_namespace,1,0
primitive.dev,organization,endpoint_on_apex|verified_namespace,1,0
prince.cloud,organization,endpoint_on_apex|verified_namespace,1,0
print.one,organization,endpoint_on_apex,1,1
printinglabs.com,organization,endpoint_on_apex|verified_namespace,1,0
printyourduck.com,organization,endpoint_on_apex|verified_namespace,1,0
priorify.app,organization,endpoint_on_apex|verified_namespace,1,0
prisma.io,organization,endpoint_on_apex|verified_namespace,1,0
prismclip.com,organization,endpoint_on_apex|verified_namespace,1,0
prismfact.com,organization,endpoint_on_apex|verified_namespace,1,0
prismism.dev,organization,endpoint_on_apex|verified_namespace,1,0
prismix.dev,organization,endpoint_on_apex,1,1
prismsplit.tech,organization,endpoint_on_apex,1,1
private.law,organization,endpoint_on_apex,1,1
privateluke4444.workers.dev,organization,endpoint_on_apex,1,1
prizmad.com,organization,endpoint_on_apex|verified_namespace,1,0
pro.makeup,organization,endpoint_on_apex|verified_namespace,1,0
proagentstore.online,organization,endpoint_on_apex,1,1
probability-everyday-petroleum-herald.trycloudflare.com,organization,endpoint_on_apex,1,1
probitylabs.ai,organization,endpoint_on_apex|verified_namespace,1,0
procureradar.com,organization,endpoint_on_apex,1,1
prodapi.live,organization,endpoint_on_apex,1,1
prodpoke.com,organization,endpoint_on_apex,1,1
productclank.com,organization,endpoint_on_apex|verified_namespace,1,0
productnow-prod.com,organization,endpoint_on_apex,1,1
productnow.ai,organization,verified_namespace,1,0
productsource.io,organization,endpoint_on_apex|verified_namespace,1,0
produktly.com,organization,endpoint_on_apex|verified_namespace,1,0
prodxsolution.com,organization,endpoint_on_apex,1,1
profitelligence.com,organization,endpoint_on_apex,1,1
profitpather.com,organization,endpoint_on_apex|verified_namespace,1,0
proflightsearch.com,organization,endpoint_on_apex|verified_namespace,1,0
progenly.com,organization,endpoint_on_apex|verified_namespace,1,0
programacionsiemens.com,organization,endpoint_on_apex|verified_namespace,1,0
programmes.net,organization,endpoint_on_apex|verified_namespace,1,0
projectpaced.com,organization,endpoint_on_apex|verified_namespace,1,0
prometheus.sv,organization,endpoint_on_apex|verified_namespace,1,0
promolink-mcp.onrender.com,organization,endpoint_on_apex,1,1
promplate.dev,organization,endpoint_on_apex|verified_namespace,1,0
promplate.github.io,organization,endpoint_on_apex,1,1
prompt-refiner-mcp.vercel.app,organization,endpoint_on_apex,1,1
promptarch.ai,organization,endpoint_on_apex|verified_namespace,1,0
promptdna.org,organization,endpoint_on_apex|verified_namespace,1,0
promptfax.app,organization,endpoint_on_apex|verified_namespace,1,0
promptguard.co,organization,verified_namespace,1,0
promptguardscan.space,organization,endpoint_on_apex|verified_namespace,1,0
promptibus.com,organization,verified_namespace,1,0
promptot.com,organization,endpoint_on_apex|verified_namespace,1,0
promptqualityscore.com,organization,endpoint_on_apex,1,1
prompts.chat,organization,endpoint_on_apex,1,1
promptscan.dev,organization,endpoint_on_apex,1,1
promptsharp.ai,organization,endpoint_on_apex|verified_namespace,1,0
promptster.dev,organization,endpoint_on_apex,1,1
promtlabs.ru,organization,endpoint_on_apex|verified_namespace,1,0
prontohq.com,organization,endpoint_on_apex,1,1
proofetch-vektoris-ai-workflows.vercel.app,organization,endpoint_on_apex,1,1
prooflayered.com,organization,endpoint_on_apex|verified_namespace,1,0
proofslip.ai,organization,verified_namespace,1,0
proofx-mcp.fly.dev,organization,endpoint_on_apex,1,1
proompteng.ai,organization,endpoint_on_apex,1,1
propbar.co.uk,organization,endpoint_on_apex|verified_namespace,1,0
propelagent.studio,organization,endpoint_on_apex,1,1
property-shared.fly.dev,organization,endpoint_on_apex,1,1
propertylist.es,organization,endpoint_on_apex|verified_namespace,1,0
propertyscoop.us,organization,endpoint_on_apex|verified_namespace,1,0
proppely.com,organization,endpoint_on_apex,1,1
propraven.com,organization,endpoint_on_apex,1,1
propswot.com,organization,endpoint_on_apex,1,1
propzapi.com,organization,endpoint_on_apex,1,1
prose.coach,organization,endpoint_on_apex|verified_namespace,1,0
prospeo.io,organization,endpoint_on_apex|verified_namespace,1,0
protonote.io,organization,endpoint_on_apex|verified_namespace,1,0
provenio.art,organization,endpoint_on_apex,1,1
providersignal.com,organization,endpoint_on_apex|verified_namespace,1,0
provinglab.dev,organization,endpoint_on_apex|verified_namespace,1,0
provision-stack.com,organization,endpoint_on_apex|verified_namespace,1,0
prowl.chat,organization,endpoint_on_apex|verified_namespace,1,0
prowlo.com,organization,endpoint_on_apex|verified_namespace,1,0
proworker-hosted.onrender.com,organization,endpoint_on_apex,1,1
proximens.nl,organization,endpoint_on_apex,1,1
proxygate.ai,organization,endpoint_on_apex|verified_namespace,1,0
proxykey.org,organization,endpoint_on_apex|verified_namespace,1,0
proxylink-mcp.com,organization,endpoint_on_apex|verified_namespace,1,0
proxyllm.ai,organization,verified_namespace,1,0
prxhub.com,organization,endpoint_on_apex,1,1
pscale.dev,organization,endpoint_on_apex,1,1
psychiatryforkids.com,organization,endpoint_on_apex|verified_namespace,1,0
psychopathia.ai,organization,endpoint_on_apex,1,1
ptyagiegnyte.github.io,organization,endpoint_on_apex,1,1
pubfi.ai,organization,endpoint_on_apex|verified_namespace,1,0
publicdataoracle.com,organization,endpoint_on_apex|verified_namespace,1,0
publicmcp.org,organization,verified_namespace,1,0
publishwith.ai,organization,endpoint_on_apex|verified_namespace,1,0
publora.com,organization,endpoint_on_apex|verified_namespace,1,0
pubscope.org,organization,endpoint_on_apex|verified_namespace,1,0
puckapi.com,organization,endpoint_on_apex,1,1
pullboard.dev,organization,endpoint_on_apex|verified_namespace,1,0
pullpush.ai,organization,endpoint_on_apex|verified_namespace,1,0
pulltrader.app,organization,endpoint_on_apex|verified_namespace,1,0
pulsai.me,organization,endpoint_on_apex|verified_namespace,1,0
pulseem.com,organization,endpoint_on_apex|verified_namespace,1,0
pulsefeed.dev,organization,endpoint_on_apex,1,1
puppetry.com,organization,verified_namespace,1,0
purchaseiq.io,organization,endpoint_on_apex|verified_namespace,1,0
pure-report.fly.dev,organization,endpoint_on_apex,1,1
pure.report,organization,endpoint_on_apex|verified_namespace,1,0
purplegrain.com,organization,endpoint_on_apex|verified_namespace,1,0
pushary.com,organization,endpoint_on_apex,1,1
pushinpay.com.br,organization,verified_namespace,1,0
pushrealm.com,organization,endpoint_on_apex,1,1
puter.com,organization,endpoint_on_apex|verified_namespace,1,0
putput.io,organization,endpoint_on_apex,1,1
pvpwire.com,organization,verified_namespace,1,0
pyrimid.ai,organization,endpoint_on_apex|verified_namespace,1,0
pyth.network,organization,endpoint_on_apex,1,1
qacat.workers.dev,organization,endpoint_on_apex,1,1
qafetzoqccqafbbspjcp.supabase.co,organization,endpoint_on_apex,1,1
qahxbracftdyarpzplzf.supabase.co,organization,endpoint_on_apex,1,1
qarera.com,organization,endpoint_on_apex|verified_namespace,1,0
qase.io,organization,endpoint_on_apex|verified_namespace,1,0
qasper.ai,organization,endpoint_on_apex,1,1
qeaas.eu,organization,endpoint_on_apex|verified_namespace,1,0
qencode.com,organization,endpoint_on_apex|verified_namespace,1,0
qinisolabs.workers.dev,organization,endpoint_on_apex,1,1
qmailing.com,organization,endpoint_on_apex|verified_namespace,1,0
qnevt.com,organization,endpoint_on_apex,1,1
qoory.ai,organization,endpoint_on_apex,1,1
qorenext.com,organization,endpoint_on_apex,1,1
qr-code-x402-production.up.railway.app,organization,endpoint_on_apex,1,1
qr-manager.ai,organization,endpoint_on_apex|verified_namespace,1,0
qrcodly.de,organization,endpoint_on_apex|verified_namespace,1,0
qretro.com,organization,endpoint_on_apex|verified_namespace,1,0
qronoplay.com,organization,verified_namespace,1,0
qronoplay.fr,organization,endpoint_on_apex,1,1
qrrapido.site,organization,endpoint_on_apex|verified_namespace,1,0
qrstuff.ai,organization,endpoint_on_apex,1,1
qrverloz.com,organization,endpoint_on_apex,1,1
qsearch.pro,organization,endpoint_on_apex,1,1
qsimhealth.com,organization,endpoint_on_apex|verified_namespace,1,0
qt.io,organization,endpoint_on_apex|verified_namespace,1,0
quackr.io,organization,endpoint_on_apex|verified_namespace,1,0
quadframe.work,organization,endpoint_on_apex,1,1
quadratichq.com,organization,endpoint_on_apex,1,1
quadratikmcp-production.up.railway.app,organization,endpoint_on_apex,1,1
qualequest.com,organization,endpoint_on_apex|verified_namespace,1,0
quality-qr.app,organization,endpoint_on_apex,1,1
qualityclouds.com,organization,endpoint_on_apex|verified_namespace,1,0
qualityscreener.io,organization,endpoint_on_apex,1,1
quallaa.com,organization,endpoint_on_apex|verified_namespace,1,0
qualyhq.com,organization,endpoint_on_apex|verified_namespace,1,0
quant-m2m.xyz,organization,endpoint_on_apex,1,1
quantakrypto.com,organization,endpoint_on_apex,1,1
quantdata.uk,organization,endpoint_on_apex|verified_namespace,1,0
quantech.services,organization,verified_namespace,1,0
quanti.io,organization,endpoint_on_apex|verified_namespace,1,0
quantifyme.ai,organization,endpoint_on_apex|verified_namespace,1,0
quantrisk.dev,organization,verified_namespace,1,0
quantrisk.workers.dev,organization,endpoint_on_apex,1,1
quantsynth.net,organization,endpoint_on_apex,1,1
quanttogo.com,organization,verified_namespace,1,0
quantum-expectations.com,organization,endpoint_on_apex|verified_namespace,1,0
quantum-shield-mcp.vercel.app,organization,endpoint_on_apex,1,1
quantum-suitability-validator-mcp-production.up.railway.app,organization,endpoint_on_apex,1,1
quantumscan.io,organization,endpoint_on_apex,1,1
quantustik.com,organization,endpoint_on_apex,1,1
qubitsok.com,organization,endpoint_on_apex|verified_namespace,1,0
quelvio.com,organization,endpoint_on_apex|verified_namespace,1,0
query-forge-mcp.vercel.app,organization,endpoint_on_apex,1,1
querybear.com,organization,endpoint_on_apex,1,1
querylines.com,organization,endpoint_on_apex|verified_namespace,1,0
queryomega.com,organization,endpoint_on_apex|verified_namespace,1,0
queryquarry.com,organization,endpoint_on_apex,1,1
queuesim.com,organization,endpoint_on_apex|verified_namespace,1,0
quicknode.com,organization,endpoint_on_apex,1,1
quicksign.pro,organization,endpoint_on_apex,1,1
quicktiny.cn,organization,endpoint_on_apex,1,1
quicky.page,organization,endpoint_on_apex|verified_namespace,1,0
quillcaddie.com,organization,endpoint_on_apex|verified_namespace,1,0
quillen.xyz,organization,endpoint_on_apex|verified_namespace,1,0
quintadb.com,organization,endpoint_on_apex|verified_namespace,1,0
quintadb.com.ua,organization,endpoint_on_apex|verified_namespace,1,0
quintadb.ru,organization,endpoint_on_apex|verified_namespace,1,0
quiver-production-c3a8.up.railway.app,organization,endpoint_on_apex,1,1
quiz-factory-mcp.vercel.app,organization,endpoint_on_apex,1,1
quiz.video,organization,endpoint_on_apex|verified_namespace,1,0
quizforge.ai,organization,endpoint_on_apex,1,1
quizlar.app,organization,endpoint_on_apex,1,1
quorel.onrender.com,organization,endpoint_on_apex,1,1
quotefirst.ai,organization,endpoint_on_apex|verified_namespace,1,0
quotewise.io,organization,endpoint_on_apex,1,1
quotor.ai,organization,endpoint_on_apex,1,1
quriovai.com,organization,endpoint_on_apex|verified_namespace,1,0
qxie13.workers.dev,organization,endpoint_on_apex,1,1
r3plica.space,organization,endpoint_on_apex|verified_namespace,1,0
racecalendar.app,organization,endpoint_on_apex|verified_namespace,1,0
rackspace.com,organization,endpoint_on_apex,1,1
radiusos.ai,organization,endpoint_on_apex|verified_namespace,1,0
radix.wiki,organization,endpoint_on_apex|verified_namespace,1,0
radixia.ai,organization,endpoint_on_apex|verified_namespace,1,0
radmail.ai,organization,endpoint_on_apex|verified_namespace,1,0
radtask.ai,organization,endpoint_on_apex,1,1
radveo.com,organization,endpoint_on_apex|verified_namespace,1,0
radzen.com,organization,endpoint_on_apex|verified_namespace,1,0
ragmap-api.web.app,organization,endpoint_on_apex,1,1
ragora.app,organization,endpoint_on_apex,1,1
raidrunner.net,organization,endpoint_on_apex|verified_namespace,1,0
railway.app,organization,endpoint_on_apex,1,1
railway.com,organization,endpoint_on_apex|verified_namespace,1,0
raisekit.co,organization,endpoint_on_apex|verified_namespace,1,0
raising-angels.com,organization,endpoint_on_apex,1,1
raisonn.ai,organization,endpoint_on_apex|verified_namespace,1,0
rakentajaoutlet.fi,organization,endpoint_on_apex|verified_namespace,1,0
rally.space,organization,verified_namespace,1,0
rallyprop.ai,organization,endpoint_on_apex|verified_namespace,1,0
rallyspace.io,organization,endpoint_on_apex,1,1
rami.reviews,organization,endpoint_on_apex|verified_namespace,1,0
rampify.dev,organization,endpoint_on_apex|verified_namespace,1,0
rams.ai,organization,endpoint_on_apex|verified_namespace,1,0
random-profiles.com,organization,verified_namespace,1,0
randpaulcovid.org,organization,endpoint_on_apex|verified_namespace,1,0
rankd.dev,organization,endpoint_on_apex|verified_namespace,1,0
rankparse.com,organization,endpoint_on_apex,1,1
rankworker.com,organization,endpoint_on_apex|verified_namespace,1,0
ranomics.com,organization,endpoint_on_apex|verified_namespace,1,0
rapay.ai,organization,verified_namespace,1,0
raras.org,organization,endpoint_on_apex,1,1
rarefied.earth,organization,endpoint_on_apex,1,1
raster.app,organization,endpoint_on_apex|verified_namespace,1,0
rate-my-agent.com,organization,endpoint_on_apex|verified_namespace,1,0
rationalbloks.com,organization,endpoint_on_apex,1,1
ravenmcp.ai,organization,endpoint_on_apex|verified_namespace,1,0
raygun.com,organization,endpoint_on_apex,1,1
razegrowth.com,organization,endpoint_on_apex,1,1
re-port-flow.com,organization,endpoint_on_apex,1,1
reachpad.dev,organization,endpoint_on_apex,1,1
readgzh.site,organization,endpoint_on_apex,1,1
readwithleaf.app,organization,endpoint_on_apex|verified_namespace,1,0
readyapis.com,organization,endpoint_on_apex|verified_namespace,1,0
readypermit.ai,organization,verified_namespace,1,0
realastat.ai,organization,endpoint_on_apex|verified_namespace,1,0
realestate-mcp.jp,organization,endpoint_on_apex,1,1
realestatecapitale.ma,organization,endpoint_on_apex,1,1
realitygraph.dev,organization,endpoint_on_apex|verified_namespace,1,0
realmint.io,organization,endpoint_on_apex,1,1
realopen.app,organization,endpoint_on_apex,1,1
realping.tw,organization,endpoint_on_apex,1,1
realrealgenuine.com,organization,endpoint_on_apex,1,1
realtystack-mcp.vercel.app,organization,endpoint_on_apex,1,1
reassign.app,organization,endpoint_on_apex|verified_namespace,1,0
recallmax-mcp.vercel.app,organization,endpoint_on_apex,1,1
recao.app,organization,endpoint_on_apex|verified_namespace,1,0
receipts-mcp.vercel.app,organization,endpoint_on_apex,1,1
recipe-clipper.com,organization,endpoint_on_apex|verified_namespace,1,0
recipemcp.com,organization,endpoint_on_apex,1,1
recognitium.com,organization,endpoint_on_apex|verified_namespace,1,0
recruiterroles.com,organization,endpoint_on_apex,1,1
recur.tw,organization,endpoint_on_apex|verified_namespace,1,0
redditgrow.ai,organization,endpoint_on_apex|verified_namespace,1,0
redentia.com.br,organization,verified_namespace,1,0
redirectboss.com,organization,endpoint_on_apex|verified_namespace,1,0
redpanda.com,organization,endpoint_on_apex|verified_namespace,1,0
redra.ai,organization,endpoint_on_apex,1,1
redstringapp.xyz,organization,endpoint_on_apex|verified_namespace,1,0
redu.cloud,organization,endpoint_on_apex|verified_namespace,1,0
reeco.eco,organization,endpoint_on_apex|verified_namespace,1,0
reefapi.com,organization,endpoint_on_apex,1,1
reel25.com,organization,endpoint_on_apex,1,1
reelmint.io,organization,endpoint_on_apex|verified_namespace,1,0
reelrifter.com,organization,endpoint_on_apex|verified_namespace,1,0
ref.tools,organization,endpoint_on_apex|verified_namespace,1,0
refd.ai,organization,endpoint_on_apex|verified_namespace,1,0
refero.design,organization,endpoint_on_apex,1,1
refetch.cloud,organization,endpoint_on_apex,1,1
reflexmcp.com,organization,verified_namespace,1,0
refpro.ai,organization,endpoint_on_apex,1,1
regdatalab.com,organization,endpoint_on_apex,1,1
regex-generator-production.up.railway.app,organization,endpoint_on_apex,1,1
regex-generator-x402-production.up.railway.app,organization,endpoint_on_apex,1,1
regfish.com,organization,endpoint_on_apex|verified_namespace,1,0
regimeshift.xyz,organization,endpoint_on_apex|verified_namespace,1,0
reglyze.com,organization,endpoint_on_apex|verified_namespace,1,0
regulatoryai.eu,organization,verified_namespace,1,0
reilize.com,organization,endpoint_on_apex|verified_namespace,1,0
reizer.io,organization,endpoint_on_apex|verified_namespace,1,0
reka.ai,organization,endpoint_on_apex|verified_namespace,1,0
relaystation.ai,organization,endpoint_on_apex|verified_namespace,1,0
relayzero.ai,organization,endpoint_on_apex,1,1
releases.sh,organization,endpoint_on_apex|verified_namespace,1,0
relentlessidentity.com,organization,endpoint_on_apex|verified_namespace,1,0
reletter.com,organization,endpoint_on_apex|verified_namespace,1,0
reliasim.com,organization,endpoint_on_apex|verified_namespace,1,0
reliastats.com,organization,endpoint_on_apex|verified_namespace,1,0
relin.app,organization,endpoint_on_apex,1,1
relmcrm.com,organization,endpoint_on_apex|verified_namespace,1,0
relux.works,organization,endpoint_on_apex|verified_namespace,1,0
remem.me,organization,endpoint_on_apex|verified_namespace,1,0
remindersbridge.vercel.app,organization,endpoint_on_apex,1,1
remnus.com,organization,endpoint_on_apex,1,1
remode-assistant-mcp.onrender.com,organization,endpoint_on_apex,1,1
remodeleriq.com,organization,endpoint_on_apex,1,1
remoet.dev,organization,endpoint_on_apex,1,1
remoote.app,organization,endpoint_on_apex|verified_namespace,1,0
remote-mcp.com,organization,endpoint_on_apex|verified_namespace,1,0
remotejobscenter.com,organization,endpoint_on_apex|verified_namespace,1,0
renacerpsicologico.com,organization,endpoint_on_apex|verified_namespace,1,0
render-stream-mcp.vercel.app,organization,endpoint_on_apex,1,1
rendex.dev,organization,endpoint_on_apex,1,1
rendley.com,organization,endpoint_on_apex,1,1
rendobar.com,organization,endpoint_on_apex|verified_namespace,1,0
renewly.gg,organization,endpoint_on_apex|verified_namespace,1,0
renoolab.fr,organization,endpoint_on_apex|verified_namespace,1,0
renthuman.ru,organization,endpoint_on_apex|verified_namespace,1,0
rentrollapi.com,organization,endpoint_on_apex,1,1
rentseek.ing,organization,endpoint_on_apex|verified_namespace,1,0
renzoprotocol.com,organization,endpoint_on_apex|verified_namespace,1,0
reogrid.net,organization,endpoint_on_apex|verified_namespace,1,0
repage.app,organization,endpoint_on_apex|verified_namespace,1,0
rephonic.com,organization,endpoint_on_apex|verified_namespace,1,0
reply.io,organization,endpoint_on_apex,1,1
replyargus.com,organization,endpoint_on_apex|verified_namespace,1,0
replynodes.com,organization,endpoint_on_apex,1,1
replypen.com,organization,endpoint_on_apex|verified_namespace,1,0
repo-to-rag-mcp.vercel.app,organization,endpoint_on_apex,1,1
repofold.dev,organization,endpoint_on_apex|verified_namespace,1,0
repopilot.app,organization,endpoint_on_apex|verified_namespace,1,0
reportingninja.com,organization,endpoint_on_apex|verified_namespace,1,0
reprise.design,organization,verified_namespace,1,0
reprompt.jp,organization,endpoint_on_apex,1,1
repscale.ai,organization,endpoint_on_apex,1,1
repuestia.cl,organization,endpoint_on_apex|verified_namespace,1,0
reputemap.com,organization,endpoint_on_apex|verified_namespace,1,0
reqbeat.com,organization,endpoint_on_apex|verified_namespace,1,0
resadock.com,organization,endpoint_on_apex|verified_namespace,1,0
research-report-x402-production.up.railway.app,organization,endpoint_on_apex,1,1
research-sprint.vercel.app,organization,endpoint_on_apex,1,1
resemble.ai,organization,endpoint_on_apex,1,1
resent.one,organization,endpoint_on_apex,1,1
resistance.dog,organization,endpoint_on_apex,1,1
resolvemesh.com,organization,endpoint_on_apex|verified_namespace,1,0
respira.press,organization,verified_namespace,1,0
responsibleailabs.ai,organization,endpoint_on_apex|verified_namespace,1,0
restplass.no,organization,endpoint_on_apex|verified_namespace,1,0
resumequick.app,organization,endpoint_on_apex|verified_namespace,1,0
retasc.com,organization,endpoint_on_apex|verified_namespace,1,0
retirecrunch.com,organization,endpoint_on_apex|verified_namespace,1,0
retrieve-jobs-congress-made.trycloudflare.com,organization,endpoint_on_apex,1,1
retrochatlabs.com,organization,endpoint_on_apex,1,1
retrodiffusion.ai,organization,endpoint_on_apex|verified_namespace,1,0
rettsarkiv-mcp-953525390683.europe-west3.run.app,organization,endpoint_on_apex,1,1
rettsarkiv.no,organization,verified_namespace,1,0
revasserlabs.com,organization,endpoint_on_apex,1,1
revdoku.com,organization,endpoint_on_apex|verified_namespace,1,0
revelata.com,organization,endpoint_on_apex|verified_namespace,1,0
revelica.com,organization,endpoint_on_apex|verified_namespace,1,0
revensi.com,organization,endpoint_on_apex|verified_namespace,1,0
revenuescope.jp,organization,endpoint_on_apex,1,1
revettr.com,organization,endpoint_on_apex,1,1
review-mcp-production.up.railway.app,organization,endpoint_on_apex,1,1
revise.io,organization,endpoint_on_apex|verified_namespace,1,0
revorbit.com,organization,endpoint_on_apex|verified_namespace,1,0
revuo.ai,organization,endpoint_on_apex|verified_namespace,1,0
rfix.ai,organization,endpoint_on_apex|verified_namespace,1,0
rfp.ai,organization,endpoint_on_apex|verified_namespace,1,0
rhobimd.health,organization,verified_namespace,1,0
rhxbt.com,organization,endpoint_on_apex,1,1
richardkemp.uk,organization,endpoint_on_apex,1,1
rides.rs,organization,endpoint_on_apex|verified_namespace,1,0
ridotaxi.com,organization,endpoint_on_apex|verified_namespace,1,0
rigorloop.com,organization,endpoint_on_apex|verified_namespace,1,0
riksdag-regering-ai.onrender.com,organization,endpoint_on_apex,1,1
ripostiq.com,organization,endpoint_on_apex|verified_namespace,1,0
rise2.ai,organization,endpoint_on_apex|verified_namespace,1,0
riskmodels.app,organization,endpoint_on_apex,1,1
riskstate.ai,organization,endpoint_on_apex|verified_namespace,1,0
ritzademo.com,organization,endpoint_on_apex|verified_namespace,1,0
rivalsweeper.com,organization,endpoint_on_apex|verified_namespace,1,0
rmalka06.chatgpt.site,organization,endpoint_on_apex,1,1
rmcp.dev,organization,endpoint_on_apex|verified_namespace,1,0
rnfonkwthefktfvfwypr.supabase.co,organization,endpoint_on_apex,1,1
rnvizion-rnv-color-mcp.hf.space,organization,endpoint_on_apex,1,1
rnwy.com,organization,endpoint_on_apex,1,1
roadflow.io,organization,endpoint_on_apex|verified_namespace,1,0
roamward.app,organization,endpoint_on_apex|verified_namespace,1,0
roamzy.io,organization,endpoint_on_apex,1,1
robells.io,organization,endpoint_on_apex|verified_namespace,1,0
robinx.io,organization,endpoint_on_apex,1,1
roboflow.com,organization,endpoint_on_apex|verified_namespace,1,0
robohub.app,organization,endpoint_on_apex|verified_namespace,1,0
robomart.ai,organization,endpoint_on_apex|verified_namespace,1,0
roboselect360.com,organization,endpoint_on_apex|verified_namespace,1,0
robotscope.net,organization,endpoint_on_apex|verified_namespace,1,0
robtex.com,organization,endpoint_on_apex|verified_namespace,1,0
roc-mcp-jvutdol4j-ro-ct-eam.vercel.app,organization,endpoint_on_apex,1,1
roc.ai,organization,endpoint_on_apex|verified_namespace,1,0
rocket-core.com,organization,endpoint_on_apex|verified_namespace,1,0
rocketsloth.ai,organization,endpoint_on_apex|verified_namespace,1,0
rockmoon.ai,organization,endpoint_on_apex|verified_namespace,1,0
rodin.fyi,organization,endpoint_on_apex|verified_namespace,1,0
rogerrat.chat,organization,endpoint_on_apex,1,1
rogerthat.chat,organization,endpoint_on_apex,1,1
roguefrontiervc.com,organization,endpoint_on_apex,1,1
rohithmariyala.com,organization,verified_namespace,1,0
roic.ai,organization,endpoint_on_apex|verified_namespace,1,0
roklabs.dev,organization,endpoint_on_apex,1,1
rolli.ai,organization,verified_namespace,1,0
rolnia.com,organization,verified_namespace,1,0
rolocache.com,organization,endpoint_on_apex,1,1
roomcomm.xyz,organization,endpoint_on_apex,1,1
roomnology.com,organization,endpoint_on_apex,1,1
roomza.com,organization,endpoint_on_apex,1,1
roopslaw.ai,organization,endpoint_on_apex|verified_namespace,1,0
rootdata.ai,organization,endpoint_on_apex|verified_namespace,1,0
rootly.com,organization,endpoint_on_apex|verified_namespace,1,0
rootr.io,organization,endpoint_on_apex,1,1
rootstuff.io,organization,endpoint_on_apex|verified_namespace,1,0
roryplans.ai,organization,endpoint_on_apex|verified_namespace,1,0
rossdata.dev,organization,endpoint_on_apex|verified_namespace,1,0
rosterresolve.ai,organization,verified_namespace,1,0
rostro.dev,organization,endpoint_on_apex|verified_namespace,1,0
roughsketch.app,organization,endpoint_on_apex|verified_namespace,1,0
roundtable.now,organization,endpoint_on_apex|verified_namespace,1,0
route6.me,organization,endpoint_on_apex|verified_namespace,1,0
router.ai,organization,endpoint_on_apex|verified_namespace,1,0
routescore.io,organization,endpoint_on_apex|verified_namespace,1,0
routheus.xyz,organization,endpoint_on_apex|verified_namespace,1,0
rovvafrica.com,organization,endpoint_on_apex|verified_namespace,1,0
rowhint.com,organization,endpoint_on_apex|verified_namespace,1,0
roxels.ai,organization,verified_namespace,1,0
royalplugins.com,organization,endpoint_on_apex|verified_namespace,1,0
royashbrook.com,organization,endpoint_on_apex|verified_namespace,1,0
rozetyp.com,organization,endpoint_on_apex,1,1
rpcs1.dev,organization,endpoint_on_apex,1,1
rrpb2580.workers.dev,organization,endpoint_on_apex,1,1
rsnc.network,organization,endpoint_on_apex|verified_namespace,1,0
rstechie.in,organization,endpoint_on_apex,1,1
rtcelwjnrbmfmrywacky.supabase.co,organization,endpoint_on_apex,1,1
rtcstats.com,organization,endpoint_on_apex|verified_namespace,1,0
rti.com,organization,endpoint_on_apex|verified_namespace,1,0
rtkmotion.io,organization,endpoint_on_apex|verified_namespace,1,0
rtopacks.com.au,organization,endpoint_on_apex|verified_namespace,1,0
rubenayla.xyz,organization,endpoint_on_apex|verified_namespace,1,0
rubin.trade,organization,endpoint_on_apex|verified_namespace,1,0
rubrkit.com,organization,endpoint_on_apex|verified_namespace,1,0
ruddia.com,organization,verified_namespace,1,0
rudko.site,organization,endpoint_on_apex|verified_namespace,1,0
rule-porter-mcp.vercel.app,organization,endpoint_on_apex,1,1
rulemesh.com,organization,endpoint_on_apex|verified_namespace,1,0
rules-gen-mcp.vercel.app,organization,endpoint_on_apex,1,1
run.googleapis.com,organization,endpoint_on_apex|verified_namespace,1,0
runapi.ai,organization,endpoint_on_apex,1,1
runcabin.com,organization,endpoint_on_apex|verified_namespace,1,0
runcomfy.com,organization,endpoint_on_apex,1,1
runikapp.com,organization,endpoint_on_apex,1,1
runitonai.com,organization,endpoint_on_apex,1,1
runlane.run,organization,endpoint_on_apex|verified_namespace,1,0
runlog.org,organization,endpoint_on_apex|verified_namespace,1,0
runmemento.com,organization,verified_namespace,1,0
runmirrors.com,organization,endpoint_on_apex|verified_namespace,1,0
runoscript.com,organization,endpoint_on_apex|verified_namespace,1,0
runpay-backend-visibility-production.up.railway.app,organization,endpoint_on_apex,1,1
runrelay.io,organization,endpoint_on_apex,1,1
runriva.com,organization,endpoint_on_apex|verified_namespace,1,0
runsynapse.dev,organization,endpoint_on_apex,1,1
runwayleft.netlify.app,organization,endpoint_on_apex,1,1
ruscrape.com,organization,endpoint_on_apex|verified_namespace,1,0
rxmanager.ai,organization,endpoint_on_apex|verified_namespace,1,0
rxradar.dev,organization,endpoint_on_apex,1,1
rxresu.me,organization,endpoint_on_apex,1,1
rye.dev,organization,endpoint_on_apex|verified_namespace,1,0
ryxell.com,organization,endpoint_on_apex|verified_namespace,1,0
rzailabs.com,organization,endpoint_on_apex|verified_namespace,1,0
s4mcp-prod.azurewebsites.net,organization,endpoint_on_apex,1,1
saagar210.workers.dev,organization,endpoint_on_apex,1,1
saagarpatel.dev,organization,endpoint_on_apex,1,1
saas-agents.onrender.com,organization,endpoint_on_apex,1,1
saasbrowser.com,organization,endpoint_on_apex|verified_namespace,1,0
saascloud.ai,organization,endpoint_on_apex|verified_namespace,1,0
saasdossier.com,organization,endpoint_on_apex|verified_namespace,1,0
saber.app,organization,endpoint_on_apex|verified_namespace,1,0
sadiqoon.uk,organization,verified_namespace,1,0
safe-mcp.com,organization,endpoint_on_apex|verified_namespace,1,0
safeprompt.dev,organization,verified_namespace,1,0
saferagenticai.org,organization,endpoint_on_apex,1,1
safeship.app,organization,endpoint_on_apex|verified_namespace,1,0
saightly.com,organization,endpoint_on_apex,1,1
sailtix.com,organization,endpoint_on_apex|verified_namespace,1,0
sakina-mcp.fly.dev,organization,endpoint_on_apex,1,1
salamailer.fi,organization,verified_namespace,1,0
salesbot.cz,organization,endpoint_on_apex|verified_namespace,1,0
salescloser-ai-mcp.vercel.app,organization,endpoint_on_apex,1,1
salestouch.io,organization,endpoint_on_apex|verified_namespace,1,0
saltybytes.ai,organization,endpoint_on_apex|verified_namespace,1,0
salvagesignal.com,organization,endpoint_on_apex|verified_namespace,1,0
sambodh-ias.in,organization,endpoint_on_apex|verified_namespace,1,0
samebits.com,organization,endpoint_on_apex,1,1
samedaydesk.com,organization,endpoint_on_apex|verified_namespace,1,0
samrum.io,organization,endpoint_on_apex|verified_namespace,1,0
sanbernardorefugio.com,organization,verified_namespace,1,0
sanctuary-mcp.vercel.app,organization,endpoint_on_apex,1,1
sand.gallery,organization,endpoint_on_apex,1,1
sandboxapi.dev,organization,endpoint_on_apex,1,1
sander-van-aard.workers.dev,organization,endpoint_on_apex,1,1
sanity.io,organization,endpoint_on_apex|verified_namespace,1,0
santiment.net,organization,endpoint_on_apex,1,1
santismm.com,organization,endpoint_on_apex|verified_namespace,1,0
santosautomation.com,organization,endpoint_on_apex|verified_namespace,1,0
sapiensinteticos.com,organization,endpoint_on_apex|verified_namespace,1,0
sapiom.ai,organization,endpoint_on_apex,1,1
saraivada.com,organization,endpoint_on_apex,1,1
sarkoa.com,organization,endpoint_on_apex|verified_namespace,1,0
sasame.online,organization,endpoint_on_apex|verified_namespace,1,0
sati-search.fly.dev,organization,endpoint_on_apex,1,1
satohub.ai,organization,endpoint_on_apex,1,1
satori-aligner-mcp.vercel.app,organization,endpoint_on_apex,1,1
satoshiapi.io,organization,endpoint_on_apex|verified_namespace,1,0
satrank.dev,organization,verified_namespace,1,0
sats4ai.com,organization,endpoint_on_apex,1,1
saturation.io,organization,endpoint_on_apex,1,1
savanto.ai,organization,endpoint_on_apex,1,1
savecraft.gg,organization,endpoint_on_apex|verified_namespace,1,0
savedthat.app,organization,endpoint_on_apex|verified_namespace,1,0
savordish.com,organization,endpoint_on_apex,1,1
savvly.com,organization,endpoint_on_apex|verified_namespace,1,0
sayba.com,organization,endpoint_on_apex,1,1
sbomapp.com,organization,endpoint_on_apex,1,1
scadaminer.com,organization,endpoint_on_apex|verified_namespace,1,0
scalix.world,organization,endpoint_on_apex|verified_namespace,1,0
scamcheck.tech,organization,endpoint_on_apex,1,1
scamverify.ai,organization,endpoint_on_apex|verified_namespace,1,0
scan.mx,organization,endpoint_on_apex|verified_namespace,1,0
scanbim.app,organization,verified_namespace,1,0
scanhood.xyz,organization,endpoint_on_apex|verified_namespace,1,0
scanmalware.com,organization,endpoint_on_apex|verified_namespace,1,0
scannd.com,organization,verified_namespace,1,0
scavio.dev,organization,endpoint_on_apex,1,1
scb-mcp.onrender.com,organization,endpoint_on_apex,1,1
scfcontrolsplatform.app,organization,verified_namespace,1,0
schappy.nl,organization,endpoint_on_apex|verified_namespace,1,0
schedchie.com,organization,endpoint_on_apex|verified_namespace,1,0
schedulala.com,organization,endpoint_on_apex|verified_namespace,1,0
schedulesmcp.com,organization,endpoint_on_apex,1,1
schedulin.app,organization,endpoint_on_apex|verified_namespace,1,0
science-oracle-mcp.vercel.app,organization,endpoint_on_apex,1,1
scienceswarm.org,organization,endpoint_on_apex|verified_namespace,1,0
sciencetostartup.com,organization,endpoint_on_apex,1,1
scientificmicroservices.com,organization,endpoint_on_apex|verified_namespace,1,0
sciscale.org,organization,verified_namespace,1,0
scispot.io,organization,endpoint_on_apex|verified_namespace,1,0
scite.ai,organization,endpoint_on_apex|verified_namespace,1,0
sciweave.com,organization,endpoint_on_apex,1,1
scmodeling.com,organization,endpoint_on_apex|verified_namespace,1,0
scopegate.cloud,organization,endpoint_on_apex,1,1
scorecard.io,organization,endpoint_on_apex|verified_namespace,1,0
scorecredit.fr,organization,endpoint_on_apex|verified_namespace,1,0
scotiasignal.ca,organization,endpoint_on_apex,1,1
scout.realestate,organization,endpoint_on_apex,1,1
scoutapm.com,organization,verified_namespace,1,0
scrap-autos.com,organization,endpoint_on_apex|verified_namespace,1,0
scrapecheck-mcp.fly.dev,organization,endpoint_on_apex,1,1
scrapeer.com,organization,verified_namespace,1,0
scrapenest.dev,organization,endpoint_on_apex|verified_namespace,1,0
scraper-api.com,organization,endpoint_on_apex|verified_namespace,1,0
scrapfly.io,organization,verified_namespace,1,0
scrapi.ai,organization,endpoint_on_apex,1,1
scraping-api-alpha.vercel.app,organization,endpoint_on_apex,1,1
scrapingant.com,organization,endpoint_on_apex|verified_namespace,1,0
scrappycoco.ai,organization,endpoint_on_apex,1,1
scraps.kitchen,organization,endpoint_on_apex,1,1
scraptik.com,organization,endpoint_on_apex|verified_namespace,1,0
scratchrun.dev,organization,verified_namespace,1,0
screenshot-pdf-x402-production.up.railway.app,organization,endpoint_on_apex,1,1
screenshotink.com,organization,endpoint_on_apex|verified_namespace,1,0
screenshotscout.com,organization,endpoint_on_apex|verified_namespace,1,0
scribe-mail.com,organization,endpoint_on_apex|verified_namespace,1,0
scriptivox.com,organization,verified_namespace,1,0
scrutica.com,organization,endpoint_on_apex,1,1
scvd.store,organization,endpoint_on_apex|verified_namespace,1,0
sealsecurity.io,organization,endpoint_on_apex|verified_namespace,1,0
seaotter.ai,organization,endpoint_on_apex|verified_namespace,1,0
search1api.com,organization,endpoint_on_apex,1,1
searchapi.io,organization,endpoint_on_apex|verified_namespace,1,0
searchcode.com,organization,endpoint_on_apex|verified_namespace,1,0
searchconsole.ai,organization,endpoint_on_apex|verified_namespace,1,0
searchfragments.com,organization,endpoint_on_apex|verified_namespace,1,0
searchstack.dev,organization,endpoint_on_apex|verified_namespace,1,0
seatcanvas.app,organization,endpoint_on_apex|verified_namespace,1,0
seatswiper.com,organization,endpoint_on_apex|verified_namespace,1,0
seaweb.tech,organization,endpoint_on_apex|verified_namespace,1,0
seaworthy.io,organization,endpoint_on_apex|verified_namespace,1,0
sec-filings-mcp-1065601264332.us-central1.run.app,organization,endpoint_on_apex,1,1
secantoutreach.com,organization,endpoint_on_apex,1,1
secapi.ai,organization,endpoint_on_apex|verified_namespace,1,0
secdim.com,organization,endpoint_on_apex|verified_namespace,1,0
secondbrainbridge.vercel.app,organization,endpoint_on_apex,1,1
secondeyesai.com,organization,endpoint_on_apex,1,1
secondopinionx402.com,organization,endpoint_on_apex|verified_namespace,1,0
secretcarousel.com,organization,endpoint_on_apex,1,1
sectora.io,organization,endpoint_on_apex,1,1
security-orchestra-orchestrator.onrender.com,organization,endpoint_on_apex,1,1
seedba.se,organization,endpoint_on_apex,1,1
seedfa.st,organization,verified_namespace,1,0
seekon.me,organization,endpoint_on_apex|verified_namespace,1,0
seenthis.kr,organization,endpoint_on_apex,1,1
seerxo.com,organization,endpoint_on_apex,1,1
seespectral.com,organization,endpoint_on_apex|verified_namespace,1,0
seishorei-wakarukun.com,organization,endpoint_on_apex|verified_namespace,1,0
sekichi.fly.dev,organization,endpoint_on_apex,1,1
selbyventurecap.workers.dev,organization,endpoint_on_apex|verified_namespace,1,0
seldonframe.com,organization,endpoint_on_apex,1,1
selectic.ai,organization,endpoint_on_apex,1,1
selis.app,organization,endpoint_on_apex|verified_namespace,1,0
selis.dev,organization,endpoint_on_apex,1,1
seliseblocks.com,organization,endpoint_on_apex,1,1
sellag.vercel.app,organization,endpoint_on_apex,1,1
selloracle.com,organization,endpoint_on_apex|verified_namespace,1,0
seltz.ai,organization,endpoint_on_apex|verified_namespace,1,0
selvo.co,organization,endpoint_on_apex,1,1
sema-lang.com,organization,verified_namespace,1,0
sematryx.com,organization,endpoint_on_apex|verified_namespace,1,0
semidata.dev,organization,endpoint_on_apex,1,1
semilattice.ai,organization,endpoint_on_apex,1,1
semiotic-mcp-server-481507046413.us-west1.run.app,organization,endpoint_on_apex,1,1
send16.com,organization,endpoint_on_apex,1,1
sendable.me,organization,verified_namespace,1,0
senderkit.com,organization,endpoint_on_apex|verified_namespace,1,0
senders.ai,organization,endpoint_on_apex,1,1
sendfast.ai,organization,endpoint_on_apex|verified_namespace,1,0
sendhey.app,organization,endpoint_on_apex|verified_namespace,1,0
sendifai.com,organization,endpoint_on_apex|verified_namespace,1,0
sendinel.ai,organization,endpoint_on_apex|verified_namespace,1,0
sendmux.ai,organization,endpoint_on_apex,1,1
sendpageapp.com,organization,endpoint_on_apex|verified_namespace,1,0
sendpulse.com,organization,endpoint_on_apex|verified_namespace,1,0
sendquotenow.com,organization,endpoint_on_apex|verified_namespace,1,0
sendthisfax.com,organization,endpoint_on_apex|verified_namespace,1,0
sendyouragent.com,organization,endpoint_on_apex|verified_namespace,1,0
seneschal.space,organization,endpoint_on_apex,1,1
senpi-agent.workers.dev,organization,endpoint_on_apex,1,1
sense2.com.au,organization,endpoint_on_apex,1,1
sentedge.ai,organization,endpoint_on_apex|verified_namespace,1,0
sentimatix-mcp.up.railway.app,organization,endpoint_on_apex,1,1
sentiment-analyzer-x402-production.up.railway.app,organization,endpoint_on_apex,1,1
sentiment-trail-mcp.vercel.app,organization,endpoint_on_apex,1,1
sentinelscan-cloud-mcp.vercel.app,organization,endpoint_on_apex,1,1
sentinelx.app,organization,endpoint_on_apex|verified_namespace,1,0
sentisense.ai,organization,endpoint_on_apex|verified_namespace,1,0
sentrysurface.io,organization,endpoint_on_apex,1,1
sentvia.ai,organization,verified_namespace,1,0
senzii.com,organization,endpoint_on_apex|verified_namespace,1,0
senzing.com,organization,endpoint_on_apex|verified_namespace,1,0
seo-analyzer-x402-production.up.railway.app,organization,endpoint_on_apex,1,1
seo-ghost-mcp.vercel.app,organization,endpoint_on_apex,1,1
seob5285.workers.dev,organization,endpoint_on_apex,1,1
seocrawl.ai,organization,endpoint_on_apex|verified_namespace,1,0
seodesignlab.workers.dev,organization,endpoint_on_apex,1,1
seoforgpt.io,organization,endpoint_on_apex|verified_namespace,1,0
seogrep.com,organization,endpoint_on_apex|verified_namespace,1,0
seosa.ink,organization,endpoint_on_apex|verified_namespace,1,0
seqbench.com,organization,endpoint_on_apex|verified_namespace,1,0
sequel.consulting,organization,endpoint_on_apex|verified_namespace,1,0
sequentum.com,organization,endpoint_on_apex|verified_namespace,1,0
sequenzy.com,organization,endpoint_on_apex,1,1
serac.cloud,organization,endpoint_on_apex,1,1
seranking.com,organization,endpoint_on_apex|verified_namespace,1,0
serff.ai,organization,endpoint_on_apex|verified_namespace,1,0
serp-agent.com,organization,endpoint_on_apex|verified_namespace,1,0
serpapi.com,organization,endpoint_on_apex,1,1
serpdive.com,organization,endpoint_on_apex|verified_namespace,1,0
serpent.cloud,organization,endpoint_on_apex|verified_namespace,1,0
serpjet.io,organization,verified_namespace,1,0
serpmantics.com,organization,endpoint_on_apex,1,1
serpstat.com,organization,endpoint_on_apex|verified_namespace,1,0
serpzilla.com,organization,endpoint_on_apex|verified_namespace,1,0
server4agent.com,organization,endpoint_on_apex|verified_namespace,1,0
servercardtrust.space,organization,endpoint_on_apex|verified_namespace,1,0
serverless-db-oracle-mcp.vercel.app,organization,endpoint_on_apex,1,1
servicebricks.com,organization,endpoint_on_apex,1,1
servicegraph.co,organization,endpoint_on_apex|verified_namespace,1,0
servicepal.cloud,organization,endpoint_on_apex|verified_namespace,1,0
servicialo.com,organization,verified_namespace,1,0
servonaut.dev,organization,verified_namespace,1,0
sessionkeeper.ai,organization,endpoint_on_apex|verified_namespace,1,0
sessy.do,organization,endpoint_on_apex,1,1
setfork.com,organization,endpoint_on_apex|verified_namespace,1,0
setip.io,organization,endpoint_on_apex|verified_namespace,1,0
setix.com,organization,verified_namespace,1,0
setix.dev,organization,endpoint_on_apex,1,1
settlemesh.io,organization,verified_namespace,1,0
settro.net,organization,endpoint_on_apex|verified_namespace,1,0
seu.pet,organization,endpoint_on_apex,1,1
sevalla.com,organization,endpoint_on_apex,1,1
sexai.dev,organization,verified_namespace,1,0
sftunes.com,organization,endpoint_on_apex,1,1
sgpropertydata.com,organization,endpoint_on_apex|verified_namespace,1,0
shade.inc,organization,endpoint_on_apex,1,1
shakespeare-monologues.org,organization,endpoint_on_apex,1,1
shamra-academia.com,organization,endpoint_on_apex|verified_namespace,1,0
shaozhengkun.workers.dev,organization,endpoint_on_apex,1,1
shardlink-control-plane-6phhkg3f2q-ts.a.run.app,organization,endpoint_on_apex,1,1
sharebench.ai,organization,endpoint_on_apex|verified_namespace,1,0
sharemypage.app,organization,endpoint_on_apex|verified_namespace,1,0
sharksalesinfo-blip.github.io,organization,endpoint_on_apex,1,1
sheetbest.com,organization,endpoint_on_apex,1,1
sheetsdata.com,organization,endpoint_on_apex,1,1
sherweb.com,organization,endpoint_on_apex|verified_namespace,1,0
shibui.finance,organization,endpoint_on_apex|verified_namespace,1,0
shieldz.cash,organization,endpoint_on_apex,1,1
shiflowai.cloud,organization,endpoint_on_apex,1,1
shiftinbits.com,organization,verified_namespace,1,0
shiftyasan.com,organization,verified_namespace,1,0
shimonkolodny.workers.dev,organization,endpoint_on_apex|verified_namespace,1,0
shineup.digital,organization,verified_namespace,1,0
shingou.io,organization,endpoint_on_apex|verified_namespace,1,0
shinobidata.com,organization,endpoint_on_apex|verified_namespace,1,0
ship24.com,organization,endpoint_on_apex|verified_namespace,1,0
shipbook.io,organization,endpoint_on_apex|verified_namespace,1,0
shipdapp.com,organization,endpoint_on_apex,1,1
shipeasy.ai,organization,verified_namespace,1,0
shiplight.ai,organization,verified_namespace,1,0
shiply.now,organization,endpoint_on_apex|verified_namespace,1,0
shipmail.to,organization,endpoint_on_apex,1,1
shipmycar.co.uk,organization,endpoint_on_apex|verified_namespace,1,0
shippo.com,organization,endpoint_on_apex|verified_namespace,1,0
shippp.ai,organization,verified_namespace,1,0
shipstatic.com,organization,endpoint_on_apex|verified_namespace,1,0
shipswift.app,organization,endpoint_on_apex,1,1
shirabe.dev,organization,endpoint_on_apex|verified_namespace,1,0
shizu.me,organization,endpoint_on_apex,1,1
shodai.network,organization,endpoint_on_apex|verified_namespace,1,0
shopfront.cloud,organization,endpoint_on_apex,1,1
shopfront.se,organization,endpoint_on_apex|verified_namespace,1,0
shopgraph.dev,organization,endpoint_on_apex,1,1
shopmcp.net,organization,endpoint_on_apex,1,1
shoptera.ai,organization,endpoint_on_apex,1,1
shortcutsbridge.vercel.app,organization,endpoint_on_apex,1,1
shortgenius.com,organization,endpoint_on_apex|verified_namespace,1,0
shortlist-mcp.vercel.app,organization,endpoint_on_apex,1,1
shortsmonkey.com,organization,endpoint_on_apex,1,1
shorttext.com,organization,endpoint_on_apex|verified_namespace,1,0
shotbot.net,organization,verified_namespace,1,0
shots.run,organization,endpoint_on_apex|verified_namespace,1,0
showmeonmap.com,organization,endpoint_on_apex|verified_namespace,1,0
showmestepbystep.com,organization,endpoint_on_apex,1,1
shyn.day,organization,verified_namespace,1,0
sibfly.com,organization,endpoint_on_apex|verified_namespace,1,0
siccodes.co.uk,organization,endpoint_on_apex,1,1
sidai.live,organization,verified_namespace,1,0
sidecardata.com,organization,endpoint_on_apex|verified_namespace,1,0
sidislab.com,organization,endpoint_on_apex,1,1
siftdex.com,organization,endpoint_on_apex|verified_namespace,1,0
sifting.io,organization,verified_namespace,1,0
sigit.si,organization,endpoint_on_apex|verified_namespace,1,0
siglume.com,organization,endpoint_on_apex|verified_namespace,1,0
sigma-gate-864996675261.us-central1.run.app,organization,endpoint_on_apex,1,1
signado.io,organization,endpoint_on_apex|verified_namespace,1,0
signal8.ai,organization,endpoint_on_apex|verified_namespace,1,0
signaldaemon.com,organization,endpoint_on_apex,1,1
signaliz.com,organization,endpoint_on_apex,1,1
signalpipe.io,organization,endpoint_on_apex,1,1
signals.global,organization,endpoint_on_apex|verified_namespace,1,0
signatrust.io,organization,verified_namespace,1,0
signdocs.com.br,organization,endpoint_on_apex|verified_namespace,1,0
signed.com,organization,endpoint_on_apex|verified_namespace,1,0
signomy.xyz,organization,endpoint_on_apex|verified_namespace,1,0
signvoy.com,organization,endpoint_on_apex|verified_namespace,1,0
sigparser.com,organization,endpoint_on_apex|verified_namespace,1,0
siima.online,organization,endpoint_on_apex|verified_namespace,1,0
silicann.com,organization,endpoint_on_apex|verified_namespace,1,0
siliconanalysts.com,organization,endpoint_on_apex,1,1
siliconbridge.xyz,organization,endpoint_on_apex,1,1
siliconfriendly.com,organization,endpoint_on_apex|verified_namespace,1,0
silverbackmarketing.com,organization,endpoint_on_apex,1,1
simceptor.com,organization,endpoint_on_apex,1,1
simcloud.co.za,organization,endpoint_on_apex|verified_namespace,1,0
similarity-search-api-production.up.railway.app,organization,endpoint_on_apex,1,1
simoko.workers.dev,organization,endpoint_on_apex,1,1
simplecohortllc.com,organization,endpoint_on_apex|verified_namespace,1,0
simplefunctions.dev,organization,endpoint_on_apex,1,1
simplyestate.co.uk,organization,endpoint_on_apex|verified_namespace,1,0
simplyprint.io,organization,endpoint_on_apex|verified_namespace,1,0
simplyscan.io,organization,endpoint_on_apex|verified_namespace,1,0
simplywarmup.com,organization,endpoint_on_apex|verified_namespace,1,0
simpson-strong-agent.onrender.com,organization,endpoint_on_apex,1,1
simsense.ai,organization,endpoint_on_apex|verified_namespace,1,0
simsima.io,organization,endpoint_on_apex,1,1
simstim.ai,organization,endpoint_on_apex|verified_namespace,1,0
simulis.io,organization,endpoint_on_apex|verified_namespace,1,0
singaporemobileproxy.com,organization,endpoint_on_apex,1,1
singchat.org,organization,endpoint_on_apex|verified_namespace,1,0
singular.net,organization,endpoint_on_apex|verified_namespace,1,0
sinoconnection.com,organization,endpoint_on_apex,1,1
sipflow.dev,organization,endpoint_on_apex|verified_namespace,1,0
sipi.bot,organization,endpoint_on_apex,1,1
sirenic.eu,organization,endpoint_on_apex|verified_namespace,1,0
sirune.tech,organization,endpoint_on_apex|verified_namespace,1,0
sistaminuten.se,organization,endpoint_on_apex|verified_namespace,1,0
siteglass.io,organization,verified_namespace,1,0
siteguardian.io,organization,endpoint_on_apex,1,1
sitelemetry.com,organization,endpoint_on_apex|verified_namespace,1,0
sitepulsar-mcp.vercel.app,organization,endpoint_on_apex,1,1
sitepulsar.ai,organization,endpoint_on_apex|verified_namespace,1,0
sitesplaced.com,organization,endpoint_on_apex|verified_namespace,1,0
sitevitals.co.uk,organization,endpoint_on_apex,1,1
situationatlas.com,organization,verified_namespace,1,0
sivut.co,organization,endpoint_on_apex|verified_namespace,1,0
sixta.ai,organization,endpoint_on_apex|verified_namespace,1,0
skala.io,organization,endpoint_on_apex|verified_namespace,1,0
skanfirmy.pl,organization,endpoint_on_apex,1,1
skedra.xyz,organization,endpoint_on_apex,1,1
skew.site,organization,endpoint_on_apex|verified_namespace,1,0
ski-france.com,organization,endpoint_on_apex|verified_namespace,1,0
skilder.ai,organization,endpoint_on_apex|verified_namespace,1,0
skilimone.com,organization,endpoint_on_apex,1,1
skill-history.com,organization,endpoint_on_apex,1,1
skilldb.dev,organization,endpoint_on_apex,1,1
skillkit.run,organization,endpoint_on_apex,1,1
skillrepo.dev,organization,endpoint_on_apex|verified_namespace,1,0
skills-hub.ai,organization,endpoint_on_apex,1,1
skillssafe.com,organization,endpoint_on_apex|verified_namespace,1,0
skim402.com,organization,endpoint_on_apex,1,1
skingrind.com,organization,endpoint_on_apex|verified_namespace,1,0
skinknowledgebase.com,organization,endpoint_on_apex,1,1
skiplagged.com,organization,endpoint_on_apex|verified_namespace,1,0
skipodds.com,organization,endpoint_on_apex|verified_namespace,1,0
skipshit.com,organization,endpoint_on_apex|verified_namespace,1,0
skopik.com,organization,endpoint_on_apex|verified_namespace,1,0
skulayer.com,organization,endpoint_on_apex|verified_namespace,1,0
skyalo.com,organization,endpoint_on_apex|verified_namespace,1,0
skyvern.com,organization,endpoint_on_apex,1,1
slacking.biz,organization,endpoint_on_apex,1,1
sladd.no,organization,endpoint_on_apex|verified_namespace,1,0
slashr.dev,organization,endpoint_on_apex|verified_namespace,1,0
slatehut.com,organization,endpoint_on_apex,1,1
sleekplan.com,organization,endpoint_on_apex|verified_namespace,1,0
sleeperhit.studio,organization,endpoint_on_apex|verified_namespace,1,0
sleepwalker.ai,organization,endpoint_on_apex|verified_namespace,1,0
slickfast.com,organization,verified_namespace,1,0
slide-factory-mcp.vercel.app,organization,endpoint_on_apex,1,1
slideforge.dev,organization,endpoint_on_apex|verified_namespace,1,0
slideless.ai,organization,endpoint_on_apex|verified_namespace,1,0
slidesfly.com,organization,endpoint_on_apex|verified_namespace,1,0
slidev-mcp.org,organization,endpoint_on_apex,1,1
slima.ai,organization,endpoint_on_apex,1,1
slingdata.io,organization,verified_namespace,1,0
slipstack.dev,organization,endpoint_on_apex|verified_namespace,1,0
slipstream-pi.vercel.app,organization,endpoint_on_apex,1,1
slug-generator-production.up.railway.app,organization,endpoint_on_apex,1,1
slug-generator-x402-production.up.railway.app,organization,endpoint_on_apex,1,1
smartapex.uk,organization,endpoint_on_apex,1,1
smartapis.net,organization,endpoint_on_apex|verified_namespace,1,0
smartbear.com,organization,endpoint_on_apex|verified_namespace,1,0
smartcrawler.io,organization,endpoint_on_apex,1,1
smarthomeexplorer.com,organization,endpoint_on_apex|verified_namespace,1,0
smartling.com,organization,endpoint_on_apex|verified_namespace,1,0
smartroutes.io,organization,endpoint_on_apex|verified_namespace,1,0
smasher.studio,organization,endpoint_on_apex,1,1
smiaware.com,organization,endpoint_on_apex|verified_namespace,1,0
smirnov.link,organization,endpoint_on_apex|verified_namespace,1,0
smklog.com,organization,endpoint_on_apex|verified_namespace,1,0
smolanalytics.com,organization,endpoint_on_apex,1,1
smplkit.com,organization,endpoint_on_apex|verified_namespace,1,0
sms-validator-production.up.railway.app,organization,endpoint_on_apex,1,1
sms-validator-x402-production.up.railway.app,organization,endpoint_on_apex,1,1
smsenmasse.fr,organization,endpoint_on_apex,1,1
snapcall.io,organization,endpoint_on_apex|verified_namespace,1,0
snapdiff.ai,organization,verified_namespace,1,0
snapforge.org,organization,endpoint_on_apex|verified_namespace,1,0
snapog.com,organization,endpoint_on_apex|verified_namespace,1,0
snapshot-site.com,organization,endpoint_on_apex|verified_namespace,1,0
snapto.link,organization,endpoint_on_apex|verified_namespace,1,0
snaptoll.com,organization,endpoint_on_apex|verified_namespace,1,0
sncro.net,organization,endpoint_on_apex,1,1
sneaker-hub.com,organization,endpoint_on_apex|verified_namespace,1,0
snhp.dev,organization,endpoint_on_apex,1,1
sniff.world,organization,endpoint_on_apex|verified_namespace,1,0
snipara.com,organization,endpoint_on_apex,1,1
snipget.ai,organization,endpoint_on_apex|verified_namespace,1,0
snitcher.com,organization,endpoint_on_apex|verified_namespace,1,0
snoooz.ai,organization,endpoint_on_apex,1,1
snooze.domains,organization,endpoint_on_apex|verified_namespace,1,0
snov.io,organization,endpoint_on_apex|verified_namespace,1,0
snowdata.ai,organization,endpoint_on_apex|verified_namespace,1,0
snowsure.ai,organization,endpoint_on_apex|verified_namespace,1,0
snowy-surf-deec.workers.dev,organization,endpoint_on_apex,1,1
snugplanner.com,organization,endpoint_on_apex|verified_namespace,1,0
snyk.io,organization,verified_namespace,1,0
soapnoteapi.com,organization,verified_namespace,1,0
socal-business-storefront.onrender.com,organization,endpoint_on_apex,1,1
social-api.ai,organization,verified_namespace,1,0
social-intel-mcp-production.up.railway.app,organization,endpoint_on_apex,1,1
social-profile-x402-production.up.railway.app,organization,endpoint_on_apex,1,1
socialai.one,organization,endpoint_on_apex|verified_namespace,1,0
socialbridge-mcp.vercel.app,organization,endpoint_on_apex,1,1
socialbu.com,organization,endpoint_on_apex,1,1
socialchamp.com,organization,endpoint_on_apex|verified_namespace,1,0
socialcooks.com,organization,endpoint_on_apex|verified_namespace,1,0
socialfetch.dev,organization,endpoint_on_apex,1,1
sociality.io,organization,endpoint_on_apex|verified_namespace,1,0
socializioz.com,organization,endpoint_on_apex,1,1
socialloop.ai,organization,endpoint_on_apex,1,1
socialneuron.com,organization,verified_namespace,1,0
socialperks.app,organization,endpoint_on_apex,1,1
socialrainbow.app,organization,endpoint_on_apex|verified_namespace,1,0
socialspool.com,organization,endpoint_on_apex,1,1
socialync-mcp-ntgtgrzanq-ue.a.run.app,organization,endpoint_on_apex,1,1
sociologic.ai,organization,endpoint_on_apex,1,1
sociologicai.com,organization,endpoint_on_apex,1,1
sodax.com,organization,endpoint_on_apex,1,1
soeru.biz,organization,endpoint_on_apex|verified_namespace,1,0
softricks.net,organization,endpoint_on_apex|verified_namespace,1,0
sofya.co,organization,endpoint_on_apex|verified_namespace,1,0
sol-forge-mcp.vercel.app,organization,endpoint_on_apex,1,1
solana-fees-x402-production.up.railway.app,organization,endpoint_on_apex,1,1
solana-launches-x402-production.up.railway.app,organization,endpoint_on_apex,1,1
solana-pools-x402-production.up.railway.app,organization,endpoint_on_apex,1,1
solenium.ai,organization,endpoint_on_apex|verified_namespace,1,0
solenrich.com,organization,endpoint_on_apex,1,1
solidus-mcp.fly.dev,organization,endpoint_on_apex,1,1
solidus-x402.fly.dev,organization,verified_namespace,1,0
solinkify.com,organization,verified_namespace,1,0
solknife.xyz,organization,endpoint_on_apex|verified_namespace,1,0
solonai.com,organization,verified_namespace,1,0
solvicus.com,organization,endpoint_on_apex|verified_namespace,1,0
sombra.so,organization,endpoint_on_apex|verified_namespace,1,0
somdewan.com,organization,endpoint_on_apex|verified_namespace,1,0
somewhere.tech,organization,endpoint_on_apex|verified_namespace,1,0
somosmaqui.com,organization,endpoint_on_apex,1,1
somvia.app,organization,endpoint_on_apex|verified_namespace,1,0
sonas.work,organization,endpoint_on_apex|verified_namespace,1,0
sonatype.com,organization,endpoint_on_apex|verified_namespace,1,0
sonenta.com,organization,verified_namespace,1,0
songstoyoureyes.com,organization,endpoint_on_apex|verified_namespace,1,0
sonlightwindow.com,organization,endpoint_on_apex|verified_namespace,1,0
sophon.consulting,organization,endpoint_on_apex|verified_namespace,1,0
sophymarine.com,organization,endpoint_on_apex,1,1
soracom.com,organization,endpoint_on_apex|verified_namespace,1,0
sorsa.app,organization,endpoint_on_apex|verified_namespace,1,0
sorted.fast,organization,endpoint_on_apex|verified_namespace,1,0
sos-battery.sk,organization,endpoint_on_apex|verified_namespace,1,0
sota.io,organization,endpoint_on_apex|verified_namespace,1,0
soulcraftagency.com,organization,verified_namespace,1,0
soullight.workers.dev,organization,endpoint_on_apex,1,1
source.parts,organization,endpoint_on_apex,1,1
sourced.dev,organization,endpoint_on_apex|verified_namespace,1,0
sourcelibrary.org,organization,endpoint_on_apex,1,1
sourcey.com,organization,endpoint_on_apex|verified_namespace,1,0
sovantica.ai,organization,verified_namespace,1,0
sovereigntyempire.com,organization,endpoint_on_apex|verified_namespace,1,0
sovgrid.org,organization,endpoint_on_apex|verified_namespace,1,0
spacefast.com,organization,endpoint_on_apex,1,1
spacefrontiers.org,organization,endpoint_on_apex,1,1
spacemolt.com,organization,endpoint_on_apex,1,1
spacexploration.com,organization,endpoint_on_apex|verified_namespace,1,0
spala.ai,organization,endpoint_on_apex|verified_namespace,1,0
spanly.com,organization,endpoint_on_apex|verified_namespace,1,0
spannhq.com,organization,endpoint_on_apex|verified_namespace,1,0
sparkforge.sh,organization,endpoint_on_apex|verified_namespace,1,0
sparklingtracks.com,organization,endpoint_on_apex|verified_namespace,1,0
sparkscribe.app,organization,endpoint_on_apex|verified_namespace,1,0
spatialpack.dev,organization,verified_namespace,1,0
spcsft.com,organization,endpoint_on_apex|verified_namespace,1,0
speak2web.com,organization,verified_namespace,1,0
speakai.co,organization,endpoint_on_apex,1,1
speakman.ai,organization,endpoint_on_apex,1,1
spec-api-mcp.vercel.app,organization,endpoint_on_apex,1,1
specky.space,organization,endpoint_on_apex,1,1
specproof.ai,organization,endpoint_on_apex|verified_namespace,1,0
specularis-mcp-audit-production.up.railway.app,organization,endpoint_on_apex,1,1
speedof.me,organization,verified_namespace,1,0
speedrun-talent-network.com,organization,endpoint_on_apex|verified_namespace,1,0
speedvault.io,organization,verified_namespace,1,0
speeronnext-dev-chat-app.azurewebsites.net,organization,endpoint_on_apex,1,1
speko.ai,organization,endpoint_on_apex|verified_namespace,1,0
spendict.com,organization,endpoint_on_apex|verified_namespace,1,0
spendnod.com,organization,endpoint_on_apex,1,1
spider.cloud,organization,endpoint_on_apex|verified_namespace,1,0
spintax.net,organization,endpoint_on_apex|verified_namespace,1,0
spiralstake.xyz,organization,endpoint_on_apex|verified_namespace,1,0
splark.com,organization,endpoint_on_apex|verified_namespace,1,0
splidia.com,organization,endpoint_on_apex|verified_namespace,1,0
spocal.xyz,organization,endpoint_on_apex|verified_namespace,1,0
spoiler.bet,organization,endpoint_on_apex,1,1
sponsorable.com,organization,endpoint_on_apex|verified_namespace,1,0
sponsorfinder.io,organization,endpoint_on_apex|verified_namespace,1,0
spoonjoy.app,organization,endpoint_on_apex|verified_namespace,1,0
sportwizzard.com,organization,endpoint_on_apex|verified_namespace,1,0
spraay.app,organization,endpoint_on_apex,1,1
sprintflint.com,organization,endpoint_on_apex,1,1
sprintra.io,organization,endpoint_on_apex,1,1
spritecook.ai,organization,endpoint_on_apex|verified_namespace,1,0
sprites.dev,organization,endpoint_on_apex|verified_namespace,1,0
sprtx.net,organization,endpoint_on_apex|verified_namespace,1,0
sprytools.com,organization,endpoint_on_apex|verified_namespace,1,0
sptfy-mcp.online,organization,endpoint_on_apex,1,1
sputnikx.xyz,organization,endpoint_on_apex|verified_namespace,1,0
spytrend.com,organization,endpoint_on_apex|verified_namespace,1,0
sqd.dev,organization,endpoint_on_apex,1,1
sqladmin.googleapis.com,organization,endpoint_on_apex|verified_namespace,1,0
sqlai.dev,organization,endpoint_on_apex,1,1
sqlguard-eqhq.onrender.com,organization,endpoint_on_apex,1,1
sqlguard-io.fly.dev,organization,endpoint_on_apex,1,1
sqlguard.io,organization,endpoint_on_apex,1,1
squeezeos-api.onrender.com,organization,endpoint_on_apex,1,1
squiredocs.com,organization,endpoint_on_apex|verified_namespace,1,0
squirrelbrainapp.com,organization,verified_namespace,1,0
squirrelscan.com,organization,endpoint_on_apex|verified_namespace,1,0
srezai.ru,organization,endpoint_on_apex|verified_namespace,1,0
srgplus.com,organization,endpoint_on_apex,1,1
srun66.com,organization,endpoint_on_apex,1,1
ssemble.com,organization,endpoint_on_apex|verified_namespace,1,0
ssid.ai,organization,verified_namespace,1,0
ssl-checker-production-3dda.up.railway.app,organization,endpoint_on_apex,1,1
ssl-checker-x402-production.up.railway.app,organization,endpoint_on_apex,1,1
sso-auth-bridge-mcp.vercel.app,organization,endpoint_on_apex,1,1
stablebaseline.io,organization,endpoint_on_apex|verified_namespace,1,0
stablecoin-payment-gateway-production-3ee2.up.railway.app,organization,endpoint_on_apex,1,1
staccpad.fun,organization,endpoint_on_apex,1,1
stack-trace-medic-mcp.vercel.app,organization,endpoint_on_apex,1,1
stackbilder.com,organization,endpoint_on_apex,1,1
stackeasy.ai,organization,endpoint_on_apex|verified_namespace,1,0
stackfast.ai,organization,endpoint_on_apex,1,1
stackfiesta.dev,organization,endpoint_on_apex|verified_namespace,1,0
stackhawk.com,organization,verified_namespace,1,0
stackoverflow.com,organization,endpoint_on_apex|verified_namespace,1,0
stackscan.com,organization,verified_namespace,1,0
stackswap.ai,organization,endpoint_on_apex,1,1
stacktr.ee,organization,endpoint_on_apex|verified_namespace,1,0
stackwitness.com,organization,endpoint_on_apex|verified_namespace,1,0
standby.design,organization,endpoint_on_apex,1,1
standoutmcp.io,organization,endpoint_on_apex|verified_namespace,1,0
stanislav.garden,organization,endpoint_on_apex|verified_namespace,1,0
stanki-chpu.ru,organization,endpoint_on_apex,1,1
star-meet.com,organization,verified_namespace,1,0
starreview.ch,organization,endpoint_on_apex,1,1
starsphera.com,organization,endpoint_on_apex,1,1
startaiming.com,organization,endpoint_on_apex|verified_namespace,1,0
startup.jobs,organization,endpoint_on_apex,1,1
startupnamegenerator.com,organization,endpoint_on_apex|verified_namespace,1,0
stas.run,organization,endpoint_on_apex|verified_namespace,1,0
stat-api.com,organization,endpoint_on_apex|verified_namespace,1,0
statcite.com,organization,endpoint_on_apex,1,1
statelode.dev,organization,endpoint_on_apex|verified_namespace,1,0
statey.ai,organization,endpoint_on_apex|verified_namespace,1,0
statis-tir.fr,organization,endpoint_on_apex|verified_namespace,1,0
statisticsoftheworld.com,organization,endpoint_on_apex|verified_namespace,1,0
statistikdata.se,organization,endpoint_on_apex|verified_namespace,1,0
statscompass.io,organization,endpoint_on_apex,1,1
statshawk.ai,organization,endpoint_on_apex|verified_namespace,1,0
statsig.com,organization,endpoint_on_apex|verified_namespace,1,0
stayker.com,organization,endpoint_on_apex|verified_namespace,1,0
steady.space,organization,endpoint_on_apex|verified_namespace,1,0
steadyfetch-production.up.railway.app,organization,endpoint_on_apex,1,1
steadywrk.app,organization,endpoint_on_apex|verified_namespace,1,0
steamwebapi.com,organization,endpoint_on_apex,1,1
steep.app,organization,endpoint_on_apex|verified_namespace,1,0
steeped.icu,organization,verified_namespace,1,0
stellaroid.tech,organization,endpoint_on_apex,1,1
stellary.co,organization,endpoint_on_apex,1,1
steve-12ad36b4.base44.app,organization,endpoint_on_apex,1,1
stimulsoft.com,organization,endpoint_on_apex|verified_namespace,1,0
stitch.googleapis.com,organization,endpoint_on_apex|verified_namespace,1,0
stitchapi.dev,organization,endpoint_on_apex|verified_namespace,1,0
stobox.io,organization,endpoint_on_apex|verified_namespace,1,0
stock-price-production-3ec1.up.railway.app,organization,endpoint_on_apex,1,1
stock-price-x402-production.up.railway.app,organization,endpoint_on_apex,1,1
stockfilm.com,organization,endpoint_on_apex|verified_namespace,1,0
stocklake.dev,organization,endpoint_on_apex|verified_namespace,1,0
stocklens.com,organization,endpoint_on_apex|verified_namespace,1,0
stockmarketscan.com,organization,endpoint_on_apex|verified_namespace,1,0
stocksonchain.io,organization,endpoint_on_apex|verified_namespace,1,0
stocktrends.com,organization,verified_namespace,1,0
stompy.ai,organization,endpoint_on_apex|verified_namespace,1,0
stoop.workers.dev,organization,endpoint_on_apex,1,1
stopful.com,organization,endpoint_on_apex|verified_namespace,1,0
stopovercity.com,organization,endpoint_on_apex|verified_namespace,1,0
storage.dev,organization,endpoint_on_apex|verified_namespace,1,0
storeboard.dev,organization,endpoint_on_apex,1,1
storebridge-mcp.vercel.app,organization,endpoint_on_apex,1,1
storeinspect.com,organization,endpoint_on_apex|verified_namespace,1,0
storiesonboard.com,organization,endpoint_on_apex|verified_namespace,1,0
storydoc.com,organization,endpoint_on_apex|verified_namespace,1,0
storyflo.com,organization,endpoint_on_apex,1,1
storylayer.ai,organization,endpoint_on_apex,1,1
storylenses.app,organization,endpoint_on_apex,1,1
strajkpolski.org,organization,endpoint_on_apex,1,1
strale.io,organization,endpoint_on_apex,1,1
strategyarena.io,organization,endpoint_on_apex|verified_namespace,1,0
strategysignals.duckdns.org,organization,endpoint_on_apex,1,1
stratoforce.workers.dev,organization,endpoint_on_apex,1,1
stratogenic.ai,organization,endpoint_on_apex,1,1
streamfront.net,organization,endpoint_on_apex|verified_namespace,1,0
streamlinehq.com,organization,endpoint_on_apex|verified_namespace,1,0
streamsapps.com,organization,verified_namespace,1,0
streamsappsgslbex.com,organization,endpoint_on_apex,1,1
streamscanner.net,organization,endpoint_on_apex|verified_namespace,1,0
streetproof.com,organization,endpoint_on_apex|verified_namespace,1,0
stremai.com,organization,endpoint_on_apex,1,1
strikemission.app,organization,endpoint_on_apex|verified_namespace,1,0
string-db.org,organization,endpoint_on_apex|verified_namespace,1,0
stripe.com,organization,endpoint_on_apex|verified_namespace,1,0
structa.me,organization,endpoint_on_apex|verified_namespace,1,0
strutterai.com,organization,endpoint_on_apex,1,1
studiepoint.ai,organization,endpoint_on_apex,1,1
studio99.app,organization,endpoint_on_apex|verified_namespace,1,0
studiocorsair.com,organization,endpoint_on_apex|verified_namespace,1,0
studiolabsc.dedyn.io,organization,endpoint_on_apex|verified_namespace,1,0
studiomcphub.com,organization,endpoint_on_apex,1,1
studiomeyer.academy,organization,endpoint_on_apex,1,1
studiosignal.app,organization,endpoint_on_apex,1,1
studiosphere.space,organization,endpoint_on_apex|verified_namespace,1,0
stumpy.ai,organization,endpoint_on_apex|verified_namespace,1,0
stungevents.com,organization,endpoint_on_apex|verified_namespace,1,0
stuntdouble.io,organization,endpoint_on_apex|verified_namespace,1,0
styleforge-ai-mcp.vercel.app,organization,endpoint_on_apex,1,1
styleseed-tokenizer-mcp.vercel.app,organization,endpoint_on_apex,1,1
stytrix.com,organization,endpoint_on_apex,1,1
subdomain.app,organization,endpoint_on_apex|verified_namespace,1,0
sudomock.com,organization,endpoint_on_apex|verified_namespace,1,0
suedeai.ai,organization,endpoint_on_apex,1,1
sugra.ai,organization,endpoint_on_apex|verified_namespace,1,0
suitedforit.com,organization,endpoint_on_apex|verified_namespace,1,0
sukuk.fi,organization,endpoint_on_apex|verified_namespace,1,0
sulvo.com,organization,endpoint_on_apex|verified_namespace,1,0
summit53.io,organization,endpoint_on_apex|verified_namespace,1,0
sumvid.app,organization,endpoint_on_apex,1,1
sunaivacore.io,organization,endpoint_on_apex|verified_namespace,1,0
sunex-ai.com,organization,endpoint_on_apex,1,1
sunex.com,organization,verified_namespace,1,0
sunholo.com,organization,endpoint_on_apex,1,1
sunrays.dev,organization,endpoint_on_apex|verified_namespace,1,0
sunshineatlas.com,organization,endpoint_on_apex|verified_namespace,1,0
suorigo.cz,organization,endpoint_on_apex|verified_namespace,1,0
supabase.com,organization,endpoint_on_apex|verified_namespace,1,0
superdocs.app,organization,endpoint_on_apex|verified_namespace,1,0
superfact.ai,organization,endpoint_on_apex|verified_namespace,1,0
superforms.co,organization,endpoint_on_apex|verified_namespace,1,0
supericons.dev,organization,endpoint_on_apex,1,1
superlist.com,organization,endpoint_on_apex,1,1
superlog.sh,organization,endpoint_on_apex|verified_namespace,1,0
superpowers.social,organization,endpoint_on_apex|verified_namespace,1,0
supersaas.com,organization,endpoint_on_apex|verified_namespace,1,0
supersend.io,organization,endpoint_on_apex,1,1
superserve.ai,organization,endpoint_on_apex,1,1
superskill.sh,organization,endpoint_on_apex,1,1
supertours.ru,organization,endpoint_on_apex|verified_namespace,1,0
supost.com,organization,endpoint_on_apex,1,1
supovia.com,organization,endpoint_on_apex|verified_namespace,1,0
supp.support,organization,endpoint_on_apex|verified_namespace,1,0
suresms.com,organization,endpoint_on_apex|verified_namespace,1,0
surfsessionfinder.com,organization,endpoint_on_apex,1,1
suzuri.dev,organization,endpoint_on_apex|verified_namespace,1,0
suzuri.jp,organization,endpoint_on_apex,1,1
svelte.dev,organization,endpoint_on_apex|verified_namespace,1,0
svg.farm,organization,endpoint_on_apex,1,1
svgator.com,organization,endpoint_on_apex|verified_namespace,1,0
svgicons.com,organization,endpoint_on_apex|verified_namespace,1,0
svim.io,organization,endpoint_on_apex,1,1
svodka.news,organization,endpoint_on_apex|verified_namespace,1,0
swaptitan.net,organization,endpoint_on_apex|verified_namespace,1,0
swapwizard.xyz,organization,endpoint_on_apex,1,1
swarm-coordinator-mcp.vercel.app,organization,endpoint_on_apex,1,1
swarm.at,organization,endpoint_on_apex,1,1
swarm.tips,organization,endpoint_on_apex,1,1
swarmsync.ai,organization,endpoint_on_apex,1,1
swatchdog-mcp-970396648818.us-central1.run.app,organization,endpoint_on_apex,1,1
swatchdog.dev,organization,verified_namespace,1,0
swatgenx.com,organization,endpoint_on_apex,1,1
swathapi.com,organization,endpoint_on_apex|verified_namespace,1,0
swiftsign.ca,organization,endpoint_on_apex|verified_namespace,1,0
swipa.ru,organization,endpoint_on_apex|verified_namespace,1,0
swipify.fr,organization,endpoint_on_apex|verified_namespace,1,0
swissdeals.app,organization,endpoint_on_apex|verified_namespace,1,0
swisslivingindex.ch,organization,endpoint_on_apex|verified_namespace,1,0
swisstrip.app,organization,endpoint_on_apex,1,1
swisswhaleintelligence.com,organization,endpoint_on_apex,1,1
switchapp.ai,organization,endpoint_on_apex|verified_namespace,1,0
swonkie.dev,organization,endpoint_on_apex|verified_namespace,1,0
syenite.ai,organization,endpoint_on_apex,1,1
syftly.vercel.app,organization,endpoint_on_apex,1,1
sygnliq.com,organization,endpoint_on_apex|verified_namespace,1,0
sylin.org,organization,verified_namespace,1,0
syln.cn,organization,endpoint_on_apex|verified_namespace,1,0
symbols-of-wealth-studio-mcp.vercel.app,organization,endpoint_on_apex,1,1
sympodial-hazel-harvestless.ngrok-free.dev,organization,endpoint_on_apex,1,1
synaplex.ai,organization,endpoint_on_apex,1,1
synapse-network.ai,organization,endpoint_on_apex,1,1
synapselayer.org,organization,endpoint_on_apex,1,1
synapze.eu,organization,endpoint_on_apex|verified_namespace,1,0
sync-socials.com,organization,endpoint_on_apex,1,1
synchronex.ai,organization,verified_namespace,1,0
synchronity.app,organization,endpoint_on_apex,1,1
synci.io,organization,endpoint_on_apex|verified_namespace,1,0
syncline.run,organization,verified_namespace,1,0
syncmetrics.io,organization,endpoint_on_apex,1,1
synder.com,organization,verified_namespace,1,0
syndicatelinks.co,organization,endpoint_on_apex,1,1
synergieloc.fr,organization,endpoint_on_apex|verified_namespace,1,0
synligdigital.no,organization,verified_namespace,1,0
syntheticbrew.ai,organization,endpoint_on_apex|verified_namespace,1,0
syntheticuserlab.space,organization,endpoint_on_apex|verified_namespace,1,0
synthnet.io,organization,verified_namespace,1,0
syntitan.ai,organization,endpoint_on_apex|verified_namespace,1,0
systemprompt.io,organization,endpoint_on_apex|verified_namespace,1,0
systemr.ai,organization,endpoint_on_apex,1,1
szum.io,organization,endpoint_on_apex|verified_namespace,1,0
tabak-brucker.de,organization,endpoint_on_apex|verified_namespace,1,0
tablacognita.com,organization,endpoint_on_apex,1,1
tableall.com,organization,endpoint_on_apex|verified_namespace,1,0
tablepredict.com,organization,endpoint_on_apex,1,1
tablint.dev,organization,endpoint_on_apex,1,1
tabula.click,organization,endpoint_on_apex|verified_namespace,1,0
tabula360.com,organization,endpoint_on_apex,1,1
tabularrecipe.com,organization,endpoint_on_apex|verified_namespace,1,0
tacyon.io,organization,endpoint_on_apex|verified_namespace,1,0
tagit.network,organization,endpoint_on_apex|verified_namespace,1,0
tail12fa6b.ts.net,organization,endpoint_on_apex,1,1
tail177fbd.ts.net,organization,endpoint_on_apex,1,1
tail66f665.ts.net,organization,endpoint_on_apex,1,1
taisly.com,organization,endpoint_on_apex,1,1
takehub.app,organization,verified_namespace,1,0
tako.com,organization,endpoint_on_apex,1,1
talarion.com,organization,endpoint_on_apex|verified_namespace,1,0
talivia.com,organization,endpoint_on_apex,1,1
talkamore.com,organization,endpoint_on_apex|verified_namespace,1,0
talkarcllc.com,organization,endpoint_on_apex|verified_namespace,1,0
talktohumans.app,organization,endpoint_on_apex,1,1
tallyfy.com,organization,endpoint_on_apex|verified_namespace,1,0
tallymesh.com,organization,endpoint_on_apex|verified_namespace,1,0
tallymeter.com,organization,endpoint_on_apex|verified_namespace,1,0
tallyworkout.app,organization,endpoint_on_apex,1,1
tamgara.com,organization,endpoint_on_apex|verified_namespace,1,0
tandem-cc.com,organization,endpoint_on_apex|verified_namespace,1,0
tandem.ac,organization,endpoint_on_apex|verified_namespace,1,0
tango.dev,organization,endpoint_on_apex|verified_namespace,1,0
tania-29c.workers.dev,organization,endpoint_on_apex,1,1
tanjiren.app,organization,endpoint_on_apex|verified_namespace,1,0
tantra-authority.com,organization,verified_namespace,1,0
taokeh.my,organization,endpoint_on_apex|verified_namespace,1,0
taparcelle.ca,organization,endpoint_on_apex|verified_namespace,1,0
tapetide.com,organization,verified_namespace,1,0
taplio.com,organization,endpoint_on_apex,1,1
taproothq.com,organization,endpoint_on_apex|verified_namespace,1,0
taprun.dev,organization,endpoint_on_apex,1,1
tapwatermap.com,organization,endpoint_on_apex,1,1
tariff.watch,organization,endpoint_on_apex,1,1
tarkagrid.com,organization,endpoint_on_apex|verified_namespace,1,0
tarteel.ai,organization,endpoint_on_apex,1,1
tascan-live-event.netlify.app,organization,endpoint_on_apex,1,1
task-orchestrator-mcp-three.vercel.app,organization,endpoint_on_apex,1,1
taskforcehq.ai,organization,endpoint_on_apex|verified_namespace,1,0
taskfuel.ai,organization,endpoint_on_apex,1,1
taskhawktech.com,organization,endpoint_on_apex,1,1
taskive.ai,organization,endpoint_on_apex|verified_namespace,1,0
tasklix.dev,organization,endpoint_on_apex|verified_namespace,1,0
taskman.london,organization,endpoint_on_apex|verified_namespace,1,0
tasktime.pro,organization,verified_namespace,1,0
tastemakerdev.com,organization,endpoint_on_apex|verified_namespace,1,0
tatastu.dev,organization,endpoint_on_apex|verified_namespace,1,0
tatuape.sampa.br,organization,endpoint_on_apex,1,1
taufunctions.com,organization,endpoint_on_apex,1,1
tavernfinder.com,organization,endpoint_on_apex,1,1
taxact.com,organization,endpoint_on_apex|verified_namespace,1,0
taxcompass.it,organization,endpoint_on_apex|verified_namespace,1,0
taxlocus.com,organization,endpoint_on_apex|verified_namespace,1,0
tbit.app,organization,endpoint_on_apex|verified_namespace,1,0
tcgmcp.com,organization,endpoint_on_apex|verified_namespace,1,0
tdueqhfxyojmjgactdyc.supabase.co,organization,endpoint_on_apex,1,1
team0.ai,organization,endpoint_on_apex,1,1
teamdev.com,organization,endpoint_on_apex,1,1
teamo360.com,organization,endpoint_on_apex|verified_namespace,1,0
teamwork.com,organization,endpoint_on_apex|verified_namespace,1,0
tech-enrichment-x402-production.up.railway.app,organization,endpoint_on_apex,1,1
tech.eu,organization,endpoint_on_apex|verified_namespace,1,0
techenthus.dev,organization,endpoint_on_apex,1,1
techmanual.ai,organization,endpoint_on_apex,1,1
teclazo.com,organization,endpoint_on_apex|verified_namespace,1,0
tedscout.eu,organization,endpoint_on_apex,1,1
teenadhd.ai,organization,endpoint_on_apex|verified_namespace,1,0
teenanxiety.ai,organization,endpoint_on_apex|verified_namespace,1,0
teenpsychiatry.ai,organization,endpoint_on_apex|verified_namespace,1,0
teenpsychiatry.com,organization,endpoint_on_apex|verified_namespace,1,0
teentherapy.ai,organization,endpoint_on_apex|verified_namespace,1,0
tehprof.kz,organization,endpoint_on_apex|verified_namespace,1,0
tekboss.ai,organization,endpoint_on_apex|verified_namespace,1,0
telawiki.com,organization,endpoint_on_apex,1,1
telbase.ai,organization,verified_namespace,1,0
telemost.io,organization,endpoint_on_apex|verified_namespace,1,0
teleprompter.com,organization,endpoint_on_apex|verified_namespace,1,0
telerik.com,organization,endpoint_on_apex|verified_namespace,1,0
temp-mail.io,organization,endpoint_on_apex|verified_namespace,1,0
temp.md,organization,endpoint_on_apex,1,1
tempguru.co,organization,endpoint_on_apex|verified_namespace,1,0
template-surfaces-drive-bar.trycloudflare.com,organization,endpoint_on_apex,1,1
templated.email,organization,endpoint_on_apex|verified_namespace,1,0
temporal-mcp.dev,organization,endpoint_on_apex,1,1
tempreon.com,organization,endpoint_on_apex|verified_namespace,1,0
temsor.com,organization,endpoint_on_apex|verified_namespace,1,0
temway.com,organization,endpoint_on_apex,1,1
tenantsdb.com,organization,endpoint_on_apex|verified_namespace,1,0
tendem.ai,organization,endpoint_on_apex,1,1
tender-mcp-production.up.railway.app,organization,endpoint_on_apex,1,1
tenderhunt.ai,organization,endpoint_on_apex|verified_namespace,1,0
tenderly.co,organization,endpoint_on_apex|verified_namespace,1,0
tendeta.io,organization,endpoint_on_apex|verified_namespace,1,0
tendfeed.eu,organization,endpoint_on_apex|verified_namespace,1,0
tenjin.blog,organization,endpoint_on_apex|verified_namespace,1,0
teno-store.com,organization,endpoint_on_apex,1,1
tenova.io,organization,verified_namespace,1,0
tepesama-reprise-mcp.hf.space,organization,endpoint_on_apex,1,1
teppek.com,organization,endpoint_on_apex|verified_namespace,1,0
tereno.xyz,organization,endpoint_on_apex|verified_namespace,1,0
teres.io,organization,endpoint_on_apex|verified_namespace,1,0
terminalfeed.io,organization,endpoint_on_apex,1,1
tessa.tech,organization,endpoint_on_apex|verified_namespace,1,0
tessen.ai,organization,endpoint_on_apex|verified_namespace,1,0
tesseraai.io,organization,verified_namespace,1,0
tesseralytics.dev,organization,endpoint_on_apex|verified_namespace,1,0
test-blockscholes.com,organization,endpoint_on_apex,1,1
testiny.io,organization,endpoint_on_apex|verified_namespace,1,0
testiv.ai,organization,verified_namespace,1,0
testrigor.com,organization,endpoint_on_apex|verified_namespace,1,0
tewdy.com,organization,endpoint_on_apex,1,1
tex-adequate-date-facing.trycloudflare.com,organization,endpoint_on_apex,1,1
text-classifier-x402-production.up.railway.app,organization,endpoint_on_apex,1,1
text-to-speech-production-0f12.up.railway.app,organization,endpoint_on_apex,1,1
text-to-speech-x402-production.up.railway.app,organization,endpoint_on_apex,1,1
text-translator-x402-production.up.railway.app,organization,endpoint_on_apex,1,1
text2event.com,organization,endpoint_on_apex|verified_namespace,1,0
textarttools.com,organization,endpoint_on_apex|verified_namespace,1,0
texthumanizer.pro,organization,endpoint_on_apex,1,1
textmine.com,organization,endpoint_on_apex|verified_namespace,1,0
texttostl.com,organization,endpoint_on_apex|verified_namespace,1,0
tgboard.com,organization,endpoint_on_apex|verified_namespace,1,0
tgden.com,organization,endpoint_on_apex,1,1
thaiapp.com,organization,endpoint_on_apex|verified_namespace,1,0
thaibankslip.com,organization,endpoint_on_apex|verified_namespace,1,0
thaiprocurement.com,organization,endpoint_on_apex,1,1
thales.report,organization,endpoint_on_apex|verified_namespace,1,0
the-agentcy-production.up.railway.app,organization,endpoint_on_apex,1,1
the-automator.com,organization,verified_namespace,1,0
the-gem-smith-mcp.vercel.app,organization,endpoint_on_apex,1,1
the-lounge-520904066816.us-west1.run.app,organization,endpoint_on_apex,1,1
the-orbit.ch,organization,endpoint_on_apex|verified_namespace,1,0
the-snip.com,organization,endpoint_on_apex|verified_namespace,1,0
the-undesirables.com,organization,endpoint_on_apex,1,1
the13f.com,organization,verified_namespace,1,0
theagenttimes.com,organization,endpoint_on_apex|verified_namespace,1,0
theaggregate.ai,organization,endpoint_on_apex|verified_namespace,1,0
theartofservice.com,organization,endpoint_on_apex,1,1
thebalancedinvestorclub.com,organization,endpoint_on_apex|verified_namespace,1,0
theblueprint.xyz,organization,endpoint_on_apex,1,1
thebotwire.com,organization,endpoint_on_apex,1,1
thecastlemap.com,organization,endpoint_on_apex|verified_namespace,1,0
thechrisgrey.com,organization,endpoint_on_apex|verified_namespace,1,0
thecoderegistry.com,organization,endpoint_on_apex,1,1
thecodey.com,organization,endpoint_on_apex|verified_namespace,1,0
thecolony.cc,organization,endpoint_on_apex|verified_namespace,1,0
thecompanyatlas.com,organization,endpoint_on_apex,1,1
thecontext.company,organization,endpoint_on_apex,1,1
thedailylesson.com,organization,endpoint_on_apex,1,1
thedailysmark.com,organization,endpoint_on_apex|verified_namespace,1,0
thedeskmonitor.com,organization,endpoint_on_apex|verified_namespace,1,0
thefloor-dashboard-production.up.railway.app,organization,endpoint_on_apex,1,1
thefusion.studio,organization,endpoint_on_apex,1,1
thehillkinabalu.com,organization,endpoint_on_apex,1,1
thehometeam.io,organization,endpoint_on_apex,1,1
theirstack.com,organization,endpoint_on_apex|verified_namespace,1,0
thekairos.app,organization,endpoint_on_apex,1,1
thelastceo.live,organization,endpoint_on_apex,1,1
themailx.com,organization,endpoint_on_apex|verified_namespace,1,0
themonexus.com,organization,endpoint_on_apex|verified_namespace,1,0
thenetworkos.com,organization,endpoint_on_apex|verified_namespace,1,0
theneuralledger.com,organization,verified_namespace,1,0
thenightsky.com,organization,endpoint_on_apex|verified_namespace,1,0
theopslog.workers.dev,organization,endpoint_on_apex,1,1
theothers.shop,organization,endpoint_on_apex|verified_namespace,1,0
theoutdoorsapp.com,organization,endpoint_on_apex|verified_namespace,1,0
theprotocol.cloud,organization,endpoint_on_apex|verified_namespace,1,0
thequietprotocol.com,organization,endpoint_on_apex|verified_namespace,1,0
theserverless.dev,organization,endpoint_on_apex,1,1
thesignup.app,organization,endpoint_on_apex|verified_namespace,1,0
thesovereignconsumer.com,organization,endpoint_on_apex,1,1
thetrustlayer.xyz,organization,endpoint_on_apex,1,1
theusualaccountant.com,organization,endpoint_on_apex,1,1
thexi.dev,organization,endpoint_on_apex|verified_namespace,1,0
thingctx.com,organization,verified_namespace,1,0
thinkandautomate.dev,organization,endpoint_on_apex,1,1
thinkneo.ai,organization,endpoint_on_apex|verified_namespace,1,0
thinkpattern.ai,organization,endpoint_on_apex|verified_namespace,1,0
thiri.ai,organization,endpoint_on_apex|verified_namespace,1,0
thisdot.co,organization,endpoint_on_apex|verified_namespace,1,0
thisispaper.com,organization,endpoint_on_apex,1,1
thistripbtw.us,organization,endpoint_on_apex|verified_namespace,1,0
thoth-slr.vercel.app,organization,endpoint_on_apex,1,1
thoughtbox.ai,organization,endpoint_on_apex|verified_namespace,1,0
thoughtspot.app,organization,endpoint_on_apex|verified_namespace,1,0
thousand-api.com,organization,endpoint_on_apex|verified_namespace,1,0
thousandeyes.com,organization,endpoint_on_apex|verified_namespace,1,0
threadlinqs.com,organization,verified_namespace,1,0
threadminder.ai,organization,endpoint_on_apex|verified_namespace,1,0
threadmine.dev,organization,verified_namespace,1,0
threejs-weaver-mcp.vercel.app,organization,endpoint_on_apex,1,1
thrivee.ai,organization,endpoint_on_apex|verified_namespace,1,0
thrivestack.ai,organization,endpoint_on_apex,1,1
thundercompute.com,organization,endpoint_on_apex,1,1
tianxiagongchang.com,organization,endpoint_on_apex|verified_namespace,1,0
tick-mcp-production.up.railway.app,organization,endpoint_on_apex,1,1
tickadoo.com,organization,endpoint_on_apex,1,1
tickdb.ai,organization,endpoint_on_apex,1,1
tickerall.com,organization,endpoint_on_apex|verified_namespace,1,0
tickerbot.io,organization,endpoint_on_apex,1,1
tickerdb.com,organization,endpoint_on_apex|verified_namespace,1,0
tickerfacts.com,organization,endpoint_on_apex|verified_namespace,1,0
tickerr.ai,organization,endpoint_on_apex,1,1
tickets4pets.org,organization,endpoint_on_apex|verified_namespace,1,0
tickettailor.ai,organization,endpoint_on_apex|verified_namespace,1,0
tickstem.dev,organization,verified_namespace,1,0
ticktape.cc,organization,endpoint_on_apex|verified_namespace,1,0
tide.org,organization,endpoint_on_apex,1,1
tidesman.dev,organization,verified_namespace,1,0
tier1.nz,organization,endpoint_on_apex|verified_namespace,1,0
tigerdata.com,organization,endpoint_on_apex,1,1
tilwhen.com,organization,endpoint_on_apex|verified_namespace,1,0
timelines.ai,organization,endpoint_on_apex,1,1
timeml.ai,organization,endpoint_on_apex|verified_namespace,1,0
timeslope.com,organization,endpoint_on_apex|verified_namespace,1,0
timesrare.com,organization,endpoint_on_apex|verified_namespace,1,0
timezone-converter-production-d3c5.up.railway.app,organization,endpoint_on_apex,1,1
timezone-converter-x402-production.up.railway.app,organization,endpoint_on_apex,1,1
timill.com,organization,endpoint_on_apex|verified_namespace,1,0
timillcloud.com,organization,verified_namespace,1,0
timix.ai,organization,endpoint_on_apex|verified_namespace,1,0
timothe.ai,organization,endpoint_on_apex|verified_namespace,1,0
timothy-walton45.workers.dev,organization,endpoint_on_apex,1,1
tinify.ai,organization,endpoint_on_apex,1,1
tinify.dev,organization,verified_namespace,1,0
tinkrr.app,organization,verified_namespace,1,0
tinkrr.workers.dev,organization,endpoint_on_apex,1,1
tinyapis.dev,organization,endpoint_on_apex|verified_namespace,1,0
tinyassets.io,organization,endpoint_on_apex,1,1
tinyfish.ai,organization,endpoint_on_apex|verified_namespace,1,0
tinyfn.io,organization,endpoint_on_apex|verified_namespace,1,0
tinygods.dev,organization,endpoint_on_apex,1,1
tinysend.com,organization,endpoint_on_apex|verified_namespace,1,0
tip4serv.com,organization,endpoint_on_apex|verified_namespace,1,0
tipdata.es,organization,endpoint_on_apex,1,1
tipranks.com,organization,endpoint_on_apex|verified_namespace,1,0
tiza.cc,organization,endpoint_on_apex,1,1
tjcjvxibsrxizwuajypz.supabase.co,organization,endpoint_on_apex,1,1
tkawen.com,organization,endpoint_on_apex|verified_namespace,1,0
tlaloc.sh,organization,endpoint_on_apex,1,1
tldraw.workers.dev,organization,endpoint_on_apex,1,1
tlsradar.com,organization,endpoint_on_apex|verified_namespace,1,0
tmpstate.dev,organization,endpoint_on_apex|verified_namespace,1,0
tmtb-mcp.fly.dev,organization,endpoint_on_apex,1,1
tmtb.io,organization,verified_namespace,1,0
tnkng.com,organization,endpoint_on_apex,1,1
tnt-audit.com,organization,endpoint_on_apex,1,1
todo.vu,organization,endpoint_on_apex,1,1
todoist.net,organization,endpoint_on_apex|verified_namespace,1,0
toffu.ai,organization,endpoint_on_apex|verified_namespace,1,0
toflow.ai,organization,endpoint_on_apex,1,1
tofubofu.com,organization,endpoint_on_apex|verified_namespace,1,0
token-diet-mcp.vercel.app,organization,endpoint_on_apex,1,1
token-holders-x402-production.up.railway.app,organization,endpoint_on_apex,1,1
token-ohlcv-x402-production.up.railway.app,organization,endpoint_on_apex,1,1
token-price-production-f72e.up.railway.app,organization,endpoint_on_apex,1,1
token-price-x402-production.up.railway.app,organization,endpoint_on_apex,1,1
token-safety-x402-production.up.railway.app,organization,endpoint_on_apex,1,1
tokenarcade.ai,organization,endpoint_on_apex|verified_namespace,1,0
tokenbel.info,organization,endpoint_on_apex,1,1
tokenburn-optimizer-mcp.vercel.app,organization,endpoint_on_apex,1,1
tokenofesteem.com,organization,endpoint_on_apex|verified_namespace,1,0
tokenomic-pulse-mcp.vercel.app,organization,endpoint_on_apex,1,1
tokenrip.com,organization,endpoint_on_apex,1,1
tokkyo-maru.fly.dev,organization,endpoint_on_apex,1,1
tokonomix.ai,organization,verified_namespace,1,0
tolgee.io,organization,endpoint_on_apex,1,1
tollboothswap.xyz,organization,endpoint_on_apex|verified_namespace,1,0
tollmint.com,organization,endpoint_on_apex|verified_namespace,1,0
tomesphere.com,organization,endpoint_on_apex|verified_namespace,1,0
tomevault.io,organization,endpoint_on_apex,1,1
tomi.tel,organization,endpoint_on_apex|verified_namespace,1,0
tonr.app,organization,endpoint_on_apex,1,1
tonzar.com,organization,endpoint_on_apex,1,1
toofi.app,organization,endpoint_on_apex|verified_namespace,1,0
tool-guardian-mcp.vercel.app,organization,endpoint_on_apex,1,1
toolalize.com,organization,endpoint_on_apex,1,1
toolapi.org,organization,endpoint_on_apex|verified_namespace,1,0
toolbelt.ai,organization,endpoint_on_apex,1,1
toolcall.click,organization,endpoint_on_apex|verified_namespace,1,0
tooldirectory.ai,organization,endpoint_on_apex|verified_namespace,1,0
toolfeeds.com,organization,endpoint_on_apex|verified_namespace,1,0
toolforest.io,organization,endpoint_on_apex|verified_namespace,1,0
toolhail.com,organization,endpoint_on_apex,1,1
toolora.dev,organization,endpoint_on_apex,1,1
toolpipe.dev,organization,endpoint_on_apex,1,1
toolprint.ai,organization,verified_namespace,1,0
toolsforagents.tools,organization,endpoint_on_apex,1,1
toolsnap.app,organization,endpoint_on_apex|verified_namespace,1,0
toolvend.dev,organization,endpoint_on_apex|verified_namespace,1,0
toolweave.dev,organization,endpoint_on_apex,1,1
toolzy.io,organization,endpoint_on_apex|verified_namespace,1,0
top-gun-mcp-server.vercel.app,organization,endpoint_on_apex,1,1
topicforge.net,organization,verified_namespace,1,0
topmessage.com,organization,endpoint_on_apex|verified_namespace,1,0
topness.com,organization,verified_namespace,1,0
torchlyhq.com,organization,endpoint_on_apex|verified_namespace,1,0
toreador.io,organization,verified_namespace,1,0
toreva.com,organization,endpoint_on_apex,1,1
torify.dev,organization,verified_namespace,1,0
torify.workers.dev,organization,endpoint_on_apex,1,1
toriigate.dev,organization,endpoint_on_apex|verified_namespace,1,0
tos-slayer-mcp.vercel.app,organization,endpoint_on_apex,1,1
tosheroon.com,organization,endpoint_on_apex|verified_namespace,1,0
totalparks.com.au,organization,endpoint_on_apex|verified_namespace,1,0
touchstone.cv,organization,endpoint_on_apex|verified_namespace,1,0
toughlovesec.win,organization,endpoint_on_apex,1,1
toughtongueai.com,organization,endpoint_on_apex|verified_namespace,1,0
toui.io,organization,endpoint_on_apex|verified_namespace,1,0
toutcreer.com,organization,verified_namespace,1,0
townbrief.com,organization,endpoint_on_apex|verified_namespace,1,0
tracea.online,organization,endpoint_on_apex,1,1
tracepass.eu,organization,endpoint_on_apex|verified_namespace,1,0
trackingmcp.com,organization,endpoint_on_apex,1,1
trackingtime.co,organization,endpoint_on_apex,1,1
trackordernow.com,organization,endpoint_on_apex|verified_namespace,1,0
trackradar.ai,organization,endpoint_on_apex|verified_namespace,1,0
tradallo.com,organization,endpoint_on_apex|verified_namespace,1,0
tradebasis.ca,organization,endpoint_on_apex|verified_namespace,1,0
tradedashboard.eu,organization,endpoint_on_apex|verified_namespace,1,0
tradego.ai,organization,endpoint_on_apex,1,1
tradeit.app,organization,endpoint_on_apex|verified_namespace,1,0
traderhc.com,organization,endpoint_on_apex|verified_namespace,1,0
traderouter.ai,organization,verified_namespace,1,0
traderszone.net,organization,endpoint_on_apex,1,1
tradesapi.com,organization,endpoint_on_apex,1,1
tradesearcher.ai,organization,verified_namespace,1,0
tradeti.me,organization,endpoint_on_apex,1,1
trading-agent-mcp.zeabur.app,organization,endpoint_on_apex,1,1
tradingale.com,organization,endpoint_on_apex,1,1
tradingcalc.io,organization,endpoint_on_apex,1,1
tradingstrategies.work,organization,endpoint_on_apex,1,1
trailweights.com,organization,endpoint_on_apex|verified_namespace,1,0
trainrouter.com,organization,endpoint_on_apex|verified_namespace,1,0
trakkr.ai,organization,endpoint_on_apex,1,1
transcribevideototext.com,organization,endpoint_on_apex|verified_namespace,1,0
transcriptapi.com,organization,endpoint_on_apex|verified_namespace,1,0
transcriptapi.dev,organization,verified_namespace,1,0
transcriptfetch.com,organization,endpoint_on_apex|verified_namespace,1,0
transcriptmagic.com,organization,endpoint_on_apex|verified_namespace,1,0
transcriptmax.com,organization,endpoint_on_apex|verified_namespace,1,0
transipal.com,organization,endpoint_on_apex|verified_namespace,1,0
transita.app,organization,endpoint_on_apex,1,1
translatesheet.com,organization,endpoint_on_apex|verified_namespace,1,0
translatize.com,organization,verified_namespace,1,0
transloadit.com,organization,endpoint_on_apex,1,1
tranthientrong.github.io,organization,endpoint_on_apex,1,1
travel-code.com,organization,endpoint_on_apex|verified_namespace,1,0
travel.art,organization,endpoint_on_apex|verified_namespace,1,0
travelerlocal.ai,organization,endpoint_on_apex,1,1
travellersgroup.com.au,organization,endpoint_on_apex|verified_namespace,1,0
travelminds.ai,organization,endpoint_on_apex|verified_namespace,1,0
traveltype.app,organization,endpoint_on_apex,1,1
travolp.com,organization,endpoint_on_apex|verified_namespace,1,0
trayd.ai,organization,endpoint_on_apex,1,1
trazimstan.hr,organization,endpoint_on_apex|verified_namespace,1,0
tredict.com,organization,endpoint_on_apex|verified_namespace,1,0
trellistate.com,organization,endpoint_on_apex|verified_namespace,1,0
trenchfu.com,organization,endpoint_on_apex,1,1
trestlescan.com,organization,verified_namespace,1,0
tria.ro,organization,endpoint_on_apex|verified_namespace,1,0
triall.ai,organization,endpoint_on_apex,1,1
tridentchart.com,organization,endpoint_on_apex,1,1
triggercmd.com,organization,endpoint_on_apex,1,1
trillboards.com,organization,endpoint_on_apex,1,1
trilo.chat,organization,endpoint_on_apex|verified_namespace,1,0
trimtabist.com,organization,endpoint_on_apex,1,1
trinh.uk,organization,endpoint_on_apex,1,1
trinity-v2-mcp.fly.dev,organization,endpoint_on_apex,1,1
trip-planner.com.au,organization,endpoint_on_apex|verified_namespace,1,0
trip1.com,organization,endpoint_on_apex|verified_namespace,1,0
trip2g.com,organization,endpoint_on_apex,1,1
tripitaka-mcp.com,organization,endpoint_on_apex,1,1
triplogistics.app,organization,endpoint_on_apex|verified_namespace,1,0
trisys.co.uk,organization,endpoint_on_apex|verified_namespace,1,0
trivago.com,organization,verified_namespace,1,0
tronsave.io,organization,endpoint_on_apex,1,1
troops-submission-what-stays.trycloudflare.com,organization,endpoint_on_apex,1,1
trovest.io,organization,endpoint_on_apex|verified_namespace,1,0
troystack.ai,organization,endpoint_on_apex,1,1
true402.dev,organization,verified_namespace,1,0
truealter.com,organization,endpoint_on_apex|verified_namespace,1,0
truemarkets.co,organization,endpoint_on_apex|verified_namespace,1,0
truevaluerankings.com,organization,endpoint_on_apex|verified_namespace,1,0
truncus.co,organization,verified_namespace,1,0
trunk.io,organization,endpoint_on_apex|verified_namespace,1,0
truss-security.com,organization,endpoint_on_apex|verified_namespace,1,0
trust-agent.io,organization,verified_namespace,1,0
trust-gate-mcp.onrender.com,organization,endpoint_on_apex,1,1
trust-score-production-ff18.up.railway.app,organization,endpoint_on_apex,1,1
trust-score-x402-production.up.railway.app,organization,endpoint_on_apex,1,1
trust-vision-mcp.vercel.app,organization,endpoint_on_apex,1,1
trustailaw.com,organization,endpoint_on_apex,1,1
trustbench.io,organization,endpoint_on_apex,1,1
trustboundarysystems.com,organization,endpoint_on_apex|verified_namespace,1,0
trustedvillas.co.uk,organization,endpoint_on_apex,1,1
trusteed.io,organization,endpoint_on_apex,1,1
trusteed.xyz,organization,endpoint_on_apex|verified_namespace,1,0
trustfetch.duckdns.org,organization,endpoint_on_apex,1,1
trustnotch.com,organization,verified_namespace,1,0
trustrails.app,organization,verified_namespace,1,0
trustydata.app,organization,endpoint_on_apex|verified_namespace,1,0
trustysquire.ai,organization,verified_namespace,1,0
truthifi.com,organization,endpoint_on_apex|verified_namespace,1,0
truthscan.com,organization,endpoint_on_apex|verified_namespace,1,0
trvaelmind.online,organization,endpoint_on_apex|verified_namespace,1,0
tryadlicio.com,organization,endpoint_on_apex|verified_namespace,1,0
trycaesar.com,organization,endpoint_on_apex|verified_namespace,1,0
trycanonical.ai,organization,endpoint_on_apex|verified_namespace,1,0
trydango.com,organization,endpoint_on_apex|verified_namespace,1,0
trydock.ai,organization,endpoint_on_apex|verified_namespace,1,0
tryfrisk.dev,organization,verified_namespace,1,0
tryorcha.com,organization,endpoint_on_apex,1,1
tryreelestate.com,organization,verified_namespace,1,0
trysonar.app,organization,verified_namespace,1,0
tryspook.com,organization,endpoint_on_apex|verified_namespace,1,0
trytentra.com,organization,endpoint_on_apex,1,1
tryterrarium.com,organization,endpoint_on_apex,1,1
ttrpg.bot,organization,endpoint_on_apex|verified_namespace,1,0
ttw-chat-production.up.railway.app,organization,endpoint_on_apex,1,1
ttwchat.com,organization,endpoint_on_apex,1,1
tubechop.com,organization,endpoint_on_apex|verified_namespace,1,0
tubepull.com,organization,endpoint_on_apex,1,1
tubexperto.com,organization,endpoint_on_apex,1,1
tulugar.com,organization,endpoint_on_apex|verified_namespace,1,0
tunnelpowered.com,organization,endpoint_on_apex|verified_namespace,1,0
tunova.ai,organization,endpoint_on_apex,1,1
turaxia.com,organization,endpoint_on_apex|verified_namespace,1,0
turbometrics.de,organization,endpoint_on_apex,1,1
turbometrics.io,organization,endpoint_on_apex,1,1
turnale.app,organization,endpoint_on_apex|verified_namespace,1,0
turrior.com,organization,endpoint_on_apex|verified_namespace,1,0
turtlenoir.com,organization,endpoint_on_apex,1,1
turva.dev,organization,endpoint_on_apex|verified_namespace,1,0
tuteliq.ai,organization,endpoint_on_apex|verified_namespace,1,0
tweetfeed.live,organization,endpoint_on_apex,1,1
tweetsave.org,organization,endpoint_on_apex,1,1
tweetsmash.com,organization,endpoint_on_apex|verified_namespace,1,0
twelvedata.com,organization,endpoint_on_apex|verified_namespace,1,0
twelvelabs.io,organization,endpoint_on_apex|verified_namespace,1,0
twiceshy.app,organization,endpoint_on_apex|verified_namespace,1,0
twitr.sh,organization,endpoint_on_apex|verified_namespace,1,0
twitter-scraper-production-a1e8.up.railway.app,organization,endpoint_on_apex,1,1
twitter-scraper-x402-production.up.railway.app,organization,endpoint_on_apex,1,1
twmarketdata.com,organization,endpoint_on_apex|verified_namespace,1,0
twocents.page,organization,endpoint_on_apex|verified_namespace,1,0
twuluxmoognlwtmaoqgo.supabase.co,organization,endpoint_on_apex,1,1
twzrd.xyz,organization,endpoint_on_apex|verified_namespace,1,0
tycana.com,organization,endpoint_on_apex,1,1
typeui.sh,organization,endpoint_on_apex,1,1
tzilla.live,organization,endpoint_on_apex,1,1
uaejuris.com,organization,endpoint_on_apex|verified_namespace,1,0
ufupdlaxddckqxbgbhwu.supabase.co,organization,endpoint_on_apex,1,1
ugcpocket.com,organization,endpoint_on_apex|verified_namespace,1,0
ui-factory-mcp.vercel.app,organization,endpoint_on_apex,1,1
uicockpit.com,organization,verified_namespace,1,0
uk-due-diligence-mcp.fly.dev,organization,endpoint_on_apex,1,1
uk-legal-mcp.fly.dev,organization,endpoint_on_apex,1,1
ukdatapi.com,organization,endpoint_on_apex,1,1
ukglobaltalentvisa.org,organization,endpoint_on_apex,1,1
ukraineborder.com,organization,endpoint_on_apex|verified_namespace,1,0
uldl.sh,organization,endpoint_on_apex|verified_namespace,1,0
ultimate-critic.fly.dev,organization,endpoint_on_apex,1,1
ultiplace.com,organization,endpoint_on_apex,1,1
ultramemory.us,organization,endpoint_on_apex,1,1
ultraprompt.co,organization,verified_namespace,1,0
umtri.io,organization,endpoint_on_apex|verified_namespace,1,0
umxgvoxlxznnpdvkgnaj.supabase.co,organization,endpoint_on_apex,1,1
unboxapi.pro,organization,endpoint_on_apex,1,1
undercurrentholdings.com,organization,endpoint_on_apex|verified_namespace,1,0
undisk.app,organization,verified_namespace,1,0
uneed.best,organization,endpoint_on_apex|verified_namespace,1,0
unfoldip.com,organization,endpoint_on_apex|verified_namespace,1,0
unibiointelligence.com,organization,endpoint_on_apex,1,1
unifapi.com,organization,endpoint_on_apex|verified_namespace,1,0
unified.to,organization,endpoint_on_apex|verified_namespace,1,0
unifiedoffer.com,organization,endpoint_on_apex|verified_namespace,1,0
unit-converter-production-0b91.up.railway.app,organization,endpoint_on_apex,1,1
unit-converter-x402-production.up.railway.app,organization,endpoint_on_apex,1,1
univercityaiconsult.tech,organization,endpoint_on_apex,1,1
universal-model-registry-production.up.railway.app,organization,endpoint_on_apex,1,1
unlistedinc.com,organization,endpoint_on_apex|verified_namespace,1,0
unlocksaas.com,organization,endpoint_on_apex,1,1
unmarkdown.com,organization,endpoint_on_apex,1,1
unorouter.com,organization,endpoint_on_apex|verified_namespace,1,0
unpaper.ai,organization,verified_namespace,1,0
unphurl.com,organization,endpoint_on_apex,1,1
unpluggedfeed.workers.dev,organization,endpoint_on_apex,1,1
unquant.ai,organization,endpoint_on_apex|verified_namespace,1,0
unshift.ai,organization,endpoint_on_apex,1,1
unstoppabledomains.com,organization,endpoint_on_apex|verified_namespace,1,0
unstructured.io,organization,endpoint_on_apex|verified_namespace,1,0
untap.money,organization,endpoint_on_apex,1,1
untype.me,organization,endpoint_on_apex|verified_namespace,1,0
unulu.ai,organization,endpoint_on_apex|verified_namespace,1,0
unyly.org,organization,endpoint_on_apex|verified_namespace,1,0
upgradeagent.ai,organization,endpoint_on_apex|verified_namespace,1,0
uphealth.us,organization,endpoint_on_apex|verified_namespace,1,0
uplink.build,organization,verified_namespace,1,0
upload-post.com,organization,endpoint_on_apex|verified_namespace,1,0
uploadcheck.app,organization,verified_namespace,1,0
upriver.ai,organization,endpoint_on_apex|verified_namespace,1,0
uproad.design,organization,endpoint_on_apex|verified_namespace,1,0
uptimeify.io,organization,endpoint_on_apex|verified_namespace,1,0
uptimemonitoring.com,organization,endpoint_on_apex|verified_namespace,1,0
uptocode-mcp-1015314816960.us-central1.run.app,organization,endpoint_on_apex,1,1
uq.edu.au,organization,endpoint_on_apex,1,1
urantia.dev,organization,endpoint_on_apex|verified_namespace,1,0
urbanplayground.xyz,organization,verified_namespace,1,0
urbot.net,organization,endpoint_on_apex|verified_namespace,1,0
url-safety-validator-mcp-production.up.railway.app,organization,endpoint_on_apex,1,1
url-shortener-x402-production.up.railway.app,organization,endpoint_on_apex,1,1
url2image.com,organization,endpoint_on_apex|verified_namespace,1,0
urlcheck.ai,organization,endpoint_on_apex|verified_namespace,1,0
urlsnap.dev,organization,verified_namespace,1,0
urltopdf.org,organization,endpoint_on_apex|verified_namespace,1,0
us-central1-capital-equipment-dev.cloudfunctions.net,organization,endpoint_on_apex,1,1
us-central1-jassguru.cloudfunctions.net,organization,endpoint_on_apex,1,1
us-central1-minoa-roi-firebase.cloudfunctions.net,organization,endpoint_on_apex,1,1
us-central1-philongevity-aiapp-v2.cloudfunctions.net,organization,endpoint_on_apex,1,1
us-central1-sand-gallery-lab.cloudfunctions.net,organization,endpoint_on_apex,1,1
us-law-mcp.vercel.app,organization,endpoint_on_apex,1,1
usaref.dev,organization,endpoint_on_apex|verified_namespace,1,0
usdi-mcp.onrender.com,organization,endpoint_on_apex,1,1
usdvcapital.com,organization,endpoint_on_apex,1,1
useallowance.com,organization,endpoint_on_apex|verified_namespace,1,0
usealloy.ai,organization,endpoint_on_apex|verified_namespace,1,0
useaxis.dev,organization,endpoint_on_apex|verified_namespace,1,0
usebleep.com,organization,endpoint_on_apex|verified_namespace,1,0
usebrains.app,organization,endpoint_on_apex,1,1
usecarscout.com,organization,endpoint_on_apex|verified_namespace,1,0
useclippy.cc,organization,endpoint_on_apex,1,1
usecoachai.com,organization,endpoint_on_apex,1,1
usecoal.xyz,organization,endpoint_on_apex,1,1
usecroma.com,organization,verified_namespace,1,0
usefreebox.com,organization,endpoint_on_apex|verified_namespace,1,0
useful-data-source-for-agents-production.up.railway.app,organization,endpoint_on_apex,1,1
usehandoff.com.br,organization,endpoint_on_apex,1,1
usejig.dev,organization,endpoint_on_apex,1,1
uselamina.ai,organization,endpoint_on_apex|verified_namespace,1,0
usememra.com,organization,endpoint_on_apex|verified_namespace,1,0
usemeridian.us,organization,endpoint_on_apex,1,1
usemycontext.ai,organization,endpoint_on_apex,1,1
usenotch.ai,organization,endpoint_on_apex|verified_namespace,1,0
usenotra.com,organization,endpoint_on_apex,1,1
useorgx.com,organization,endpoint_on_apex|verified_namespace,1,0
usepancake.com,organization,endpoint_on_apex|verified_namespace,1,0
usepopup.com,organization,verified_namespace,1,0
user-agent-parser-production.up.railway.app,organization,endpoint_on_apex,1,1
user-agent-parser-x402-production.up.railway.app,organization,endpoint_on_apex,1,1
userbrain.com,organization,endpoint_on_apex|verified_namespace,1,0
userguiding.com,organization,endpoint_on_apex,1,1
usertapes.com,organization,endpoint_on_apex,1,1
uservane.com,organization,endpoint_on_apex|verified_namespace,1,0
usesideways.com,organization,endpoint_on_apex|verified_namespace,1,0
usestring.ai,organization,endpoint_on_apex|verified_namespace,1,0
usetimebook.com,organization,endpoint_on_apex,1,1
usetrackly.app,organization,endpoint_on_apex,1,1
usevyra.com,organization,endpoint_on_apex,1,1
usewait.com,organization,endpoint_on_apex|verified_namespace,1,0
ustaxrecords.com,organization,verified_namespace,1,0
utilia.ink,organization,endpoint_on_apex|verified_namespace,1,0
utilify.io,organization,endpoint_on_apex,1,1
utility-converter.onrender.com,organization,endpoint_on_apex,1,1
utility-matrix.com,organization,endpoint_on_apex,1,1
utilsforagents.com,organization,verified_namespace,1,0
utsuroi.today,organization,endpoint_on_apex|verified_namespace,1,0
uuid-generator-production.up.railway.app,organization,endpoint_on_apex,1,1
uuid-generator-x402-production.up.railway.app,organization,endpoint_on_apex,1,1
uurl.at,organization,endpoint_on_apex|verified_namespace,1,0
uwear.ai,organization,endpoint_on_apex|verified_namespace,1,0
ux-auditor-pro-mcp.vercel.app,organization,endpoint_on_apex,1,1
uxbert.ai,organization,endpoint_on_apex|verified_namespace,1,0
uxspot.io,organization,endpoint_on_apex,1,1
v-safe.ai,organization,endpoint_on_apex|verified_namespace,1,0
v12dfs-production.up.railway.app,organization,endpoint_on_apex,1,1
v3.news,organization,endpoint_on_apex|verified_namespace,1,0
vaadin.com,organization,endpoint_on_apex|verified_namespace,1,0
vaaya.ai,organization,endpoint_on_apex|verified_namespace,1,0
vairetail.com,organization,endpoint_on_apex|verified_namespace,1,0
vairogs.lv,organization,endpoint_on_apex|verified_namespace,1,0
vaiz.com,organization,verified_namespace,1,0
val.town,organization,endpoint_on_apex|verified_namespace,1,0
validatethat.io,organization,endpoint_on_apex,1,1
valossa.com,organization,endpoint_on_apex|verified_namespace,1,0
valuable-sockeye-14.eu-west-1.convex.site,organization,endpoint_on_apex,1,1
value-pro.ru,organization,endpoint_on_apex|verified_namespace,1,0
value.us,organization,endpoint_on_apex,1,1
valuein.biz,organization,endpoint_on_apex,1,1
valv.sh,organization,verified_namespace,1,0
valverideflow.com,organization,endpoint_on_apex|verified_namespace,1,0
vandorla.com,organization,endpoint_on_apex|verified_namespace,1,0
vantaj.co,organization,endpoint_on_apex|verified_namespace,1,0
vantane.com,organization,endpoint_on_apex,1,1
vanticlabs.ai,organization,verified_namespace,1,0
vapagent.com,organization,endpoint_on_apex,1,1
var.gg,organization,endpoint_on_apex|verified_namespace,1,0
variel.ai,organization,verified_namespace,1,0
varoriya.com,organization,endpoint_on_apex,1,1
varosity.ai,organization,endpoint_on_apex,1,1
varrd.com,organization,endpoint_on_apex,1,1
varynforge.com,organization,endpoint_on_apex|verified_namespace,1,0
vassiliy-lakhonin.workers.dev,organization,endpoint_on_apex,1,1
vastlint.org,organization,endpoint_on_apex,1,1
vat-validator-mcp-production.up.railway.app,organization,endpoint_on_apex,1,1
vaultguard-mcp.vercel.app,organization,endpoint_on_apex,1,1
vayapin.app,organization,verified_namespace,1,0
vdb.ai.kr,organization,verified_namespace,1,0
vealth.net,organization,endpoint_on_apex,1,1
vector-search-x402-production.up.railway.app,organization,endpoint_on_apex,1,1
vectoropsai.com,organization,endpoint_on_apex,1,1
vedavisor.com,organization,endpoint_on_apex,1,1
vee3.io,organization,endpoint_on_apex,1,1
veecle.ai,organization,endpoint_on_apex|verified_namespace,1,0
veed.io,organization,endpoint_on_apex|verified_namespace,1,0
veilpoint.ca,organization,endpoint_on_apex|verified_namespace,1,0
velarion-scraper-production.up.railway.app,organization,endpoint_on_apex,1,1
velarion.ai,organization,verified_namespace,1,0
veles-finance-gateway.fly.dev,organization,verified_namespace,1,0
velocms.org,organization,verified_namespace,1,0
velvoite.eu,organization,endpoint_on_apex|verified_namespace,1,0
vendizap.com,organization,endpoint_on_apex|verified_namespace,1,0
vendo-ai.com,organization,endpoint_on_apex|verified_namespace,1,0
venice-components-track-determination.trycloudflare.com,organization,endpoint_on_apex,1,1
ventureatlas.org,organization,endpoint_on_apex|verified_namespace,1,0
ventureinsights.com.sa,organization,endpoint_on_apex|verified_namespace,1,0
venturu.com,organization,endpoint_on_apex|verified_namespace,1,0
venumark.com,organization,endpoint_on_apex|verified_namespace,1,0
venunite.com,organization,endpoint_on_apex,1,1
venuvidya-backend-production.up.railway.app,organization,endpoint_on_apex,1,1
veradata.dev,organization,endpoint_on_apex,1,1
verant.ai,organization,endpoint_on_apex|verified_namespace,1,0
verbaterm.com,organization,endpoint_on_apex,1,1
vercel.com,organization,endpoint_on_apex|verified_namespace,1,0
vergio.ai,organization,endpoint_on_apex|verified_namespace,1,0
veriasia.io,organization,endpoint_on_apex,1,1
verifi.cloud,organization,endpoint_on_apex|verified_namespace,1,0
verificate.ai,organization,endpoint_on_apex|verified_namespace,1,0
verifieddr.com,organization,endpoint_on_apex,1,1
verifiedstate.ai,organization,endpoint_on_apex,1,1
verifiedsupplementdata.com,organization,verified_namespace,1,0
verifiedtools.info,organization,endpoint_on_apex|verified_namespace,1,0
verifier-ma-facture.fr,organization,endpoint_on_apex|verified_namespace,1,0
verifly.email,organization,endpoint_on_apex|verified_namespace,1,0
verifox.ai,organization,endpoint_on_apex|verified_namespace,1,0
verifyax.com,organization,endpoint_on_apex,1,1
verifyref.com,organization,endpoint_on_apex|verified_namespace,1,0
verifyuk-property-check-production.up.railway.app,organization,endpoint_on_apex,1,1
verighost-mcp.vercel.app,organization,endpoint_on_apex,1,1
verisgov.com,organization,endpoint_on_apex|verified_namespace,1,0
verityrms.com,organization,verified_namespace,1,0
verityscore.io,organization,verified_namespace,1,0
verityskills.com,organization,endpoint_on_apex,1,1
verlon.ai,organization,verified_namespace,1,0
versedb.com,organization,endpoint_on_apex|verified_namespace,1,0
versionpill.com,organization,endpoint_on_apex,1,1
versium.com,organization,endpoint_on_apex|verified_namespace,1,0
verychic-mcp.fly.dev,organization,endpoint_on_apex,1,1
vessark.com,organization,endpoint_on_apex,1,1
vetclinic.info,organization,endpoint_on_apex|verified_namespace,1,0
veterans-rights.com,organization,endpoint_on_apex|verified_namespace,1,0
vetosql.com,organization,endpoint_on_apex|verified_namespace,1,0
vettedconsumer.com,organization,endpoint_on_apex,1,1
vevang.com,organization,endpoint_on_apex|verified_namespace,1,0
veynor.xyz,organization,endpoint_on_apex,1,1
viatsy.com,organization,endpoint_on_apex|verified_namespace,1,0
vibe-bi.ai,organization,endpoint_on_apex|verified_namespace,1,0
vibecom.app,organization,endpoint_on_apex|verified_namespace,1,0
vibedeploy.be,organization,endpoint_on_apex|verified_namespace,1,0
vibekit.bot,organization,endpoint_on_apex,1,1
vibeseo.dev,organization,endpoint_on_apex|verified_namespace,1,0
vibesprings.net,organization,endpoint_on_apex|verified_namespace,1,0
vibevo.io,organization,verified_namespace,1,0
vibrai.com,organization,verified_namespace,1,0
vibsync.com,organization,endpoint_on_apex|verified_namespace,1,0
vicp-registry.org,organization,endpoint_on_apex|verified_namespace,1,0
vicsee.com,organization,endpoint_on_apex,1,1
viddler.com,organization,endpoint_on_apex|verified_namespace,1,0
videoloom.studio,organization,endpoint_on_apex,1,1
videozero.ai,organization,endpoint_on_apex|verified_namespace,1,0
vidhidev.workers.dev,organization,endpoint_on_apex,1,1
vidmoat.com,organization,endpoint_on_apex|verified_namespace,1,0
vidocu.ai,organization,endpoint_on_apex|verified_namespace,1,0
vikenda.com,organization,endpoint_on_apex|verified_namespace,1,0
vilabuarque.sampa.br,organization,endpoint_on_apex,1,1
vilamadalena.sampa.br,organization,endpoint_on_apex,1,1
vilamariana.sampa.br,organization,endpoint_on_apex,1,1
villiers.ai,organization,endpoint_on_apex|verified_namespace,1,0
vincario.com,organization,endpoint_on_apex|verified_namespace,1,0
vindata.workers.dev,organization,endpoint_on_apex,1,1
vipsallowed.com,organization,endpoint_on_apex|verified_namespace,1,0
virajmishratakehome.workers.dev,organization,endpoint_on_apex,1,1
viralnote.app,organization,endpoint_on_apex,1,1
viralquery.com,organization,endpoint_on_apex,1,1
viralspin.ai,organization,endpoint_on_apex|verified_namespace,1,0
viridis-security.com,organization,endpoint_on_apex,1,1
virifi.xyz,organization,endpoint_on_apex|verified_namespace,1,0
virlo.ai,organization,endpoint_on_apex,1,1
virohanadentalclinic.com,organization,endpoint_on_apex|verified_namespace,1,0
virtualflybrain.org,organization,endpoint_on_apex|verified_namespace,1,0
virtualsms.io,organization,endpoint_on_apex,1,1
virus-alert.com,organization,endpoint_on_apex|verified_namespace,1,0
visibly-ai.com,organization,endpoint_on_apex,1,1
visily.ai,organization,endpoint_on_apex,1,1
visitor-awry-mandarin.ngrok-free.dev,organization,endpoint_on_apex,1,1
vistoya.com,organization,endpoint_on_apex,1,1
visuary.ai,organization,endpoint_on_apex|verified_namespace,1,0
vitex.org.nz,organization,endpoint_on_apex,1,1
vivesca.org,organization,verified_namespace,1,0
vivid.money,organization,endpoint_on_apex,1,1
vividads.com.au,organization,endpoint_on_apex|verified_namespace,1,0
vivideo.ai,organization,endpoint_on_apex,1,1
voc.ai,organization,endpoint_on_apex,1,1
vocci.ai,organization,endpoint_on_apex|verified_namespace,1,0
voice-intel-mcp.vercel.app,organization,endpoint_on_apex,1,1
voice-quality.com,organization,endpoint_on_apex,1,1
voiceflip.cz,organization,endpoint_on_apex,1,1
voicelabs.now,organization,endpoint_on_apex|verified_namespace,1,0
voicelogpro.com,organization,endpoint_on_apex,1,1
voicemode.dev,organization,verified_namespace,1,0
voltcast.com,organization,endpoint_on_apex|verified_namespace,1,0
voltplan.app,organization,endpoint_on_apex,1,1
vonage.dev,organization,endpoint_on_apex,1,1
voris.ai,organization,verified_namespace,1,0
vortexiq.ai,organization,endpoint_on_apex|verified_namespace,1,0
votura.app,organization,endpoint_on_apex,1,1
vouchedpros.com,organization,endpoint_on_apex|verified_namespace,1,0
vouchtrail.com,organization,endpoint_on_apex|verified_namespace,1,0
voxell.ai,organization,verified_namespace,1,0
voxodds.com,organization,endpoint_on_apex|verified_namespace,1,0
voxplo.ai,organization,endpoint_on_apex|verified_namespace,1,0
voyagier.com,organization,verified_namespace,1,0
vp0.com,organization,verified_namespace,1,0
vpn.fail,organization,endpoint_on_apex,1,1
vr.org,organization,verified_namespace,1,0
vruum.ai,organization,endpoint_on_apex|verified_namespace,1,0
vugolaai.com,organization,endpoint_on_apex,1,1
vulk.dev,organization,endpoint_on_apex,1,1
vviinn.com,organization,endpoint_on_apex|verified_namespace,1,0
vybenetwork.com,organization,endpoint_on_apex,1,1
vybenetwork.xyz,organization,endpoint_on_apex,1,1
vybit.net,organization,endpoint_on_apex|verified_namespace,1,0
vynix.in,organization,endpoint_on_apex|verified_namespace,1,0
wachete.com,organization,endpoint_on_apex|verified_namespace,1,0
wafergraph.com,organization,verified_namespace,1,0
waggle.zone,organization,endpoint_on_apex|verified_namespace,1,0
waitloop.dev,organization,endpoint_on_apex,1,1
waivern.com,organization,endpoint_on_apex,1,1
wajih-hyder55.workers.dev,organization,endpoint_on_apex,1,1
walkmyplan.com,organization,endpoint_on_apex|verified_namespace,1,0
wallet-connectors.com,organization,endpoint_on_apex|verified_namespace,1,0
wallet-hygiene-mcp.vercel.app,organization,endpoint_on_apex,1,1
wallet-portfolio-x402-production.up.railway.app,organization,endpoint_on_apex,1,1
wallstrdev.com,organization,endpoint_on_apex,1,1
walnai.com,organization,endpoint_on_apex|verified_namespace,1,0
walnutinvest.com,organization,endpoint_on_apex|verified_namespace,1,0
walterwrites.ai,organization,endpoint_on_apex|verified_namespace,1,0
wanakahaus.nz,organization,endpoint_on_apex|verified_namespace,1,0
warmthengine.com,organization,endpoint_on_apex|verified_namespace,1,0
warmysender.com,organization,endpoint_on_apex|verified_namespace,1,0
warnfirehose.com,organization,endpoint_on_apex,1,1
warplink.app,organization,endpoint_on_apex|verified_namespace,1,0
warreandvavasour.com,organization,endpoint_on_apex,1,1
wasabil.com,organization,endpoint_on_apex,1,1
washinmura.jp,organization,endpoint_on_apex,1,1
washlib.com,organization,endpoint_on_apex|verified_namespace,1,0
washpulse-mcp.vercel.app,organization,endpoint_on_apex,1,1
wassel.cloud,organization,endpoint_on_apex,1,1
watchtower-api.com,organization,endpoint_on_apex|verified_namespace,1,0
wattcoin.workers.dev,organization,endpoint_on_apex,1,1
wattgap.com,organization,endpoint_on_apex,1,1
wauldo.com,organization,endpoint_on_apex|verified_namespace,1,0
wavedash.com,organization,endpoint_on_apex,1,1
wavehouse.cloud,organization,endpoint_on_apex|verified_namespace,1,0
wavix.com,organization,endpoint_on_apex,1,1
waxberry.dev,organization,verified_namespace,1,0
waxed.market,organization,endpoint_on_apex|verified_namespace,1,0
waymark.network,organization,endpoint_on_apex|verified_namespace,1,0
waysway.com,organization,endpoint_on_apex,1,1
wazir-x402.duckdns.org,organization,endpoint_on_apex,1,1
wcagc.com,organization,endpoint_on_apex,1,1
we.inc,organization,endpoint_on_apex,1,1
wealthapi.eu,organization,verified_namespace,1,0
wealthos.cc,organization,endpoint_on_apex|verified_namespace,1,0
wealthville.net,organization,endpoint_on_apex,1,1
wearewarp.com,organization,endpoint_on_apex,1,1
wearmu.com,organization,endpoint_on_apex|verified_namespace,1,0
weather-api-production-c885.up.railway.app,organization,endpoint_on_apex,1,1
weather-api-x402-production.up.railway.app,organization,endpoint_on_apex,1,1
weather-intel-mcp-production.up.railway.app,organization,endpoint_on_apex,1,1
weavz.io,organization,endpoint_on_apex|verified_namespace,1,0
web-production-18a32.up.railway.app,organization,endpoint_on_apex,1,1
web-production-30ab5.up.railway.app,organization,endpoint_on_apex,1,1
web-production-44f93.up.railway.app,organization,endpoint_on_apex,1,1
web-production-4729.up.railway.app,organization,endpoint_on_apex,1,1
web-production-58d585.up.railway.app,organization,endpoint_on_apex,1,1
web-production-817e2.up.railway.app,organization,endpoint_on_apex,1,1
web-production-842e0.up.railway.app,organization,endpoint_on_apex,1,1
web-production-970ba.up.railway.app,organization,endpoint_on_apex,1,1
web-production-c3cf.up.railway.app,organization,endpoint_on_apex,1,1
web-production-dc74b.up.railway.app,organization,endpoint_on_apex,1,1
web-production-dcbcb.up.railway.app,organization,endpoint_on_apex,1,1
web-production-e9e1f.up.railway.app,organization,endpoint_on_apex,1,1
web-scraper-x402-production.up.railway.app,organization,endpoint_on_apex,1,1
web-search-x402-production.up.railway.app,organization,endpoint_on_apex,1,1
web-ten-alpha-81.vercel.app,organization,endpoint_on_apex,1,1
web3-sentiment-mcp.vercel.app,organization,endpoint_on_apex,1,1
web3-signals-api-production.up.railway.app,organization,endpoint_on_apex,1,1
web3.tv,organization,endpoint_on_apex|verified_namespace,1,0
web3auth.io,organization,endpoint_on_apex,1,1
webanatomy.ai,organization,endpoint_on_apex|verified_namespace,1,0
webapp-uat-mcp.vercel.app,organization,endpoint_on_apex,1,1
webbersites.com,organization,endpoint_on_apex,1,1
webembedding-mcp.vercel.app,organization,endpoint_on_apex,1,1
webflow.com,organization,endpoint_on_apex|verified_namespace,1,0
webforj.com,organization,endpoint_on_apex|verified_namespace,1,0
webhook-studio.com,organization,endpoint_on_apex|verified_namespace,1,0
webhook-tester-production-d9bb.up.railway.app,organization,endpoint_on_apex,1,1
webhook-tester-x402-production.up.railway.app,organization,endpoint_on_apex,1,1
webhook.co,organization,endpoint_on_apex|verified_namespace,1,0
webhooktest.net,organization,endpoint_on_apex|verified_namespace,1,0
webhound.ai,organization,endpoint_on_apex|verified_namespace,1,0
weblens.dev,organization,endpoint_on_apex|verified_namespace,1,0
webmatik.ai,organization,endpoint_on_apex|verified_namespace,1,0
webotee.com,organization,endpoint_on_apex|verified_namespace,1,0
webscrape-mcp.onrender.com,organization,endpoint_on_apex,1,1
website2vat.com,organization,endpoint_on_apex|verified_namespace,1,0
websiteiq.xyz,organization,endpoint_on_apex,1,1
websitelaunches.com,organization,endpoint_on_apex|verified_namespace,1,0
websitepublisher.ai,organization,endpoint_on_apex|verified_namespace,1,0
webuplink.ai,organization,verified_namespace,1,0
webweaver-nexus-mcp.vercel.app,organization,endpoint_on_apex,1,1
webzum.com,organization,endpoint_on_apex,1,1
wedding-seat.com,organization,endpoint_on_apex|verified_namespace,1,0
weftly.ai,organization,endpoint_on_apex|verified_namespace,1,0
wegtultrarich.org,organization,endpoint_on_apex|verified_namespace,1,0
wejob.ch,organization,endpoint_on_apex|verified_namespace,1,0
well.app,organization,endpoint_on_apex,1,1
wellapp.ai,organization,endpoint_on_apex,1,1
wellnessatwork.me,organization,endpoint_on_apex,1,1
wellnessproject.ai,organization,endpoint_on_apex|verified_namespace,1,0
wetwetwet.be,organization,endpoint_on_apex,1,1
weverlabs.com,organization,endpoint_on_apex|verified_namespace,1,0
whaber.ai,organization,endpoint_on_apex,1,1
whale-alert-x402-production.up.railway.app,organization,endpoint_on_apex,1,1
what2postapp.com,organization,endpoint_on_apex,1,1
what2watch.live,organization,endpoint_on_apex,1,1
whataplan.net,organization,endpoint_on_apex|verified_namespace,1,0
whatcanido.dev,organization,endpoint_on_apex|verified_namespace,1,0
whatic.io,organization,endpoint_on_apex|verified_namespace,1,0
whenmeet.me,organization,endpoint_on_apex|verified_namespace,1,0
whenna.com,organization,endpoint_on_apex|verified_namespace,1,0
whentofly.io,organization,endpoint_on_apex,1,1
wherobots.com,organization,endpoint_on_apex|verified_namespace,1,0
whichmodel.dev,organization,endpoint_on_apex,1,1
whiskyhunter.net,organization,endpoint_on_apex|verified_namespace,1,0
whisper.security,organization,endpoint_on_apex,1,1
whoisgeni.us,organization,endpoint_on_apex,1,1
whooing.com,organization,endpoint_on_apex|verified_namespace,1,0
whooshly.co,organization,endpoint_on_apex|verified_namespace,1,0
whycantwehaveanagentforthis.com,organization,endpoint_on_apex,1,1
whyismy.org,organization,endpoint_on_apex,1,1
whylingxi.cn,organization,endpoint_on_apex|verified_namespace,1,0
wickfunded.com,organization,endpoint_on_apex|verified_namespace,1,0
widgy.co,organization,endpoint_on_apex|verified_namespace,1,0
wikexa.com,organization,endpoint_on_apex|verified_namespace,1,0
wikiprompt.org,organization,endpoint_on_apex|verified_namespace,1,0
wikitolica.com,organization,endpoint_on_apex|verified_namespace,1,0
wikivibe.ru,organization,endpoint_on_apex,1,1
wild-card.ai,organization,verified_namespace,1,0
wildrunai.com,organization,endpoint_on_apex|verified_namespace,1,0
wildwallet.ai,organization,endpoint_on_apex,1,1
willform.ai,organization,endpoint_on_apex|verified_namespace,1,0
wimm.my,organization,endpoint_on_apex|verified_namespace,1,0
windowsforum.com,organization,endpoint_on_apex|verified_namespace,1,0
windsor.ai,organization,endpoint_on_apex|verified_namespace,1,0
wingmanprotocol.com,organization,endpoint_on_apex|verified_namespace,1,0
wiplash.ai,organization,endpoint_on_apex|verified_namespace,1,0
wiremi-marketing-mcp-pqlquijg3q-uk.a.run.app,organization,endpoint_on_apex,1,1
wiremi.ca,organization,verified_namespace,1,0
wiselyenterprisesllc.com,organization,endpoint_on_apex|verified_namespace,1,0
wisepenny.app,organization,endpoint_on_apex|verified_namespace,1,0
wisesheets.io,organization,endpoint_on_apex|verified_namespace,1,0
wistia.com,organization,endpoint_on_apex,1,1
withfudge.com,organization,endpoint_on_apex,1,1
withings-mcp.com,organization,endpoint_on_apex,1,1
withresumeai.com,organization,endpoint_on_apex|verified_namespace,1,0
wiv.ai,organization,endpoint_on_apex|verified_namespace,1,0
wix.com,organization,endpoint_on_apex|verified_namespace,1,0
wmcp.sh,organization,endpoint_on_apex,1,1
woebike.de,organization,endpoint_on_apex|verified_namespace,1,0
wogrill.de,organization,endpoint_on_apex|verified_namespace,1,0
wohandy.de,organization,endpoint_on_apex|verified_namespace,1,0
wokelo.ai,organization,endpoint_on_apex,1,1
wokonsole.de,organization,endpoint_on_apex|verified_namespace,1,0
wolaptop.de,organization,endpoint_on_apex|verified_namespace,1,0
wolfpack-production.up.railway.app,organization,endpoint_on_apex,1,1
wolfram.com,organization,endpoint_on_apex|verified_namespace,1,0
wontopos.com,organization,verified_namespace,1,0
woopsocial.com,organization,endpoint_on_apex|verified_namespace,1,0
wopool.de,organization,endpoint_on_apex|verified_namespace,1,0
word-cloud.net,organization,endpoint_on_apex|verified_namespace,1,0
word-counter-production.up.railway.app,organization,endpoint_on_apex,1,1
word-counter-x402-production.up.railway.app,organization,endpoint_on_apex,1,1
wordis-bond.com,organization,endpoint_on_apex,1,1
wordlift.io,organization,endpoint_on_apex|verified_namespace,1,0
wordnet.dk,organization,endpoint_on_apex,1,1
wordofclout.ai,organization,endpoint_on_apex,1,1
work-handler.app,organization,endpoint_on_apex|verified_namespace,1,0
work-pick.com,organization,endpoint_on_apex|verified_namespace,1,0
workable.com,organization,endpoint_on_apex,1,1
workers-rights.com,organization,endpoint_on_apex|verified_namespace,1,0
workingmemory.ai,organization,endpoint_on_apex|verified_namespace,1,0
workix.co,organization,verified_namespace,1,0
workmagic.io,organization,endpoint_on_apex,1,1
workofarttattoo-qulab-mcp.azurewebsites.net,organization,endpoint_on_apex,1,1
workopia.io,organization,endpoint_on_apex,1,1
workorai.com,organization,endpoint_on_apex,1,1
workos.com,organization,endpoint_on_apex|verified_namespace,1,0
workout-engine-production-5dd7.up.railway.app,organization,endpoint_on_apex,1,1
workprotocol.ai,organization,endpoint_on_apex,1,1
works-runner.vercel.app,organization,endpoint_on_apex,1,1
workspace-developer.goog,organization,endpoint_on_apex|verified_namespace,1,0
workspaceapi-server-production-f6d7.up.railway.app,organization,endpoint_on_apex,1,1
worldairfares.com,organization,endpoint_on_apex|verified_namespace,1,0
worldcastr.com,organization,endpoint_on_apex,1,1
worldcitisim.com,organization,verified_namespace,1,0
worldclock.pro,organization,endpoint_on_apex|verified_namespace,1,0
worldhums.com,organization,endpoint_on_apex|verified_namespace,1,0
worldku.com,organization,endpoint_on_apex|verified_namespace,1,0
worldmonitor.app,organization,endpoint_on_apex|verified_namespace,1,0
worldweatheronline.com,organization,endpoint_on_apex,1,1
woroller.de,organization,endpoint_on_apex|verified_namespace,1,0
wosneaker.de,organization,endpoint_on_apex|verified_namespace,1,0
wosolar.de,organization,endpoint_on_apex|verified_namespace,1,0
wospeicher.de,organization,endpoint_on_apex|verified_namespace,1,0
wostrom.de,organization,endpoint_on_apex|verified_namespace,1,0
wotablet.de,organization,endpoint_on_apex|verified_namespace,1,0
wouhr.de,organization,endpoint_on_apex|verified_namespace,1,0
wovitamine.de,organization,endpoint_on_apex|verified_namespace,1,0
wpwriter.com,organization,endpoint_on_apex|verified_namespace,1,0
wrapper-agency.com,organization,verified_namespace,1,0
writeflow.ink,organization,endpoint_on_apex|verified_namespace,1,0
writespace.io,organization,endpoint_on_apex,1,1
writingmate.ai,organization,endpoint_on_apex|verified_namespace,1,0
wubble.ai,organization,endpoint_on_apex|verified_namespace,1,0
wuniq.com,organization,verified_namespace,1,0
wykr.es,organization,endpoint_on_apex,1,1
wynnpay102.chatgpt.site,organization,endpoint_on_apex,1,1
x-402.online,organization,endpoint_on_apex|verified_namespace,1,0
x-data-mcp.vercel.app,organization,endpoint_on_apex,1,1
x402-discovery-api.onrender.com,organization,endpoint_on_apex,1,1
x402-endpoints.onrender.com,organization,endpoint_on_apex,1,1
x402-gas-api.vercel.app,organization,endpoint_on_apex,1,1
x402-list.com,organization,endpoint_on_apex|verified_namespace,1,0
x402-mcp.onrender.com,organization,endpoint_on_apex,1,1
x402-scout-relay.onrender.com,organization,endpoint_on_apex,1,1
x402-seller-m8nx.onrender.com,organization,endpoint_on_apex,1,1
x402-services-production.up.railway.app,organization,endpoint_on_apex,1,1
x402-solana-cva8.onrender.com,organization,endpoint_on_apex,1,1
x402-url-extractor-production.up.railway.app,organization,endpoint_on_apex,1,1
x402image.org,organization,endpoint_on_apex|verified_namespace,1,0
x402layer.cc,organization,endpoint_on_apex,1,1
x402nano.onrender.com,organization,endpoint_on_apex,1,1
x402score.org,organization,endpoint_on_apex|verified_namespace,1,0
x402tools.xyz,organization,endpoint_on_apex,1,1
x711.io,organization,endpoint_on_apex,1,1
x7k9m.workers.dev,organization,endpoint_on_apex,1,1
xcatcher.top,organization,endpoint_on_apex,1,1
xcodebuildmcp.com,organization,verified_namespace,1,0
xdcai.tech,organization,endpoint_on_apex,1,1
xdogtrading.com,organization,endpoint_on_apex|verified_namespace,1,0
xearno.tools,organization,endpoint_on_apex|verified_namespace,1,0
xfish.hu,organization,endpoint_on_apex|verified_namespace,1,0
xfms.vercel.app,organization,endpoint_on_apex,1,1
xgr.network,organization,endpoint_on_apex,1,1
xhostd.com,organization,endpoint_on_apex|verified_namespace,1,0
xitoring.com,organization,endpoint_on_apex,1,1
xkcdai.onrender.com,organization,endpoint_on_apex,1,1
xmemo.dev,organization,endpoint_on_apex,1,1
xn--5ckxa2e4ez471abqo49zn6s.com,organization,endpoint_on_apex|verified_namespace,1,0
xns.tech,organization,verified_namespace,1,0
xorfox.sh,organization,endpoint_on_apex|verified_namespace,1,0
xpansion.dev,organization,verified_namespace,1,0
xpoz.ai,organization,endpoint_on_apex|verified_namespace,1,0
xproof.app,organization,endpoint_on_apex,1,1
xquik.com,organization,endpoint_on_apex|verified_namespace,1,0
xr-utilities.ai,organization,endpoint_on_apex|verified_namespace,1,0
xrpdomains.xyz,organization,endpoint_on_apex,1,1
xsignal-production.up.railway.app,organization,endpoint_on_apex,1,1
xskill.ai,organization,endpoint_on_apex,1,1
xtester.pw,organization,verified_namespace,1,0
xtiles.app,organization,endpoint_on_apex|verified_namespace,1,0
xuper.fun,organization,endpoint_on_apex,1,1
xurprise.ai,organization,endpoint_on_apex|verified_namespace,1,0
xytara-mcp-executor.onrender.com,organization,endpoint_on_apex,1,1
yaakovscher.workers.dev,organization,endpoint_on_apex,1,1
yaewurxvufigjntzdruf.supabase.co,organization,endpoint_on_apex,1,1
yafl.dev,organization,verified_namespace,1,0
yagami8095.workers.dev,organization,endpoint_on_apex,1,1
yapl.app,organization,endpoint_on_apex|verified_namespace,1,0
yault.xyz,organization,verified_namespace,1,0
ybolduc.workers.dev,organization,endpoint_on_apex,1,1
yeehaw.bot,organization,endpoint_on_apex|verified_namespace,1,0
yeetit.site,organization,endpoint_on_apex,1,1
yempik.ai,organization,endpoint_on_apex|verified_namespace,1,0
yhwcaodofmbusjurawhp.supabase.co,organization,endpoint_on_apex,1,1
yiditu.tech,organization,endpoint_on_apex,1,1
yieldsignal.vercel.app,organization,endpoint_on_apex,1,1
yigather.com,organization,endpoint_on_apex,1,1
yoauto.md,organization,endpoint_on_apex,1,1
yoku.app,organization,endpoint_on_apex,1,1
yolfi.com,organization,endpoint_on_apex,1,1
yondry.app,organization,endpoint_on_apex,1,1
yonyon.ai,organization,endpoint_on_apex,1,1
you.com,organization,endpoint_on_apex,1,1
youfiliate-mcp.onrender.com,organization,endpoint_on_apex,1,1
your-host.com,organization,endpoint_on_apex,1,1
yourmatflow.com,organization,endpoint_on_apex|verified_namespace,1,0
youtubestudiomcp.com,organization,endpoint_on_apex|verified_namespace,1,0
youtubetranscriptdownload.com,organization,endpoint_on_apex|verified_namespace,1,0
ysenseai.org,organization,endpoint_on_apex,1,1
ytbulktranscript.app,organization,endpoint_on_apex|verified_namespace,1,0
yul-gasmaster-mcp.vercel.app,organization,endpoint_on_apex,1,1
yungle.co,organization,verified_namespace,1,0
yusuke8h.workers.dev,organization,endpoint_on_apex,1,1
ywabnlhkmhbyewqhbsjm.supabase.co,organization,endpoint_on_apex,1,1
z03.azurefd.net,organization,endpoint_on_apex,1,1
zad.tools,organization,endpoint_on_apex,1,1
zahabprice.com,organization,endpoint_on_apex|verified_namespace,1,0
zairalabs.ai,organization,endpoint_on_apex|verified_namespace,1,0
zaklad.app,organization,endpoint_on_apex|verified_namespace,1,0
zandomeni.eu,organization,verified_namespace,1,0
zapier.com,organization,endpoint_on_apex|verified_namespace,1,0
zarklab.ai,organization,endpoint_on_apex,1,1
zaroniacalculator.co.za,organization,endpoint_on_apex|verified_namespace,1,0
zarq.ai,organization,endpoint_on_apex,1,1
zation1.workers.dev,organization,endpoint_on_apex,1,1
zavod-stanki.ru,organization,endpoint_on_apex|verified_namespace,1,0
zeblink.io,organization,endpoint_on_apex|verified_namespace,1,0
zeltser.com,organization,endpoint_on_apex|verified_namespace,1,0
zelume.io,organization,endpoint_on_apex|verified_namespace,1,0
zenable.app,organization,endpoint_on_apex|verified_namespace,1,0
zenarion.ch,organization,endpoint_on_apex|verified_namespace,1,0
zencap.ai,organization,endpoint_on_apex|verified_namespace,1,0
zenfin.tech,organization,endpoint_on_apex|verified_namespace,1,0
zenithserver.duckdns.org,organization,endpoint_on_apex,1,1
zenovay.com,organization,endpoint_on_apex|verified_namespace,1,0
zentrik.ai,organization,endpoint_on_apex|verified_namespace,1,0
zenvault.eu,organization,endpoint_on_apex|verified_namespace,1,0
zephex.dev,organization,endpoint_on_apex,1,1
zerm.dev,organization,endpoint_on_apex|verified_namespace,1,0
zernio.com,organization,endpoint_on_apex|verified_namespace,1,0
zerno.one,organization,endpoint_on_apex|verified_namespace,1,0
zernote.com,organization,endpoint_on_apex|verified_namespace,1,0
zero-leak-mcp.vercel.app,organization,endpoint_on_apex,1,1
zero-wispy-shadow-3951.fly.dev,organization,endpoint_on_apex,1,1
zerodrop.dev,organization,verified_namespace,1,0
zerodust.xyz,organization,endpoint_on_apex,1,1
zeroheight.com,organization,endpoint_on_apex|verified_namespace,1,0
zeroknowledge-vault-mcp.vercel.app,organization,endpoint_on_apex,1,1
zetadeck.com,organization,endpoint_on_apex|verified_namespace,1,0
zevari.ai,organization,endpoint_on_apex|verified_namespace,1,0
zheng-he.top,organization,endpoint_on_apex|verified_namespace,1,0
zhenjiazhou0127.workers.dev,organization,endpoint_on_apex,1,1
zhenwiaphfwetckfysod.supabase.co,organization,endpoint_on_apex,1,1
ziggsai.com,organization,endpoint_on_apex,1,1
zigpoll.com,organization,endpoint_on_apex|verified_namespace,1,0
zillapi.com,organization,endpoint_on_apex|verified_namespace,1,0
zimac.ai,organization,verified_namespace,1,0
zine.ai,organization,endpoint_on_apex|verified_namespace,1,0
zinema.tv,organization,endpoint_on_apex|verified_namespace,1,0
zip-tax.com,organization,endpoint_on_apex,1,1
zip.tax,organization,verified_namespace,1,0
zipexplore.com,organization,endpoint_on_apex,1,1
zippfeed.com,organization,endpoint_on_apex|verified_namespace,1,0
zipquote.ai,organization,endpoint_on_apex|verified_namespace,1,0
zircular.io,organization,endpoint_on_apex|verified_namespace,1,0
zktecoiot.com,organization,endpoint_on_apex,1,1
zmo.de,organization,endpoint_on_apex,1,1
zobrx.com,organization,endpoint_on_apex|verified_namespace,1,0
zollo.live,organization,endpoint_on_apex,1,1
zomato.com,organization,endpoint_on_apex|verified_namespace,1,0
zoninga.com,organization,endpoint_on_apex|verified_namespace,1,0
zoningsignal.com,organization,endpoint_on_apex|verified_namespace,1,0
zoningverdict.com,organization,endpoint_on_apex|verified_namespace,1,0
zooid.fund,organization,verified_namespace,1,0
zooza.app,organization,endpoint_on_apex|verified_namespace,1,0
zopaf-mcp-production.up.railway.app,organization,endpoint_on_apex,1,1
zoteus.com,organization,endpoint_on_apex,1,1
zoteus.duckdns.org,organization,endpoint_on_apex,1,1
zoxron.com,organization,endpoint_on_apex|verified_namespace,1,0
zsign-z72c.onrender.com,organization,endpoint_on_apex,1,1
zsign.io,organization,endpoint_on_apex|verified_namespace,1,0
zuckerbot.ai,organization,endpoint_on_apex,1,1
zugferd-validator.de,organization,endpoint_on_apex|verified_namespace,1,0
zuplo.app,organization,endpoint_on_apex,1,1
zvid.io,organization,endpoint_on_apex|verified_namespace,1,0
zwier.app,organization,endpoint_on_apex|verified_namespace,1,0
zwitchy.io,organization,endpoint_on_apex,1,1
zxoar.fi,organization,verified_namespace,1,0
zyberno.com,organization,endpoint_on_apex|verified_namespace,1,0
zykm9qkk7j.workers.dev,organization,endpoint_on_apex,1,1
zylalabs.com,organization,endpoint_on_apex|verified_namespace,1,0
zyntra.app,organization,endpoint_on_apex,1,1
zype.com,organization,endpoint_on_apex|verified_namespace,1,0
