apex,assessed,score,band,unassessed_reason,D1,D2,D3,D4,D5,D6,Q1,F1,F2,candidates_responded,protocol_era,requests,methodology_version,candidates_version
0.space,1,15,Text-only,,fail,fail,fail,fail,skip,skip,skip,pass,pass,,,23,0.2.0-draft,2026-08-04
0523.tw,1,80,Connectable,,fail,fail,pass,pass,pass,fail,skip,pass,fail,,modern,23,0.2.0-draft,2026-08-04
0latency.ai,1,45,Discoverable,,pass,fail,fail,fail,fail,skip,skip,pass,fail,mcp-server-card-json,,34,0.2.0-draft,2026-08-04
0nmcp.com,1,45,Discoverable,,pass,fail,fail,pass,skip,skip,skip,pass,fail,mcp-json,,27,0.2.0-draft,2026-08-04
0xarchive.io,1,85,Connectable,,pass,fail,pass,pass,pass,fail,skip,pass,pass,ai-catalog|mcp-server-card-json,modern,25,0.2.0-draft,2026-08-04
0xdirectping.com,1,0,Absent,,error,fail,fail,error,skip,skip,skip,fail,fail,,,26,0.2.0-draft,2026-08-04
0xhumans-mcp-proxy.vercel.app,1,70,Connectable,,fail,fail,pass,fail,pass,fail,skip,fail,fail,,legacy,31,0.2.0-draft,2026-08-04
1001locals.com,1,15,Text-only,,fail,fail,fail,fail,skip,skip,skip,pass,pass,,,16,0.2.0-draft,2026-08-04
100hires.com,1,10,Text-only,,fail,fail,fail,fail,skip,skip,skip,pass,fail,,,18,0.2.0-draft,2026-08-04
101soundboards.com,1,0,Absent,,fail,fail,fail,fail,skip,skip,skip,fail,fail,,,15,0.2.0-draft,2026-08-04
1145.am,1,40,Discoverable,,pass,fail,fail,fail,skip,skip,skip,fail,pass,mcp-json,,15,0.2.0-draft,2026-08-04
11agents.ai,1,10,Text-only,,fail,fail,fail,fail,skip,skip,skip,pass,fail,,,15,0.2.0-draft,2026-08-04
123elec.com,1,70,Connectable,,pass,fail,fail,fail,pass,fail,skip,fail,fail,mcp-json,legacy,35,0.2.0-draft,2026-08-04
1325.ai,1,15,Text-only,,fail,fail,fail,fail,skip,skip,skip,pass,pass,,,14,0.2.0-draft,2026-08-04
13flow.eu,1,70,Connectable,,fail,fail,pass,fail,pass,fail,skip,fail,fail,,legacy,20,0.2.0-draft,2026-08-04
1clickreport.com,1,10,Text-only,,fail,fail,fail,fail,skip,skip,skip,pass,fail,,,29,0.2.0-draft,2026-08-04
1inch.com,1,10,Text-only,,fail,fail,fail,fail,skip,skip,skip,pass,fail,,,16,0.2.0-draft,2026-08-04
1social.dev,1,0,Absent,,fail,fail,fail,fail,skip,skip,skip,fail,fail,,,17,0.2.0-draft,2026-08-04
1stdibs.com,1,0,Absent,,fail,fail,fail,fail,skip,skip,skip,fail,fail,,,35,0.2.0-draft,2026-08-04
2022.cat,1,50,Discoverable,,pass,fail,fail,fail,skip,skip,skip,pass,pass,mcp-server-card-json,,18,0.2.0-draft,2026-08-04
21st.dev,1,15,Text-only,,fail,fail,fail,fail,skip,skip,skip,pass,pass,,,20,0.2.0-draft,2026-08-04
2c08-27-4-120-4.ngrok-free.app,1,0,Absent,,error,fail,fail,error,skip,skip,skip,fail,fail,,,50,0.2.0-draft,2026-08-04
2oapi.xyz,1,45,Discoverable,,pass,fail,fail,fail,skip,skip,skip,pass,fail,mcp-server-card-json,,27,0.2.0-draft,2026-08-04
2ools.app,1,10,Text-only,,skip,fail,fail,skip,skip,skip,skip,pass,fail,,,5,0.2.0-draft,2026-08-04
3ceng.cn,1,0,Absent,,fail,fail,fail,fail,skip,skip,skip,fail,fail,,,15,0.2.0-draft,2026-08-04
3d-meshweaver-mcp.vercel.app,1,0,Absent,,fail,fail,fail,fail,skip,skip,skip,fail,fail,,,27,0.2.0-draft,2026-08-04
3doptix.com,1,0,Absent,,fail,fail,fail,fail,skip,skip,skip,fail,fail,,,30,0.2.0-draft,2026-08-04
3dpack.ing,1,0,Absent,,fail,fail,fail,fail,skip,skip,skip,fail,fail,,,15,0.2.0-draft,2026-08-04
3dstreet.app,1,0,Absent,,fail,fail,fail,fail,skip,skip,skip,fail,fail,,,15,0.2.0-draft,2026-08-04
3keys.world,1,15,Text-only,,fail,fail,fail,fail,skip,skip,skip,pass,pass,,,15,0.2.0-draft,2026-08-04
3tg.dev,1,45,Discoverable,,fail,pass,fail,fail,skip,skip,skip,pass,fail,,,22,0.2.0-draft,2026-08-04
402.bot,1,0,Absent,,error,fail,fail,error,skip,skip,skip,fail,fail,,,18,0.2.0-draft,2026-08-04
402.coffee,1,0,Absent,,fail,fail,fail,fail,skip,skip,skip,fail,fail,,,16,0.2.0-draft,2026-08-04
402oracle.com,1,95,Agent-ready,,fail,fail,pass,fail,pass,pass,pass,pass,fail,,legacy,20,0.2.0-draft,2026-08-04
448c.org,1,70,Connectable,,fail,fail,pass,fail,pass,fail,skip,fail,fail,,legacy,33,0.2.0-draft,2026-08-04
4bots.net,1,35,Discoverable,,pass,fail,fail,fail,fail,skip,skip,fail,fail,mcp-json,,26,0.2.0-draft,2026-08-04
4fetch.com,1,0,Absent,,fail,fail,fail,fail,skip,skip,skip,fail,fail,,,20,0.2.0-draft,2026-08-04
52choujiang.com,1,0,Absent,,fail,fail,fail,fail,skip,skip,skip,fail,fail,,,17,0.2.0-draft,2026-08-04
530amodel.com,1,80,Connectable,,pass,fail,fail,fail,pass,pass,fail,pass,fail,mcp-json,legacy,22,0.2.0-draft,2026-08-04
558686.xyz,1,10,Text-only,,fail,fail,fail,fail,skip,skip,skip,pass,fail,,,30,0.2.0-draft,2026-08-04
5arz.com,1,10,Text-only,,fail,fail,fail,fail,skip,skip,skip,pass,fail,,,18,0.2.0-draft,2026-08-04
5pu357jdkqc3qynzkjvu3okgqy0ncsiy.lambda-url.us-east-1.on.aws,1,70,Connectable,,fail,fail,pass,fail,pass,pass,fail,fail,fail,,legacy,33,0.2.0-draft,2026-08-04
636865636b73756d.com,1,0,Absent,,error,fail,fail,error,skip,skip,skip,fail,fail,,,5,0.2.0-draft,2026-08-04
68cxgfyr0.workers.dev,1,0,Absent,,error,fail,fail,error,skip,skip,skip,fail,fail,,,8,0.2.0-draft,2026-08-04
6ducklearn.com,1,80,Connectable,,fail,fail,pass,pass,pass,fail,skip,pass,fail,,modern,19,0.2.0-draft,2026-08-04
70ug3hqb29.execute-api.us-east-1.amazonaws.com,1,0,Absent,,fail,fail,fail,fail,skip,skip,skip,fail,fail,,,15,0.2.0-draft,2026-08-04
787daily.com,1,95,Agent-ready,,fail,fail,pass,fail,pass,pass,pass,pass,fail,,modern,23,0.2.0-draft,2026-08-04
7qc1f4ft9d.execute-api.us-west-2.amazonaws.com,1,0,Absent,,fail,fail,fail,fail,skip,skip,skip,fail,fail,,,15,0.2.0-draft,2026-08-04
80l.app,1,0,Absent,,fail,fail,fail,fail,skip,skip,skip,fail,fail,,,17,0.2.0-draft,2026-08-04
869biz.com,1,0,Absent,,error,fail,fail,error,skip,skip,skip,fail,fail,,,5,0.2.0-draft,2026-08-04
8p5dmrjzl1.execute-api.eu-north-1.amazonaws.com,1,0,Absent,,fail,fail,fail,fail,skip,skip,skip,fail,fail,,,15,0.2.0-draft,2026-08-04
911fund.io,1,0,Absent,,fail,fail,fail,fail,skip,skip,skip,fail,fail,,,15,0.2.0-draft,2026-08-04
91eaaf4b-0a31-4f81-971a-86dc09a31986-00-2a9kujnvh541f-mwardvi0.kirk.replit.dev,1,0,Absent,,fail,fail,fail,fail,skip,skip,skip,fail,fail,,,28,0.2.0-draft,2026-08-04
a0985344368.workers.dev,1,0,Absent,,error,fail,fail,error,skip,skip,skip,fail,fail,,,8,0.2.0-draft,2026-08-04
a1.gallery,1,45,Discoverable,,fail,fail,fail,pass,skip,skip,skip,pass,fail,,,27,0.2.0-draft,2026-08-04
a11ychk.com,1,0,Absent,,fail,fail,fail,fail,skip,skip,skip,fail,fail,,,26,0.2.0-draft,2026-08-04
a2a-artifact-handoff.onrender.com,1,0,Absent,,fail,fail,fail,fail,skip,skip,skip,fail,fail,,,28,0.2.0-draft,2026-08-04
a2a2p.com,1,95,Agent-ready,,fail,fail,pass,fail,pass,pass,pass,pass,fail,,modern,19,0.2.0-draft,2026-08-04
a2abench-mcp-remote-405318049509.us-central1.run.app,1,0,Absent,,fail,fail,fail,fail,skip,skip,skip,fail,fail,,,50,0.2.0-draft,2026-08-04
a2abench-mcp.web.app,1,0,Absent,,fail,fail,fail,fail,skip,skip,skip,fail,fail,,,30,0.2.0-draft,2026-08-04
a2ainfrastructure.com,1,10,Text-only,,fail,fail,fail,fail,skip,skip,skip,pass,fail,,,18,0.2.0-draft,2026-08-04
a2awire.com,1,45,Discoverable,,pass,fail,fail,fail,skip,skip,skip,pass,fail,mcp-server-card-json,,15,0.2.0-draft,2026-08-04
a2ax.fly.dev,1,0,Absent,,error,fail,fail,error,skip,skip,skip,fail,fail,,,37,0.2.0-draft,2026-08-04
a2me.app,1,10,Text-only,,fail,fail,fail,fail,skip,skip,skip,pass,fail,,,17,0.2.0-draft,2026-08-04
a3eecosystem.com,1,5,Text-only,,fail,fail,fail,fail,skip,skip,skip,fail,pass,,,14,0.2.0-draft,2026-08-04
aaif.io,1,15,Text-only,,fail,fail,fail,fail,skip,skip,skip,pass,pass,,,13,0.2.0-draft,2026-08-04
aapl.se,1,10,Text-only,,fail,fail,fail,fail,skip,skip,skip,pass,fail,,,14,0.2.0-draft,2026-08-04
aarna.ai,1,10,Text-only,,fail,fail,fail,fail,skip,skip,skip,pass,fail,,,34,0.2.0-draft,2026-08-04
aatos.dev,1,85,Connectable,,pass,fail,pass,fail,pass,fail,skip,pass,pass,mcp-json,legacy,32,0.2.0-draft,2026-08-04
abbyseo.com,1,100,Agent-ready,,fail,fail,pass,fail,pass,pass,pass,pass,pass,,legacy,35,0.2.0-draft,2026-08-04
abdominal.in,1,0,Absent,,error,fail,fail,error,skip,skip,skip,fail,fail,,,3,0.2.0-draft,2026-08-04
abhijitjavelin.github.io,1,0,Absent,,fail,fail,fail,fail,skip,skip,skip,fail,fail,,,27,0.2.0-draft,2026-08-04
ablakarajanlat.hu,1,95,Agent-ready,,fail,fail,pass,fail,pass,pass,pass,pass,fail,,legacy,32,0.2.0-draft,2026-08-04
ablakunio.com,1,15,Text-only,,fail,fail,fail,fail,skip,skip,skip,pass,pass,,,38,0.2.0-draft,2026-08-04
abm.dev,1,15,Text-only,,fail,fail,fail,fail,skip,skip,skip,pass,pass,,,16,0.2.0-draft,2026-08-04
abmeter.ai,1,80,Connectable,,fail,fail,pass,pass,pass,fail,skip,pass,fail,,legacy,21,0.2.0-draft,2026-08-04
abundanceapis.com,1,100,Agent-ready,,fail,fail,pass,fail,pass,pass,pass,pass,pass,,legacy,19,0.2.0-draft,2026-08-04
abyssfallgame.com,1,10,Text-only,,fail,fail,fail,fail,skip,skip,skip,pass,fail,,,27,0.2.0-draft,2026-08-04
academic-intel-mcp-production.up.railway.app,1,0,Absent,,error,fail,fail,error,skip,skip,skip,fail,fail,,,39,0.2.0-draft,2026-08-04
accountingqb.com,1,15,Text-only,,fail,fail,fail,fail,skip,skip,skip,pass,pass,,,16,0.2.0-draft,2026-08-04
accrue.cc,1,50,Discoverable,,pass,fail,fail,fail,skip,skip,skip,pass,pass,mcp-json,,14,0.2.0-draft,2026-08-04
accruedev.com,1,0,Absent,,fail,fail,fail,fail,skip,skip,skip,fail,fail,,,15,0.2.0-draft,2026-08-04
accurecord.io,1,80,Connectable,,fail,fail,pass,fail,pass,fail,skip,pass,fail,,modern,20,0.2.0-draft,2026-08-04
aceadvising.com,1,5,Text-only,,fail,fail,fail,fail,skip,skip,skip,fail,pass,,,24,0.2.0-draft,2026-08-04
acerank.in,1,0,Absent,,fail,fail,fail,fail,skip,skip,skip,fail,fail,,,15,0.2.0-draft,2026-08-04
achillesalpha.onrender.com,1,45,Discoverable,,pass,fail,fail,fail,skip,skip,skip,pass,fail,mcp-json|mcp-server-card-json,,27,0.2.0-draft,2026-08-04
achriom.com,1,0,Absent,,fail,fail,fail,fail,skip,skip,skip,fail,fail,,,21,0.2.0-draft,2026-08-04
acjlabs.com,1,10,Text-only,,fail,fail,fail,fail,skip,skip,skip,pass,fail,,,14,0.2.0-draft,2026-08-04
acjlabs.workers.dev,1,0,Absent,,error,fail,fail,error,skip,skip,skip,fail,fail,,,6,0.2.0-draft,2026-08-04
aclimacao.sampa.br,1,100,Agent-ready,,pass,fail,pass,fail,pass,pass,pass,pass,pass,mcp-json,legacy,21,0.2.0-draft,2026-08-04
acopio.dev,1,80,Connectable,,pass,fail,pass,pass,pass,fail,skip,pass,fail,mcp-server-card-json,modern,19,0.2.0-draft,2026-08-04
acornonaut.app,1,40,Discoverable,,pass,fail,fail,fail,skip,skip,skip,fail,pass,mcp-json,,15,0.2.0-draft,2026-08-04
acprompt.com,1,45,Discoverable,,pass,fail,fail,pass,skip,skip,skip,pass,fail,mcp-server-card-json,,27,0.2.0-draft,2026-08-04
acquislaw.com,1,0,Absent,,fail,fail,fail,fail,skip,skip,skip,fail,fail,,,14,0.2.0-draft,2026-08-04
actablesite.com,1,100,Agent-ready,,pass,fail,fail,fail,pass,pass,pass,pass,pass,mcp-json|mcp-server-card-json,legacy,18,0.2.0-draft,2026-08-04
actimate.io,1,0,Absent,,fail,fail,fail,fail,skip,skip,skip,fail,fail,,,27,0.2.0-draft,2026-08-04
actimateai.io,1,0,Absent,,error,fail,fail,error,skip,skip,skip,fail,fail,,,4,0.2.0-draft,2026-08-04
actiongate.xyz,1,80,Connectable,,fail,fail,pass,fail,pass,fail,skip,pass,fail,,legacy,21,0.2.0-draft,2026-08-04
actionlayer.io,1,15,Text-only,,fail,fail,fail,fail,skip,skip,skip,pass,pass,,,15,0.2.0-draft,2026-08-04
activated-ai.ru,1,0,Absent,,fail,fail,fail,fail,skip,skip,skip,fail,fail,,,27,0.2.0-draft,2026-08-04
activatedai.ru,1,95,Agent-ready,,fail,fail,pass,pass,pass,pass,pass,pass,fail,,modern,22,0.2.0-draft,2026-08-04
actuallycare.com,1,10,Text-only,,fail,fail,fail,fail,skip,skip,skip,pass,fail,,,16,0.2.0-draft,2026-08-04
actvt.io,1,10,Text-only,,fail,fail,fail,fail,skip,skip,skip,pass,fail,,,15,0.2.0-draft,2026-08-04
acuris-geo.com,1,0,Absent,,fail,fail,fail,fail,skip,skip,skip,fail,fail,,,28,0.2.0-draft,2026-08-04
ad-sniper-mcp.vercel.app,1,0,Absent,,fail,fail,fail,fail,skip,skip,skip,fail,fail,,,27,0.2.0-draft,2026-08-04
ad-spend-auditor-mcp.vercel.app,1,0,Absent,,fail,fail,fail,fail,skip,skip,skip,fail,fail,,,27,0.2.0-draft,2026-08-04
adadvisor.ai,1,15,Text-only,,fail,fail,fail,fail,skip,skip,skip,pass,pass,,,13,0.2.0-draft,2026-08-04
adaptika.io,1,0,Absent,,fail,fail,fail,fail,skip,skip,skip,fail,fail,,,15,0.2.0-draft,2026-08-04
adbloop.com,1,75,Connectable,,fail,fail,pass,pass,pass,pass,fail,fail,pass,,modern,22,0.2.0-draft,2026-08-04
adbutler.com,1,15,Text-only,,fail,fail,fail,fail,skip,skip,skip,pass,pass,,,18,0.2.0-draft,2026-08-04
adcritter.com,1,0,Absent,,fail,fail,fail,fail,skip,skip,skip,fail,fail,,,19,0.2.0-draft,2026-08-04
adcrunch.dev,1,10,Text-only,,fail,fail,fail,fail,skip,skip,skip,pass,fail,,,16,0.2.0-draft,2026-08-04
address-validator-x402-production.up.railway.app,1,0,Absent,,fail,fail,fail,fail,skip,skip,skip,fail,fail,,,27,0.2.0-draft,2026-08-04
addresstozip.jp,1,100,Agent-ready,,pass,fail,pass,fail,pass,pass,pass,pass,pass,mcp-server-card-json,legacy,19,0.2.0-draft,2026-08-04
adeu.ai,1,50,Discoverable,,fail,pass,fail,fail,skip,skip,skip,pass,pass,,,15,0.2.0-draft,2026-08-04
adextract.co,1,10,Text-only,,fail,fail,fail,fail,skip,skip,skip,pass,fail,,,16,0.2.0-draft,2026-08-04
adgentek.ai,1,15,Text-only,,fail,fail,fail,fail,skip,skip,skip,pass,pass,,,16,0.2.0-draft,2026-08-04
adkit.so,1,0,Absent,,fail,fail,fail,fail,skip,skip,skip,fail,fail,,,16,0.2.0-draft,2026-08-04
admaxxer.com,1,50,Discoverable,,fail,fail,fail,pass,skip,skip,skip,pass,pass,,,12,0.2.0-draft,2026-08-04
admit-coach.com,1,15,Text-only,,fail,fail,fail,fail,skip,skip,skip,pass,pass,,,13,0.2.0-draft,2026-08-04
admitbase.com,1,50,Discoverable,,pass,fail,fail,fail,fail,skip,skip,pass,pass,mcp-json,,14,0.2.0-draft,2026-08-04
adologyai.com,1,80,Connectable,,fail,fail,pass,pass,pass,fail,skip,pass,fail,,modern,22,0.2.0-draft,2026-08-04
adopte-un-conteneur.fr,1,10,Text-only,,fail,fail,fail,fail,skip,skip,skip,pass,fail,,,27,0.2.0-draft,2026-08-04
adramp.ai,1,0,Absent,,fail,fail,fail,fail,skip,skip,skip,fail,fail,,,17,0.2.0-draft,2026-08-04
adrianczuczka.com,1,5,Text-only,,fail,fail,fail,fail,skip,skip,skip,fail,pass,,,13,0.2.0-draft,2026-08-04
adrkit.dev,1,10,Text-only,,fail,fail,fail,fail,skip,skip,skip,pass,fail,,,15,0.2.0-draft,2026-08-04
adsagent.org,1,35,Discoverable,,fail,fail,fail,pass,skip,skip,skip,fail,fail,,,17,0.2.0-draft,2026-08-04
adside.ai,1,10,Text-only,,fail,fail,fail,fail,skip,skip,skip,pass,fail,,,26,0.2.0-draft,2026-08-04
adspirer.com,1,15,Text-only,,fail,fail,fail,fail,skip,skip,skip,pass,pass,,,24,0.2.0-draft,2026-08-04
adtao.io,1,15,Text-only,,fail,fail,fail,fail,skip,skip,skip,pass,pass,,,16,0.2.0-draft,2026-08-04
adufloridainfo.com,1,15,Text-only,,fail,fail,fail,fail,skip,skip,skip,pass,pass,,,27,0.2.0-draft,2026-08-04
advalorem.io,1,15,Text-only,,fail,fail,fail,fail,skip,skip,skip,pass,pass,,,14,0.2.0-draft,2026-08-04
advisorfinder.com,1,10,Text-only,,fail,fail,fail,fail,skip,skip,skip,pass,fail,,,14,0.2.0-draft,2026-08-04
advocatemcp.com,1,15,Text-only,,fail,fail,fail,fail,skip,skip,skip,pass,pass,,,15,0.2.0-draft,2026-08-04
adweave.ai,1,15,Text-only,,fail,fail,fail,fail,skip,skip,skip,pass,pass,,,16,0.2.0-draft,2026-08-04
adwhispr.com,1,45,Discoverable,,fail,fail,fail,pass,skip,skip,skip,pass,fail,,,16,0.2.0-draft,2026-08-04
adwhiz.ai,1,15,Text-only,,fail,fail,fail,fail,skip,skip,skip,pass,pass,,,28,0.2.0-draft,2026-08-04
aegis-policy-mcp.vercel.app,1,0,Absent,,fail,fail,fail,fail,skip,skip,skip,fail,fail,,,27,0.2.0-draft,2026-08-04
aegisgov-contracts.vercel.app,1,0,Absent,,fail,fail,fail,fail,skip,skip,skip,fail,fail,,,27,0.2.0-draft,2026-08-04
aeml-x402.zeabur.app,1,95,Agent-ready,,fail,fail,pass,fail,pass,pass,pass,pass,fail,,legacy,32,0.2.0-draft,2026-08-04
aeoess.com,1,50,Discoverable,,pass,fail,fail,fail,fail,skip,skip,pass,pass,mcp-json,,21,0.2.0-draft,2026-08-04
aeotool.io,1,50,Discoverable,,fail,fail,fail,pass,skip,skip,skip,pass,pass,,,16,0.2.0-draft,2026-08-04
aerware.ai,1,15,Text-only,,fail,fail,fail,fail,skip,skip,skip,pass,pass,,,15,0.2.0-draft,2026-08-04
aerynw.workers.dev,1,0,Absent,,error,fail,fail,error,skip,skip,skip,fail,fail,,,6,0.2.0-draft,2026-08-04
aethereum.dev,1,50,Discoverable,,pass,fail,fail,fail,fail,skip,skip,pass,pass,mcp-server-card-json,,27,0.2.0-draft,2026-08-04
aetheris-mcp.onrender.com,1,0,Absent,,fail,fail,fail,fail,skip,skip,skip,fail,fail,,,27,0.2.0-draft,2026-08-04
aetherwealth.ai,1,15,Text-only,,fail,fail,fail,fail,skip,skip,skip,pass,pass,,,17,0.2.0-draft,2026-08-04
aevia.cloud,1,10,Text-only,,fail,fail,fail,fail,skip,skip,skip,pass,fail,,,16,0.2.0-draft,2026-08-04
aevumsecurity.com.sg,1,80,Connectable,,pass,fail,fail,fail,pass,fail,skip,pass,fail,mcp-json,legacy,20,0.2.0-draft,2026-08-04
aex402.com,1,5,Text-only,,fail,fail,fail,fail,skip,skip,skip,fail,pass,,,17,0.2.0-draft,2026-08-04
afbudsrejser.dk,1,95,Agent-ready,,fail,fail,pass,fail,pass,pass,pass,pass,fail,,legacy,30,0.2.0-draft,2026-08-04
afdinstitute.com,1,10,Text-only,,fail,fail,fail,fail,skip,skip,skip,pass,fail,,,18,0.2.0-draft,2026-08-04
affogata.com,1,10,Text-only,,fail,fail,fail,fail,skip,skip,skip,pass,fail,,,27,0.2.0-draft,2026-08-04
afmr.ai,1,85,Connectable,,pass,fail,fail,fail,pass,pass,fail,pass,pass,mcp-json,legacy,18,0.2.0-draft,2026-08-04
africanmarketos.com,1,50,Discoverable,,pass,fail,fail,fail,skip,skip,skip,pass,pass,mcp-json|mcp-bare|mcp-server-card-json,,14,0.2.0-draft,2026-08-04
afriref.dev,1,10,Text-only,,fail,fail,fail,fail,skip,skip,skip,pass,fail,,,15,0.2.0-draft,2026-08-04
afterlaunch.io,1,50,Discoverable,,pass,fail,fail,pass,skip,skip,skip,pass,pass,mcp-json,,13,0.2.0-draft,2026-08-04
aftership.com,1,0,Absent,,fail,fail,fail,fail,skip,skip,skip,fail,fail,,,30,0.2.0-draft,2026-08-04
agenda.rio.br,1,100,Agent-ready,,pass,fail,pass,fail,pass,pass,pass,pass,pass,mcp-json,legacy,21,0.2.0-draft,2026-08-04
agenda.sampa.br,1,100,Agent-ready,,pass,fail,pass,fail,pass,pass,pass,pass,pass,mcp-json,legacy,21,0.2.0-draft,2026-08-04
agent-api-production-169b.up.railway.app,1,10,Text-only,,fail,fail,fail,fail,skip,skip,skip,pass,fail,,,28,0.2.0-draft,2026-08-04
agent-commerce-guard.vercel.app,1,80,Connectable,,fail,fail,pass,fail,pass,fail,skip,pass,fail,,legacy,32,0.2.0-draft,2026-08-04
agent-data-platform.onrender.com,1,80,Connectable,,fail,fail,pass,fail,pass,fail,skip,pass,fail,,legacy,32,0.2.0-draft,2026-08-04
agent-factory-gateway-production.up.railway.app,1,70,Connectable,,fail,fail,pass,fail,pass,fail,skip,fail,fail,,legacy,32,0.2.0-draft,2026-08-04
agent-guild-5d5r.onrender.com,1,10,Text-only,,fail,fail,fail,fail,skip,skip,skip,pass,fail,,,27,0.2.0-draft,2026-08-04
agent-handoff-production-573c.up.railway.app,1,85,Connectable,,fail,fail,pass,fail,pass,pass,pass,fail,fail,,legacy,32,0.2.0-draft,2026-08-04
agent-hub-henna.vercel.app,1,85,Connectable,,fail,fail,pass,fail,pass,fail,skip,pass,pass,,legacy,32,0.2.0-draft,2026-08-04
agent-infra.workers.dev,1,0,Absent,,error,fail,fail,error,skip,skip,skip,fail,fail,,,6,0.2.0-draft,2026-08-04
agent-memory-api.vercel.app,1,35,Discoverable,,pass,fail,fail,fail,skip,skip,skip,fail,fail,mcp-server-card-json,,27,0.2.0-draft,2026-08-04
agent-memory-production-6506.up.railway.app,1,0,Absent,,fail,fail,fail,fail,skip,skip,skip,fail,fail,,,27,0.2.0-draft,2026-08-04
agent-module.dev,1,100,Agent-ready,,pass,fail,pass,fail,pass,pass,pass,pass,pass,mcp-json,legacy,20,0.2.0-draft,2026-08-04
agent-phone-mcp.vercel.app,1,0,Absent,,fail,fail,fail,fail,skip,skip,skip,fail,fail,,,27,0.2.0-draft,2026-08-04
agent-pulse-seven.vercel.app,1,80,Connectable,,pass,fail,pass,fail,pass,fail,skip,pass,fail,mcp-server-card-json,legacy,32,0.2.0-draft,2026-08-04
agent-ready.dev,1,50,Discoverable,,pass,fail,fail,pass,fail,skip,skip,pass,pass,mcp-json|mcp-bare|mcp-server-card-json,,21,0.2.0-draft,2026-08-04
agent-rescue-desk.netlify.app,1,80,Connectable,,pass,fail,pass,fail,pass,fail,skip,pass,fail,mcp-json,legacy,32,0.2.0-draft,2026-08-04
agent-rescue.vercel.app,1,10,Text-only,,fail,fail,fail,fail,skip,skip,skip,pass,fail,,,26,0.2.0-draft,2026-08-04
agent-router.org,1,15,Text-only,,fail,fail,fail,fail,skip,skip,skip,pass,pass,,,25,0.2.0-draft,2026-08-04
agent-services-seven.vercel.app,1,45,Discoverable,,pass,fail,fail,fail,skip,skip,skip,pass,fail,mcp-server-card-json,,27,0.2.0-draft,2026-08-04
agent-signal-production.up.railway.app,1,0,Absent,,fail,fail,fail,fail,skip,skip,skip,fail,fail,,,27,0.2.0-draft,2026-08-04
agent-svg-registry.vercel.app,1,0,Absent,,fail,fail,fail,fail,skip,skip,skip,fail,fail,,,27,0.2.0-draft,2026-08-04
agent-teller-production.up.railway.app,1,0,Absent,,fail,fail,fail,fail,skip,skip,skip,fail,fail,,,27,0.2.0-draft,2026-08-04
agent-tools.cloud,1,35,Discoverable,,pass,fail,fail,fail,skip,skip,skip,fail,fail,mcp-json,,14,0.2.0-draft,2026-08-04
agent-tune.com,1,100,Agent-ready,,pass,fail,pass,fail,pass,pass,pass,pass,pass,mcp-server-card-json,legacy,19,0.2.0-draft,2026-08-04
agent-vending-factory-3srpjtr7na-ew.a.run.app,1,0,Absent,,fail,fail,fail,fail,skip,skip,skip,fail,fail,,,27,0.2.0-draft,2026-08-04
agent4.io,1,10,Text-only,,fail,fail,fail,fail,skip,skip,skip,pass,fail,,,22,0.2.0-draft,2026-08-04
agent402.tools,1,85,Connectable,,fail,fail,pass,fail,pass,fail,skip,pass,pass,,legacy,19,0.2.0-draft,2026-08-04
agentaegis-mcp-production.up.railway.app,1,0,Absent,,fail,fail,fail,fail,skip,skip,skip,fail,fail,,,27,0.2.0-draft,2026-08-04
agentage.io,1,15,Text-only,,fail,fail,fail,fail,skip,skip,skip,pass,pass,,,16,0.2.0-draft,2026-08-04
agentanalytics.sh,1,10,Text-only,,fail,fail,fail,fail,skip,skip,skip,pass,fail,,,17,0.2.0-draft,2026-08-04
agentarena.site,1,50,Discoverable,,pass,fail,fail,fail,skip,skip,skip,pass,pass,mcp-server-card-json,,13,0.2.0-draft,2026-08-04
agentbase.tools,1,0,Absent,,fail,fail,fail,fail,skip,skip,skip,fail,fail,,,20,0.2.0-draft,2026-08-04
agentbazaar.tech,1,45,Discoverable,,pass,fail,fail,fail,skip,skip,skip,pass,fail,mcp-json,,14,0.2.0-draft,2026-08-04
agentberg.ai,1,0,Absent,,fail,fail,fail,fail,skip,skip,skip,fail,fail,,,14,0.2.0-draft,2026-08-04
agentblueprint.workers.dev,1,0,Absent,,error,fail,fail,error,skip,skip,skip,fail,fail,,,6,0.2.0-draft,2026-08-04
agentbooks.workers.dev,1,0,Absent,,error,fail,fail,error,skip,skip,skip,fail,fail,,,3,0.2.0-draft,2026-08-04
agentbrush.dev,1,10,Text-only,,fail,fail,fail,fail,skip,skip,skip,pass,fail,,,15,0.2.0-draft,2026-08-04
agentbuilders.app,1,5,Text-only,,fail,fail,fail,fail,skip,skip,skip,fail,pass,,,17,0.2.0-draft,2026-08-04
agentcard.sh,1,85,Connectable,,pass,fail,pass,pass,pass,fail,skip,pass,pass,mcp-server-card-json,modern,32,0.2.0-draft,2026-08-04
agentcat.ai,1,10,Text-only,,fail,fail,fail,fail,skip,skip,skip,pass,fail,,,14,0.2.0-draft,2026-08-04
agentcat.com,1,10,Text-only,,fail,fail,fail,fail,skip,skip,skip,pass,fail,,,16,0.2.0-draft,2026-08-04
agentcentral.to,1,15,Text-only,,fail,fail,fail,fail,skip,skip,skip,pass,pass,,,15,0.2.0-draft,2026-08-04
agentcommunity.org,1,100,Agent-ready,,pass,fail,pass,fail,pass,pass,pass,pass,pass,ai-catalog|mcp-json|mcp-bare|mcp-server-card-json,modern,19,0.2.0-draft,2026-08-04
agentcouch.dev,1,10,Text-only,,fail,fail,fail,fail,skip,skip,skip,pass,fail,,,16,0.2.0-draft,2026-08-04
agentcrush.xyz,1,50,Discoverable,,pass,fail,fail,fail,fail,skip,skip,pass,pass,mcp-json,,14,0.2.0-draft,2026-08-04
agentdata-api.com,1,50,Discoverable,,pass,fail,fail,fail,skip,skip,skip,pass,pass,mcp-json,,14,0.2.0-draft,2026-08-04
agentdata-liquidity-exit-cost.onrender.com,1,10,Text-only,,fail,fail,fail,fail,skip,skip,skip,pass,fail,,,28,0.2.0-draft,2026-08-04
agentdatum.com,1,100,Agent-ready,,pass,fail,pass,fail,pass,pass,pass,pass,pass,ai-catalog|mcp-json,legacy,19,0.2.0-draft,2026-08-04
agentdeals-production.up.railway.app,1,45,Discoverable,,pass,fail,fail,fail,skip,skip,skip,pass,fail,mcp-json|mcp-bare|mcp-server-card-json,,27,0.2.0-draft,2026-08-04
agentdeals.dev,1,50,Discoverable,,pass,fail,fail,fail,skip,skip,skip,pass,pass,mcp-json|mcp-bare|mcp-server-card-json,,14,0.2.0-draft,2026-08-04
agentdemand.network,1,0,Absent,,fail,fail,fail,fail,skip,skip,skip,fail,fail,,,14,0.2.0-draft,2026-08-04
agentdevx-production.up.railway.app,1,0,Absent,,fail,fail,fail,fail,skip,skip,skip,fail,fail,,,27,0.2.0-draft,2026-08-04
agentdilemma.com,1,0,Absent,,fail,fail,fail,fail,skip,skip,skip,fail,fail,,,14,0.2.0-draft,2026-08-04
agentdm.ai,1,15,Text-only,,fail,fail,fail,fail,skip,skip,skip,pass,pass,,,15,0.2.0-draft,2026-08-04
agentdocs.eu,1,85,Connectable,,fail,fail,pass,pass,pass,fail,skip,pass,pass,,modern,17,0.2.0-draft,2026-08-04
agentdomain.cloud,1,0,Absent,,error,fail,fail,error,skip,skip,skip,fail,fail,,,43,0.2.0-draft,2026-08-04
agentdomainsearch.com,1,15,Text-only,,fail,fail,fail,fail,skip,skip,skip,pass,pass,,,29,0.2.0-draft,2026-08-04
agentdrive.run,1,80,Connectable,,fail,fail,pass,pass,pass,fail,skip,pass,fail,,modern,30,0.2.0-draft,2026-08-04
agentdrive.sh,1,90,Agent-ready,,fail,fail,pass,fail,pass,pass,pass,fail,pass,,legacy,27,0.2.0-draft,2026-08-04
agentegalicia.com,1,80,Connectable,,pass,fail,pass,fail,pass,fail,skip,pass,fail,mcp-server-card-json,legacy,19,0.2.0-draft,2026-08-04
agentery.com,1,35,Discoverable,,pass,fail,fail,fail,fail,skip,skip,fail,fail,mcp-json|mcp-server-card-json,,14,0.2.0-draft,2026-08-04
agentexchange.work,1,10,Text-only,,fail,fail,fail,fail,skip,skip,skip,pass,fail,,,14,0.2.0-draft,2026-08-04
agentfeeds.jp,1,0,Absent,,error,fail,fail,error,skip,skip,skip,fail,fail,,,5,0.2.0-draft,2026-08-04
agentfilings.com,1,0,Absent,,skip,fail,fail,skip,skip,skip,skip,skip,fail,,,4,0.2.0-draft,2026-08-04
agentflow.watch,1,5,Text-only,,fail,fail,fail,fail,skip,skip,skip,fail,pass,,,14,0.2.0-draft,2026-08-04
agentforge-taupe.vercel.app,1,20,Text-only,,fail,fail,pass,fail,fail,skip,skip,fail,fail,,,35,0.2.0-draft,2026-08-04
agentfulfyl.com,1,100,Agent-ready,,fail,fail,pass,fail,pass,pass,pass,pass,pass,,legacy,19,0.2.0-draft,2026-08-04
agentfund.net,1,5,Text-only,,fail,fail,fail,fail,skip,skip,skip,fail,pass,,,14,0.2.0-draft,2026-08-04
agentgauge.ai,1,85,Connectable,,pass,fail,pass,fail,pass,fail,skip,pass,pass,mcp-json|mcp-server-card-json,legacy,37,0.2.0-draft,2026-08-04
agentgrade.com,1,50,Discoverable,,pass,fail,fail,fail,skip,skip,skip,pass,pass,mcp-json|mcp-server-card-json,,13,0.2.0-draft,2026-08-04
agentic-ads-production.up.railway.app,1,0,Absent,,fail,fail,fail,fail,skip,skip,skip,fail,fail,,,27,0.2.0-draft,2026-08-04
agentic-ads.onrender.com,1,0,Absent,,fail,fail,fail,fail,skip,skip,skip,fail,fail,,,51,0.2.0-draft,2026-08-04
agentic-ai-production-e711.up.railway.app,1,0,Absent,,fail,fail,fail,fail,skip,skip,skip,fail,fail,,,27,0.2.0-draft,2026-08-04
agentic-firmenbuch.at,1,0,Absent,,error,fail,fail,error,skip,skip,skip,fail,fail,,,41,0.2.0-draft,2026-08-04
agentic-mermaid.dev,1,95,Agent-ready,,pass,fail,pass,fail,pass,pass,pass,pass,fail,ai-catalog|mcp-json,modern,18,0.2.0-draft,2026-08-04
agentic-news.ai,1,15,Text-only,,fail,fail,fail,fail,skip,skip,skip,pass,pass,,,14,0.2.0-draft,2026-08-04
agentic-prompt.com,1,10,Text-only,,fail,fail,fail,fail,skip,skip,skip,pass,fail,,,14,0.2.0-draft,2026-08-04
agentic-security-shield-mcp-production.up.railway.app,1,0,Absent,,fail,fail,fail,fail,skip,skip,skip,fail,fail,,,27,0.2.0-draft,2026-08-04
agentic.ai,1,10,Text-only,,fail,fail,fail,fail,skip,skip,skip,pass,fail,,,14,0.2.0-draft,2026-08-04
agenticaffiliate.ai,1,0,Absent,,fail,fail,fail,fail,skip,skip,skip,fail,fail,,,16,0.2.0-draft,2026-08-04
agenticbi.com,1,0,Absent,,fail,fail,fail,fail,skip,skip,skip,fail,fail,,,27,0.2.0-draft,2026-08-04
agenticcontrolplane.com,1,100,Agent-ready,,fail,fail,pass,pass,pass,pass,pass,pass,pass,,legacy,23,0.2.0-draft,2026-08-04
agenticemail.dev,1,50,Discoverable,,pass,fail,fail,fail,skip,skip,skip,pass,pass,mcp-server-card-json,,17,0.2.0-draft,2026-08-04
agenticfabricationnetwork.ai,1,10,Text-only,,fail,fail,fail,fail,skip,skip,skip,pass,fail,,,14,0.2.0-draft,2026-08-04
agenticfeed.ai,1,100,Agent-ready,,fail,fail,pass,fail,pass,pass,pass,pass,pass,,legacy,19,0.2.0-draft,2026-08-04
agenticmemory.ai,1,15,Text-only,,fail,fail,fail,fail,skip,skip,skip,pass,pass,,,16,0.2.0-draft,2026-08-04
agenticpaywall.com,1,10,Text-only,,fail,fail,fail,fail,skip,skip,skip,pass,fail,,,14,0.2.0-draft,2026-08-04
agenticrail.nz,1,50,Discoverable,,pass,fail,fail,fail,skip,skip,skip,pass,pass,mcp-server-card-json,,15,0.2.0-draft,2026-08-04
agenticshelf.ai,1,0,Absent,,fail,fail,fail,fail,skip,skip,skip,fail,fail,,,28,0.2.0-draft,2026-08-04
agenticsubstrate.org,1,85,Connectable,,pass,fail,pass,fail,pass,pass,fail,pass,pass,ai-catalog|mcp-json,legacy,19,0.2.0-draft,2026-08-04
agenticterminal.ai,1,0,Absent,,fail,fail,fail,fail,skip,skip,skip,fail,fail,,,16,0.2.0-draft,2026-08-04
agentictotem.com,1,35,Discoverable,,pass,fail,fail,fail,skip,skip,skip,fail,fail,mcp-json|mcp-bare,,18,0.2.0-draft,2026-08-04
agentictrade.io,1,50,Discoverable,,pass,fail,fail,fail,fail,skip,skip,pass,pass,mcp-json,,16,0.2.0-draft,2026-08-04
agentline.cloud,1,10,Text-only,,fail,fail,fail,fail,skip,skip,skip,pass,fail,,,14,0.2.0-draft,2026-08-04
agentlock.net,1,15,Text-only,,fail,fail,fail,fail,skip,skip,skip,pass,pass,,,14,0.2.0-draft,2026-08-04
agentlookups.ai,1,10,Text-only,,fail,fail,fail,fail,skip,skip,skip,pass,fail,,,27,0.2.0-draft,2026-08-04
agentlore.vercel.app,1,0,Absent,,fail,fail,fail,fail,skip,skip,skip,fail,fail,,,27,0.2.0-draft,2026-08-04
agentlux.ai,1,45,Discoverable,,pass,fail,fail,fail,skip,skip,skip,pass,fail,mcp-server-card-json,,13,0.2.0-draft,2026-08-04
agently.dev,1,85,Connectable,,fail,fail,pass,pass,pass,fail,skip,pass,pass,,modern,21,0.2.0-draft,2026-08-04
agentmail.to,1,85,Connectable,,pass,fail,pass,pass,pass,fail,skip,pass,pass,mcp-server-card-json,modern,34,0.2.0-draft,2026-08-04
agentmemory.space,1,80,Connectable,,pass,fail,pass,fail,pass,fail,skip,pass,fail,mcp-server-card-json,modern,24,0.2.0-draft,2026-08-04
agentmetal.dev,1,50,Discoverable,,pass,fail,fail,fail,skip,skip,skip,pass,pass,mcp-server-card-json,,15,0.2.0-draft,2026-08-04
agentmuseum.org,1,85,Connectable,,pass,fail,pass,fail,pass,pass,fail,pass,pass,mcp-json,legacy,19,0.2.0-draft,2026-08-04
agentndx-production.up.railway.app,1,0,Absent,,fail,fail,fail,fail,skip,skip,skip,fail,fail,,,27,0.2.0-draft,2026-08-04
agentnet-api.onrender.com,1,35,Discoverable,,pass,fail,fail,pass,skip,skip,skip,fail,fail,mcp-json,,27,0.2.0-draft,2026-08-04
agentnx.ai,1,40,Discoverable,,pass,fail,fail,fail,fail,skip,skip,fail,pass,mcp-json,,20,0.2.0-draft,2026-08-04
agentopskit.dev,1,0,Absent,,fail,fail,fail,fail,skip,skip,skip,fail,fail,,,27,0.2.0-draft,2026-08-04
agentorist.com,1,35,Discoverable,,pass,fail,fail,fail,skip,skip,skip,fail,fail,mcp-json,,15,0.2.0-draft,2026-08-04
agentpapers.dev,1,10,Text-only,,fail,fail,fail,fail,skip,skip,skip,pass,fail,,,17,0.2.0-draft,2026-08-04
agentpay.so,1,5,Text-only,,fail,fail,fail,fail,skip,skip,skip,fail,pass,,,15,0.2.0-draft,2026-08-04
agentpays.dev,1,0,Absent,,fail,fail,fail,fail,skip,skip,skip,fail,fail,,,14,0.2.0-draft,2026-08-04
agentphone.ai,1,15,Text-only,,fail,fail,fail,fail,skip,skip,skip,pass,pass,,,18,0.2.0-draft,2026-08-04
agentphone.to,1,0,Absent,,fail,fail,fail,fail,skip,skip,skip,fail,fail,,,17,0.2.0-draft,2026-08-04
agentplaybooks.ai,1,5,Text-only,,fail,fail,fail,fail,skip,skip,skip,fail,pass,,,14,0.2.0-draft,2026-08-04
agentpmt.com,1,80,Connectable,,pass,fail,fail,pass,pass,fail,skip,pass,fail,mcp-json|mcp-bare|mcp-server-card-json,modern,38,0.2.0-draft,2026-08-04
agentq.id,1,0,Absent,,fail,fail,fail,fail,skip,skip,skip,fail,fail,,,16,0.2.0-draft,2026-08-04
agentramp.io,1,15,Text-only,,fail,fail,fail,fail,skip,skip,skip,pass,pass,,,18,0.2.0-draft,2026-08-04
agentrank.info,1,15,Text-only,,fail,fail,fail,fail,skip,skip,skip,pass,pass,,,17,0.2.0-draft,2026-08-04
agentrapay.ai,1,100,Agent-ready,,fail,fail,pass,fail,pass,pass,pass,pass,pass,,legacy,21,0.2.0-draft,2026-08-04
agentready.it.com,1,50,Discoverable,,pass,fail,fail,fail,fail,skip,skip,pass,pass,mcp-json,,27,0.2.0-draft,2026-08-04
agentready.market,1,50,Discoverable,,pass,fail,fail,fail,fail,skip,skip,pass,pass,ai-catalog|mcp-server-card-json,,25,0.2.0-draft,2026-08-04
agentready.me,1,45,Discoverable,,pass,fail,fail,fail,fail,skip,skip,pass,fail,mcp-json,,27,0.2.0-draft,2026-08-04
agentreputation.dev,1,85,Connectable,,fail,fail,pass,fail,pass,fail,skip,pass,pass,,legacy,19,0.2.0-draft,2026-08-04
agentrider.vercel.app,1,80,Connectable,,fail,fail,pass,fail,pass,fail,skip,pass,fail,,legacy,32,0.2.0-draft,2026-08-04
agentry.com,1,80,Connectable,,pass,fail,fail,fail,pass,fail,skip,pass,fail,mcp-json,legacy,21,0.2.0-draft,2026-08-04
agentsandswarms.ai,1,15,Text-only,,fail,fail,fail,fail,skip,skip,skip,pass,pass,,,28,0.2.0-draft,2026-08-04
agentsbase.net,1,45,Discoverable,,pass,fail,fail,fail,skip,skip,skip,pass,fail,ai-catalog|mcp-server-serra|mcp-json|mcp-bare|mcp-server-card-json,,13,0.2.0-draft,2026-08-04
agentsconsultants.com,1,0,Absent,,error,fail,fail,error,skip,skip,skip,fail,fail,,,4,0.2.0-draft,2026-08-04
agentsearch-mcp.vercel.app,1,70,Connectable,,fail,fail,pass,fail,pass,fail,skip,fail,fail,,legacy,32,0.2.0-draft,2026-08-04
agentsec-mcp.workers.dev,1,0,Absent,,error,fail,fail,error,skip,skip,skip,fail,fail,,,6,0.2.0-draft,2026-08-04
agentseo.dev,1,85,Connectable,,pass,fail,fail,fail,pass,fail,skip,pass,pass,mcp-json|mcp-server-card-json,modern,29,0.2.0-draft,2026-08-04
agentservices.to,1,100,Agent-ready,,pass,pass,pass,fail,pass,pass,pass,pass,pass,ai-catalog|mcp-json|mcp-bare|mcp-server-card-json,modern,19,0.2.0-draft,2026-08-04
agentshare.dev,1,50,Discoverable,,pass,fail,fail,fail,skip,skip,skip,pass,pass,mcp-server-card-json,,14,0.2.0-draft,2026-08-04
agentsim.dev,1,45,Discoverable,,pass,fail,fail,pass,skip,skip,skip,pass,fail,mcp-server-card-json,,17,0.2.0-draft,2026-08-04
agentskit.io,1,15,Text-only,,fail,fail,fail,fail,skip,skip,skip,pass,pass,,,26,0.2.0-draft,2026-08-04
agentsprice.com,1,80,Connectable,,pass,fail,fail,fail,pass,fail,skip,pass,fail,mcp-server-serra|mcp-json|mcp-bare|mcp-server-card-json,legacy,18,0.2.0-draft,2026-08-04
agentstamp.org,1,45,Discoverable,,pass,fail,fail,fail,skip,skip,skip,pass,fail,mcp-json|mcp-server-card-json,,14,0.2.0-draft,2026-08-04
agentswitchboard.dev,1,10,Text-only,,fail,fail,fail,fail,skip,skip,skip,pass,fail,,,13,0.2.0-draft,2026-08-04
agenttoll.dev,1,50,Discoverable,,pass,fail,fail,fail,skip,skip,skip,pass,pass,mcp-json,,13,0.2.0-draft,2026-08-04
agenttool.dev,1,45,Discoverable,,pass,fail,fail,fail,fail,skip,skip,pass,fail,mcp-server-card-json,,14,0.2.0-draft,2026-08-04
agenttrust.ai,1,70,Connectable,,fail,fail,pass,fail,pass,fail,skip,fail,fail,,modern,18,0.2.0-draft,2026-08-04
agentutil.net,1,5,Text-only,,fail,fail,fail,fail,skip,skip,skip,fail,pass,,,14,0.2.0-draft,2026-08-04
agentutility.ai,1,15,Text-only,,fail,fail,fail,fail,skip,skip,skip,pass,pass,,,18,0.2.0-draft,2026-08-04
agentview.de,1,45,Discoverable,,pass,fail,fail,pass,skip,skip,skip,pass,fail,mcp-server-card-json,,14,0.2.0-draft,2026-08-04
agentwork.so,1,0,Absent,,fail,fail,fail,fail,skip,skip,skip,fail,fail,,,16,0.2.0-draft,2026-08-04
agenty.im,1,80,Connectable,,pass,fail,pass,fail,pass,pass,fail,pass,fail,mcp-json,legacy,19,0.2.0-draft,2026-08-04
agentzon.xyz,1,80,Connectable,,fail,fail,pass,fail,pass,fail,skip,pass,fail,,legacy,19,0.2.0-draft,2026-08-04
agialpha.com,1,80,Connectable,,fail,fail,pass,fail,pass,fail,skip,pass,fail,,legacy,19,0.2.0-draft,2026-08-04
agile-sprint-mcp.vercel.app,1,0,Absent,,fail,fail,fail,fail,skip,skip,skip,fail,fail,,,27,0.2.0-draft,2026-08-04
agilitycms.com,1,10,Text-only,,fail,fail,fail,fail,skip,skip,skip,pass,fail,,,16,0.2.0-draft,2026-08-04
agishub.com,1,85,Connectable,,fail,fail,pass,fail,pass,pass,pass,fail,fail,,legacy,21,0.2.0-draft,2026-08-04
agkit.cloud,1,0,Absent,,fail,fail,fail,fail,skip,skip,skip,fail,fail,,,24,0.2.0-draft,2026-08-04
agnic.ai,1,10,Text-only,,fail,fail,fail,fail,skip,skip,skip,pass,fail,,,30,0.2.0-draft,2026-08-04
agnigateway.com,1,45,Discoverable,,pass,fail,fail,fail,skip,skip,skip,pass,fail,mcp-json|mcp-server-card-json,,16,0.2.0-draft,2026-08-04
agoclnqfyinwjxdmjnns.supabase.co,1,0,Absent,,fail,fail,fail,fail,skip,skip,skip,fail,fail,,,14,0.2.0-draft,2026-08-04
agora402.fly.dev,1,0,Absent,,error,fail,fail,error,skip,skip,skip,fail,fail,,,3,0.2.0-draft,2026-08-04
agoragentic.com,1,50,Discoverable,,pass,fail,fail,fail,skip,skip,skip,pass,pass,mcp-server-card-json,,15,0.2.0-draft,2026-08-04
agrus.ai,1,10,Text-only,,fail,fail,fail,fail,skip,skip,skip,pass,fail,,,16,0.2.0-draft,2026-08-04
agundur.de,1,95,Agent-ready,,pass,fail,fail,fail,pass,pass,pass,pass,fail,mcp-json,legacy,34,0.2.0-draft,2026-08-04
ahel.io,1,0,Absent,,fail,fail,fail,fail,skip,skip,skip,fail,fail,,,27,0.2.0-draft,2026-08-04
ahmadsl.workers.dev,1,0,Absent,,error,fail,fail,error,skip,skip,skip,fail,fail,,,3,0.2.0-draft,2026-08-04
ai-advisors.ai,1,10,Text-only,,fail,fail,fail,fail,skip,skip,skip,pass,fail,,,25,0.2.0-draft,2026-08-04
ai-akari.ai,1,85,Connectable,,pass,fail,fail,fail,pass,pass,fail,pass,pass,mcp-json|mcp-server-card-json,legacy,18,0.2.0-draft,2026-08-04
ai-automation-operating-pack.vercel.app,1,80,Connectable,,fail,fail,pass,fail,pass,fail,skip,pass,fail,,legacy,32,0.2.0-draft,2026-08-04
ai-elevation.azurewebsites.net,1,0,Absent,,fail,fail,fail,fail,skip,skip,skip,fail,fail,,,14,0.2.0-draft,2026-08-04
ai-erd.com,1,0,Absent,,fail,fail,fail,fail,skip,skip,skip,fail,fail,,,14,0.2.0-draft,2026-08-04
ai-fleet-cards-mcp.vercel.app,1,0,Absent,,fail,fail,fail,fail,skip,skip,skip,fail,fail,,,27,0.2.0-draft,2026-08-04
ai-furniture-hub.onrender.com,1,50,Discoverable,,pass,fail,fail,fail,skip,skip,skip,pass,pass,mcp-server-serra|mcp-json|mcp-server-card-json,,27,0.2.0-draft,2026-08-04
ai-gaoqian.xyz,1,0,Absent,,fail,fail,fail,fail,skip,skip,skip,fail,fail,,,14,0.2.0-draft,2026-08-04
ai-gist.com,1,35,Discoverable,,fail,fail,fail,pass,skip,skip,skip,fail,fail,,,14,0.2.0-draft,2026-08-04
ai-humanizer-mcp.vercel.app,1,0,Absent,,fail,fail,fail,fail,skip,skip,skip,fail,fail,,,27,0.2.0-draft,2026-08-04
ai-know.me,1,70,Connectable,,fail,fail,pass,fail,pass,fail,skip,fail,fail,,modern,31,0.2.0-draft,2026-08-04
ai-law-tracker.com,1,80,Connectable,,pass,fail,pass,fail,pass,fail,skip,pass,fail,server-card-endpoint-relative|mcp-server-card-json,legacy,19,0.2.0-draft,2026-08-04
ai-portal.ai,1,15,Text-only,,fail,fail,fail,fail,skip,skip,skip,pass,pass,,,25,0.2.0-draft,2026-08-04
ai-rete-rag.com,1,35,Discoverable,,pass,fail,fail,fail,fail,skip,skip,fail,fail,mcp-server-card-json,,22,0.2.0-draft,2026-08-04
ai-rook.com,1,15,Text-only,,fail,fail,fail,fail,skip,skip,skip,pass,pass,,,14,0.2.0-draft,2026-08-04
ai-success-story-20f19ed7769b.herokuapp.com,1,0,Absent,,fail,fail,fail,fail,skip,skip,skip,fail,fail,,,38,0.2.0-draft,2026-08-04
ai-summarizer-x402-production.up.railway.app,1,0,Absent,,fail,fail,fail,fail,skip,skip,skip,fail,fail,,,27,0.2.0-draft,2026-08-04
ai-visibility-index.dev,1,85,Connectable,,pass,fail,fail,fail,pass,pass,pass,fail,fail,mcp-json,legacy,38,0.2.0-draft,2026-08-04
ai-visibility-scanner-production.up.railway.app,1,0,Absent,,fail,fail,fail,fail,skip,skip,skip,fail,fail,,,27,0.2.0-draft,2026-08-04
ai-visionary.xyz,1,80,Connectable,,pass,fail,fail,fail,pass,fail,skip,pass,fail,mcp-json,legacy,17,0.2.0-draft,2026-08-04
ai.church,1,0,Absent,,fail,fail,fail,fail,skip,skip,skip,fail,fail,,,17,0.2.0-draft,2026-08-04
ai.moda,1,0,Absent,,fail,fail,fail,fail,skip,skip,skip,fail,fail,,,27,0.2.0-draft,2026-08-04
ai.tv,1,15,Text-only,,fail,fail,fail,fail,skip,skip,skip,pass,pass,,,14,0.2.0-draft,2026-08-04
ai2fin.com,1,15,Text-only,,fail,fail,fail,fail,skip,skip,skip,pass,pass,,,14,0.2.0-draft,2026-08-04
aiaam.xyz,1,0,Absent,,fail,fail,fail,fail,skip,skip,skip,fail,fail,,,14,0.2.0-draft,2026-08-04
aiactradar.com,1,30,Text-only,,fail,fail,pass,fail,fail,skip,skip,pass,fail,,,21,0.2.0-draft,2026-08-04
aiagentsbay.com,1,35,Discoverable,,pass,fail,fail,pass,skip,skip,skip,fail,fail,mcp-json,,14,0.2.0-draft,2026-08-04
aiakiv.com,1,10,Text-only,,fail,fail,fail,fail,skip,skip,skip,pass,fail,,,28,0.2.0-draft,2026-08-04
aiapplyd.com,1,100,Agent-ready,,fail,fail,pass,pass,pass,pass,pass,pass,pass,,legacy,22,0.2.0-draft,2026-08-04
aibooma.com,1,0,Absent,,fail,fail,fail,fail,skip,skip,skip,fail,fail,,,28,0.2.0-draft,2026-08-04
aibvf.com,1,0,Absent,,fail,fail,fail,fail,skip,skip,skip,fail,fail,,,29,0.2.0-draft,2026-08-04
aic0rt3x.dev,1,10,Text-only,,fail,fail,fail,fail,skip,skip,skip,pass,fail,,,36,0.2.0-draft,2026-08-04
aicandidatehub.com,1,5,Text-only,,fail,fail,fail,fail,skip,skip,skip,fail,pass,,,14,0.2.0-draft,2026-08-04
aicatalog.com.ua,1,35,Discoverable,,pass,fail,fail,fail,skip,skip,skip,fail,fail,mcp-server-card-json,,21,0.2.0-draft,2026-08-04
aicomglobal.com,1,80,Connectable,,fail,fail,pass,fail,pass,fail,skip,pass,fail,,legacy,19,0.2.0-draft,2026-08-04
aicomglobal.onrender.com,1,80,Connectable,,fail,fail,pass,fail,pass,fail,skip,pass,fail,,legacy,32,0.2.0-draft,2026-08-04
aicommander.dev,1,50,Discoverable,,fail,fail,fail,pass,skip,skip,skip,pass,pass,,,14,0.2.0-draft,2026-08-04
aiconduit.app,1,15,Text-only,,fail,fail,fail,fail,skip,skip,skip,pass,pass,,,17,0.2.0-draft,2026-08-04
aidatanorge.no,1,75,Connectable,,fail,fail,pass,fail,pass,fail,skip,fail,pass,,legacy,22,0.2.0-draft,2026-08-04
aidc-ai.io,1,10,Text-only,,fail,fail,fail,fail,skip,skip,skip,pass,fail,,,20,0.2.0-draft,2026-08-04
aidelly.ai,1,15,Text-only,,fail,fail,fail,fail,skip,skip,skip,pass,pass,,,28,0.2.0-draft,2026-08-04
aidemos.com,1,100,Agent-ready,,fail,fail,pass,fail,pass,pass,pass,pass,pass,,legacy,21,0.2.0-draft,2026-08-04
aidesignblueprint.com,1,85,Connectable,,pass,fail,fail,pass,pass,fail,skip,pass,pass,mcp-bare|mcp-server-card-json,legacy,18,0.2.0-draft,2026-08-04
aidevboard.com,1,100,Agent-ready,,pass,fail,pass,fail,pass,pass,pass,pass,pass,mcp-json,legacy,19,0.2.0-draft,2026-08-04
aidoos.com,1,100,Agent-ready,,pass,fail,fail,fail,pass,pass,pass,pass,pass,mcp-server-card-json,legacy,26,0.2.0-draft,2026-08-04
aiegis.ie,1,50,Discoverable,,pass,fail,fail,fail,fail,skip,skip,pass,pass,mcp-json,,17,0.2.0-draft,2026-08-04
aient.ai,1,45,Discoverable,,fail,fail,fail,pass,skip,skip,skip,pass,fail,,,16,0.2.0-draft,2026-08-04
aiframework.com.au,1,35,Discoverable,,pass,fail,fail,fail,skip,skip,skip,fail,fail,mcp-bare|mcp-server-card-json,,14,0.2.0-draft,2026-08-04
aigramx.com,1,50,Discoverable,,pass,fail,fail,pass,fail,skip,skip,pass,pass,mcp-server-card-json,,14,0.2.0-draft,2026-08-04
aihomedesign.com,1,0,Absent,,fail,fail,fail,fail,skip,skip,skip,fail,fail,,,17,0.2.0-draft,2026-08-04
aiinfradecoded.com,1,5,Text-only,,fail,fail,fail,fail,skip,skip,skip,fail,pass,,,15,0.2.0-draft,2026-08-04
aiinterviewagents.com,1,0,Absent,,fail,fail,fail,fail,skip,skip,skip,fail,fail,,,27,0.2.0-draft,2026-08-04
aikstockdata.com,1,100,Agent-ready,,fail,fail,pass,fail,pass,pass,pass,pass,pass,,legacy,22,0.2.0-draft,2026-08-04
ailabra.org,1,0,Absent,,error,fail,fail,error,skip,skip,skip,fail,fail,,,3,0.2.0-draft,2026-08-04
aim-journal.com,1,10,Text-only,,skip,fail,fail,skip,skip,skip,skip,pass,fail,,,7,0.2.0-draft,2026-08-04
aimnis.com,1,45,Discoverable,,pass,fail,fail,fail,skip,skip,skip,pass,fail,mcp-server-card-json,,14,0.2.0-draft,2026-08-04
aindex-ai.com,1,0,Absent,,fail,fail,fail,fail,skip,skip,skip,fail,fail,,,15,0.2.0-draft,2026-08-04
aineedhelpfromotherai.com,1,50,Discoverable,,pass,fail,fail,fail,skip,skip,skip,pass,pass,mcp-server-card-json,,13,0.2.0-draft,2026-08-04
ainetcafe.com,1,50,Discoverable,,pass,fail,fail,fail,skip,skip,skip,pass,pass,mcp-json,,16,0.2.0-draft,2026-08-04
ainote.dev,1,0,Absent,,fail,fail,fail,fail,skip,skip,skip,fail,fail,,,15,0.2.0-draft,2026-08-04
ainpcengine.com,1,10,Text-only,,fail,fail,fail,fail,skip,skip,skip,pass,fail,,,16,0.2.0-draft,2026-08-04
ainumbers.co,1,85,Connectable,,pass,fail,pass,fail,pass,fail,skip,pass,pass,mcp-json|mcp-server-card-json,modern,23,0.2.0-draft,2026-08-04
aioniq.ai,1,15,Text-only,,fail,fail,fail,fail,skip,skip,skip,pass,pass,,,18,0.2.0-draft,2026-08-04
aioproductos.com,1,50,Discoverable,,pass,fail,fail,pass,fail,skip,skip,pass,pass,mcp-json,,19,0.2.0-draft,2026-08-04
aipaygen.com,1,0,Absent,,fail,fail,fail,fail,skip,skip,skip,fail,fail,,,17,0.2.0-draft,2026-08-04
aipaygent.xyz,1,0,Absent,,fail,fail,fail,fail,skip,skip,skip,fail,fail,,,17,0.2.0-draft,2026-08-04
aipocketagent.com,1,95,Agent-ready,,fail,fail,pass,fail,pass,pass,pass,pass,fail,,legacy,19,0.2.0-draft,2026-08-04
aiponge.app,1,10,Text-only,,fail,fail,fail,fail,skip,skip,skip,pass,fail,,,14,0.2.0-draft,2026-08-04
aiponge.com,1,75,Connectable,,fail,fail,pass,pass,pass,fail,skip,fail,pass,,modern,21,0.2.0-draft,2026-08-04
aipricinghub.com,1,15,Text-only,,fail,fail,fail,fail,skip,skip,skip,pass,pass,,,14,0.2.0-draft,2026-08-04
aiproductscout.shop,1,50,Discoverable,,pass,fail,fail,fail,skip,skip,skip,pass,pass,mcp-bare,,15,0.2.0-draft,2026-08-04
aiqaramba.com,1,0,Absent,,fail,fail,fail,fail,skip,skip,skip,fail,fail,,,14,0.2.0-draft,2026-08-04
aiqbee.com,1,10,Text-only,,fail,fail,fail,fail,skip,skip,skip,pass,fail,,,17,0.2.0-draft,2026-08-04
airblockfz.com,1,0,Absent,,fail,fail,fail,fail,skip,skip,skip,fail,fail,,,14,0.2.0-draft,2026-08-04
airbyte.ai,1,70,Connectable,,fail,fail,pass,pass,pass,fail,skip,fail,fail,,modern,22,0.2.0-draft,2026-08-04
airdrop-checker-x402-production.up.railway.app,1,0,Absent,,fail,fail,fail,fail,skip,skip,skip,fail,fail,,,27,0.2.0-draft,2026-08-04
airiskmanagement.ca,1,15,Text-only,,fail,fail,fail,fail,skip,skip,skip,pass,pass,,,13,0.2.0-draft,2026-08-04
airpipe.io,1,80,Connectable,,fail,fail,pass,fail,pass,pass,fail,pass,fail,,legacy,21,0.2.0-draft,2026-08-04
airport-pickups-london.com,1,85,Connectable,,pass,fail,pass,pass,pass,fail,skip,pass,pass,mcp-json,modern,34,0.2.0-draft,2026-08-04
airport-transit-mcp.fly.dev,1,0,Absent,,error,fail,fail,error,skip,skip,skip,fail,fail,,,3,0.2.0-draft,2026-08-04
airroi.com,1,80,Connectable,,fail,fail,pass,fail,pass,fail,skip,pass,fail,,modern,21,0.2.0-draft,2026-08-04
airshelf.ai,1,70,Connectable,,fail,fail,pass,fail,pass,fail,skip,fail,fail,,legacy,23,0.2.0-draft,2026-08-04
airtable.com,1,70,Connectable,,pass,fail,pass,pass,pass,fail,skip,fail,fail,ai-catalog,modern,21,0.2.0-draft,2026-08-04
airtreks.com,1,15,Text-only,,fail,fail,fail,fail,skip,skip,skip,pass,pass,,,18,0.2.0-draft,2026-08-04
airweave.ai,1,0,Absent,,fail,fail,fail,fail,skip,skip,skip,fail,fail,,,17,0.2.0-draft,2026-08-04
airy-enthusiasm-production.up.railway.app,1,95,Agent-ready,,fail,fail,pass,fail,pass,pass,pass,pass,fail,,legacy,32,0.2.0-draft,2026-08-04
aisecuritygateway.ai,1,0,Absent,,fail,fail,fail,fail,skip,skip,skip,fail,fail,,,14,0.2.0-draft,2026-08-04
aiservices.to,1,35,Discoverable,,error,pass,fail,error,skip,skip,skip,fail,fail,,,43,0.2.0-draft,2026-08-04
aiskillstore.io,1,50,Discoverable,,pass,fail,fail,fail,fail,skip,skip,pass,pass,mcp-json|mcp-server-card-json,,16,0.2.0-draft,2026-08-04
aisotools.com,1,15,Text-only,,fail,fail,fail,fail,skip,skip,skip,pass,pass,,,16,0.2.0-draft,2026-08-04
aistackscore.com,1,80,Connectable,,pass,fail,fail,fail,pass,fail,skip,pass,fail,mcp-bare,legacy,18,0.2.0-draft,2026-08-04
aistatusdashboard.com,1,0,Absent,,fail,fail,fail,fail,skip,skip,skip,fail,fail,,,14,0.2.0-draft,2026-08-04
aitrailblazer.net,1,0,Absent,,fail,fail,fail,fail,skip,skip,skip,fail,fail,,,17,0.2.0-draft,2026-08-04
aitrips.io,1,0,Absent,,fail,fail,fail,fail,skip,skip,skip,fail,fail,,,25,0.2.0-draft,2026-08-04
aitwire.com,1,15,Text-only,,fail,fail,fail,fail,skip,skip,skip,pass,pass,,,17,0.2.0-draft,2026-08-04
aiven.io,1,10,Text-only,,fail,fail,fail,fail,skip,skip,skip,pass,fail,,,17,0.2.0-draft,2026-08-04
aiven.live,1,70,Connectable,,fail,fail,pass,pass,pass,fail,skip,fail,fail,,modern,10,0.2.0-draft,2026-08-04
ajwallacemusic.workers.dev,1,0,Absent,,error,fail,fail,error,skip,skip,skip,fail,fail,,,6,0.2.0-draft,2026-08-04
akeda.ru,1,15,Text-only,,fail,fail,fail,fail,skip,skip,skip,pass,pass,,,14,0.2.0-draft,2026-08-04
akkilahdot.fi,1,95,Agent-ready,,fail,fail,pass,fail,pass,pass,pass,pass,fail,,legacy,30,0.2.0-draft,2026-08-04
ako-labs.workers.dev,1,0,Absent,,error,fail,fail,error,skip,skip,skip,fail,fail,,,6,0.2.0-draft,2026-08-04
akta.pro,1,85,Connectable,,fail,fail,pass,pass,pass,fail,skip,pass,pass,,modern,22,0.2.0-draft,2026-08-04
akuity.io,1,10,Text-only,,fail,fail,fail,fail,skip,skip,skip,pass,fail,,,14,0.2.0-draft,2026-08-04
al.ink,1,80,Connectable,,fail,fail,pass,pass,pass,fail,skip,pass,fail,,modern,20,0.2.0-draft,2026-08-04
alamavar.com,1,0,Absent,,error,fail,fail,error,skip,skip,skip,fail,fail,,,3,0.2.0-draft,2026-08-04
alaskajobs.org,1,10,Text-only,,fail,fail,fail,fail,skip,skip,skip,pass,fail,,,14,0.2.0-draft,2026-08-04
alchemy.com,1,10,Text-only,,fail,fail,fail,fail,skip,skip,skip,pass,fail,,,28,0.2.0-draft,2026-08-04
alchemylab.sh,1,0,Absent,,error,fail,fail,error,skip,skip,skip,fail,fail,,,3,0.2.0-draft,2026-08-04
aldc.io,1,10,Text-only,,fail,fail,fail,fail,skip,skip,skip,pass,fail,,,28,0.2.0-draft,2026-08-04
alderflux.com,1,0,Absent,,fail,fail,fail,fail,skip,skip,skip,fail,fail,,,14,0.2.0-draft,2026-08-04
aleeth.com,1,5,Text-only,,fail,fail,fail,fail,skip,skip,skip,fail,pass,,,16,0.2.0-draft,2026-08-04
alejandroarnaud.dev,1,0,Absent,,error,fail,fail,error,skip,skip,skip,fail,fail,,,38,0.2.0-draft,2026-08-04
alexbell1-hipocampo-mcp.hf.space,1,0,Absent,,fail,fail,fail,fail,skip,skip,skip,fail,fail,,,27,0.2.0-draft,2026-08-04
algenta.ai,1,15,Text-only,,fail,fail,fail,fail,skip,skip,skip,pass,pass,,,15,0.2.0-draft,2026-08-04
algeriacertify.com,1,50,Discoverable,,pass,fail,fail,fail,skip,skip,skip,pass,pass,mcp-json,,14,0.2.0-draft,2026-08-04
algolia.com,1,10,Text-only,,fail,fail,fail,fail,skip,skip,skip,pass,fail,,,29,0.2.0-draft,2026-08-04
algovault.com,1,85,Connectable,,fail,fail,pass,fail,pass,fail,skip,pass,pass,,legacy,15,0.2.0-draft,2026-08-04
algovesta.com,1,15,Text-only,,fail,fail,fail,fail,skip,skip,skip,pass,pass,,,15,0.2.0-draft,2026-08-04
alice.co.il,1,20,Text-only,,fail,fail,pass,fail,fail,skip,skip,fail,fail,,,26,0.2.0-draft,2026-08-04
aliceapp.ai,1,10,Text-only,,fail,fail,fail,fail,skip,skip,skip,pass,fail,,,15,0.2.0-draft,2026-08-04
aliengiraffe.ai,1,0,Absent,,fail,fail,fail,fail,skip,skip,skip,fail,fail,,,14,0.2.0-draft,2026-08-04
alleskralle.com,1,70,Connectable,,fail,fail,pass,fail,pass,fail,skip,fail,fail,,legacy,35,0.2.0-draft,2026-08-04
allflyghts.com,1,0,Absent,,fail,fail,fail,fail,skip,skip,skip,fail,fail,,,35,0.2.0-draft,2026-08-04
allgoodinsp.com,1,10,Text-only,,fail,fail,fail,fail,skip,skip,skip,pass,fail,,,16,0.2.0-draft,2026-08-04
alloc-context.com,1,0,Absent,,error,fail,fail,error,skip,skip,skip,fail,fail,,,3,0.2.0-draft,2026-08-04
allourthings.io,1,50,Discoverable,,pass,fail,fail,fail,skip,skip,skip,pass,pass,mcp-bare,,14,0.2.0-draft,2026-08-04
allover.art,1,100,Agent-ready,,pass,fail,pass,pass,pass,pass,pass,pass,pass,mcp-json,legacy,19,0.2.0-draft,2026-08-04
alloy.cx,1,10,Text-only,,fail,fail,fail,fail,skip,skip,skip,pass,fail,,,15,0.2.0-draft,2026-08-04
allpdfmagic.com,1,100,Agent-ready,,fail,fail,pass,fail,pass,pass,pass,pass,pass,,legacy,26,0.2.0-draft,2026-08-04
allstacks.com,1,0,Absent,,fail,fail,fail,fail,skip,skip,skip,fail,fail,,,21,0.2.0-draft,2026-08-04
almanac.ar,1,0,Absent,,fail,fail,fail,fail,skip,skip,skip,fail,fail,,,17,0.2.0-draft,2026-08-04
almured.com,1,35,Discoverable,,pass,fail,fail,fail,skip,skip,skip,fail,fail,mcp-server-card-json,,14,0.2.0-draft,2026-08-04
almxpp.com,1,0,Absent,,fail,fail,fail,fail,skip,skip,skip,fail,fail,,,15,0.2.0-draft,2026-08-04
alokbarnwal.com,1,15,Text-only,,fail,fail,fail,fail,skip,skip,skip,pass,pass,,,16,0.2.0-draft,2026-08-04
aloudable.com,1,15,Text-only,,fail,fail,fail,fail,skip,skip,skip,pass,pass,,,14,0.2.0-draft,2026-08-04
alpaca-cloud.com,1,15,Text-only,,fail,fail,fail,fail,skip,skip,skip,pass,pass,,,20,0.2.0-draft,2026-08-04
alpha-systems.net,1,95,Agent-ready,,fail,fail,pass,fail,pass,pass,pass,pass,fail,,legacy,19,0.2.0-draft,2026-08-04
alpha402x.com,1,90,Agent-ready,,fail,fail,pass,fail,pass,pass,pass,fail,pass,,legacy,19,0.2.0-draft,2026-08-04
alphaassay.com,1,50,Discoverable,,pass,fail,fail,fail,skip,skip,skip,pass,pass,mcp-server-card-json,,17,0.2.0-draft,2026-08-04
alphacreek.ai,1,0,Absent,,fail,fail,fail,fail,skip,skip,skip,fail,fail,,,29,0.2.0-draft,2026-08-04
alphai.io,1,30,Text-only,,fail,fail,pass,fail,fail,skip,skip,pass,fail,,,21,0.2.0-draft,2026-08-04
alphasophia.com,1,10,Text-only,,fail,fail,fail,fail,skip,skip,skip,pass,fail,,,28,0.2.0-draft,2026-08-04
alphavantage.co,1,0,Absent,,fail,fail,fail,fail,skip,skip,skip,fail,fail,,,34,0.2.0-draft,2026-08-04
alpic.ai,1,15,Text-only,,fail,fail,fail,fail,skip,skip,skip,pass,pass,,,15,0.2.0-draft,2026-08-04
alpic.live,1,0,Absent,,fail,fail,fail,fail,skip,skip,skip,fail,fail,,,14,0.2.0-draft,2026-08-04
alpinedataworks.com,1,95,Agent-ready,,pass,fail,fail,fail,pass,pass,pass,pass,fail,mcp-json,modern,21,0.2.0-draft,2026-08-04
alterlab.io,1,15,Text-only,,fail,fail,fail,fail,skip,skip,skip,pass,pass,,,18,0.2.0-draft,2026-08-04
altesim.com,1,100,Agent-ready,,fail,fail,pass,fail,pass,pass,pass,pass,pass,,legacy,28,0.2.0-draft,2026-08-04
altmetric.com,1,75,Connectable,,fail,fail,pass,pass,pass,fail,skip,fail,pass,,modern,39,0.2.0-draft,2026-08-04
altoviz.com,1,0,Absent,,fail,fail,fail,fail,skip,skip,skip,fail,fail,,,17,0.2.0-draft,2026-08-04
am-lich.com,1,70,Connectable,,pass,fail,fail,fail,pass,fail,skip,fail,fail,mcp-json|mcp-bare|mcp-server-card-json,legacy,31,0.2.0-draft,2026-08-04
am-server-jbneh74b5q-uc.a.run.app,1,0,Absent,,fail,fail,fail,fail,skip,skip,skip,fail,fail,,,27,0.2.0-draft,2026-08-04
amalgix.io,1,50,Discoverable,,pass,fail,fail,fail,skip,skip,skip,pass,pass,mcp-json|mcp-server-card-json,,13,0.2.0-draft,2026-08-04
amazon.com,1,5,Text-only,,fail,fail,fail,fail,skip,skip,skip,fail,pass,,,28,0.2.0-draft,2026-08-04
ambermem.com,1,45,Discoverable,,fail,fail,fail,pass,skip,skip,skip,pass,fail,,,17,0.2.0-draft,2026-08-04
ambiscribe.io,1,15,Text-only,,fail,fail,fail,fail,skip,skip,skip,pass,pass,,,16,0.2.0-draft,2026-08-04
ambix.ai,1,0,Absent,,fail,fail,fail,fail,skip,skip,skip,fail,fail,,,17,0.2.0-draft,2026-08-04
amendor.site,1,10,Text-only,,fail,fail,fail,fail,skip,skip,skip,pass,fail,,,13,0.2.0-draft,2026-08-04
americandefault.org,1,15,Text-only,,fail,fail,fail,fail,skip,skip,skip,pass,pass,,,15,0.2.0-draft,2026-08-04
amplitude.com,1,15,Text-only,,fail,fail,fail,fail,skip,skip,skip,pass,pass,,,18,0.2.0-draft,2026-08-04
amr-dbe.workers.dev,1,0,Absent,,error,fail,fail,error,skip,skip,skip,fail,fail,,,6,0.2.0-draft,2026-08-04
amzscout.net,1,0,Absent,,fail,fail,fail,fail,skip,skip,skip,fail,fail,,,12,0.2.0-draft,2026-08-04
anakin.io,1,15,Text-only,,fail,fail,fail,fail,skip,skip,skip,pass,pass,,,17,0.2.0-draft,2026-08-04
anakior.app,1,0,Absent,,error,fail,fail,error,skip,skip,skip,fail,fail,,,3,0.2.0-draft,2026-08-04
analook.com,1,15,Text-only,,fail,fail,fail,fail,skip,skip,skip,pass,pass,,,25,0.2.0-draft,2026-08-04
analyticlabs.io,1,10,Text-only,,fail,fail,fail,fail,skip,skip,skip,pass,fail,,,27,0.2.0-draft,2026-08-04
analyticslegends.ai,1,100,Agent-ready,,pass,fail,pass,fail,pass,pass,pass,pass,pass,mcp-json,modern,18,0.2.0-draft,2026-08-04
anamneseai.app,1,15,Text-only,,skip,fail,fail,skip,skip,skip,skip,pass,pass,,,7,0.2.0-draft,2026-08-04
anaxer.com,1,15,Text-only,,fail,fail,fail,fail,skip,skip,skip,pass,pass,,,15,0.2.0-draft,2026-08-04
anchor-x402.com,1,100,Agent-ready,,fail,fail,pass,fail,pass,pass,pass,pass,pass,,modern,20,0.2.0-draft,2026-08-04
anchord.ai,1,10,Text-only,,fail,fail,fail,fail,skip,skip,skip,pass,fail,,,30,0.2.0-draft,2026-08-04
anchoredip.com,1,10,Text-only,,fail,fail,fail,fail,skip,skip,skip,pass,fail,,,14,0.2.0-draft,2026-08-04
anchorregistry.ai,1,15,Text-only,,fail,fail,fail,fail,skip,skip,skip,pass,pass,,,17,0.2.0-draft,2026-08-04
andre.vote,1,5,Text-only,,fail,fail,fail,fail,skip,skip,skip,fail,pass,,,15,0.2.0-draft,2026-08-04
andrii.net,1,45,Discoverable,,pass,fail,fail,skip,fail,skip,skip,pass,fail,mcp-json|mcp-bare|mcp-server-card-json,,9,0.2.0-draft,2026-08-04
androidmanagement.googleapis.com,1,70,Connectable,,fail,fail,pass,pass,pass,fail,skip,fail,fail,,legacy,32,0.2.0-draft,2026-08-04
anglero.com,1,85,Connectable,,pass,fail,pass,fail,pass,fail,skip,pass,pass,ai-catalog|mcp-json|mcp-server-card-json,legacy,20,0.2.0-draft,2026-08-04
animaapp.com,1,10,Text-only,,fail,fail,fail,fail,skip,skip,skip,pass,fail,,,28,0.2.0-draft,2026-08-04
animam.ai,1,85,Connectable,,pass,fail,pass,pass,pass,fail,skip,pass,pass,mcp-json|mcp-server-card-json,modern,22,0.2.0-draft,2026-08-04
animica.org,1,10,Text-only,,fail,fail,fail,fail,skip,skip,skip,pass,fail,,,15,0.2.0-draft,2026-08-04
anishdasmail.workers.dev,1,0,Absent,,error,fail,fail,error,skip,skip,skip,fail,fail,,,6,0.2.0-draft,2026-08-04
ankimcp.ai,1,5,Text-only,,fail,fail,fail,fail,skip,skip,skip,fail,pass,,,12,0.2.0-draft,2026-08-04
annotated-lot-operational-tourism.trycloudflare.com,1,0,Absent,,error,fail,fail,error,skip,skip,skip,fail,fail,,,3,0.2.0-draft,2026-08-04
anomalyarmor.ai,1,85,Connectable,,pass,fail,pass,pass,pass,fail,skip,pass,pass,mcp-server-card-json,modern,31,0.2.0-draft,2026-08-04
anotepad.com,1,80,Connectable,,fail,fail,pass,pass,pass,fail,skip,pass,fail,,modern,20,0.2.0-draft,2026-08-04
anotherai.dev,1,0,Absent,,fail,fail,fail,fail,skip,skip,skip,fail,fail,,,21,0.2.0-draft,2026-08-04
anots.com,1,100,Agent-ready,,pass,fail,fail,fail,pass,pass,pass,pass,pass,ai-catalog|mcp-server-serra|mcp-json|mcp-bare|mcp-server-card-json,legacy,19,0.2.0-draft,2026-08-04
anteoshealth.com,1,50,Discoverable,,pass,fail,fail,pass,skip,skip,skip,pass,pass,mcp-server-card-json,,13,0.2.0-draft,2026-08-04
anteroom.so,1,85,Connectable,,fail,fail,pass,fail,pass,fail,skip,pass,pass,,legacy,21,0.2.0-draft,2026-08-04
anthropic.com,1,0,Absent,,fail,fail,fail,fail,skip,skip,skip,fail,fail,,,28,0.2.0-draft,2026-08-04
antrieb.sh,1,40,Discoverable,,fail,fail,fail,pass,skip,skip,skip,fail,pass,,,16,0.2.0-draft,2026-08-04
antwork.io,1,80,Connectable,,fail,fail,pass,pass,pass,fail,skip,pass,fail,,modern,19,0.2.0-draft,2026-08-04
anybrowse.dev,1,100,Agent-ready,,fail,fail,pass,fail,pass,pass,pass,pass,pass,,legacy,19,0.2.0-draft,2026-08-04
anygas.xyz,1,45,Discoverable,,pass,fail,fail,fail,fail,skip,skip,pass,fail,mcp-json,,13,0.2.0-draft,2026-08-04
anyhook.net,1,80,Connectable,,fail,fail,pass,fail,pass,fail,skip,pass,fail,,legacy,18,0.2.0-draft,2026-08-04
anymailmcp.com,1,10,Text-only,,fail,fail,fail,fail,skip,skip,skip,pass,fail,,,13,0.2.0-draft,2026-08-04
anythingmcp.com,1,15,Text-only,,fail,fail,fail,fail,skip,skip,skip,pass,pass,,,27,0.2.0-draft,2026-08-04
anythink.cloud,1,15,Text-only,,fail,fail,fail,fail,skip,skip,skip,pass,pass,,,13,0.2.0-draft,2026-08-04
anzenna.ai,1,15,Text-only,,fail,fail,fail,fail,skip,skip,skip,pass,pass,,,30,0.2.0-draft,2026-08-04
aoexl.com,1,5,Text-only,,fail,fail,fail,fail,skip,skip,skip,fail,pass,,,16,0.2.0-draft,2026-08-04
apaleo.com,1,0,Absent,,fail,fail,fail,fail,skip,skip,skip,fail,fail,,,15,0.2.0-draft,2026-08-04
apdf.io,1,45,Discoverable,,pass,fail,fail,pass,skip,skip,skip,pass,fail,mcp-server-card-json,,14,0.2.0-draft,2026-08-04
apertura-ai.de,1,5,Text-only,,fail,fail,fail,fail,skip,skip,skip,fail,pass,,,19,0.2.0-draft,2026-08-04
apex.new,1,100,Agent-ready,,fail,fail,pass,fail,pass,pass,pass,pass,pass,,legacy,37,0.2.0-draft,2026-08-04
apg.workers.dev,1,0,Absent,,error,fail,fail,error,skip,skip,skip,fail,fail,,,6,0.2.0-draft,2026-08-04
api-kjijorqedq-uc.a.run.app,1,0,Absent,,fail,fail,fail,fail,skip,skip,skip,fail,fail,,,27,0.2.0-draft,2026-08-04
api-production-bc748.up.railway.app,1,10,Text-only,,fail,fail,fail,fail,skip,skip,skip,pass,fail,,,27,0.2.0-draft,2026-08-04
api.aws,1,0,Absent,,error,fail,fail,error,skip,skip,skip,fail,fail,,,3,0.2.0-draft,2026-08-04
apibase.pro,1,85,Connectable,,pass,fail,fail,pass,pass,fail,skip,pass,pass,mcp-json,legacy,19,0.2.0-draft,2026-08-04
apideck.com,1,50,Discoverable,,pass,fail,fail,pass,skip,skip,skip,pass,pass,mcp-json|mcp-server-card-json,,34,0.2.0-draft,2026-08-04
apideck.dev,1,0,Absent,,fail,fail,fail,fail,skip,skip,skip,fail,fail,,,15,0.2.0-draft,2026-08-04
apier.no,1,50,Discoverable,,pass,fail,fail,fail,skip,skip,skip,pass,pass,mcp-json,,25,0.2.0-draft,2026-08-04
apievangelist.com,1,85,Connectable,,pass,fail,pass,fail,pass,pass,fail,pass,pass,mcp-json|mcp-server-card-json,legacy,22,0.2.0-draft,2026-08-04
apiforchads.com,1,5,Text-only,,fail,fail,fail,fail,skip,skip,skip,fail,pass,,,17,0.2.0-draft,2026-08-04
apify.com,1,45,Discoverable,,pass,fail,fail,pass,skip,skip,skip,pass,fail,mcp-server-card-json,,18,0.2.0-draft,2026-08-04
apihub.io,1,95,Agent-ready,,pass,fail,fail,fail,pass,pass,pass,pass,fail,mcp-json,legacy,21,0.2.0-draft,2026-08-04
apiiro.com,1,50,Discoverable,,fail,pass,fail,fail,skip,skip,skip,pass,pass,,,18,0.2.0-draft,2026-08-04
apiosk.com,1,50,Discoverable,,pass,fail,fail,fail,skip,skip,skip,pass,pass,mcp-bare,,15,0.2.0-draft,2026-08-04
apis.io,1,80,Connectable,,pass,fail,pass,fail,pass,pass,fail,pass,fail,mcp-server-card-json,legacy,23,0.2.0-draft,2026-08-04
apiscreenshot.com,1,0,Absent,,skip,fail,fail,skip,skip,skip,skip,skip,fail,,,3,0.2.0-draft,2026-08-04
apisecurityscan.net,1,0,Absent,,error,fail,fail,error,skip,skip,skip,fail,fail,,,51,0.2.0-draft,2026-08-04
apistatuscheck.com,1,85,Connectable,,fail,fail,pass,fail,pass,fail,skip,pass,pass,,legacy,19,0.2.0-draft,2026-08-04
apithreshold.ai,1,0,Absent,,fail,fail,fail,fail,skip,skip,skip,fail,fail,,,14,0.2.0-draft,2026-08-04
apiverve.com,1,10,Text-only,,fail,fail,fail,fail,skip,skip,skip,pass,fail,,,15,0.2.0-draft,2026-08-04
apogeoapi.com,1,0,Absent,,fail,fail,fail,fail,skip,skip,skip,fail,fail,,,15,0.2.0-draft,2026-08-04
apollo.io,1,85,Connectable,,fail,fail,pass,pass,pass,fail,skip,pass,pass,,modern,35,0.2.0-draft,2026-08-04
apolloai.team,1,0,Absent,,error,fail,fail,error,skip,skip,skip,fail,fail,,,3,0.2.0-draft,2026-08-04
apollographql.com,1,80,Connectable,,pass,fail,pass,fail,pass,pass,fail,pass,fail,mcp-server-card-json,legacy,35,0.2.0-draft,2026-08-04
app-dex.com,1,15,Text-only,,fail,fail,fail,fail,skip,skip,skip,pass,pass,,,15,0.2.0-draft,2026-08-04
app-store-builder-mcp.vercel.app,1,0,Absent,,fail,fail,fail,fail,skip,skip,skip,fail,fail,,,27,0.2.0-draft,2026-08-04
appcircle.io,1,10,Text-only,,fail,fail,fail,fail,skip,skip,skip,pass,fail,,,17,0.2.0-draft,2026-08-04
appcontazz.com,1,50,Discoverable,,pass,fail,fail,fail,skip,skip,skip,pass,pass,mcp-json|mcp-server-card-json,,15,0.2.0-draft,2026-08-04
appcontext.dev,1,5,Text-only,,fail,fail,fail,fail,skip,skip,skip,fail,pass,,,14,0.2.0-draft,2026-08-04
appdeploy.ai,1,10,Text-only,,fail,fail,fail,fail,skip,skip,skip,pass,fail,,,15,0.2.0-draft,2026-08-04
appendix.com,1,15,Text-only,,fail,fail,fail,fail,skip,skip,skip,pass,pass,,,17,0.2.0-draft,2026-08-04
appfigures.com,1,5,Text-only,,fail,fail,fail,fail,skip,skip,skip,fail,pass,,,15,0.2.0-draft,2026-08-04
appgenie.com.au,1,5,Text-only,,fail,fail,fail,fail,skip,skip,skip,fail,pass,,,14,0.2.0-draft,2026-08-04
appgoblin.info,1,70,Connectable,,pass,fail,fail,fail,pass,fail,skip,fail,fail,mcp-json|mcp-server-card-json,modern,17,0.2.0-draft,2026-08-04
apphandoff.com,1,15,Text-only,,fail,fail,fail,fail,skip,skip,skip,pass,pass,,,15,0.2.0-draft,2026-08-04
applayer.io,1,10,Text-only,,fail,fail,fail,fail,skip,skip,skip,pass,fail,,,17,0.2.0-draft,2026-08-04
apple-rag.com,1,95,Agent-ready,,fail,fail,pass,fail,pass,pass,pass,pass,fail,,modern,19,0.2.0-draft,2026-08-04
appleadsmcp.com,1,50,Discoverable,,fail,fail,fail,pass,skip,skip,skip,pass,pass,,,16,0.2.0-draft,2026-08-04
applivery.com,1,10,Text-only,,fail,fail,fail,fail,skip,skip,skip,pass,fail,,,27,0.2.0-draft,2026-08-04
approval.studio,1,15,Text-only,,fail,fail,fail,fail,skip,skip,skip,pass,pass,,,26,0.2.0-draft,2026-08-04
appscripthub.com,1,10,Text-only,,fail,fail,fail,fail,skip,skip,skip,pass,fail,,,16,0.2.0-draft,2026-08-04
appsflyer.com,1,0,Absent,,fail,fail,fail,fail,skip,skip,skip,fail,fail,,,30,0.2.0-draft,2026-08-04
appskyline.com,1,10,Text-only,,fail,fail,fail,fail,skip,skip,skip,pass,fail,,,30,0.2.0-draft,2026-08-04
appwrite.io,1,10,Text-only,,fail,fail,fail,fail,skip,skip,skip,pass,fail,,,16,0.2.0-draft,2026-08-04
apuchat.com,1,95,Agent-ready,,pass,fail,pass,fail,pass,pass,pass,pass,fail,mcp-json,legacy,31,0.2.0-draft,2026-08-04
aquaview.org,1,0,Absent,,fail,fail,fail,fail,skip,skip,skip,fail,fail,,,15,0.2.0-draft,2026-08-04
arc-flash-platform.onrender.com,1,0,Absent,,fail,fail,fail,fail,skip,skip,skip,fail,fail,,,27,0.2.0-draft,2026-08-04
arca.build,1,0,Absent,,fail,fail,fail,fail,skip,skip,skip,fail,fail,,,20,0.2.0-draft,2026-08-04
arcade.dev,1,15,Text-only,,fail,fail,fail,fail,skip,skip,skip,pass,pass,,,28,0.2.0-draft,2026-08-04
arcadedb.com,1,10,Text-only,,fail,fail,fail,fail,skip,skip,skip,pass,fail,,,14,0.2.0-draft,2026-08-04
arcadia.finance,1,85,Connectable,,pass,fail,fail,fail,pass,fail,skip,pass,pass,mcp-server-card-json,legacy,24,0.2.0-draft,2026-08-04
arcagent.dev,1,0,Absent,,fail,fail,fail,fail,skip,skip,skip,fail,fail,,,28,0.2.0-draft,2026-08-04
arcandledger.com,1,100,Agent-ready,,fail,fail,pass,fail,pass,pass,pass,pass,pass,,legacy,36,0.2.0-draft,2026-08-04
arcaneforecasting.com,1,90,Agent-ready,,fail,fail,pass,fail,pass,pass,pass,fail,pass,,legacy,22,0.2.0-draft,2026-08-04
arcanum-plus.com,1,0,Absent,,error,fail,fail,error,skip,skip,skip,fail,fail,,,3,0.2.0-draft,2026-08-04
arcasos.com,1,75,Connectable,,pass,fail,fail,fail,pass,fail,skip,fail,pass,mcp-json,legacy,20,0.2.0-draft,2026-08-04
arcat.com,1,5,Text-only,,fail,fail,fail,fail,skip,skip,skip,fail,pass,,,27,0.2.0-draft,2026-08-04
arch-tools-mcp.onrender.com,1,35,Discoverable,,pass,fail,fail,fail,skip,skip,skip,fail,fail,mcp-server-card-json,,27,0.2.0-draft,2026-08-04
archerionlabs.com,1,0,Absent,,fail,fail,fail,fail,skip,skip,skip,fail,fail,,,13,0.2.0-draft,2026-08-04
archgraph.dev,1,0,Absent,,fail,fail,fail,fail,skip,skip,skip,fail,fail,,,19,0.2.0-draft,2026-08-04
archimedes.market,1,40,Discoverable,,pass,fail,fail,fail,skip,skip,skip,fail,pass,mcp-json,,14,0.2.0-draft,2026-08-04
architecture-dna-mcp.vercel.app,1,0,Absent,,fail,fail,fail,fail,skip,skip,skip,fail,fail,,,27,0.2.0-draft,2026-08-04
archtools.dev,1,45,Discoverable,,pass,fail,fail,pass,skip,skip,skip,pass,fail,mcp-json|mcp-server-card-json,,14,0.2.0-draft,2026-08-04
arcjet.com,1,80,Connectable,,pass,fail,fail,pass,pass,fail,skip,pass,fail,mcp-server-card-json,modern,23,0.2.0-draft,2026-08-04
arclan.ai,1,95,Agent-ready,,pass,fail,fail,fail,pass,pass,pass,pass,fail,mcp-json|mcp-server-card-json,legacy,21,0.2.0-draft,2026-08-04
arcology-mcp.fly.dev,1,0,Absent,,fail,fail,fail,fail,skip,skip,skip,fail,fail,,,14,0.2.0-draft,2026-08-04
arcself.com,1,0,Absent,,error,fail,fail,error,skip,skip,skip,fail,fail,,,26,0.2.0-draft,2026-08-04
arctura-reef-mcp.fly.dev,1,70,Connectable,,fail,fail,pass,fail,pass,fail,skip,fail,fail,,modern,19,0.2.0-draft,2026-08-04
argo.games,1,45,Discoverable,,fail,fail,fail,pass,skip,skip,skip,pass,fail,,,17,0.2.0-draft,2026-08-04
argosvix.com,1,10,Text-only,,fail,fail,fail,fail,skip,skip,skip,pass,fail,,,14,0.2.0-draft,2026-08-04
argushq.ai,1,15,Text-only,,fail,fail,fail,fail,skip,skip,skip,pass,pass,,,16,0.2.0-draft,2026-08-04
aribadernatal.com,1,10,Text-only,,fail,fail,fail,fail,skip,skip,skip,pass,fail,,,14,0.2.0-draft,2026-08-04
arif-fazil.com,1,85,Connectable,,pass,fail,pass,pass,pass,pass,fail,pass,pass,mcp-json,legacy,22,0.2.0-draft,2026-08-04
aristocles.com.au,1,15,Text-only,,fail,fail,fail,fail,skip,skip,skip,pass,pass,,,27,0.2.0-draft,2026-08-04
arithym.xyz,1,35,Discoverable,,pass,fail,fail,pass,skip,skip,skip,fail,fail,mcp-server-card-json,,14,0.2.0-draft,2026-08-04
arkforge.fr,1,0,Absent,,fail,fail,fail,fail,skip,skip,skip,fail,fail,,,16,0.2.0-draft,2026-08-04
arkforge.tech,1,0,Absent,,fail,fail,fail,fail,skip,skip,skip,fail,fail,,,16,0.2.0-draft,2026-08-04
arkolith.com,1,50,Discoverable,,pass,fail,fail,pass,fail,skip,skip,pass,pass,mcp-json,,15,0.2.0-draft,2026-08-04
arkoncybersecurity.com,1,0,Absent,,fail,fail,fail,fail,skip,skip,skip,fail,fail,,,14,0.2.0-draft,2026-08-04
arkova.ai,1,50,Discoverable,,pass,fail,fail,pass,skip,skip,skip,pass,pass,mcp-server-card-json,,15,0.2.0-draft,2026-08-04
arlet.dev,1,0,Absent,,fail,fail,fail,fail,skip,skip,skip,fail,fail,,,32,0.2.0-draft,2026-08-04
arpi.ai,1,0,Absent,,fail,fail,fail,fail,skip,skip,skip,fail,fail,,,29,0.2.0-draft,2026-08-04
arrakis.house,1,0,Absent,,error,fail,fail,error,skip,skip,skip,fail,fail,,,30,0.2.0-draft,2026-08-04
ars.is,1,0,Absent,,error,fail,fail,error,skip,skip,skip,fail,fail,,,3,0.2.0-draft,2026-08-04
arsenal-quant.com,1,35,Discoverable,,error,pass,fail,error,skip,skip,skip,fail,fail,,,4,0.2.0-draft,2026-08-04
artblocks.io,1,10,Text-only,,fail,fail,fail,fail,skip,skip,skip,pass,fail,,,30,0.2.0-draft,2026-08-04
artidrop.ai,1,80,Connectable,,pass,fail,fail,pass,pass,fail,skip,pass,fail,mcp-json,legacy,21,0.2.0-draft,2026-08-04
artifacta.io,1,80,Connectable,,fail,fail,pass,pass,pass,fail,skip,pass,fail,,modern,21,0.2.0-draft,2026-08-04
artifactos.studio,1,70,Connectable,,fail,fail,pass,fail,pass,fail,skip,fail,fail,,modern,18,0.2.0-draft,2026-08-04
artificialwit.com,1,10,Text-only,,fail,fail,fail,fail,skip,skip,skip,pass,fail,,,37,0.2.0-draft,2026-08-04
artifyde.com,1,0,Absent,,fail,fail,fail,fail,skip,skip,skip,fail,fail,,,17,0.2.0-draft,2026-08-04
arvi.ch,1,95,Agent-ready,,pass,fail,pass,fail,pass,pass,pass,pass,fail,mcp-server-serra|mcp-json|mcp-bare|mcp-server-card-json,legacy,31,0.2.0-draft,2026-08-04
arzbin.com,1,10,Text-only,,fail,fail,fail,fail,skip,skip,skip,pass,fail,,,25,0.2.0-draft,2026-08-04
asalsold.com,1,5,Text-only,,fail,fail,fail,fail,skip,skip,skip,fail,pass,,,14,0.2.0-draft,2026-08-04
asalvocreative.com,1,0,Absent,,fail,fail,fail,fail,skip,skip,skip,fail,fail,,,17,0.2.0-draft,2026-08-04
asap.cool,1,50,Discoverable,,pass,fail,fail,pass,skip,skip,skip,pass,pass,mcp-server-card-json,,18,0.2.0-draft,2026-08-04
ascendgtm.net,1,50,Discoverable,,pass,fail,fail,fail,skip,skip,skip,pass,pass,mcp-server-card-json,,15,0.2.0-draft,2026-08-04
ascendgtm.workers.dev,1,0,Absent,,error,fail,fail,error,skip,skip,skip,fail,fail,,,6,0.2.0-draft,2026-08-04
ascendkit.dev,1,15,Text-only,,fail,fail,fail,fail,skip,skip,skip,pass,pass,,,15,0.2.0-draft,2026-08-04
asiaref.dev,1,10,Text-only,,fail,fail,fail,fail,skip,skip,skip,pass,fail,,,15,0.2.0-draft,2026-08-04
ask-ai-data-connector.com,1,45,Discoverable,,fail,fail,fail,pass,skip,skip,skip,pass,fail,,,13,0.2.0-draft,2026-08-04
ask-ai-mcp-710575177112.asia-south1.run.app,1,35,Discoverable,,pass,fail,fail,fail,fail,skip,skip,fail,fail,mcp-server-card-json,,32,0.2.0-draft,2026-08-04
ask-meridian.uk,1,0,Absent,,fail,fail,fail,fail,skip,skip,skip,fail,fail,,,17,0.2.0-draft,2026-08-04
askais.com,1,0,Absent,,fail,fail,fail,fail,skip,skip,skip,fail,fail,,,23,0.2.0-draft,2026-08-04
askcyborg.com,1,15,Text-only,,fail,fail,fail,fail,skip,skip,skip,pass,pass,,,16,0.2.0-draft,2026-08-04
askew.network,1,0,Absent,,error,fail,fail,error,skip,skip,skip,fail,fail,,,28,0.2.0-draft,2026-08-04
askloop.app,1,0,Absent,,fail,fail,fail,fail,skip,skip,skip,fail,fail,,,15,0.2.0-draft,2026-08-04
askmarcel.app,1,15,Text-only,,fail,fail,fail,fail,skip,skip,skip,pass,pass,,,16,0.2.0-draft,2026-08-04
askmatchbox.com,1,15,Text-only,,fail,fail,fail,fail,skip,skip,skip,pass,pass,,,14,0.2.0-draft,2026-08-04
askqa.app,1,0,Absent,,fail,fail,fail,fail,skip,skip,skip,fail,fail,,,17,0.2.0-draft,2026-08-04
asksakina.com,1,15,Text-only,,fail,fail,fail,fail,skip,skip,skip,pass,pass,,,25,0.2.0-draft,2026-08-04
asktian.com,1,70,Connectable,,fail,fail,pass,fail,pass,fail,skip,fail,fail,,legacy,21,0.2.0-draft,2026-08-04
asmhunter.app,1,10,Text-only,,fail,fail,fail,fail,skip,skip,skip,pass,fail,,,14,0.2.0-draft,2026-08-04
asohawk.cc,1,10,Text-only,,fail,fail,fail,fail,skip,skip,skip,pass,fail,,,13,0.2.0-draft,2026-08-04
aspirelearning.app,1,0,Absent,,fail,fail,fail,fail,skip,skip,skip,fail,fail,,,22,0.2.0-draft,2026-08-04
assay.wiki,1,15,Text-only,,fail,fail,fail,fail,skip,skip,skip,pass,pass,,,16,0.2.0-draft,2026-08-04
assessing-scoop-authorities-sheet.trycloudflare.com,1,0,Absent,,error,fail,fail,error,skip,skip,skip,fail,fail,,,3,0.2.0-draft,2026-08-04
asset-manager-jaymarrero2.replit.app,1,0,Absent,,skip,fail,fail,skip,skip,skip,skip,skip,fail,,,16,0.2.0-draft,2026-08-04
assetlog.ai,1,15,Text-only,,fail,fail,fail,fail,skip,skip,skip,pass,pass,,,15,0.2.0-draft,2026-08-04
assetzaar.com,1,50,Discoverable,,pass,fail,fail,pass,skip,skip,skip,pass,pass,mcp-server-card-json,,13,0.2.0-draft,2026-08-04
asterpay.io,1,100,Agent-ready,,pass,fail,pass,fail,pass,pass,pass,pass,pass,mcp-json|mcp-server-card-json,legacy,24,0.2.0-draft,2026-08-04
asterwise.com,1,15,Text-only,,fail,fail,fail,fail,skip,skip,skip,pass,pass,,,18,0.2.0-draft,2026-08-04
astranl.com,1,85,Connectable,,pass,pass,fail,pass,pass,fail,skip,pass,pass,mcp-json|mcp-server-card-json,legacy,19,0.2.0-draft,2026-08-04
astravue.com,1,10,Text-only,,fail,fail,fail,fail,skip,skip,skip,pass,fail,,,19,0.2.0-draft,2026-08-04
astrocal.dev,1,10,Text-only,,fail,fail,fail,fail,skip,skip,skip,pass,fail,,,26,0.2.0-draft,2026-08-04
astryke.com,1,0,Absent,,fail,fail,fail,fail,skip,skip,skip,fail,fail,,,14,0.2.0-draft,2026-08-04
asvaai.com,1,15,Text-only,,fail,fail,fail,fail,skip,skip,skip,pass,pass,,,13,0.2.0-draft,2026-08-04
asynthetic.up.railway.app,1,0,Absent,,fail,fail,fail,fail,skip,skip,skip,fail,fail,,,27,0.2.0-draft,2026-08-04
atagon.com,1,0,Absent,,fail,fail,fail,fail,skip,skip,skip,fail,fail,,,14,0.2.0-draft,2026-08-04
atatravel.cloud,1,80,Connectable,,pass,fail,fail,fail,pass,fail,skip,pass,fail,mcp-json,legacy,18,0.2.0-draft,2026-08-04
atdev.ai,1,5,Text-only,,fail,fail,fail,fail,skip,skip,skip,fail,pass,,,14,0.2.0-draft,2026-08-04
ateam-ai.com,1,0,Absent,,fail,fail,fail,fail,skip,skip,skip,fail,fail,,,17,0.2.0-draft,2026-08-04
atlarium.bio,1,85,Connectable,,fail,fail,pass,fail,pass,fail,skip,pass,pass,,legacy,21,0.2.0-draft,2026-08-04
atlas-sooty-delta.vercel.app,1,0,Absent,,fail,fail,fail,fail,skip,skip,skip,fail,fail,,,27,0.2.0-draft,2026-08-04
atlas.red,1,0,Absent,,fail,fail,fail,fail,skip,skip,skip,fail,fail,,,17,0.2.0-draft,2026-08-04
atlasemoji.com,1,0,Absent,,fail,fail,fail,fail,skip,skip,skip,fail,fail,,,13,0.2.0-draft,2026-08-04
atlaso.ai,1,15,Text-only,,fail,fail,fail,fail,skip,skip,skip,pass,pass,,,30,0.2.0-draft,2026-08-04
atlassian.com,1,10,Text-only,,fail,fail,fail,fail,skip,skip,skip,pass,fail,,,30,0.2.0-draft,2026-08-04
atlasverified.ai,1,15,Text-only,,fail,fail,fail,fail,skip,skip,skip,pass,pass,,,14,0.2.0-draft,2026-08-04
ato-mcp.com.au,1,80,Connectable,,fail,fail,pass,fail,pass,fail,skip,pass,fail,,modern,24,0.2.0-draft,2026-08-04
atom-mcp-server-production.up.railway.app,1,70,Connectable,,fail,fail,pass,fail,pass,fail,skip,fail,fail,,legacy,32,0.2.0-draft,2026-08-04
atom.com,1,85,Connectable,,fail,fail,pass,pass,pass,fail,skip,pass,pass,,legacy,34,0.2.0-draft,2026-08-04
atomadic.tech,1,95,Agent-ready,,pass,fail,pass,fail,pass,pass,pass,pass,fail,mcp-json|mcp-bare|mcp-server-card-json,legacy,21,0.2.0-draft,2026-08-04
atomadictech.workers.dev,1,0,Absent,,error,fail,fail,error,skip,skip,skip,fail,fail,,,6,0.2.0-draft,2026-08-04
atomandbits.com,1,5,Text-only,,fail,fail,fail,fail,skip,skip,skip,fail,pass,,,14,0.2.0-draft,2026-08-04
atomiccss.dev,1,0,Absent,,fail,fail,fail,fail,skip,skip,skip,fail,fail,,,16,0.2.0-draft,2026-08-04
attestagent.org,1,0,Absent,,fail,fail,fail,fail,skip,skip,skip,fail,fail,,,14,0.2.0-draft,2026-08-04
attester.dev,1,80,Connectable,,fail,fail,pass,fail,pass,fail,skip,pass,fail,,legacy,23,0.2.0-draft,2026-08-04
attestify-os.vercel.app,1,0,Absent,,fail,fail,fail,fail,skip,skip,skip,fail,fail,,,27,0.2.0-draft,2026-08-04
attribloom.com,1,10,Text-only,,fail,fail,fail,fail,skip,skip,skip,pass,fail,,,14,0.2.0-draft,2026-08-04
attrove.com,1,85,Connectable,,pass,fail,pass,pass,pass,fail,skip,pass,pass,mcp-server-card-json,modern,20,0.2.0-draft,2026-08-04
auctiontrace.com,1,0,Absent,,fail,fail,fail,fail,skip,skip,skip,fail,fail,,,15,0.2.0-draft,2026-08-04
audiala.com,1,70,Connectable,,pass,fail,fail,fail,pass,pass,fail,fail,fail,mcp-json,legacy,22,0.2.0-draft,2026-08-04
audioalpha.io,1,5,Text-only,,fail,fail,fail,fail,skip,skip,skip,fail,pass,,,28,0.2.0-draft,2026-08-04
audiodelivery.net,1,15,Text-only,,fail,fail,fail,fail,skip,skip,skip,pass,pass,,,18,0.2.0-draft,2026-08-04
audioknihy.cz,1,50,Discoverable,,pass,fail,fail,fail,fail,skip,skip,pass,pass,mcp-json|mcp-server-card-json,,14,0.2.0-draft,2026-08-04
audioscrape.com,1,85,Connectable,,fail,fail,pass,pass,pass,fail,skip,pass,pass,,modern,28,0.2.0-draft,2026-08-04
augmentev.ai,1,0,Absent,,error,fail,fail,error,skip,skip,skip,fail,fail,,,4,0.2.0-draft,2026-08-04
augments.dev,1,5,Text-only,,fail,fail,fail,fail,skip,skip,skip,fail,pass,,,22,0.2.0-draft,2026-08-04
augworlds.ai,1,0,Absent,,fail,fail,fail,fail,skip,skip,skip,fail,fail,,,13,0.2.0-draft,2026-08-04
aura-ui.com,1,10,Text-only,,fail,fail,fail,fail,skip,skip,skip,pass,fail,,,14,0.2.0-draft,2026-08-04
auracite.de,1,50,Discoverable,,pass,fail,fail,pass,skip,skip,skip,pass,pass,mcp-server-card-json,,14,0.2.0-draft,2026-08-04
auralogs.ai,1,10,Text-only,,fail,fail,fail,fail,skip,skip,skip,pass,fail,,,17,0.2.0-draft,2026-08-04
aurelianflo.com,1,85,Connectable,,pass,fail,fail,fail,pass,fail,skip,pass,pass,mcp-json|mcp-server-card-json,legacy,19,0.2.0-draft,2026-08-04
aurinia.online,1,45,Discoverable,,pass,fail,fail,pass,fail,skip,skip,pass,fail,mcp-server-card-json,,14,0.2.0-draft,2026-08-04
auriniaxo.com,1,15,Text-only,,fail,fail,fail,fail,skip,skip,skip,pass,pass,,,14,0.2.0-draft,2026-08-04
aurora-coach.com,1,15,Text-only,,fail,fail,fail,fail,skip,skip,skip,pass,pass,,,14,0.2.0-draft,2026-08-04
ausdata.io,1,15,Text-only,,fail,fail,fail,fail,skip,skip,skip,pass,pass,,,14,0.2.0-draft,2026-08-04
ausecon-mcp-server.onrender.com,1,35,Discoverable,,pass,fail,fail,fail,skip,skip,skip,fail,fail,mcp-server-card-json,,27,0.2.0-draft,2026-08-04
auseconmcp.com,1,0,Absent,,fail,fail,fail,fail,skip,skip,skip,fail,fail,,,17,0.2.0-draft,2026-08-04
ausref.dev,1,10,Text-only,,fail,fail,fail,fail,skip,skip,skip,pass,fail,,,15,0.2.0-draft,2026-08-04
austere-unsteady-pdf.replit.app,1,70,Connectable,,fail,fail,pass,fail,pass,pass,fail,fail,fail,,legacy,32,0.2.0-draft,2026-08-04
auteng.ai,1,10,Text-only,,fail,fail,fail,fail,skip,skip,skip,pass,fail,,,15,0.2.0-draft,2026-08-04
auth-sentinel-mcp.vercel.app,1,0,Absent,,fail,fail,fail,fail,skip,skip,skip,fail,fail,,,27,0.2.0-draft,2026-08-04
auth0.com,1,10,Text-only,,fail,fail,fail,fail,skip,skip,skip,pass,fail,,,17,0.2.0-draft,2026-08-04
authorized.by,1,95,Agent-ready,,pass,fail,fail,fail,pass,pass,pass,pass,fail,mcp-json,legacy,29,0.2.0-draft,2026-08-04
authoryze.ai,1,35,Discoverable,,fail,fail,fail,pass,skip,skip,skip,fail,fail,,,13,0.2.0-draft,2026-08-04
authplane.com,1,0,Absent,,fail,fail,fail,fail,skip,skip,skip,fail,fail,,,14,0.2.0-draft,2026-08-04
authshore.ai,1,15,Text-only,,fail,fail,fail,fail,skip,skip,skip,pass,pass,,,16,0.2.0-draft,2026-08-04
auto-reader.com,1,85,Connectable,,fail,fail,pass,fail,pass,pass,pass,fail,fail,,legacy,21,0.2.0-draft,2026-08-04
autoady.io,1,50,Discoverable,,fail,fail,fail,pass,skip,skip,skip,pass,pass,,,28,0.2.0-draft,2026-08-04
autoblocks.ai,1,0,Absent,,fail,fail,fail,fail,skip,skip,skip,fail,fail,,,19,0.2.0-draft,2026-08-04
automatedclientacquisition.com,1,45,Discoverable,,pass,fail,fail,fail,skip,skip,skip,pass,fail,mcp-bare,,30,0.2.0-draft,2026-08-04
automation-weaver-mcp.vercel.app,1,0,Absent,,fail,fail,fail,fail,skip,skip,skip,fail,fail,,,27,0.2.0-draft,2026-08-04
automox.com,1,10,Text-only,,fail,fail,fail,fail,skip,skip,skip,pass,fail,,,28,0.2.0-draft,2026-08-04
autonomad.ai,1,5,Text-only,,fail,fail,fail,fail,skip,skip,skip,fail,pass,,,16,0.2.0-draft,2026-08-04
autonomyforge.dev,1,0,Absent,,error,fail,fail,error,skip,skip,skip,fail,fail,,,50,0.2.0-draft,2026-08-04
autorfp.ai,1,10,Text-only,,fail,fail,fail,fail,skip,skip,skip,pass,fail,,,15,0.2.0-draft,2026-08-04
autoscrape-api-seven.vercel.app,1,35,Discoverable,,pass,fail,fail,fail,skip,skip,skip,fail,fail,mcp-server-card-json,,27,0.2.0-draft,2026-08-04
auxen.ai,1,15,Text-only,,fail,fail,fail,fail,skip,skip,skip,pass,pass,,,15,0.2.0-draft,2026-08-04
avagenesis.com,1,10,Text-only,,fail,fail,fail,fail,skip,skip,skip,pass,fail,,,14,0.2.0-draft,2026-08-04
avakit.dev,1,0,Absent,,fail,fail,fail,fail,skip,skip,skip,fail,fail,,,14,0.2.0-draft,2026-08-04
avalara.com,1,0,Absent,,fail,fail,fail,fail,skip,skip,skip,fail,fail,,,30,0.2.0-draft,2026-08-04
avalix.ai,1,15,Text-only,,fail,fail,fail,fail,skip,skip,skip,pass,pass,,,15,0.2.0-draft,2026-08-04
avatarfactory.io,1,15,Text-only,,fail,fail,fail,fail,skip,skip,skip,pass,pass,,,19,0.2.0-draft,2026-08-04
avax.network,1,20,Text-only,,fail,fail,pass,fail,fail,skip,skip,fail,fail,,,33,0.2.0-draft,2026-08-04
avaza.com,1,0,Absent,,fail,fail,fail,fail,skip,skip,skip,fail,fail,,,30,0.2.0-draft,2026-08-04
aveiro.app,1,45,Discoverable,,fail,fail,fail,pass,skip,skip,skip,pass,fail,,,30,0.2.0-draft,2026-08-04
avengersofsuperearth.com,1,85,Connectable,,fail,fail,pass,fail,pass,pass,pass,fail,fail,,legacy,23,0.2.0-draft,2026-08-04
avenity-agentic-audit.onrender.com,1,0,Absent,,fail,fail,fail,fail,skip,skip,skip,fail,fail,,,27,0.2.0-draft,2026-08-04
averra.dev,1,0,Absent,,fail,fail,fail,fail,skip,skip,skip,fail,fail,,,13,0.2.0-draft,2026-08-04
averta.io,1,10,Text-only,,fail,fail,fail,fail,skip,skip,skip,pass,fail,,,16,0.2.0-draft,2026-08-04
aviado.ai,1,0,Absent,,fail,fail,fail,fail,skip,skip,skip,fail,fail,,,13,0.2.0-draft,2026-08-04
avisradar-production.up.railway.app,1,15,Text-only,,fail,fail,fail,fail,skip,skip,skip,pass,pass,,,27,0.2.0-draft,2026-08-04
avizo.ro,1,85,Connectable,,pass,fail,pass,fail,pass,fail,skip,pass,pass,mcp-json,legacy,18,0.2.0-draft,2026-08-04
avnester.com,1,15,Text-only,,fail,fail,fail,fail,skip,skip,skip,pass,pass,,,17,0.2.0-draft,2026-08-04
avo.app,1,0,Absent,,fail,fail,fail,fail,skip,skip,skip,fail,fail,,,30,0.2.0-draft,2026-08-04
avocadoai.co,1,45,Discoverable,,fail,fail,fail,pass,skip,skip,skip,pass,fail,,,28,0.2.0-draft,2026-08-04
avots.ai,1,75,Connectable,,fail,fail,pass,pass,pass,fail,skip,fail,pass,,modern,19,0.2.0-draft,2026-08-04
awardflightdaily.com,1,0,Absent,,error,fail,fail,error,skip,skip,skip,fail,fail,,,38,0.2.0-draft,2026-08-04
awardtravelfinder.com,1,85,Connectable,,pass,fail,pass,pass,pass,fail,skip,pass,pass,mcp-server-card-json,modern,20,0.2.0-draft,2026-08-04
aws-builder-mcp.vercel.app,1,0,Absent,,fail,fail,fail,fail,skip,skip,skip,fail,fail,,,27,0.2.0-draft,2026-08-04
axcess-mcp-server.fly.dev,1,10,Text-only,,fail,fail,fail,fail,skip,skip,skip,pass,fail,,,14,0.2.0-draft,2026-08-04
axint.ai,1,15,Text-only,,fail,fail,fail,fail,skip,skip,skip,pass,pass,,,15,0.2.0-draft,2026-08-04
axiom.co,1,15,Text-only,,fail,fail,fail,fail,skip,skip,skip,pass,pass,,,16,0.2.0-draft,2026-08-04
axiomatic-ai.com,1,0,Absent,,fail,fail,fail,fail,skip,skip,skip,fail,fail,,,15,0.2.0-draft,2026-08-04
axiomseal.com,1,70,Connectable,,pass,fail,fail,pass,pass,fail,skip,fail,fail,mcp-json,modern,22,0.2.0-draft,2026-08-04
axiomstack.dev,1,0,Absent,,skip,fail,fail,skip,skip,skip,skip,skip,fail,,,6,0.2.0-draft,2026-08-04
axiorank.com,1,50,Discoverable,,pass,fail,fail,pass,fail,skip,skip,pass,pass,mcp-json,,19,0.2.0-draft,2026-08-04
axis-api-6c7z.onrender.com,1,50,Discoverable,,pass,fail,fail,pass,skip,skip,skip,pass,pass,mcp-json|mcp-bare|mcp-server-card-json,,27,0.2.0-draft,2026-08-04
axonagentic.ai,1,15,Text-only,,fail,fail,fail,fail,skip,skip,skip,pass,pass,,,14,0.2.0-draft,2026-08-04
aykiz.workers.dev,1,0,Absent,,error,fail,fail,error,skip,skip,skip,fail,fail,,,6,0.2.0-draft,2026-08-04
ayurak.com,1,0,Absent,,fail,fail,fail,fail,skip,skip,skip,fail,fail,,,13,0.2.0-draft,2026-08-04
azure.com,1,0,Absent,,fail,fail,fail,fail,skip,skip,skip,fail,fail,,,16,0.2.0-draft,2026-08-04
azurecarbon.com,1,10,Text-only,,fail,fail,fail,fail,skip,skip,skip,pass,fail,,,14,0.2.0-draft,2026-08-04
b20check.com,1,80,Connectable,,fail,fail,pass,fail,pass,fail,skip,pass,fail,,legacy,19,0.2.0-draft,2026-08-04
b2bware.com,1,40,Discoverable,,fail,pass,fail,fail,skip,skip,skip,fail,pass,,,16,0.2.0-draft,2026-08-04
b4-index.vercel.app,1,0,Absent,,fail,fail,fail,fail,skip,skip,skip,fail,fail,,,26,0.2.0-draft,2026-08-04
babyagecalculator.com,1,10,Text-only,,fail,fail,fail,fail,skip,skip,skip,pass,fail,,,18,0.2.0-draft,2026-08-04
babyblueviper.com,1,0,Absent,,fail,fail,fail,fail,skip,skip,skip,fail,fail,,,28,0.2.0-draft,2026-08-04
backengine.ai,1,0,Absent,,fail,fail,fail,fail,skip,skip,skip,fail,fail,,,14,0.2.0-draft,2026-08-04
backtest360.com,1,0,Absent,,fail,fail,fail,fail,skip,skip,skip,fail,fail,,,16,0.2.0-draft,2026-08-04
baeck.at,1,0,Absent,,error,fail,fail,error,skip,skip,skip,fail,fail,,,36,0.2.0-draft,2026-08-04
bakeryos.io,1,0,Absent,,fail,fail,fail,fail,skip,skip,skip,fail,fail,,,14,0.2.0-draft,2026-08-04
balladic.com,1,5,Text-only,,fail,fail,fail,fail,skip,skip,skip,fail,pass,,,16,0.2.0-draft,2026-08-04
balldontlie.io,1,0,Absent,,fail,fail,fail,fail,skip,skip,skip,fail,fail,,,30,0.2.0-draft,2026-08-04
bamboosnow.co,1,35,Discoverable,,fail,fail,fail,pass,skip,skip,skip,fail,fail,,,15,0.2.0-draft,2026-08-04
bananabanana.pro,1,50,Discoverable,,pass,fail,fail,pass,fail,skip,skip,pass,pass,mcp-json,,18,0.2.0-draft,2026-08-04
bandsaas.com,1,15,Text-only,,fail,fail,fail,fail,skip,skip,skip,pass,pass,,,16,0.2.0-draft,2026-08-04
bankbridge.money,1,50,Discoverable,,fail,fail,fail,pass,skip,skip,skip,pass,pass,,,13,0.2.0-draft,2026-08-04
bankee.ai,1,0,Absent,,fail,fail,fail,fail,skip,skip,skip,fail,fail,,,14,0.2.0-draft,2026-08-04
bankruptcyobserver.com,1,50,Discoverable,,fail,fail,fail,pass,skip,skip,skip,pass,pass,,,30,0.2.0-draft,2026-08-04
bankstatemently.com,1,50,Discoverable,,pass,fail,fail,fail,skip,skip,skip,pass,pass,mcp-server-card-json,,14,0.2.0-draft,2026-08-04
banksync.io,1,15,Text-only,,fail,fail,fail,fail,skip,skip,skip,pass,pass,,,17,0.2.0-draft,2026-08-04
baozugong.app,1,40,Discoverable,,fail,fail,fail,pass,skip,skip,skip,fail,pass,,,13,0.2.0-draft,2026-08-04
barcode-generator-production-3545.up.railway.app,1,0,Absent,,fail,fail,fail,fail,skip,skip,skip,fail,fail,,,27,0.2.0-draft,2026-08-04
barcode-generator-x402-production.up.railway.app,1,0,Absent,,fail,fail,fail,fail,skip,skip,skip,fail,fail,,,27,0.2.0-draft,2026-08-04
bardo.id,1,0,Absent,,fail,fail,fail,fail,skip,skip,skip,fail,fail,,,26,0.2.0-draft,2026-08-04
bareun.ai,1,15,Text-only,,fail,fail,fail,fail,skip,skip,skip,pass,pass,,,14,0.2.0-draft,2026-08-04
bargo.ai,1,80,Connectable,,pass,fail,pass,fail,pass,fail,skip,pass,fail,mcp-json|mcp-server-card-json,legacy,37,0.2.0-draft,2026-08-04
barisasa.com,1,0,Absent,,fail,fail,fail,fail,skip,skip,skip,fail,fail,,,14,0.2.0-draft,2026-08-04
barker.money,1,85,Connectable,,fail,fail,pass,fail,pass,fail,skip,pass,pass,,legacy,23,0.2.0-draft,2026-08-04
barvinca.com,1,10,Text-only,,fail,fail,fail,fail,skip,skip,skip,pass,fail,,,15,0.2.0-draft,2026-08-04
barwa.pl,1,0,Absent,,skip,fail,fail,skip,skip,skip,skip,fail,fail,,,15,0.2.0-draft,2026-08-04
basalt.run,1,0,Absent,,fail,fail,fail,fail,skip,skip,skip,fail,fail,,,17,0.2.0-draft,2026-08-04
base-defi-x402-production.up.railway.app,1,0,Absent,,fail,fail,fail,fail,skip,skip,skip,fail,fail,,,25,0.2.0-draft,2026-08-04
base64-codec-production-1047.up.railway.app,1,0,Absent,,fail,fail,fail,fail,skip,skip,skip,fail,fail,,,27,0.2.0-draft,2026-08-04
base64-codec-x402-production.up.railway.app,1,0,Absent,,fail,fail,fail,fail,skip,skip,skip,fail,fail,,,27,0.2.0-draft,2026-08-04
baseframelabs.com,1,10,Text-only,,fail,fail,fail,fail,skip,skip,skip,pass,fail,,,27,0.2.0-draft,2026-08-04
basehub.com,1,85,Connectable,,fail,fail,pass,fail,pass,pass,pass,fail,fail,,legacy,28,0.2.0-draft,2026-08-04
baselight.ai,1,0,Absent,,fail,fail,fail,fail,skip,skip,skip,fail,fail,,,14,0.2.0-draft,2026-08-04
baselight.app,1,0,Absent,,fail,fail,fail,fail,skip,skip,skip,fail,fail,,,14,0.2.0-draft,2026-08-04
basenull.com,1,10,Text-only,,fail,fail,fail,fail,skip,skip,skip,pass,fail,,,17,0.2.0-draft,2026-08-04
basethread.ai,1,85,Connectable,,fail,fail,pass,pass,pass,fail,skip,pass,pass,,modern,23,0.2.0-draft,2026-08-04
basicops.com,1,5,Text-only,,fail,fail,fail,fail,skip,skip,skip,fail,pass,,,26,0.2.0-draft,2026-08-04
basil-agent.workers.dev,1,0,Absent,,error,fail,fail,error,skip,skip,skip,fail,fail,,,6,0.2.0-draft,2026-08-04
basinwise.vercel.app,1,85,Connectable,,fail,fail,pass,fail,pass,fail,skip,pass,pass,,legacy,31,0.2.0-draft,2026-08-04
bassethound.ai,1,15,Text-only,,fail,fail,fail,fail,skip,skip,skip,pass,pass,,,15,0.2.0-draft,2026-08-04
baton-mcp-production.up.railway.app,1,70,Connectable,,fail,fail,pass,fail,pass,fail,skip,fail,fail,,legacy,32,0.2.0-draft,2026-08-04
batru.gg,1,10,Text-only,,fail,fail,fail,fail,skip,skip,skip,pass,fail,,,14,0.2.0-draft,2026-08-04
battox.workers.dev,1,0,Absent,,error,fail,fail,error,skip,skip,skip,fail,fail,,,6,0.2.0-draft,2026-08-04
bauta.app,1,50,Discoverable,,fail,fail,fail,pass,skip,skip,skip,pass,pass,,,17,0.2.0-draft,2026-08-04
bc-curriculum-mcp.fly.dev,1,70,Connectable,,fail,fail,pass,fail,pass,fail,skip,fail,fail,,legacy,19,0.2.0-draft,2026-08-04
bcparcel.onrender.com,1,80,Connectable,,fail,fail,pass,fail,pass,fail,skip,pass,fail,,modern,30,0.2.0-draft,2026-08-04
bda.ai,1,15,Text-only,,fail,fail,fail,fail,skip,skip,skip,pass,pass,,,25,0.2.0-draft,2026-08-04
beacio.com,1,15,Text-only,,fail,fail,fail,fail,skip,skip,skip,pass,pass,,,15,0.2.0-draft,2026-08-04
beacon-index.onrender.com,1,10,Text-only,,fail,fail,fail,fail,skip,skip,skip,pass,fail,,,26,0.2.0-draft,2026-08-04
beatbandit.ai,1,35,Discoverable,,pass,fail,fail,pass,skip,skip,skip,fail,fail,mcp-server-card-json,,13,0.2.0-draft,2026-08-04
beauticslab.com,1,0,Absent,,fail,fail,fail,fail,skip,skip,skip,fail,fail,,,17,0.2.0-draft,2026-08-04
bedrocknews.com,1,100,Agent-ready,,pass,fail,fail,fail,pass,pass,pass,pass,pass,mcp-json,legacy,20,0.2.0-draft,2026-08-04
beethoven2024.com,1,0,Absent,,fail,fail,fail,fail,skip,skip,skip,fail,fail,,,17,0.2.0-draft,2026-08-04
befall.net,1,0,Absent,,fail,fail,fail,fail,skip,skip,skip,fail,fail,,,13,0.2.0-draft,2026-08-04
beforeusersdo.com,1,70,Connectable,,fail,fail,pass,pass,pass,fail,skip,fail,fail,,modern,21,0.2.0-draft,2026-08-04
begonia.pro,1,70,Connectable,,fail,fail,pass,fail,pass,fail,skip,fail,fail,,modern,37,0.2.0-draft,2026-08-04
behindthewatt.com,1,10,Text-only,,fail,fail,fail,fail,skip,skip,skip,pass,fail,,,17,0.2.0-draft,2026-08-04
belavista.sampa.br,1,100,Agent-ready,,pass,fail,pass,fail,pass,pass,pass,pass,pass,mcp-json,legacy,21,0.2.0-draft,2026-08-04
bellwether.markets,1,0,Absent,,fail,fail,fail,fail,skip,skip,skip,fail,fail,,,18,0.2.0-draft,2026-08-04
bellwethermetrics.com,1,80,Connectable,,fail,fail,pass,fail,pass,fail,skip,pass,fail,,legacy,25,0.2.0-draft,2026-08-04
belong.events,1,5,Text-only,,fail,fail,fail,fail,skip,skip,skip,fail,pass,,,14,0.2.0-draft,2026-08-04
bendtherules.io,1,0,Absent,,error,fail,fail,error,skip,skip,skip,fail,fail,,,3,0.2.0-draft,2026-08-04
benevolabs.org,1,0,Absent,,error,fail,fail,error,skip,skip,skip,fail,fail,,,3,0.2.0-draft,2026-08-04
benmilne.com,1,100,Agent-ready,,pass,fail,fail,pass,pass,pass,pass,pass,pass,mcp-json|mcp-bare|mcp-server-card-json,modern,30,0.2.0-draft,2026-08-04
benriscore.com,1,10,Text-only,,fail,fail,fail,fail,skip,skip,skip,pass,fail,,,16,0.2.0-draft,2026-08-04
benroberts.ai,1,10,Text-only,,fail,fail,fail,fail,skip,skip,skip,pass,fail,,,28,0.2.0-draft,2026-08-04
besot.com,1,15,Text-only,,fail,fail,fail,fail,skip,skip,skip,pass,pass,,,19,0.2.0-draft,2026-08-04
besttimetobookhotels.com,1,10,Text-only,,fail,fail,fail,fail,skip,skip,skip,pass,fail,,,30,0.2.0-draft,2026-08-04
betafinds.com,1,45,Discoverable,,pass,fail,fail,pass,fail,skip,skip,pass,fail,mcp-json,,16,0.2.0-draft,2026-08-04
betterlytics.io,1,0,Absent,,fail,fail,fail,fail,skip,skip,skip,fail,fail,,,15,0.2.0-draft,2026-08-04
betterpost.ai,1,45,Discoverable,,fail,fail,fail,pass,skip,skip,skip,pass,fail,,,15,0.2.0-draft,2026-08-04
beycome.com,1,10,Text-only,,fail,fail,fail,fail,skip,skip,skip,pass,fail,,,32,0.2.0-draft,2026-08-04
beyond.wine,1,85,Connectable,,fail,fail,pass,fail,pass,fail,skip,pass,pass,,legacy,21,0.2.0-draft,2026-08-04
beyourcover.com,1,45,Discoverable,,fail,fail,fail,pass,skip,skip,skip,pass,fail,,,15,0.2.0-draft,2026-08-04
bezal.ai,1,50,Discoverable,,pass,fail,fail,fail,skip,skip,skip,pass,pass,mcp-json|mcp-server-card-json,,15,0.2.0-draft,2026-08-04
bezbaseina.lv,1,100,Agent-ready,,fail,fail,pass,pass,pass,pass,pass,pass,pass,,legacy,20,0.2.0-draft,2026-08-04
bfl.ai,1,80,Connectable,,fail,fail,pass,pass,pass,fail,skip,pass,fail,,modern,22,0.2.0-draft,2026-08-04
bgpt.pro,1,0,Absent,,fail,fail,fail,fail,skip,skip,skip,fail,fail,,,17,0.2.0-draft,2026-08-04
biaedge-mcp.onrender.com,1,35,Discoverable,,fail,fail,fail,pass,skip,skip,skip,fail,fail,,,25,0.2.0-draft,2026-08-04
biaedge.com,1,0,Absent,,fail,fail,fail,fail,skip,skip,skip,fail,fail,,,17,0.2.0-draft,2026-08-04
bible-mcp-server.fly.dev,1,0,Absent,,fail,fail,fail,fail,skip,skip,skip,fail,fail,,,15,0.2.0-draft,2026-08-04
bibleglide.com,1,10,Text-only,,fail,fail,fail,fail,skip,skip,skip,pass,fail,,,31,0.2.0-draft,2026-08-04
bid-jp.com,1,70,Connectable,,fail,fail,pass,pass,pass,fail,skip,fail,fail,,modern,12,0.2.0-draft,2026-08-04
bidda.com,1,95,Agent-ready,,pass,pass,fail,fail,pass,pass,pass,pass,fail,mcp-json,legacy,33,0.2.0-draft,2026-08-04
biddeed.ai,1,0,Absent,,fail,fail,fail,fail,skip,skip,skip,fail,fail,,,18,0.2.0-draft,2026-08-04
bids44-mcp-751110103074.asia-south1.run.app,1,0,Absent,,fail,fail,fail,fail,skip,skip,skip,fail,fail,,,29,0.2.0-draft,2026-08-04
bids44.com,1,10,Text-only,,fail,fail,fail,fail,skip,skip,skip,pass,fail,,,16,0.2.0-draft,2026-08-04
bidsparq.com,1,80,Connectable,,fail,fail,pass,pass,pass,fail,skip,pass,fail,,modern,20,0.2.0-draft,2026-08-04
biel.ai,1,45,Discoverable,,pass,fail,fail,fail,skip,skip,skip,pass,fail,mcp-server-card-json,,18,0.2.0-draft,2026-08-04
bies.io,1,95,Agent-ready,,pass,fail,pass,fail,pass,pass,pass,pass,fail,mcp-json,legacy,21,0.2.0-draft,2026-08-04
bighub.io,1,35,Discoverable,,fail,pass,fail,fail,skip,skip,skip,fail,fail,,,17,0.2.0-draft,2026-08-04
bigredcloud.com,1,10,Text-only,,fail,fail,fail,fail,skip,skip,skip,pass,fail,,,16,0.2.0-draft,2026-08-04
bigtableadmin.googleapis.com,1,70,Connectable,,fail,fail,pass,pass,pass,fail,skip,fail,fail,,legacy,21,0.2.0-draft,2026-08-04
biii-production.up.railway.app,1,70,Connectable,,fail,fail,pass,fail,pass,pass,fail,fail,fail,,modern,32,0.2.0-draft,2026-08-04
bijack.ir,1,70,Connectable,,fail,fail,pass,fail,pass,fail,skip,fail,fail,,legacy,27,0.2.0-draft,2026-08-04
bikefuchs.com,1,45,Discoverable,,pass,pass,fail,fail,skip,skip,skip,pass,fail,mcp-server-card-json,,18,0.2.0-draft,2026-08-04
biletyna.pl,1,80,Connectable,,pass,fail,pass,fail,pass,fail,skip,pass,fail,mcp-json,legacy,25,0.2.0-draft,2026-08-04
billcommons.org,1,10,Text-only,,fail,fail,fail,fail,skip,skip,skip,pass,fail,,,19,0.2.0-draft,2026-08-04
billingserv.com,1,15,Text-only,,fail,fail,fail,fail,skip,skip,skip,pass,pass,,,32,0.2.0-draft,2026-08-04
bilt.me,1,10,Text-only,,fail,fail,fail,fail,skip,skip,skip,pass,fail,,,18,0.2.0-draft,2026-08-04
bim.house,1,95,Agent-ready,,pass,fail,fail,fail,pass,pass,pass,pass,fail,mcp-json|mcp-bare,legacy,19,0.2.0-draft,2026-08-04
bio-data-parser-mcp.vercel.app,1,0,Absent,,fail,fail,fail,fail,skip,skip,skip,fail,fail,,,28,0.2.0-draft,2026-08-04
bio-safe-audit-mcp.vercel.app,1,0,Absent,,fail,fail,fail,fail,skip,skip,skip,fail,fail,,,28,0.2.0-draft,2026-08-04
biocosm-mcp.fly.dev,1,0,Absent,,fail,fail,fail,fail,skip,skip,skip,fail,fail,,,15,0.2.0-draft,2026-08-04
biodnd.com,1,0,Absent,,fail,fail,fail,fail,skip,skip,skip,fail,fail,,,28,0.2.0-draft,2026-08-04
biome-commons-production.up.railway.app,1,0,Absent,,fail,fail,fail,fail,skip,skip,skip,fail,fail,,,27,0.2.0-draft,2026-08-04
birdfury.com,1,85,Connectable,,fail,fail,pass,fail,pass,fail,skip,pass,pass,,legacy,19,0.2.0-draft,2026-08-04
bisibility.com,1,50,Discoverable,,pass,fail,fail,pass,skip,skip,skip,pass,pass,mcp-json|mcp-server-card-json,,16,0.2.0-draft,2026-08-04
bitcoinintel.live,1,0,Absent,,error,fail,fail,error,skip,skip,skip,fail,fail,,,3,0.2.0-draft,2026-08-04
bitcompare.net,1,85,Connectable,,pass,fail,fail,pass,pass,fail,skip,pass,pass,mcp-json,modern,21,0.2.0-draft,2026-08-04
bitfence.ai,1,5,Text-only,,fail,fail,fail,fail,skip,skip,skip,fail,pass,,,25,0.2.0-draft,2026-08-04
bitpoort.com,1,85,Connectable,,pass,fail,fail,pass,pass,fail,skip,pass,pass,mcp-json|mcp-server-card-json,modern,26,0.2.0-draft,2026-08-04
bitquery.io,1,15,Text-only,,fail,fail,fail,fail,skip,skip,skip,pass,pass,,,16,0.2.0-draft,2026-08-04
bitrise.io,1,80,Connectable,,fail,fail,pass,pass,pass,fail,skip,pass,fail,,modern,21,0.2.0-draft,2026-08-04
bitrix24.com,1,5,Text-only,,fail,fail,fail,fail,skip,skip,skip,fail,pass,,,31,0.2.0-draft,2026-08-04
bitsbound.com,1,10,Text-only,,fail,fail,fail,fail,skip,skip,skip,pass,fail,,,14,0.2.0-draft,2026-08-04
bittlebits.ai,1,70,Connectable,,fail,fail,pass,pass,pass,fail,skip,fail,fail,,modern,20,0.2.0-draft,2026-08-04
bitvoya.com,1,5,Text-only,,fail,fail,fail,fail,skip,skip,skip,fail,pass,,,25,0.2.0-draft,2026-08-04
biz-planner.com,1,50,Discoverable,,fail,fail,fail,pass,skip,skip,skip,pass,pass,,,14,0.2.0-draft,2026-08-04
bizclaw.xyz,1,50,Discoverable,,pass,fail,fail,fail,skip,skip,skip,pass,pass,mcp-server-card-json,,15,0.2.0-draft,2026-08-04
bizfile-mcp-production.up.railway.app,1,35,Discoverable,,pass,fail,fail,fail,skip,skip,skip,fail,fail,mcp-server-card-json,,27,0.2.0-draft,2026-08-04
bizgigz.com,1,0,Absent,,fail,fail,fail,fail,skip,skip,skip,fail,fail,,,14,0.2.0-draft,2026-08-04
bizinsured.ai,1,35,Discoverable,,fail,pass,fail,fail,skip,skip,skip,fail,fail,,,14,0.2.0-draft,2026-08-04
bizmuse.ai,1,45,Discoverable,,fail,fail,fail,pass,skip,skip,skip,pass,fail,,,13,0.2.0-draft,2026-08-04
bizverify.co,1,50,Discoverable,,pass,fail,fail,fail,skip,skip,skip,pass,pass,mcp-server-card-json,,15,0.2.0-draft,2026-08-04
black-voice-76e6.workers.dev,1,0,Absent,,error,fail,fail,error,skip,skip,skip,fail,fail,,,6,0.2.0-draft,2026-08-04
blackduck.com,1,0,Absent,,fail,fail,fail,fail,skip,skip,skip,fail,fail,,,27,0.2.0-draft,2026-08-04
blacklake.systems,1,0,Absent,,fail,fail,fail,fail,skip,skip,skip,fail,fail,,,27,0.2.0-draft,2026-08-04
blacklight.observer,1,10,Text-only,,fail,fail,fail,fail,skip,skip,skip,pass,fail,,,14,0.2.0-draft,2026-08-04
blackswancausallabs.com,1,0,Absent,,fail,fail,fail,fail,skip,skip,skip,fail,fail,,,14,0.2.0-draft,2026-08-04
blackveilsecurity.com,1,5,Text-only,,fail,fail,fail,fail,skip,skip,skip,fail,pass,,,26,0.2.0-draft,2026-08-04
blackwalltier.com,1,100,Agent-ready,,fail,fail,pass,fail,pass,pass,pass,pass,pass,,legacy,21,0.2.0-draft,2026-08-04
blame.today,1,95,Agent-ready,,fail,fail,pass,fail,pass,pass,pass,pass,fail,,legacy,19,0.2.0-draft,2026-08-04
blast-radius.ai,1,90,Agent-ready,,fail,fail,pass,fail,pass,pass,pass,fail,pass,,legacy,19,0.2.0-draft,2026-08-04
blazesportsintel.com,1,15,Text-only,,fail,fail,fail,fail,skip,skip,skip,pass,pass,,,16,0.2.0-draft,2026-08-04
blendduck.com,1,0,Absent,,fail,fail,fail,fail,skip,skip,skip,fail,fail,,,13,0.2.0-draft,2026-08-04
blicht.com,1,45,Discoverable,,pass,fail,fail,fail,fail,skip,skip,pass,fail,mcp-server-card-json,,13,0.2.0-draft,2026-08-04
blinkpdf.io,1,80,Connectable,,pass,fail,pass,pass,pass,fail,skip,pass,fail,mcp-server-card-json,modern,22,0.2.0-draft,2026-08-04
blip-board.app,1,95,Agent-ready,,fail,fail,pass,fail,pass,pass,pass,pass,fail,,legacy,19,0.2.0-draft,2026-08-04
blixtworks.com,1,10,Text-only,,fail,fail,fail,fail,skip,skip,skip,pass,fail,,,27,0.2.0-draft,2026-08-04
blobpedia.org,1,15,Text-only,,fail,fail,fail,fail,skip,skip,skip,pass,pass,,,13,0.2.0-draft,2026-08-04
blockchainanalysis.io,1,50,Discoverable,,pass,fail,fail,fail,skip,skip,skip,pass,pass,mcp-json,,13,0.2.0-draft,2026-08-04
blockrazor.io,1,10,Text-only,,fail,fail,fail,fail,skip,skip,skip,pass,fail,,,16,0.2.0-draft,2026-08-04
blockscholes.com,1,0,Absent,,fail,fail,fail,fail,skip,skip,skip,fail,fail,,,23,0.2.0-draft,2026-08-04
blockscout.com,1,0,Absent,,fail,fail,fail,fail,skip,skip,skip,fail,fail,,,39,0.2.0-draft,2026-08-04
blocksize.info,1,10,Text-only,,fail,fail,fail,fail,skip,skip,skip,pass,fail,,,16,0.2.0-draft,2026-08-04
blocktrust.tech,1,0,Absent,,fail,fail,fail,fail,skip,skip,skip,fail,fail,,,13,0.2.0-draft,2026-08-04
blockventurechaincapital.com,1,15,Text-only,,fail,fail,fail,fail,skip,skip,skip,pass,pass,,,17,0.2.0-draft,2026-08-04
bloomberg.com,1,5,Text-only,,fail,fail,fail,fail,skip,skip,skip,fail,pass,,,30,0.2.0-draft,2026-08-04
bloopo.ai,1,0,Absent,,fail,fail,fail,fail,skip,skip,skip,fail,fail,,,16,0.2.0-draft,2026-08-04
blueauth.co,1,15,Text-only,,fail,fail,fail,fail,skip,skip,skip,pass,pass,,,15,0.2.0-draft,2026-08-04
bluecraneworks.ca,1,45,Discoverable,,pass,fail,fail,fail,skip,skip,skip,pass,fail,mcp-server-card-json,,14,0.2.0-draft,2026-08-04
bluegamma.io,1,10,Text-only,,fail,fail,fail,fail,skip,skip,skip,pass,fail,,,30,0.2.0-draft,2026-08-04
bluenexus.ai,1,0,Absent,,fail,fail,fail,fail,skip,skip,skip,fail,fail,,,15,0.2.0-draft,2026-08-04
bluepillow.com,1,15,Text-only,,fail,fail,fail,fail,skip,skip,skip,pass,pass,,,40,0.2.0-draft,2026-08-04
bluerock.io,1,15,Text-only,,fail,fail,fail,fail,skip,skip,skip,pass,pass,,,32,0.2.0-draft,2026-08-04
bluewatch.app,1,5,Text-only,,fail,fail,fail,fail,skip,skip,skip,fail,pass,,,14,0.2.0-draft,2026-08-04
bluffnet.gg,1,5,Text-only,,fail,fail,fail,fail,skip,skip,skip,fail,pass,,,14,0.2.0-draft,2026-08-04
blumen-verschicken.online,1,10,Text-only,,fail,fail,fail,fail,skip,skip,skip,pass,fail,,,18,0.2.0-draft,2026-08-04
bluraysuchmaschine.de,1,70,Connectable,,fail,fail,pass,fail,pass,fail,skip,fail,fail,,legacy,27,0.2.0-draft,2026-08-04
blyck.dev,1,0,Absent,,fail,fail,fail,fail,skip,skip,skip,fail,fail,,,16,0.2.0-draft,2026-08-04
bmcxiv.com,1,0,Absent,,error,fail,fail,error,skip,skip,skip,fail,fail,,,29,0.2.0-draft,2026-08-04
bmikit.com,1,45,Discoverable,,pass,fail,fail,pass,skip,skip,skip,pass,fail,mcp-bare|mcp-server-card-json,,18,0.2.0-draft,2026-08-04
bmlt.app,1,5,Text-only,,fail,fail,fail,fail,skip,skip,skip,fail,pass,,,20,0.2.0-draft,2026-08-04
boardbriefai.io,1,0,Absent,,fail,fail,fail,fail,skip,skip,skip,fail,fail,,,21,0.2.0-draft,2026-08-04
bodenrichtwert.ai,1,15,Text-only,,fail,fail,fail,fail,skip,skip,skip,pass,pass,,,16,0.2.0-draft,2026-08-04
bofip.dev,1,5,Text-only,,fail,fail,fail,fail,skip,skip,skip,fail,pass,,,17,0.2.0-draft,2026-08-04
bogeyland.golf,1,100,Agent-ready,,pass,fail,pass,fail,pass,pass,pass,pass,pass,mcp-json,legacy,38,0.2.0-draft,2026-08-04
bol.ai,1,45,Discoverable,,pass,fail,fail,pass,fail,skip,skip,pass,fail,mcp-json,,14,0.2.0-draft,2026-08-04
boletinclaro.es,1,50,Discoverable,,fail,fail,fail,pass,skip,skip,skip,pass,pass,,,27,0.2.0-draft,2026-08-04
bolotstudio.com,1,85,Connectable,,pass,fail,fail,fail,pass,fail,skip,pass,pass,mcp-json|mcp-bare|mcp-server-card-json,legacy,23,0.2.0-draft,2026-08-04
bolthub.ai,1,10,Text-only,,fail,fail,fail,fail,skip,skip,skip,pass,fail,,,14,0.2.0-draft,2026-08-04
bomretiro.sampa.br,1,100,Agent-ready,,pass,fail,pass,fail,pass,pass,pass,pass,pass,mcp-json,legacy,21,0.2.0-draft,2026-08-04
bonissystems.com,1,50,Discoverable,,pass,fail,fail,fail,fail,skip,skip,pass,pass,mcp-json|mcp-bare,,14,0.2.0-draft,2026-08-04
bonsave.app,1,35,Discoverable,,fail,fail,fail,pass,skip,skip,skip,fail,fail,,,25,0.2.0-draft,2026-08-04
bonussok.no,1,10,Text-only,,fail,fail,fail,fail,skip,skip,skip,pass,fail,,,32,0.2.0-draft,2026-08-04
booboooking.com,1,45,Discoverable,,pass,fail,fail,pass,skip,skip,skip,pass,fail,mcp-json|mcp-server-card-json,,28,0.2.0-draft,2026-08-04
bookingmaven.com,1,15,Text-only,,fail,fail,fail,fail,skip,skip,skip,pass,pass,,,16,0.2.0-draft,2026-08-04
bookrails-api.azurewebsites.net,1,0,Absent,,fail,fail,fail,fail,skip,skip,skip,fail,fail,,,15,0.2.0-draft,2026-08-04
bookstore4agents.workers.dev,1,0,Absent,,error,fail,fail,error,skip,skip,skip,fail,fail,,,6,0.2.0-draft,2026-08-04
boolsai.ai,1,100,Agent-ready,,pass,fail,fail,fail,pass,pass,pass,pass,pass,mcp-json|mcp-bare,legacy,19,0.2.0-draft,2026-08-04
boostedchat.com,1,5,Text-only,,fail,fail,fail,fail,skip,skip,skip,fail,pass,,,15,0.2.0-draft,2026-08-04
boostermage.com,1,35,Discoverable,,pass,fail,fail,fail,skip,skip,skip,fail,fail,mcp-server-card-json,,17,0.2.0-draft,2026-08-04
boosthis.com,1,0,Absent,,skip,fail,fail,skip,skip,skip,skip,skip,fail,,,3,0.2.0-draft,2026-08-04
boothcheck.com,1,95,Agent-ready,,fail,fail,pass,pass,pass,pass,pass,pass,fail,,legacy,19,0.2.0-draft,2026-08-04
bopmarket.store,1,5,Text-only,,fail,fail,fail,fail,skip,skip,skip,fail,pass,,,41,0.2.0-draft,2026-08-04
borealhost.ai,1,85,Connectable,,pass,fail,fail,fail,pass,fail,skip,pass,pass,mcp-json,legacy,22,0.2.0-draft,2026-08-04
borisinc.com,1,10,Text-only,,fail,fail,fail,fail,skip,skip,skip,pass,fail,,,17,0.2.0-draft,2026-08-04
bosonprotocol.io,1,0,Absent,,fail,fail,fail,fail,skip,skip,skip,fail,fail,,,29,0.2.0-draft,2026-08-04
bot-trade.org,1,100,Agent-ready,,fail,fail,pass,pass,pass,pass,pass,pass,pass,,modern,22,0.2.0-draft,2026-08-04
botcorpus.com,1,15,Text-only,,fail,fail,fail,fail,skip,skip,skip,pass,pass,,,19,0.2.0-draft,2026-08-04
botguard-agent-production.up.railway.app,1,0,Absent,,fail,fail,fail,fail,skip,skip,skip,fail,fail,,,27,0.2.0-draft,2026-08-04
botoi.com,1,85,Connectable,,pass,fail,pass,fail,pass,fail,skip,pass,pass,mcp-server-card-json,legacy,22,0.2.0-draft,2026-08-04
botspot.trade,1,10,Text-only,,fail,fail,fail,fail,skip,skip,skip,pass,fail,,,16,0.2.0-draft,2026-08-04
bounceprotect.com,1,0,Absent,,fail,fail,fail,fail,skip,skip,skip,fail,fail,,,25,0.2.0-draft,2026-08-04
bouncewatch.com,1,50,Discoverable,,fail,fail,fail,pass,skip,skip,skip,pass,pass,,,14,0.2.0-draft,2026-08-04
boundaryai.ai,1,10,Text-only,,fail,fail,fail,fail,skip,skip,skip,pass,fail,,,15,0.2.0-draft,2026-08-04
boundr.dev,1,0,Absent,,fail,fail,fail,fail,skip,skip,skip,fail,fail,,,32,0.2.0-draft,2026-08-04
boundy.workers.dev,1,0,Absent,,error,fail,fail,error,skip,skip,skip,fail,fail,,,6,0.2.0-draft,2026-08-04
bountyapi.com,1,10,Text-only,,fail,fail,fail,fail,skip,skip,skip,pass,fail,,,14,0.2.0-draft,2026-08-04
bourdon.ai,1,15,Text-only,,fail,fail,fail,fail,skip,skip,skip,pass,pass,,,14,0.2.0-draft,2026-08-04
bowmark.ai,1,0,Absent,,fail,fail,fail,fail,skip,skip,skip,fail,fail,,,14,0.2.0-draft,2026-08-04
boxtoplay.com,1,0,Absent,,fail,fail,fail,fail,skip,skip,skip,fail,fail,,,24,0.2.0-draft,2026-08-04
bqixfybgflusxwnvzjwu.supabase.co,1,0,Absent,,fail,fail,fail,fail,skip,skip,skip,fail,fail,,,14,0.2.0-draft,2026-08-04
brafinder.com,1,15,Text-only,,fail,fail,fail,fail,skip,skip,skip,pass,pass,,,28,0.2.0-draft,2026-08-04
brain-tube.com,1,15,Text-only,,fail,fail,fail,fail,skip,skip,skip,pass,pass,,,16,0.2.0-draft,2026-08-04
brainattic.ai,1,10,Text-only,,fail,fail,fail,fail,skip,skip,skip,pass,fail,,,16,0.2.0-draft,2026-08-04
braincloudservers.com,1,0,Absent,,error,fail,fail,error,skip,skip,skip,fail,fail,,,40,0.2.0-draft,2026-08-04
brainfile.io,1,10,Text-only,,fail,fail,fail,fail,skip,skip,skip,pass,fail,,,14,0.2.0-draft,2026-08-04
brainiall.com,1,10,Text-only,,fail,fail,fail,fail,skip,skip,skip,pass,fail,,,26,0.2.0-draft,2026-08-04
brainkb.org,1,0,Absent,,fail,fail,fail,fail,skip,skip,skip,fail,fail,,,22,0.2.0-draft,2026-08-04
brainonbnb.com,1,10,Text-only,,fail,fail,fail,fail,skip,skip,skip,pass,fail,,,14,0.2.0-draft,2026-08-04
brainstormrouter.com,1,10,Text-only,,fail,fail,fail,fail,skip,skip,skip,pass,fail,,,19,0.2.0-draft,2026-08-04
branchapp.com,1,0,Absent,,fail,fail,fail,fail,skip,skip,skip,fail,fail,,,15,0.2.0-draft,2026-08-04
brand-intel-mcp-production.up.railway.app,1,0,Absent,,error,fail,fail,error,skip,skip,skip,fail,fail,,,39,0.2.0-draft,2026-08-04
brandfetch.io,1,0,Absent,,fail,fail,fail,fail,skip,skip,skip,fail,fail,,,17,0.2.0-draft,2026-08-04
brandyze.fr,1,50,Discoverable,,pass,fail,fail,pass,fail,skip,skip,pass,pass,mcp-server-card-json,,18,0.2.0-draft,2026-08-04
brasilnfe.com.br,1,10,Text-only,,fail,fail,fail,fail,skip,skip,skip,pass,fail,,,15,0.2.0-draft,2026-08-04
bravos-ai.com,1,80,Connectable,,fail,fail,pass,pass,pass,fail,skip,pass,fail,,modern,21,0.2.0-draft,2026-08-04
brazilmcp.dev,1,0,Absent,,error,fail,fail,error,skip,skip,skip,fail,fail,,,29,0.2.0-draft,2026-08-04
breckenwander.com,1,75,Connectable,,fail,fail,pass,fail,pass,fail,skip,fail,pass,,legacy,22,0.2.0-draft,2026-08-04
breeze.pm,1,0,Absent,,fail,fail,fail,fail,skip,skip,skip,fail,fail,,,28,0.2.0-draft,2026-08-04
brick.directory,1,0,Absent,,fail,fail,fail,fail,skip,skip,skip,fail,fail,,,15,0.2.0-draft,2026-08-04
brickpulse.ai,1,15,Text-only,,fail,fail,fail,fail,skip,skip,skip,pass,pass,,,15,0.2.0-draft,2026-08-04
bridge-routes-x402-production.up.railway.app,1,0,Absent,,fail,fail,fail,fail,skip,skip,skip,fail,fail,,,27,0.2.0-draft,2026-08-04
bridgenode.cc,1,95,Agent-ready,,pass,fail,pass,fail,pass,pass,pass,pass,fail,mcp-json,modern,18,0.2.0-draft,2026-08-04
bridgetoagent.com,1,10,Text-only,,fail,fail,fail,fail,skip,skip,skip,pass,fail,,,25,0.2.0-draft,2026-08-04
bridgetown.builders,1,0,Absent,,error,fail,fail,error,skip,skip,skip,fail,fail,,,6,0.2.0-draft,2026-08-04
brieform.app,1,45,Discoverable,,fail,fail,fail,pass,skip,skip,skip,pass,fail,,,13,0.2.0-draft,2026-08-04
briefverzenden.nl,1,95,Agent-ready,,pass,fail,pass,fail,pass,pass,pass,pass,fail,mcp-server-card-json,modern,35,0.2.0-draft,2026-08-04
brightkey.co,1,15,Text-only,,fail,fail,fail,fail,skip,skip,skip,pass,pass,,,14,0.2.0-draft,2026-08-04
brightsec.com,1,10,Text-only,,fail,fail,fail,fail,skip,skip,skip,pass,fail,,,14,0.2.0-draft,2026-08-04
bringyour.ai,1,50,Discoverable,,pass,fail,fail,fail,skip,skip,skip,pass,pass,mcp-json,,14,0.2.0-draft,2026-08-04
bringyour.com,1,0,Absent,,fail,fail,fail,fail,skip,skip,skip,fail,fail,,,17,0.2.0-draft,2026-08-04
brivvy.io,1,10,Text-only,,fail,fail,fail,fail,skip,skip,skip,pass,fail,,,15,0.2.0-draft,2026-08-04
broen.tech,1,0,Absent,,fail,fail,fail,fail,skip,skip,skip,fail,fail,,,13,0.2.0-draft,2026-08-04
brokerchooser.com,1,40,Discoverable,,fail,fail,fail,pass,skip,skip,skip,fail,pass,,,16,0.2.0-draft,2026-08-04
brokeria.com.br,1,15,Text-only,,fail,fail,fail,fail,skip,skip,skip,pass,pass,,,18,0.2.0-draft,2026-08-04
browser-use.com,1,95,Agent-ready,,fail,fail,pass,pass,pass,pass,pass,pass,fail,,legacy,21,0.2.0-draft,2026-08-04
browserssh.com,1,10,Text-only,,fail,fail,fail,fail,skip,skip,skip,pass,fail,,,15,0.2.0-draft,2026-08-04
bstorms.ai,1,45,Discoverable,,fail,pass,fail,fail,skip,skip,skip,pass,fail,,,12,0.2.0-draft,2026-08-04
bsv.cx,1,70,Connectable,,pass,fail,pass,fail,pass,fail,skip,fail,fail,mcp-bare,legacy,19,0.2.0-draft,2026-08-04
btcnode.uk,1,10,Text-only,,fail,fail,fail,fail,skip,skip,skip,pass,fail,,,17,0.2.0-draft,2026-08-04
btcwhalealerts.com,1,0,Absent,,fail,fail,fail,fail,skip,skip,skip,fail,fail,,,17,0.2.0-draft,2026-08-04
budgetary.tools,1,85,Connectable,,fail,fail,pass,fail,pass,pass,pass,fail,fail,,legacy,21,0.2.0-draft,2026-08-04
bugbrain.tech,1,15,Text-only,,fail,fail,fail,fail,skip,skip,skip,pass,pass,,,17,0.2.0-draft,2026-08-04
bugezy.dev,1,0,Absent,,fail,fail,fail,fail,skip,skip,skip,fail,fail,,,12,0.2.0-draft,2026-08-04
buggazi.com,1,15,Text-only,,fail,fail,fail,fail,skip,skip,skip,pass,pass,,,16,0.2.0-draft,2026-08-04
bugiadata.com,1,5,Text-only,,fail,fail,fail,fail,skip,skip,skip,fail,pass,,,17,0.2.0-draft,2026-08-04
buildervet.au,1,15,Text-only,,fail,fail,fail,fail,skip,skip,skip,pass,pass,,,17,0.2.0-draft,2026-08-04
buildforce.io,1,15,Text-only,,fail,fail,fail,fail,skip,skip,skip,pass,pass,,,27,0.2.0-draft,2026-08-04
buildpulse.io,1,50,Discoverable,,fail,fail,pass,pass,fail,skip,skip,pass,pass,,,21,0.2.0-draft,2026-08-04
builtwithjon.com,1,85,Connectable,,pass,fail,fail,fail,pass,fail,skip,pass,pass,mcp-json,legacy,27,0.2.0-draft,2026-08-04
bulkurlchecker.com,1,85,Connectable,,fail,fail,pass,pass,pass,pass,fail,pass,pass,,legacy,22,0.2.0-draft,2026-08-04
bull-run.org,1,0,Absent,,fail,fail,fail,fail,skip,skip,skip,fail,fail,,,16,0.2.0-draft,2026-08-04
bullbear.ninja,1,0,Absent,,fail,fail,fail,fail,skip,skip,skip,fail,fail,,,25,0.2.0-draft,2026-08-04
bullpenstrategygroup.com,1,10,Text-only,,fail,fail,fail,fail,skip,skip,skip,pass,fail,,,14,0.2.0-draft,2026-08-04
bunzee.ai,1,50,Discoverable,,fail,fail,fail,pass,skip,skip,skip,pass,pass,,,14,0.2.0-draft,2026-08-04
burademirung.workers.dev,1,0,Absent,,error,fail,fail,error,skip,skip,skip,fail,fail,,,6,0.2.0-draft,2026-08-04
burn-mcp-server.vercel.app,1,35,Discoverable,,pass,fail,fail,fail,skip,skip,skip,fail,fail,mcp-server-card-json,,27,0.2.0-draft,2026-08-04
burnlore.com,1,80,Connectable,,pass,fail,fail,fail,pass,fail,skip,pass,fail,mcp-server-card-json,legacy,18,0.2.0-draft,2026-08-04
buron.ai,1,10,Text-only,,fail,fail,fail,fail,skip,skip,skip,pass,fail,,,25,0.2.0-draft,2026-08-04
bushdrum.com,1,70,Connectable,,pass,fail,fail,fail,pass,fail,skip,fail,fail,mcp-json,legacy,17,0.2.0-draft,2026-08-04
businys.app,1,50,Discoverable,,pass,fail,fail,fail,fail,skip,skip,pass,pass,mcp-server-card-json,,17,0.2.0-draft,2026-08-04
bustup-monitor.com,1,85,Connectable,,pass,fail,fail,fail,pass,fail,skip,pass,pass,mcp-server-card-json,legacy,18,0.2.0-draft,2026-08-04
busymate.dev,1,5,Text-only,,fail,fail,fail,fail,skip,skip,skip,fail,pass,,,17,0.2.0-draft,2026-08-04
butlerbrain.ai,1,0,Absent,,fail,fail,fail,fail,skip,skip,skip,fail,fail,,,15,0.2.0-draft,2026-08-04
butterbase.ai,1,15,Text-only,,fail,fail,fail,fail,skip,skip,skip,pass,pass,,,15,0.2.0-draft,2026-08-04
buy-my-agent.com,1,45,Discoverable,,pass,fail,fail,fail,skip,skip,skip,pass,fail,mcp-json,,25,0.2.0-draft,2026-08-04
buyapi.ai,1,0,Absent,,fail,fail,fail,fail,skip,skip,skip,fail,fail,,,13,0.2.0-draft,2026-08-04
buyersense.ai,1,0,Absent,,fail,fail,fail,fail,skip,skip,skip,fail,fail,,,14,0.2.0-draft,2026-08-04
buylater.com,1,35,Discoverable,,pass,fail,fail,pass,fail,skip,skip,fail,fail,mcp-json,,14,0.2.0-draft,2026-08-04
buyukesim.com,1,100,Agent-ready,,pass,fail,pass,fail,pass,pass,pass,pass,pass,mcp-server-card-json,legacy,18,0.2.0-draft,2026-08-04
buywhere.ai,1,50,Discoverable,,pass,pass,fail,fail,skip,skip,skip,pass,pass,mcp-server-card-json,,17,0.2.0-draft,2026-08-04
byimprint.com,1,15,Text-only,,fail,fail,fail,fail,skip,skip,skip,pass,pass,,,18,0.2.0-draft,2026-08-04
bykaranteli.com,1,15,Text-only,,fail,fail,fail,fail,skip,skip,skip,pass,pass,,,14,0.2.0-draft,2026-08-04
byteask.ai,1,10,Text-only,,fail,fail,fail,fail,skip,skip,skip,pass,fail,,,19,0.2.0-draft,2026-08-04
byteray.ai,1,0,Absent,,fail,fail,fail,fail,skip,skip,skip,fail,fail,,,16,0.2.0-draft,2026-08-04
byway.world,1,15,Text-only,,fail,fail,fail,fail,skip,skip,skip,pass,pass,,,28,0.2.0-draft,2026-08-04
bzigo.com,1,45,Discoverable,,fail,fail,fail,pass,skip,skip,skip,pass,fail,,,21,0.2.0-draft,2026-08-04
cabal-hunter.com,1,50,Discoverable,,pass,fail,fail,fail,skip,skip,skip,pass,pass,mcp-json,,15,0.2.0-draft,2026-08-04
cabalspy.xyz,1,40,Discoverable,,fail,pass,pass,fail,fail,skip,skip,fail,pass,,,21,0.2.0-draft,2026-08-04
cabrini.ai,1,95,Agent-ready,,pass,fail,pass,fail,pass,pass,pass,pass,fail,mcp-json|mcp-bare|mcp-server-card-json,legacy,19,0.2.0-draft,2026-08-04
cachebash-mcp-922749444863.us-central1.run.app,1,35,Discoverable,,fail,fail,fail,pass,skip,skip,skip,fail,fail,,,27,0.2.0-draft,2026-08-04
cajusticewatch.com,1,5,Text-only,,fail,fail,fail,fail,skip,skip,skip,skip,pass,,,9,0.2.0-draft,2026-08-04
calc.engineer,1,95,Agent-ready,,pass,fail,fail,fail,pass,pass,pass,pass,fail,mcp-json,legacy,19,0.2.0-draft,2026-08-04
calcfleet.com,1,80,Connectable,,fail,fail,pass,fail,pass,fail,skip,pass,fail,,legacy,19,0.2.0-draft,2026-08-04
calendarbridge.vercel.app,1,35,Discoverable,,fail,fail,fail,pass,skip,skip,skip,fail,fail,,,27,0.2.0-draft,2026-08-04
calendarmcp.ai,1,40,Discoverable,,pass,fail,fail,fail,skip,skip,skip,fail,pass,mcp-server-card-json,,13,0.2.0-draft,2026-08-04
calfeed.ai,1,15,Text-only,,fail,fail,fail,fail,skip,skip,skip,pass,pass,,,13,0.2.0-draft,2026-08-04
caliper.fit,1,40,Discoverable,,pass,fail,fail,fail,skip,skip,skip,fail,pass,mcp-json|mcp-server-card-json,,14,0.2.0-draft,2026-08-04
call-for-me.fly.dev,1,70,Connectable,,pass,fail,fail,fail,pass,fail,skip,fail,fail,mcp-server-card-json,legacy,19,0.2.0-draft,2026-08-04
callendar.co,1,50,Discoverable,,pass,fail,fail,fail,skip,skip,skip,pass,pass,mcp-json|mcp-server-card-json,,20,0.2.0-draft,2026-08-04
callendar.de,1,0,Absent,,fail,fail,fail,fail,skip,skip,skip,fail,fail,,,14,0.2.0-draft,2026-08-04
callingly.com,1,70,Connectable,,fail,fail,pass,pass,pass,fail,skip,fail,fail,,modern,20,0.2.0-draft,2026-08-04
callmcp.ai,1,45,Discoverable,,pass,fail,fail,fail,skip,skip,skip,pass,fail,mcp-json|mcp-server-card-json,,17,0.2.0-draft,2026-08-04
calmactiva.com,1,50,Discoverable,,pass,fail,fail,fail,skip,skip,skip,pass,pass,mcp-json,,14,0.2.0-draft,2026-08-04
calmboard.ai,1,0,Absent,,error,fail,fail,error,skip,skip,skip,fail,fail,,,38,0.2.0-draft,2026-08-04
calmloop.in,1,0,Absent,,fail,fail,fail,fail,skip,skip,skip,fail,fail,,,12,0.2.0-draft,2026-08-04
calmseo.com,1,0,Absent,,fail,fail,fail,fail,skip,skip,skip,fail,fail,,,17,0.2.0-draft,2026-08-04
calvingwatch.com,1,85,Connectable,,fail,fail,pass,fail,pass,fail,skip,pass,pass,,legacy,18,0.2.0-draft,2026-08-04
calvix.io,1,90,Agent-ready,,pass,fail,pass,pass,pass,pass,pass,fail,pass,mcp-server-card-json,legacy,19,0.2.0-draft,2026-08-04
cambercloud.com,1,10,Text-only,,fail,fail,fail,fail,skip,skip,skip,pass,fail,,,21,0.2.0-draft,2026-08-04
cameronwilson.com.au,1,10,Text-only,,fail,fail,fail,fail,skip,skip,skip,pass,fail,,,14,0.2.0-draft,2026-08-04
campaignstack.io,1,10,Text-only,,fail,fail,fail,fail,skip,skip,skip,pass,fail,,,17,0.2.0-draft,2026-08-04
campobelo.sampa.br,1,100,Agent-ready,,pass,fail,pass,fail,pass,pass,pass,pass,pass,mcp-json,legacy,21,0.2.0-draft,2026-08-04
can-tap-verified.com,1,100,Agent-ready,,pass,fail,pass,fail,pass,pass,pass,pass,pass,mcp-json,legacy,23,0.2.0-draft,2026-08-04
canada-payroll.ca,1,10,Text-only,,fail,fail,fail,fail,skip,skip,skip,pass,fail,,,14,0.2.0-draft,2026-08-04
canalnav.com,1,80,Connectable,,fail,fail,pass,fail,pass,fail,skip,pass,fail,,legacy,23,0.2.0-draft,2026-08-04
canaryusers.ai,1,40,Discoverable,,pass,fail,fail,fail,fail,skip,skip,fail,pass,mcp-bare,,27,0.2.0-draft,2026-08-04
cancun4-mcp.fly.dev,1,0,Absent,,fail,fail,fail,fail,skip,skip,skip,fail,fail,,,14,0.2.0-draft,2026-08-04
cancun4.me,1,15,Text-only,,fail,fail,fail,fail,skip,skip,skip,pass,pass,,,14,0.2.0-draft,2026-08-04
candidcost.com,1,15,Text-only,,fail,fail,fail,fail,skip,skip,skip,pass,pass,,,16,0.2.0-draft,2026-08-04
candy-josh-writers-balance.trycloudflare.com,1,0,Absent,,error,fail,fail,error,skip,skip,skip,fail,fail,,,3,0.2.0-draft,2026-08-04
canivibe.ai,1,95,Agent-ready,,fail,fail,pass,fail,pass,pass,pass,pass,fail,,legacy,32,0.2.0-draft,2026-08-04
cannonstudio.app,1,50,Discoverable,,fail,fail,fail,pass,skip,skip,skip,pass,pass,,,30,0.2.0-draft,2026-08-04
cannonvoip.com,1,10,Text-only,,fail,fail,fail,fail,skip,skip,skip,pass,fail,,,14,0.2.0-draft,2026-08-04
cantara.no,1,85,Connectable,,fail,fail,pass,fail,pass,pass,pass,fail,fail,,legacy,22,0.2.0-draft,2026-08-04
canuckeats.com,1,15,Text-only,,fail,fail,fail,fail,skip,skip,skip,pass,pass,,,19,0.2.0-draft,2026-08-04
canvora.ai,1,10,Text-only,,fail,fail,fail,fail,skip,skip,skip,pass,fail,,,15,0.2.0-draft,2026-08-04
canvs.io,1,0,Absent,,fail,fail,fail,fail,skip,skip,skip,fail,fail,,,14,0.2.0-draft,2026-08-04
canyougrab.it,1,0,Absent,,fail,fail,fail,fail,skip,skip,skip,fail,fail,,,14,0.2.0-draft,2026-08-04
cap-rate-signals-mcp-production.up.railway.app,1,70,Connectable,,pass,fail,fail,fail,pass,fail,skip,fail,fail,mcp-server-card-json,legacy,31,0.2.0-draft,2026-08-04
capabilitiestxt.org,1,85,Connectable,,pass,fail,pass,fail,pass,fail,skip,pass,pass,mcp-json,legacy,40,0.2.0-draft,2026-08-04
capability.network,1,85,Connectable,,pass,fail,fail,fail,pass,fail,skip,pass,pass,ai-catalog|mcp-bare|mcp-server-card-json,legacy,18,0.2.0-draft,2026-08-04
capabilityhostprotocol.com,1,85,Connectable,,pass,fail,pass,fail,pass,fail,skip,pass,pass,mcp-json|mcp-server-card-json,legacy,37,0.2.0-draft,2026-08-04
capitol.guide,1,95,Agent-ready,,pass,fail,pass,fail,pass,pass,pass,pass,fail,mcp-bare,legacy,19,0.2.0-draft,2026-08-04
caplia.ai,1,5,Text-only,,fail,fail,fail,fail,skip,skip,skip,fail,pass,,,14,0.2.0-draft,2026-08-04
capmus.com,1,85,Connectable,,fail,fail,pass,fail,pass,fail,skip,pass,pass,,legacy,21,0.2.0-draft,2026-08-04
captapi.com,1,100,Agent-ready,,pass,fail,pass,fail,pass,pass,pass,pass,pass,mcp-json,legacy,22,0.2.0-draft,2026-08-04
captcha.cc,1,0,Absent,,fail,fail,fail,fail,skip,skip,skip,fail,fail,,,14,0.2.0-draft,2026-08-04
carbon-cashmere.de,1,5,Text-only,,fail,fail,fail,fail,skip,skip,skip,fail,pass,,,28,0.2.0-draft,2026-08-04
carbonarc.ai,1,0,Absent,,fail,fail,fail,fail,skip,skip,skip,fail,fail,,,30,0.2.0-draft,2026-08-04
carbone.io,1,10,Text-only,,fail,fail,fail,fail,skip,skip,skip,pass,fail,,,17,0.2.0-draft,2026-08-04
cardmind.app,1,0,Absent,,fail,fail,fail,fail,skip,skip,skip,fail,fail,,,26,0.2.0-draft,2026-08-04
cardog.app,1,15,Text-only,,fail,fail,fail,fail,skip,skip,skip,pass,pass,,,17,0.2.0-draft,2026-08-04
cardog.io,1,0,Absent,,fail,fail,fail,fail,skip,skip,skip,fail,fail,,,17,0.2.0-draft,2026-08-04
careercraft.ing,1,10,Text-only,,fail,fail,fail,fail,skip,skip,skip,pass,fail,,,16,0.2.0-draft,2026-08-04
careerrift.com,1,0,Absent,,fail,fail,fail,fail,skip,skip,skip,fail,fail,,,14,0.2.0-draft,2026-08-04
careranks.com,1,100,Agent-ready,,pass,pass,pass,fail,pass,pass,pass,pass,pass,mcp-server-serra,modern,18,0.2.0-draft,2026-08-04
carhunt.fr,1,100,Agent-ready,,fail,fail,pass,pass,pass,pass,pass,pass,pass,,legacy,22,0.2.0-draft,2026-08-04
caringcourseforge.com,1,0,Absent,,fail,fail,fail,fail,skip,skip,skip,fail,fail,,,23,0.2.0-draft,2026-08-04
cars-data.com,1,0,Absent,,fail,fail,fail,fail,skip,skip,skip,fail,fail,,,15,0.2.0-draft,2026-08-04
carshake.online,1,50,Discoverable,,pass,fail,fail,fail,fail,skip,skip,pass,pass,mcp-json,,18,0.2.0-draft,2026-08-04
carso.exchange,1,0,Absent,,error,fail,fail,error,skip,skip,skip,fail,fail,,,51,0.2.0-draft,2026-08-04
carsxe.com,1,85,Connectable,,pass,fail,fail,fail,pass,fail,skip,pass,pass,mcp-server-card-json,modern,23,0.2.0-draft,2026-08-04
carteleracines.es,1,10,Text-only,,fail,fail,fail,fail,skip,skip,skip,pass,fail,,,27,0.2.0-draft,2026-08-04
carvox.pt,1,0,Absent,,fail,fail,fail,fail,skip,skip,skip,fail,fail,,,14,0.2.0-draft,2026-08-04
casa-agents.fly.dev,1,0,Absent,,error,fail,fail,error,skip,skip,skip,fail,fail,,,3,0.2.0-draft,2026-08-04
casaintelligence.com.au,1,15,Text-only,,fail,fail,fail,fail,skip,skip,skip,pass,pass,,,26,0.2.0-draft,2026-08-04
casenode.ai,1,10,Text-only,,fail,fail,fail,fail,skip,skip,skip,pass,fail,,,15,0.2.0-draft,2026-08-04
cashbackpro.org,1,10,Text-only,,fail,fail,fail,fail,skip,skip,skip,pass,fail,,,16,0.2.0-draft,2026-08-04
cashflow.tech,1,35,Discoverable,,pass,fail,fail,pass,skip,skip,skip,fail,fail,mcp-json,,22,0.2.0-draft,2026-08-04
cashflowfrog.com,1,15,Text-only,,fail,fail,fail,fail,skip,skip,skip,pass,pass,,,21,0.2.0-draft,2026-08-04
casthost.net,1,10,Text-only,,fail,fail,fail,fail,skip,skip,skip,pass,fail,,,35,0.2.0-draft,2026-08-04
castiq.net,1,5,Text-only,,fail,fail,fail,fail,skip,skip,skip,fail,pass,,,29,0.2.0-draft,2026-08-04
catalo.ai,1,35,Discoverable,,fail,fail,fail,pass,skip,skip,skip,fail,fail,,,14,0.2.0-draft,2026-08-04
catalog-engine-mcp.vercel.app,1,0,Absent,,fail,fail,fail,fail,skip,skip,skip,fail,fail,,,27,0.2.0-draft,2026-08-04
catalystedgescanner.com,1,15,Text-only,,fail,fail,fail,fail,skip,skip,skip,pass,pass,,,14,0.2.0-draft,2026-08-04
catchaset.live,1,85,Connectable,,pass,fail,pass,fail,pass,pass,pass,fail,fail,mcp-json,legacy,19,0.2.0-draft,2026-08-04
catchdoms.com,1,35,Discoverable,,pass,fail,fail,fail,skip,skip,skip,fail,fail,mcp-server-card-json,,14,0.2.0-draft,2026-08-04
catchintent.com,1,50,Discoverable,,pass,fail,fail,pass,skip,skip,skip,pass,pass,mcp-server-card-json,,15,0.2.0-draft,2026-08-04
catchmetrics.io,1,10,Text-only,,fail,fail,fail,fail,skip,skip,skip,pass,fail,,,29,0.2.0-draft,2026-08-04
cathedral-ai.com,1,0,Absent,,fail,fail,fail,fail,skip,skip,skip,fail,fail,,,14,0.2.0-draft,2026-08-04
caudexcatena.com,1,15,Text-only,,fail,fail,fail,fail,skip,skip,skip,pass,pass,,,14,0.2.0-draft,2026-08-04
caulo.ai,1,35,Discoverable,,fail,fail,fail,pass,skip,skip,skip,fail,fail,,,16,0.2.0-draft,2026-08-04
causaprima.ai,1,15,Text-only,,fail,fail,fail,fail,skip,skip,skip,pass,pass,,,15,0.2.0-draft,2026-08-04
cavendo.ai,1,0,Absent,,fail,fail,fail,fail,skip,skip,skip,fail,fail,,,14,0.2.0-draft,2026-08-04
cavetitle.xyz,1,40,Discoverable,,pass,fail,fail,fail,skip,skip,skip,fail,pass,mcp-json,,14,0.2.0-draft,2026-08-04
cavuno.com,1,45,Discoverable,,pass,fail,fail,pass,skip,skip,skip,pass,fail,mcp-server-card-json,,17,0.2.0-draft,2026-08-04
cc0.company,1,10,Text-only,,fail,fail,fail,fail,skip,skip,skip,pass,fail,,,15,0.2.0-draft,2026-08-04
ccapi.ai,1,10,Text-only,,fail,fail,fail,fail,skip,skip,skip,pass,fail,,,15,0.2.0-draft,2026-08-04
ccpedia.xyz,1,15,Text-only,,fail,fail,fail,fail,skip,skip,skip,pass,pass,,,16,0.2.0-draft,2026-08-04
cdata.com,1,10,Text-only,,fail,fail,fail,fail,skip,skip,skip,pass,fail,,,24,0.2.0-draft,2026-08-04
cdk.bot,1,15,Text-only,,fail,fail,fail,fail,skip,skip,skip,pass,pass,,,17,0.2.0-draft,2026-08-04
ceki.me,1,95,Agent-ready,,pass,fail,fail,fail,pass,pass,pass,pass,fail,mcp-json,legacy,25,0.2.0-draft,2026-08-04
celestium-cosmic-compass.fly.dev,1,0,Absent,,fail,fail,fail,fail,skip,skip,skip,fail,fail,,,14,0.2.0-draft,2026-08-04
cellarion.app,1,50,Discoverable,,fail,fail,fail,pass,skip,skip,skip,pass,pass,,,14,0.2.0-draft,2026-08-04
cello.so,1,70,Connectable,,fail,fail,pass,pass,pass,fail,skip,fail,fail,,modern,22,0.2.0-draft,2026-08-04
cenogram.pl,1,50,Discoverable,,fail,fail,fail,pass,skip,skip,skip,pass,pass,,,14,0.2.0-draft,2026-08-04
centralus-01.azurewebsites.net,1,0,Absent,,error,fail,fail,error,skip,skip,skip,fail,fail,,,3,0.2.0-draft,2026-08-04
centric-demo-mcp-808053805730.us-central1.run.app,1,70,Connectable,,fail,fail,pass,fail,pass,fail,skip,fail,fail,,legacy,32,0.2.0-draft,2026-08-04
centro.sampa.br,1,100,Agent-ready,,pass,fail,pass,fail,pass,pass,pass,pass,pass,mcp-json,legacy,21,0.2.0-draft,2026-08-04
cerberusindex.com,1,15,Text-only,,fail,fail,fail,fail,skip,skip,skip,pass,pass,,,14,0.2.0-draft,2026-08-04
cerebrochain.com,1,45,Discoverable,,fail,fail,fail,pass,skip,skip,skip,pass,fail,,,14,0.2.0-draft,2026-08-04
certifier.io,1,45,Discoverable,,pass,fail,fail,fail,fail,skip,skip,pass,fail,ai-catalog,,14,0.2.0-draft,2026-08-04
certman.app,1,80,Connectable,,fail,fail,pass,pass,pass,fail,skip,pass,fail,,modern,20,0.2.0-draft,2026-08-04
certscore.ai,1,15,Text-only,,fail,fail,fail,fail,skip,skip,skip,pass,pass,,,15,0.2.0-draft,2026-08-04
cesaryague.es,1,45,Discoverable,,pass,fail,fail,fail,skip,skip,skip,pass,fail,mcp-json|mcp-server-card-json,,15,0.2.0-draft,2026-08-04
cg3.io,1,80,Connectable,,fail,fail,pass,pass,pass,fail,skip,pass,fail,,modern,20,0.2.0-draft,2026-08-04
chadanalytics.com,1,15,Text-only,,fail,fail,fail,fail,skip,skip,skip,pass,pass,,,13,0.2.0-draft,2026-08-04
chain.love,1,10,Text-only,,fail,fail,fail,fail,skip,skip,skip,pass,fail,,,28,0.2.0-draft,2026-08-04
chainaware.ai,1,10,Text-only,,fail,fail,fail,fail,skip,skip,skip,pass,fail,,,17,0.2.0-draft,2026-08-04
chaincontext.dev,1,0,Absent,,fail,fail,fail,fail,skip,skip,skip,fail,fail,,,17,0.2.0-draft,2026-08-04
chainflip-broker.io,1,80,Connectable,,fail,fail,pass,fail,pass,fail,skip,pass,fail,,legacy,19,0.2.0-draft,2026-08-04
chainhelix.io,1,70,Connectable,,fail,fail,pass,fail,pass,pass,fail,fail,fail,,legacy,22,0.2.0-draft,2026-08-04
chainsscope.duckdns.org,1,10,Text-only,,fail,fail,fail,fail,skip,skip,skip,pass,fail,,,28,0.2.0-draft,2026-08-04
chaiz.com,1,70,Connectable,,fail,fail,pass,fail,pass,fail,skip,fail,fail,,legacy,23,0.2.0-draft,2026-08-04
chalet-montagne.com,1,50,Discoverable,,pass,fail,fail,fail,fail,skip,skip,pass,pass,mcp-server-card-json,,32,0.2.0-draft,2026-08-04
chamade.io,1,45,Discoverable,,pass,fail,fail,fail,skip,skip,skip,pass,fail,mcp-server-card-json,,14,0.2.0-draft,2026-08-04
changebook.app,1,45,Discoverable,,fail,fail,fail,pass,skip,skip,skip,pass,fail,,,17,0.2.0-draft,2026-08-04
changegamer.ai,1,80,Connectable,,pass,fail,pass,fail,pass,fail,skip,pass,fail,mcp-json,legacy,19,0.2.0-draft,2026-08-04
changethisfile.com,1,100,Agent-ready,,pass,fail,pass,fail,pass,pass,pass,pass,pass,mcp-server-card-json,legacy,18,0.2.0-draft,2026-08-04
chaot-kit.com,1,0,Absent,,fail,fail,fail,fail,skip,skip,skip,fail,fail,,,14,0.2.0-draft,2026-08-04
chapsoft.com,1,50,Discoverable,,pass,fail,fail,fail,skip,skip,skip,pass,pass,mcp-json,,14,0.2.0-draft,2026-08-04
charliemorrison.dev,1,15,Text-only,,fail,fail,fail,fail,skip,skip,skip,pass,pass,,,14,0.2.0-draft,2026-08-04
charm.ing,1,50,Discoverable,,pass,fail,fail,pass,fail,skip,skip,pass,pass,ai-catalog|mcp-server-card-json,,15,0.2.0-draft,2026-08-04
chartercaptain.com,1,85,Connectable,,fail,fail,pass,fail,pass,fail,skip,pass,pass,,legacy,21,0.2.0-draft,2026-08-04
chartforgeai.com,1,0,Absent,,error,fail,fail,error,skip,skip,skip,fail,fail,,,26,0.2.0-draft,2026-08-04
chartpane.com,1,5,Text-only,,fail,fail,fail,fail,skip,skip,skip,fail,pass,,,16,0.2.0-draft,2026-08-04
chathome.lu,1,50,Discoverable,,pass,fail,fail,pass,skip,skip,skip,pass,pass,mcp-json|mcp-bare,,15,0.2.0-draft,2026-08-04
chatthing.ai,1,10,Text-only,,fail,fail,fail,fail,skip,skip,skip,pass,fail,,,17,0.2.0-draft,2026-08-04
chatwithcharm.com,1,15,Text-only,,fail,fail,fail,fail,skip,skip,skip,pass,pass,,,16,0.2.0-draft,2026-08-04
cheapestinference.com,1,85,Connectable,,fail,fail,pass,fail,pass,fail,skip,pass,pass,,legacy,21,0.2.0-draft,2026-08-04
checklist.day,1,0,Absent,,fail,fail,fail,fail,skip,skip,skip,fail,fail,,,22,0.2.0-draft,2026-08-04
checklyra.com,1,80,Connectable,,pass,fail,pass,pass,pass,fail,skip,pass,fail,mcp-json,legacy,21,0.2.0-draft,2026-08-04
checkmails.eu,1,50,Discoverable,,pass,fail,fail,fail,fail,skip,skip,pass,pass,mcp-json,,14,0.2.0-draft,2026-08-04
checkmyvin.net,1,15,Text-only,,fail,fail,fail,fail,skip,skip,skip,pass,pass,,,13,0.2.0-draft,2026-08-04
checkrecall.com,1,0,Absent,,fail,fail,fail,fail,skip,skip,skip,fail,fail,,,16,0.2.0-draft,2026-08-04
chemandphysicsmastery.workers.dev,1,0,Absent,,error,fail,fail,error,skip,skip,skip,fail,fail,,,6,0.2.0-draft,2026-08-04
cherokeeai.com,1,0,Absent,,fail,fail,fail,fail,skip,skip,skip,fail,fail,,,14,0.2.0-draft,2026-08-04
chesswithclaw.vercel.app,1,0,Absent,,fail,fail,fail,fail,skip,skip,skip,fail,fail,,,26,0.2.0-draft,2026-08-04
chia.health,1,15,Text-only,,fail,fail,fail,fail,skip,skip,skip,pass,pass,,,15,0.2.0-draft,2026-08-04
chicoxyzzy.workers.dev,1,0,Absent,,error,fail,fail,error,skip,skip,skip,fail,fail,,,6,0.2.0-draft,2026-08-04
chieflab.io,1,50,Discoverable,,pass,fail,fail,fail,skip,skip,skip,pass,pass,mcp-json,,15,0.2.0-draft,2026-08-04
chikoh.com,1,0,Absent,,error,fail,fail,error,skip,skip,skip,fail,fail,,,26,0.2.0-draft,2026-08-04
childadhd.ai,1,100,Agent-ready,,pass,fail,fail,fail,pass,pass,pass,pass,pass,mcp-json|mcp-bare|mcp-server-card-json,modern,17,0.2.0-draft,2026-08-04
childanxiety.ai,1,100,Agent-ready,,pass,fail,fail,fail,pass,pass,pass,pass,pass,mcp-json|mcp-bare|mcp-server-card-json,modern,17,0.2.0-draft,2026-08-04
childpsychiatry.ai,1,100,Agent-ready,,pass,fail,fail,fail,pass,pass,pass,pass,pass,mcp-json|mcp-bare|mcp-server-card-json,modern,17,0.2.0-draft,2026-08-04
chilipiper.com,1,5,Text-only,,skip,fail,fail,skip,skip,skip,skip,skip,pass,,,7,0.2.0-draft,2026-08-04
china-phone-mcp.vercel.app,1,0,Absent,,fail,fail,fail,fail,skip,skip,skip,fail,fail,,,27,0.2.0-draft,2026-08-04
chinamarketing.ai,1,95,Agent-ready,,fail,fail,pass,fail,pass,pass,pass,pass,fail,,legacy,29,0.2.0-draft,2026-08-04
chirpwireless.io,1,50,Discoverable,,pass,fail,fail,pass,skip,skip,skip,pass,pass,mcp-server-card-json,,19,0.2.0-draft,2026-08-04
choosehelp.com,1,100,Agent-ready,,pass,fail,pass,fail,pass,pass,pass,pass,pass,mcp-json,modern,33,0.2.0-draft,2026-08-04
choosemylo.com,1,0,Absent,,fail,fail,fail,fail,skip,skip,skip,fail,fail,,,13,0.2.0-draft,2026-08-04
choov.de,1,100,Agent-ready,,pass,fail,fail,fail,pass,pass,pass,pass,pass,mcp-json,legacy,40,0.2.0-draft,2026-08-04
chorilo.com,1,50,Discoverable,,fail,fail,fail,pass,skip,skip,skip,pass,pass,,,19,0.2.0-draft,2026-08-04
chromeflow.run,1,15,Text-only,,fail,fail,fail,fail,skip,skip,skip,pass,pass,,,14,0.2.0-draft,2026-08-04
chronary.ai,1,45,Discoverable,,pass,fail,fail,fail,skip,skip,skip,pass,fail,mcp-json|mcp-bare|mcp-server-card-json,,15,0.2.0-draft,2026-08-04
chrysai.com,1,10,Text-only,,skip,fail,fail,skip,skip,skip,skip,pass,fail,,,13,0.2.0-draft,2026-08-04
churnlens.site,1,50,Discoverable,,pass,fail,fail,fail,skip,skip,skip,pass,pass,mcp-json,,14,0.2.0-draft,2026-08-04
ci-sentinel.vercel.app,1,0,Absent,,fail,fail,fail,fail,skip,skip,skip,fail,fail,,,27,0.2.0-draft,2026-08-04
cigarfinder.com,1,15,Text-only,,fail,fail,fail,fail,skip,skip,skip,pass,pass,,,20,0.2.0-draft,2026-08-04
cinderfi.com,1,0,Absent,,fail,fail,fail,fail,skip,skip,skip,fail,fail,,,23,0.2.0-draft,2026-08-04
cinevva.com,1,10,Text-only,,fail,fail,fail,fail,skip,skip,skip,pass,fail,,,20,0.2.0-draft,2026-08-04
cintrasupply.com,1,80,Connectable,,fail,fail,pass,fail,pass,fail,skip,pass,fail,,legacy,19,0.2.0-draft,2026-08-04
cipher-x402-mcp.vercel.app,1,0,Absent,,fail,fail,fail,fail,skip,skip,skip,fail,fail,,,27,0.2.0-draft,2026-08-04
cipherhub.cloud,1,15,Text-only,,fail,fail,fail,fail,skip,skip,skip,pass,pass,,,26,0.2.0-draft,2026-08-04
circleci.com,1,85,Connectable,,pass,fail,fail,pass,pass,fail,skip,pass,pass,mcp-bare|mcp-server-card-json,modern,21,0.2.0-draft,2026-08-04
circlfi.com,1,15,Text-only,,fail,fail,fail,fail,skip,skip,skip,pass,pass,,,14,0.2.0-draft,2026-08-04
circulara.ai,1,0,Absent,,fail,fail,fail,fail,skip,skip,skip,fail,fail,,,30,0.2.0-draft,2026-08-04
cirra.ai,1,10,Text-only,,fail,fail,fail,fail,skip,skip,skip,pass,fail,,,17,0.2.0-draft,2026-08-04
cisco.com,1,15,Text-only,,fail,fail,fail,fail,skip,skip,skip,pass,pass,,,32,0.2.0-draft,2026-08-04
cissp.workers.dev,1,0,Absent,,error,fail,fail,error,skip,skip,skip,fail,fail,,,6,0.2.0-draft,2026-08-04
citadeldb.dev,1,0,Absent,,fail,fail,fail,fail,skip,skip,skip,fail,fail,,,14,0.2.0-draft,2026-08-04
citationsafe.com,1,15,Text-only,,fail,fail,fail,fail,skip,skip,skip,pass,pass,,,13,0.2.0-draft,2026-08-04
cite42.dev,1,50,Discoverable,,fail,fail,fail,pass,skip,skip,skip,pass,pass,,,21,0.2.0-draft,2026-08-04
citedy.com,1,50,Discoverable,,pass,fail,fail,pass,skip,skip,skip,pass,pass,mcp-server-card-json,,27,0.2.0-draft,2026-08-04
citehawk.com,1,45,Discoverable,,fail,fail,fail,pass,skip,skip,skip,pass,fail,,,38,0.2.0-draft,2026-08-04
citestamp.com,1,95,Agent-ready,,fail,fail,pass,fail,pass,pass,pass,pass,fail,,modern,20,0.2.0-draft,2026-08-04
citizenofnowhere.org,1,0,Absent,,fail,fail,fail,fail,skip,skip,skip,fail,fail,,,27,0.2.0-draft,2026-08-04
cituna.com,1,15,Text-only,,fail,fail,fail,fail,skip,skip,skip,pass,pass,,,17,0.2.0-draft,2026-08-04
city24.ee,1,0,Absent,,fail,fail,fail,fail,skip,skip,skip,fail,fail,,,33,0.2.0-draft,2026-08-04
city24.lv,1,0,Absent,,fail,fail,fail,fail,skip,skip,skip,fail,fail,,,33,0.2.0-draft,2026-08-04
cityheart.run,1,15,Text-only,,fail,fail,fail,fail,skip,skip,skip,pass,pass,,,13,0.2.0-draft,2026-08-04
cityparity.com,1,85,Connectable,,fail,fail,pass,fail,pass,fail,skip,pass,pass,,legacy,27,0.2.0-draft,2026-08-04
citywalkplan.com,1,10,Text-only,,fail,fail,fail,fail,skip,skip,skip,pass,fail,,,14,0.2.0-draft,2026-08-04
civdotiq.org,1,15,Text-only,,fail,fail,fail,fail,skip,skip,skip,pass,pass,,,13,0.2.0-draft,2026-08-04
civic.com,1,50,Discoverable,,pass,pass,fail,fail,skip,skip,skip,pass,pass,mcp-server-card-json,,28,0.2.0-draft,2026-08-04
civilquants.com,1,80,Connectable,,fail,fail,pass,pass,pass,fail,skip,pass,fail,,legacy,25,0.2.0-draft,2026-08-04
civis.run,1,0,Absent,,error,fail,fail,error,skip,skip,skip,fail,fail,,,3,0.2.0-draft,2026-08-04
ckg-agentforce.onrender.com,1,35,Discoverable,,pass,fail,fail,fail,skip,skip,skip,fail,fail,mcp-server-card-json,,27,0.2.0-draft,2026-08-04
ckg-nvidia-ai.onrender.com,1,35,Discoverable,,pass,fail,fail,fail,skip,skip,skip,fail,fail,mcp-server-card-json,,27,0.2.0-draft,2026-08-04
ckg-nvidia-nemoclaw.onrender.com,1,35,Discoverable,,pass,fail,fail,fail,skip,skip,skip,fail,fail,mcp-server-card-json,,27,0.2.0-draft,2026-08-04
claidex.com,1,0,Absent,,fail,fail,fail,fail,skip,skip,skip,fail,fail,,,14,0.2.0-draft,2026-08-04
claimhit.com,1,35,Discoverable,,fail,fail,fail,pass,skip,skip,skip,fail,fail,,,25,0.2.0-draft,2026-08-04
claimondo.de,1,85,Connectable,,fail,fail,pass,fail,pass,fail,skip,pass,pass,,legacy,21,0.2.0-draft,2026-08-04
clamp.sh,1,15,Text-only,,fail,fail,fail,fail,skip,skip,skip,pass,pass,,,13,0.2.0-draft,2026-08-04
claracars.pt,1,50,Discoverable,,pass,fail,fail,fail,skip,skip,skip,pass,pass,mcp-json,,15,0.2.0-draft,2026-08-04
claribi.com,1,15,Text-only,,fail,fail,fail,fail,skip,skip,skip,pass,pass,,,13,0.2.0-draft,2026-08-04
clarid.ai,1,0,Absent,,fail,fail,fail,fail,skip,skip,skip,fail,fail,,,28,0.2.0-draft,2026-08-04
clarigrid.energy,1,0,Absent,,fail,fail,fail,fail,skip,skip,skip,fail,fail,,,29,0.2.0-draft,2026-08-04
clarilayer.com,1,45,Discoverable,,fail,fail,fail,pass,skip,skip,skip,pass,fail,,,13,0.2.0-draft,2026-08-04
claritybriefs.com,1,85,Connectable,,pass,fail,pass,fail,pass,fail,skip,pass,pass,mcp-json|mcp-server-card-json,legacy,22,0.2.0-draft,2026-08-04
clarx.ai,1,0,Absent,,fail,fail,fail,fail,skip,skip,skip,fail,fail,,,28,0.2.0-draft,2026-08-04
classquill.com,1,85,Connectable,,fail,fail,pass,pass,pass,fail,skip,pass,pass,,modern,22,0.2.0-draft,2026-08-04
claude-context-bridge.fly.dev,1,0,Absent,,fail,fail,fail,fail,skip,skip,skip,fail,fail,,,14,0.2.0-draft,2026-08-04
claude-faf-mcp.vercel.app,1,0,Absent,,fail,fail,fail,fail,skip,skip,skip,fail,fail,,,27,0.2.0-draft,2026-08-04
claude-world.com,1,10,Text-only,,fail,fail,fail,fail,skip,skip,skip,pass,fail,,,14,0.2.0-draft,2026-08-04
claudeers.com,1,15,Text-only,,fail,fail,fail,fail,skip,skip,skip,pass,pass,,,13,0.2.0-draft,2026-08-04
claudenews.online,1,100,Agent-ready,,fail,fail,pass,fail,pass,pass,pass,pass,pass,,legacy,19,0.2.0-draft,2026-08-04
clauderecall.com,1,15,Text-only,,fail,fail,fail,fail,skip,skip,skip,pass,pass,,,13,0.2.0-draft,2026-08-04
clauderegistry.com,1,75,Connectable,,fail,fail,pass,fail,pass,fail,skip,fail,pass,,legacy,18,0.2.0-draft,2026-08-04
clauxel.com,1,0,Absent,,fail,fail,fail,fail,skip,skip,skip,fail,fail,,,14,0.2.0-draft,2026-08-04
claw-link.dev,1,10,Text-only,,fail,fail,fail,fail,skip,skip,skip,pass,fail,,,14,0.2.0-draft,2026-08-04
claw.cleaning,1,95,Agent-ready,,pass,fail,fail,fail,pass,pass,pass,pass,fail,mcp-json,legacy,19,0.2.0-draft,2026-08-04
clawagent-production.up.railway.app,1,0,Absent,,fail,fail,fail,fail,skip,skip,skip,fail,fail,,,27,0.2.0-draft,2026-08-04
clawbots.org,1,95,Agent-ready,,pass,fail,fail,fail,pass,pass,pass,pass,fail,mcp-json|mcp-server-card-json,legacy,39,0.2.0-draft,2026-08-04
clawmcpinone.work,1,0,Absent,,error,fail,fail,error,skip,skip,skip,fail,fail,,,3,0.2.0-draft,2026-08-04
clawmerchants.com,1,95,Agent-ready,,pass,fail,fail,fail,pass,pass,pass,pass,fail,mcp-json,legacy,18,0.2.0-draft,2026-08-04
clawriver.onrender.com,1,0,Absent,,error,fail,fail,error,skip,skip,skip,fail,fail,,,38,0.2.0-draft,2026-08-04
clawshow.ai,1,10,Text-only,,fail,fail,fail,fail,skip,skip,skip,pass,fail,,,15,0.2.0-draft,2026-08-04
clawspan.cloud,1,10,Text-only,,fail,fail,fail,fail,skip,skip,skip,pass,fail,,,14,0.2.0-draft,2026-08-04
clawstudiouo.com,1,5,Text-only,,fail,fail,fail,fail,skip,skip,skip,fail,pass,,,16,0.2.0-draft,2026-08-04
clawterminal.ai,1,50,Discoverable,,pass,fail,fail,fail,skip,skip,skip,pass,pass,mcp-bare,,16,0.2.0-draft,2026-08-04
clean.tools,1,100,Agent-ready,,pass,fail,pass,fail,pass,pass,pass,pass,pass,mcp-bare|mcp-server-card-json,legacy,23,0.2.0-draft,2026-08-04
cleancode-ai-mcp.vercel.app,1,0,Absent,,fail,fail,fail,fail,skip,skip,skip,fail,fail,,,27,0.2.0-draft,2026-08-04
cleanor.app,1,15,Text-only,,fail,fail,fail,fail,skip,skip,skip,pass,pass,,,15,0.2.0-draft,2026-08-04
cleanslice.org,1,70,Connectable,,fail,fail,pass,fail,pass,fail,skip,fail,fail,,legacy,22,0.2.0-draft,2026-08-04
clearancesearchengine.com,1,10,Text-only,,fail,fail,fail,fail,skip,skip,skip,pass,fail,,,25,0.2.0-draft,2026-08-04
clearfront.sh,1,10,Text-only,,fail,fail,fail,fail,skip,skip,skip,pass,fail,,,14,0.2.0-draft,2026-08-04
clearlist.me,1,50,Discoverable,,pass,fail,fail,pass,fail,skip,skip,pass,pass,ai-catalog|mcp-json|mcp-bare|mcp-server-card-json,,17,0.2.0-draft,2026-08-04
clearmarket.fyi,1,85,Connectable,,fail,fail,pass,fail,pass,pass,fail,pass,pass,,legacy,22,0.2.0-draft,2026-08-04
clearpolicy.app,1,80,Connectable,,fail,fail,pass,pass,pass,fail,skip,pass,fail,,modern,33,0.2.0-draft,2026-08-04
clearpostplugin.com,1,10,Text-only,,fail,fail,fail,fail,skip,skip,skip,pass,fail,,,17,0.2.0-draft,2026-08-04
clelp.ai,1,15,Text-only,,fail,fail,fail,fail,skip,skip,skip,pass,pass,,,14,0.2.0-draft,2026-08-04
cleofamily.app,1,0,Absent,,fail,fail,fail,fail,skip,skip,skip,fail,fail,,,28,0.2.0-draft,2026-08-04
clerk.com,1,85,Connectable,,pass,fail,fail,fail,pass,fail,skip,pass,pass,mcp-server-card-json,legacy,22,0.2.0-draft,2026-08-04
clickhouse.com,1,45,Discoverable,,pass,fail,fail,fail,fail,skip,skip,pass,fail,ai-catalog,,17,0.2.0-draft,2026-08-04
clicon.app,1,10,Text-only,,fail,fail,fail,fail,skip,skip,skip,pass,fail,,,18,0.2.0-draft,2026-08-04
clients-involving-billion-headers.trycloudflare.com,1,0,Absent,,error,fail,fail,error,skip,skip,skip,fail,fail,,,3,0.2.0-draft,2026-08-04
clihub.com,1,45,Discoverable,,pass,fail,fail,fail,skip,skip,skip,pass,fail,mcp-json,,14,0.2.0-draft,2026-08-04
climateux.net,1,15,Text-only,,fail,fail,fail,fail,skip,skip,skip,pass,pass,,,28,0.2.0-draft,2026-08-04
climbpast.com,1,15,Text-only,,fail,fail,fail,fail,skip,skip,skip,pass,pass,,,13,0.2.0-draft,2026-08-04
clipform.io,1,85,Connectable,,fail,fail,pass,pass,pass,fail,skip,pass,pass,,legacy,33,0.2.0-draft,2026-08-04
clipia.ai,1,50,Discoverable,,pass,fail,fail,pass,skip,skip,skip,pass,pass,mcp-server-card-json,,18,0.2.0-draft,2026-08-04
clipkit.dev,1,80,Connectable,,fail,fail,pass,fail,pass,fail,skip,pass,fail,,legacy,38,0.2.0-draft,2026-08-04
clipy.online,1,15,Text-only,,fail,fail,fail,fail,skip,skip,skip,pass,pass,,,14,0.2.0-draft,2026-08-04
clipzyn-mcp-production.up.railway.app,1,0,Absent,,fail,fail,fail,fail,skip,skip,skip,fail,fail,,,27,0.2.0-draft,2026-08-04
clize.ai,1,15,Text-only,,fail,fail,fail,fail,skip,skip,skip,pass,pass,,,15,0.2.0-draft,2026-08-04
clockchain-time-rp6evdzqkq-uc.a.run.app,1,45,Discoverable,,pass,fail,fail,fail,skip,skip,skip,pass,fail,mcp-json,,27,0.2.0-draft,2026-08-04
clockchain.network,1,0,Absent,,error,fail,fail,error,skip,skip,skip,fail,fail,,,38,0.2.0-draft,2026-08-04
clootrack.com,1,10,Text-only,,fail,fail,fail,fail,skip,skip,skip,pass,fail,,,23,0.2.0-draft,2026-08-04
close.city,1,80,Connectable,,fail,fail,pass,fail,pass,pass,fail,pass,fail,,legacy,23,0.2.0-draft,2026-08-04
close.com,1,45,Discoverable,,fail,fail,fail,pass,skip,skip,skip,pass,fail,,,19,0.2.0-draft,2026-08-04
cloud-pathfinder.vercel.app,1,0,Absent,,fail,fail,fail,fail,skip,skip,skip,fail,fail,,,27,0.2.0-draft,2026-08-04
cloudbees.io,1,0,Absent,,fail,fail,fail,fail,skip,skip,skip,fail,fail,,,17,0.2.0-draft,2026-08-04
cloudflare.com,1,50,Discoverable,,pass,fail,fail,fail,skip,skip,skip,pass,pass,mcp-json,,30,0.2.0-draft,2026-08-04
cloudgate.dev,1,0,Absent,,fail,fail,fail,fail,skip,skip,skip,fail,fail,,,18,0.2.0-draft,2026-08-04
cloudinary.com,1,10,Text-only,,fail,fail,fail,fail,skip,skip,skip,pass,fail,,,17,0.2.0-draft,2026-08-04
cloudmindmaps.app,1,80,Connectable,,fail,fail,pass,pass,pass,fail,skip,pass,fail,,modern,17,0.2.0-draft,2026-08-04
cloudpepper.io,1,0,Absent,,fail,fail,fail,fail,skip,skip,skip,fail,fail,,,22,0.2.0-draft,2026-08-04
cloudresume.io,1,35,Discoverable,,fail,fail,fail,pass,skip,skip,skip,fail,fail,,,14,0.2.0-draft,2026-08-04
cloudscale-sim-mcp.vercel.app,1,0,Absent,,fail,fail,fail,fail,skip,skip,skip,fail,fail,,,27,0.2.0-draft,2026-08-04
clsplusplus.com,1,35,Discoverable,,fail,fail,fail,pass,skip,skip,skip,fail,fail,,,32,0.2.0-draft,2026-08-04
clubs.place,1,35,Discoverable,,fail,pass,fail,pass,skip,skip,skip,fail,fail,,,14,0.2.0-draft,2026-08-04
clueso.io,1,0,Absent,,fail,fail,fail,fail,skip,skip,skip,fail,fail,,,27,0.2.0-draft,2026-08-04
clutch.co,1,0,Absent,,fail,fail,fail,fail,skip,skip,skip,fail,fail,,,14,0.2.0-draft,2026-08-04
cnaps.ai,1,15,Text-only,,fail,fail,fail,fail,skip,skip,skip,pass,pass,,,16,0.2.0-draft,2026-08-04
cnvs.app,1,85,Connectable,,pass,fail,fail,fail,pass,pass,fail,pass,pass,mcp-json,legacy,17,0.2.0-draft,2026-08-04
coachleo.ai,1,15,Text-only,,fail,fail,fail,fail,skip,skip,skip,pass,pass,,,16,0.2.0-draft,2026-08-04
coachsync.io,1,0,Absent,,fail,fail,fail,fail,skip,skip,skip,fail,fail,,,16,0.2.0-draft,2026-08-04
coachwatts.com,1,35,Discoverable,,fail,fail,fail,pass,skip,skip,skip,fail,fail,,,14,0.2.0-draft,2026-08-04
cobbles.ai,1,0,Absent,,fail,fail,fail,fail,skip,skip,skip,fail,fail,,,15,0.2.0-draft,2026-08-04
cocktail.glass,1,95,Agent-ready,,pass,fail,pass,fail,pass,pass,pass,pass,fail,mcp-server-card-json,modern,18,0.2.0-draft,2026-08-04
code-sandbox-production-9b5e.up.railway.app,1,0,Absent,,fail,fail,fail,fail,skip,skip,skip,fail,fail,,,27,0.2.0-draft,2026-08-04
code-sandbox-x402-production.up.railway.app,1,0,Absent,,fail,fail,fail,fail,skip,skip,skip,fail,fail,,,27,0.2.0-draft,2026-08-04
codecomber.io,1,15,Text-only,,fail,fail,fail,fail,skip,skip,skip,pass,pass,,,14,0.2.0-draft,2026-08-04
codecrafted.co.uk,1,5,Text-only,,fail,fail,fail,fail,skip,skip,skip,fail,pass,,,14,0.2.0-draft,2026-08-04
codeitall.dev,1,10,Text-only,,fail,fail,fail,fail,skip,skip,skip,pass,fail,,,23,0.2.0-draft,2026-08-04
codemouse.ai,1,10,Text-only,,fail,fail,fail,fail,skip,skip,skip,pass,fail,,,14,0.2.0-draft,2026-08-04
codeniverse.com,1,95,Agent-ready,,fail,fail,pass,fail,pass,pass,pass,pass,fail,,legacy,22,0.2.0-draft,2026-08-04
codepathfinder.dev,1,15,Text-only,,fail,fail,fail,fail,skip,skip,skip,pass,pass,,,14,0.2.0-draft,2026-08-04
codepic.cc,1,10,Text-only,,fail,fail,fail,fail,skip,skip,skip,pass,fail,,,13,0.2.0-draft,2026-08-04
coderifts.com,1,15,Text-only,,fail,fail,fail,fail,skip,skip,skip,pass,pass,,,15,0.2.0-draft,2026-08-04
codescene.com,1,0,Absent,,fail,fail,fail,fail,skip,skip,skip,fail,fail,,,15,0.2.0-draft,2026-08-04
codestringers.com,1,10,Text-only,,fail,fail,fail,fail,skip,skip,skip,pass,fail,,,25,0.2.0-draft,2026-08-04
codevulnerability-mcp.vercel.app,1,0,Absent,,fail,fail,fail,fail,skip,skip,skip,fail,fail,,,27,0.2.0-draft,2026-08-04
codmir.com,1,45,Discoverable,,fail,fail,fail,pass,skip,skip,skip,pass,fail,,,30,0.2.0-draft,2026-08-04
cofoundagent.ai,1,85,Connectable,,fail,fail,pass,pass,pass,fail,skip,pass,pass,,modern,20,0.2.0-draft,2026-08-04
cognethics.com,1,45,Discoverable,,pass,fail,fail,fail,skip,skip,skip,pass,fail,mcp-json,,17,0.2.0-draft,2026-08-04
cogniledger.eu,1,80,Connectable,,fail,fail,pass,fail,pass,fail,skip,pass,fail,,legacy,21,0.2.0-draft,2026-08-04
cognivators.com,1,0,Absent,,fail,fail,fail,fail,skip,skip,skip,fail,fail,,,25,0.2.0-draft,2026-08-04
cohearence.app,1,0,Absent,,fail,fail,fail,fail,skip,skip,skip,fail,fail,,,15,0.2.0-draft,2026-08-04
cohereon.io,1,10,Text-only,,fail,fail,fail,fail,skip,skip,skip,pass,fail,,,21,0.2.0-draft,2026-08-04
coil.trade,1,45,Discoverable,,pass,fail,fail,fail,skip,skip,skip,pass,fail,mcp-server-card-json,,14,0.2.0-draft,2026-08-04
coinbucha.com,1,80,Connectable,,pass,fail,pass,fail,pass,fail,skip,pass,fail,mcp-json,legacy,19,0.2.0-draft,2026-08-04
coinmarketcap.com,1,95,Agent-ready,,fail,fail,pass,pass,pass,pass,pass,pass,fail,,legacy,27,0.2.0-draft,2026-08-04
coinop.dev,1,0,Absent,,fail,fail,fail,fail,skip,skip,skip,fail,fail,,,27,0.2.0-draft,2026-08-04
coinpaprika.com,1,85,Connectable,,fail,fail,pass,fail,pass,pass,fail,pass,pass,,legacy,24,0.2.0-draft,2026-08-04
coinrailz.com,1,35,Discoverable,,pass,fail,fail,fail,fail,skip,skip,fail,fail,mcp-json|mcp-server-card-json,,16,0.2.0-draft,2026-08-04
coinrithm.com,1,85,Connectable,,fail,fail,pass,fail,pass,fail,skip,pass,pass,,legacy,34,0.2.0-draft,2026-08-04
coinrule.com,1,15,Text-only,,fail,fail,fail,fail,skip,skip,skip,pass,pass,,,17,0.2.0-draft,2026-08-04
coinverdict.io,1,10,Text-only,,fail,fail,fail,fail,skip,skip,skip,pass,fail,,,16,0.2.0-draft,2026-08-04
color-palette-production-74c7.up.railway.app,1,0,Absent,,fail,fail,fail,fail,skip,skip,skip,fail,fail,,,26,0.2.0-draft,2026-08-04
color-palette-x402-production.up.railway.app,1,0,Absent,,fail,fail,fail,fail,skip,skip,skip,fail,fail,,,26,0.2.0-draft,2026-08-04
colorado-business-storefront.onrender.com,1,10,Text-only,,fail,fail,fail,fail,skip,skip,skip,pass,fail,,,26,0.2.0-draft,2026-08-04
colorme.app,1,0,Absent,,error,fail,fail,error,skip,skip,skip,fail,fail,,,3,0.2.0-draft,2026-08-04
colour-memory-api-production.up.railway.app,1,45,Discoverable,,pass,fail,fail,pass,skip,skip,skip,pass,fail,mcp-json|mcp-server-card-json,,27,0.2.0-draft,2026-08-04
comehome.ai,1,10,Text-only,,fail,fail,fail,fail,skip,skip,skip,pass,fail,,,24,0.2.0-draft,2026-08-04
cometchat.com,1,10,Text-only,,fail,fail,fail,fail,skip,skip,skip,pass,fail,,,30,0.2.0-draft,2026-08-04
comitelligence-mcp.onrender.com,1,35,Discoverable,,pass,fail,fail,fail,skip,skip,skip,fail,fail,mcp-server-card-json,,27,0.2.0-draft,2026-08-04
commandplusk.com,1,50,Discoverable,,fail,fail,fail,pass,skip,skip,skip,pass,pass,,,15,0.2.0-draft,2026-08-04
commercebridge-isaiahduprees-projects.vercel.app,1,70,Connectable,,fail,fail,pass,fail,pass,fail,skip,fail,fail,,legacy,31,0.2.0-draft,2026-08-04
commodities.sh,1,10,Text-only,,fail,fail,fail,fail,skip,skip,skip,pass,fail,,,28,0.2.0-draft,2026-08-04
commonelements.com,1,50,Discoverable,,fail,fail,fail,pass,skip,skip,skip,pass,pass,,,16,0.2.0-draft,2026-08-04
commoninja.com,1,0,Absent,,fail,fail,fail,fail,skip,skip,skip,fail,fail,,,25,0.2.0-draft,2026-08-04
commonlands.com,1,85,Connectable,,fail,fail,pass,pass,pass,pass,fail,pass,pass,,legacy,22,0.2.0-draft,2026-08-04
commutescout.com,1,5,Text-only,,fail,fail,fail,fail,skip,skip,skip,fail,pass,,,16,0.2.0-draft,2026-08-04
comos-gateway.com,1,75,Connectable,,pass,fail,pass,pass,pass,fail,skip,fail,pass,mcp-bare|mcp-server-card-json,modern,21,0.2.0-draft,2026-08-04
comos-portal.com,1,75,Connectable,,pass,fail,pass,pass,pass,fail,skip,fail,pass,mcp-bare|mcp-server-card-json,modern,32,0.2.0-draft,2026-08-04
comp-shop.com,1,50,Discoverable,,pass,fail,fail,fail,skip,skip,skip,pass,pass,mcp-server-card-json,,27,0.2.0-draft,2026-08-04
compabase.com,1,0,Absent,,fail,fail,fail,fail,skip,skip,skip,fail,fail,,,17,0.2.0-draft,2026-08-04
compamir.com,1,15,Text-only,,fail,fail,fail,fail,skip,skip,skip,pass,pass,,,17,0.2.0-draft,2026-08-04
companies-house-mcp-server.onrender.com,1,0,Absent,,fail,fail,fail,fail,skip,skip,skip,fail,fail,,,26,0.2.0-draft,2026-08-04
company-enrichment-x402-production.up.railway.app,1,0,Absent,,fail,fail,fail,fail,skip,skip,skip,fail,fail,,,26,0.2.0-draft,2026-08-04
comparedge.com,1,100,Agent-ready,,pass,fail,pass,fail,pass,pass,pass,pass,pass,mcp-json|mcp-server-card-json,legacy,19,0.2.0-draft,2026-08-04
comparefairly.com,1,95,Agent-ready,,fail,fail,pass,fail,pass,pass,pass,pass,fail,,legacy,19,0.2.0-draft,2026-08-04
compatair.fr,1,80,Connectable,,fail,fail,pass,fail,pass,fail,skip,pass,fail,,legacy,19,0.2.0-draft,2026-08-04
compdf.com,1,10,Text-only,,fail,fail,fail,fail,skip,skip,skip,pass,fail,,,30,0.2.0-draft,2026-08-04
compeller.ai,1,95,Agent-ready,,pass,fail,pass,fail,pass,pass,pass,pass,fail,mcp-json,legacy,23,0.2.0-draft,2026-08-04
competitortracker.io,1,80,Connectable,,fail,fail,pass,pass,pass,fail,skip,pass,fail,,modern,25,0.2.0-draft,2026-08-04
completionkit.com,1,85,Connectable,,fail,fail,pass,fail,pass,pass,fail,pass,pass,,modern,19,0.2.0-draft,2026-08-04
compliance-mcp-production.up.railway.app,1,0,Absent,,error,fail,fail,error,skip,skip,skip,fail,fail,,,39,0.2.0-draft,2026-08-04
complianceautomator.com,1,70,Connectable,,fail,fail,pass,fail,pass,fail,skip,fail,fail,,legacy,32,0.2.0-draft,2026-08-04
compliancecn.netlify.app,1,50,Discoverable,,pass,fail,fail,fail,skip,skip,skip,pass,pass,mcp-json,,26,0.2.0-draft,2026-08-04
complianceregistry.net,1,5,Text-only,,fail,fail,fail,fail,skip,skip,skip,fail,pass,,,17,0.2.0-draft,2026-08-04
complyme.ai,1,0,Absent,,error,fail,fail,error,skip,skip,skip,fail,fail,,,41,0.2.0-draft,2026-08-04
compoid.com,1,0,Absent,,fail,fail,fail,fail,skip,skip,skip,fail,fail,,,34,0.2.0-draft,2026-08-04
componecat.ai,1,10,Text-only,,fail,fail,fail,fail,skip,skip,skip,pass,fail,,,29,0.2.0-draft,2026-08-04
composedchaos.net,1,15,Text-only,,fail,fail,fail,fail,skip,skip,skip,pass,pass,,,22,0.2.0-draft,2026-08-04
composer.googleapis.com,1,0,Absent,,fail,fail,fail,fail,skip,skip,skip,fail,fail,,,26,0.2.0-draft,2026-08-04
composio.dev,1,10,Text-only,,fail,fail,fail,fail,skip,skip,skip,pass,fail,,,20,0.2.0-draft,2026-08-04
compute.googleapis.com,1,70,Connectable,,fail,fail,pass,pass,pass,fail,skip,fail,fail,,legacy,21,0.2.0-draft,2026-08-04
compuute.se,1,0,Absent,,fail,fail,fail,fail,skip,skip,skip,fail,fail,,,28,0.2.0-draft,2026-08-04
comuna.work,1,15,Text-only,,fail,fail,fail,fail,skip,skip,skip,pass,pass,,,16,0.2.0-draft,2026-08-04
conc-exe.xyz,1,10,Text-only,,fail,fail,fail,fail,skip,skip,skip,pass,fail,,,18,0.2.0-draft,2026-08-04
concessio.io,1,10,Text-only,,fail,fail,fail,fail,skip,skip,skip,pass,fail,,,18,0.2.0-draft,2026-08-04
concordancehq.duckdns.org,1,10,Text-only,,fail,fail,fail,fail,skip,skip,skip,pass,fail,,,29,0.2.0-draft,2026-08-04
concorde-painel.workers.dev,1,0,Absent,,error,fail,fail,error,skip,skip,skip,fail,fail,,,8,0.2.0-draft,2026-08-04
condens.io,1,0,Absent,,fail,fail,fail,fail,skip,skip,skip,fail,fail,,,27,0.2.0-draft,2026-08-04
conductorrelay.com,1,45,Discoverable,,fail,fail,fail,pass,skip,skip,skip,pass,fail,,,27,0.2.0-draft,2026-08-04
conjure.ing,1,0,Absent,,fail,fail,fail,fail,skip,skip,skip,fail,fail,,,27,0.2.0-draft,2026-08-04
connectedpaths.com,1,10,Text-only,,fail,fail,fail,fail,skip,skip,skip,pass,fail,,,15,0.2.0-draft,2026-08-04
connectmachine.ai,1,10,Text-only,,fail,fail,fail,fail,skip,skip,skip,pass,fail,,,18,0.2.0-draft,2026-08-04
connorgallic.com,1,15,Text-only,,fail,fail,fail,fail,skip,skip,skip,pass,pass,,,29,0.2.0-draft,2026-08-04
consensus-analytics.com,1,85,Connectable,,fail,fail,pass,pass,pass,fail,skip,pass,pass,,modern,23,0.2.0-draft,2026-08-04
consentlayer.com,1,10,Text-only,,fail,fail,fail,fail,skip,skip,skip,pass,fail,,,19,0.2.0-draft,2026-08-04
consignatarias.com.ar,1,50,Discoverable,,pass,fail,fail,fail,skip,skip,skip,pass,pass,mcp-server-card-json,,29,0.2.0-draft,2026-08-04
consolidated-survey-gamma-arrival.trycloudflare.com,1,0,Absent,,error,fail,fail,error,skip,skip,skip,fail,fail,,,4,0.2.0-draft,2026-08-04
constat-auto.com,1,100,Agent-ready,,fail,fail,pass,fail,pass,pass,pass,pass,pass,,modern,35,0.2.0-draft,2026-08-04
constat.dev,1,45,Discoverable,,pass,fail,fail,fail,fail,skip,skip,pass,fail,mcp-json,,15,0.2.0-draft,2026-08-04
constellationfinance.ai,1,0,Absent,,error,fail,fail,error,skip,skip,skip,fail,fail,,,29,0.2.0-draft,2026-08-04
consulatehq.com,1,0,Absent,,error,fail,fail,error,skip,skip,skip,fail,fail,,,9,0.2.0-draft,2026-08-04
consumergenie.net,1,0,Absent,,fail,fail,fail,fail,skip,skip,skip,fail,fail,,,20,0.2.0-draft,2026-08-04
container.googleapis.com,1,70,Connectable,,fail,fail,pass,pass,pass,fail,skip,fail,fail,,legacy,20,0.2.0-draft,2026-08-04
containermath.com,1,95,Agent-ready,,fail,fail,pass,fail,pass,pass,pass,pass,fail,,legacy,22,0.2.0-draft,2026-08-04
contendeo.app,1,35,Discoverable,,pass,fail,fail,pass,skip,skip,skip,fail,fail,mcp-server-card-json,,15,0.2.0-draft,2026-08-04
contentrain.io,1,10,Text-only,,fail,fail,fail,fail,skip,skip,skip,pass,fail,,,18,0.2.0-draft,2026-08-04
context-awesome.com,1,80,Connectable,,fail,fail,pass,fail,pass,fail,skip,pass,fail,,legacy,38,0.2.0-draft,2026-08-04
context-book-mcp-production.up.railway.app,1,0,Absent,,fail,fail,fail,fail,skip,skip,skip,fail,fail,,,27,0.2.0-draft,2026-08-04
contexta.cc,1,70,Connectable,,fail,fail,pass,pass,pass,fail,skip,fail,fail,,modern,20,0.2.0-draft,2026-08-04
contextcloud.pro,1,15,Text-only,,fail,fail,fail,fail,skip,skip,skip,pass,pass,,,15,0.2.0-draft,2026-08-04
contextlattice.io,1,10,Text-only,,fail,fail,fail,fail,skip,skip,skip,pass,fail,,,17,0.2.0-draft,2026-08-04
contextoverflow.org,1,80,Connectable,,fail,fail,pass,fail,pass,fail,skip,pass,fail,,legacy,20,0.2.0-draft,2026-08-04
contextser.com,1,5,Text-only,,fail,fail,fail,fail,skip,skip,skip,fail,pass,,,16,0.2.0-draft,2026-08-04
contextstream.io,1,0,Absent,,fail,fail,fail,fail,skip,skip,skip,fail,fail,,,13,0.2.0-draft,2026-08-04
contextstudios.ai,1,50,Discoverable,,pass,fail,fail,fail,skip,skip,skip,pass,pass,mcp-json,,28,0.2.0-draft,2026-08-04
continue.dev,1,0,Absent,,fail,fail,fail,fail,skip,skip,skip,fail,fail,,,17,0.2.0-draft,2026-08-04
continueops.com,1,50,Discoverable,,pass,fail,fail,fail,skip,skip,skip,pass,pass,mcp-server-card-json,,14,0.2.0-draft,2026-08-04
contio.ai,1,0,Absent,,fail,fail,fail,fail,skip,skip,skip,fail,fail,,,35,0.2.0-draft,2026-08-04
contix.es,1,15,Text-only,,fail,fail,fail,fail,skip,skip,skip,pass,pass,,,16,0.2.0-draft,2026-08-04
contraption.co,1,0,Absent,,fail,fail,fail,fail,skip,skip,skip,fail,fail,,,30,0.2.0-draft,2026-08-04
contrastcyber.com,1,15,Text-only,,fail,fail,fail,fail,skip,skip,skip,pass,pass,,,16,0.2.0-draft,2026-08-04
controldrill.com,1,10,Text-only,,fail,fail,fail,fail,skip,skip,skip,pass,fail,,,16,0.2.0-draft,2026-08-04
convalytics.dev,1,50,Discoverable,,pass,fail,fail,fail,skip,skip,skip,pass,pass,mcp-bare|mcp-server-card-json,,15,0.2.0-draft,2026-08-04
convention.sh,1,85,Connectable,,fail,fail,pass,fail,pass,fail,skip,pass,pass,,legacy,21,0.2.0-draft,2026-08-04
conveo.ai,1,0,Absent,,fail,fail,fail,fail,skip,skip,skip,fail,fail,,,14,0.2.0-draft,2026-08-04
converly.io,1,10,Text-only,,fail,fail,fail,fail,skip,skip,skip,pass,fail,,,15,0.2.0-draft,2026-08-04
conversoriaecnae.es,1,50,Discoverable,,fail,fail,fail,pass,skip,skip,skip,pass,pass,,,33,0.2.0-draft,2026-08-04
convertfilefast.com,1,85,Connectable,,pass,fail,pass,fail,pass,fail,skip,pass,pass,mcp-json|mcp-server-card-json,legacy,34,0.2.0-draft,2026-08-04
convertica.net,1,0,Absent,,fail,fail,fail,fail,skip,skip,skip,fail,fail,,,13,0.2.0-draft,2026-08-04
convexvalue.com,1,5,Text-only,,fail,fail,fail,fail,skip,skip,skip,fail,pass,,,14,0.2.0-draft,2026-08-04
convika.com,1,85,Connectable,,fail,fail,pass,pass,pass,fail,skip,pass,pass,,modern,21,0.2.0-draft,2026-08-04
convradar.com,1,0,Absent,,fail,fail,fail,fail,skip,skip,skip,fail,fail,,,15,0.2.0-draft,2026-08-04
convrgent.ai,1,15,Text-only,,fail,fail,fail,fail,skip,skip,skip,pass,pass,,,13,0.2.0-draft,2026-08-04
cookiy.ai,1,5,Text-only,,fail,fail,fail,fail,skip,skip,skip,fail,pass,,,14,0.2.0-draft,2026-08-04
cooperpetcare.app,1,85,Connectable,,fail,fail,pass,pass,pass,fail,skip,pass,pass,,legacy,38,0.2.0-draft,2026-08-04
coordinalo.com,1,0,Absent,,fail,fail,fail,fail,skip,skip,skip,fail,fail,,,13,0.2.0-draft,2026-08-04
copass.com,1,0,Absent,,fail,fail,fail,fail,skip,skip,skip,fail,fail,,,14,0.2.0-draft,2026-08-04
copass.id,1,0,Absent,,fail,fail,fail,fail,skip,skip,skip,fail,fail,,,16,0.2.0-draft,2026-08-04
copyright01.com,1,95,Agent-ready,,pass,fail,fail,fail,pass,pass,pass,pass,fail,mcp-json,modern,29,0.2.0-draft,2026-08-04
copywriting.sh,1,80,Connectable,,fail,fail,pass,fail,pass,fail,skip,pass,fail,,modern,21,0.2.0-draft,2026-08-04
corbelworks.pages.dev,1,10,Text-only,,fail,fail,fail,fail,skip,skip,skip,pass,fail,,,17,0.2.0-draft,2026-08-04
corduroy-labs.ai,1,80,Connectable,,pass,fail,pass,fail,pass,fail,skip,pass,fail,mcp-bare|mcp-server-card-json,legacy,19,0.2.0-draft,2026-08-04
corebee.ai,1,50,Discoverable,,pass,fail,fail,pass,fail,skip,skip,pass,pass,mcp-server-card-json,,14,0.2.0-draft,2026-08-04
coredash.app,1,35,Discoverable,,pass,fail,fail,fail,skip,skip,skip,fail,fail,mcp-json,,25,0.2.0-draft,2026-08-04
coremodels.io,1,10,Text-only,,fail,fail,fail,fail,skip,skip,skip,pass,fail,,,25,0.2.0-draft,2026-08-04
coret.id,1,5,Text-only,,fail,fail,fail,fail,skip,skip,skip,fail,pass,,,16,0.2.0-draft,2026-08-04
corewebvitals.io,1,35,Discoverable,,pass,fail,fail,fail,skip,skip,skip,fail,fail,mcp-json,,28,0.2.0-draft,2026-08-04
corewise.video,1,100,Agent-ready,,fail,fail,pass,fail,pass,pass,pass,pass,pass,,legacy,18,0.2.0-draft,2026-08-04
corply.dev,1,85,Connectable,,fail,fail,pass,pass,pass,pass,fail,pass,pass,,legacy,18,0.2.0-draft,2026-08-04
corpusiq.io,1,15,Text-only,,fail,fail,fail,fail,skip,skip,skip,pass,pass,,,31,0.2.0-draft,2026-08-04
correctover.com,1,15,Text-only,,fail,fail,fail,fail,skip,skip,skip,pass,pass,,,15,0.2.0-draft,2026-08-04
correkt.com,1,70,Connectable,,fail,fail,pass,fail,pass,fail,skip,fail,fail,,legacy,21,0.2.0-draft,2026-08-04
cortex-320.workers.dev,1,0,Absent,,error,fail,fail,error,skip,skip,skip,fail,fail,,,6,0.2.0-draft,2026-08-04
cortex-gateway.dev,1,80,Connectable,,pass,fail,pass,pass,pass,fail,skip,pass,fail,mcp-json|mcp-server-card-json,legacy,23,0.2.0-draft,2026-08-04
cortex-mem.com,1,70,Connectable,,fail,fail,pass,pass,pass,fail,skip,fail,fail,,modern,21,0.2.0-draft,2026-08-04
cortexpad.com,1,15,Text-only,,fail,fail,fail,fail,skip,skip,skip,pass,pass,,,15,0.2.0-draft,2026-08-04
corvi.careers,1,70,Connectable,,fail,fail,pass,fail,pass,fail,skip,fail,fail,,legacy,19,0.2.0-draft,2026-08-04
cosmicjs.com,1,40,Discoverable,,fail,pass,fail,fail,skip,skip,skip,fail,pass,,,28,0.2.0-draft,2026-08-04
cosmonote.ai,1,10,Text-only,,fail,fail,fail,fail,skip,skip,skip,pass,fail,,,14,0.2.0-draft,2026-08-04
costbench.com,1,85,Connectable,,fail,fail,pass,fail,pass,pass,fail,pass,pass,,legacy,18,0.2.0-draft,2026-08-04
costsegsmart.com,1,15,Text-only,,fail,fail,fail,fail,skip,skip,skip,pass,pass,,,13,0.2.0-draft,2026-08-04
cotribute.co,1,0,Absent,,error,fail,fail,error,skip,skip,skip,fail,fail,,,29,0.2.0-draft,2026-08-04
cotribute.com,1,10,Text-only,,fail,fail,fail,fail,skip,skip,skip,pass,fail,,,27,0.2.0-draft,2026-08-04
couillardelectricllc.com,1,50,Discoverable,,fail,pass,fail,fail,skip,skip,skip,pass,pass,,,13,0.2.0-draft,2026-08-04
council-ai.app,1,15,Text-only,,fail,fail,fail,fail,skip,skip,skip,pass,pass,,,16,0.2.0-draft,2026-08-04
countrycalling.codes,1,15,Text-only,,fail,fail,fail,fail,skip,skip,skip,pass,pass,,,26,0.2.0-draft,2026-08-04
coupler.io,1,10,Text-only,,fail,fail,fail,fail,skip,skip,skip,pass,fail,,,29,0.2.0-draft,2026-08-04
courier.com,1,80,Connectable,,fail,fail,pass,fail,pass,fail,skip,pass,fail,,legacy,35,0.2.0-draft,2026-08-04
courseprofiler.com,1,10,Text-only,,fail,fail,fail,fail,skip,skip,skip,pass,fail,,,14,0.2.0-draft,2026-08-04
courtdb.org,1,15,Text-only,,fail,fail,fail,fail,skip,skip,skip,pass,pass,,,17,0.2.0-draft,2026-08-04
covasyn.com,1,15,Text-only,,fail,fail,fail,fail,skip,skip,skip,pass,pass,,,17,0.2.0-draft,2026-08-04
coverage-rights.com,1,50,Discoverable,,pass,fail,fail,fail,fail,skip,skip,pass,pass,mcp-json,,27,0.2.0-draft,2026-08-04
cowboy-model-finder-mcp-app-8b3709a7529a.herokuapp.com,1,35,Discoverable,,pass,fail,fail,fail,skip,skip,skip,fail,fail,mcp-server-card-json,,14,0.2.0-draft,2026-08-04
cowork24.ch,1,80,Connectable,,fail,fail,pass,pass,pass,fail,skip,pass,fail,,modern,21,0.2.0-draft,2026-08-04
coworkingview.com,1,80,Connectable,,pass,fail,pass,pass,pass,fail,skip,pass,fail,mcp-server-card-json,legacy,24,0.2.0-draft,2026-08-04
cpgagentprotocols.ai,1,70,Connectable,,pass,fail,pass,fail,pass,fail,skip,fail,fail,ai-catalog,legacy,21,0.2.0-draft,2026-08-04
cpghumanintheloop.ai,1,70,Connectable,,pass,fail,pass,fail,pass,fail,skip,fail,fail,ai-catalog,legacy,21,0.2.0-draft,2026-08-04
cpgknowledgegraph.ai,1,70,Connectable,,pass,fail,fail,fail,pass,fail,skip,fail,fail,ai-catalog|mcp-json,legacy,21,0.2.0-draft,2026-08-04
cpln.io,1,0,Absent,,error,fail,fail,error,skip,skip,skip,fail,fail,,,6,0.2.0-draft,2026-08-04
cpz-lab.com,1,75,Connectable,,fail,fail,pass,pass,pass,fail,skip,fail,pass,,modern,32,0.2.0-draft,2026-08-04
crabbitmq.com,1,0,Absent,,error,fail,fail,error,skip,skip,skip,fail,fail,,,38,0.2.0-draft,2026-08-04
craft.do,1,15,Text-only,,skip,fail,fail,skip,skip,skip,skip,pass,pass,,,18,0.2.0-draft,2026-08-04
craftablesoftware.com,1,15,Text-only,,fail,fail,fail,fail,skip,skip,skip,pass,pass,,,15,0.2.0-draft,2026-08-04
craftedtrust.com,1,0,Absent,,fail,fail,fail,fail,skip,skip,skip,fail,fail,,,17,0.2.0-draft,2026-08-04
craigmbrown.com,1,50,Discoverable,,pass,fail,fail,pass,skip,skip,skip,pass,pass,mcp-server-card-json,,16,0.2.0-draft,2026-08-04
craneledger.ai,1,10,Text-only,,fail,fail,fail,fail,skip,skip,skip,pass,fail,,,14,0.2.0-draft,2026-08-04
crank.ing,1,0,Absent,,skip,fail,fail,skip,skip,skip,skip,skip,fail,,,6,0.2.0-draft,2026-08-04
crashstory-mcp-production.up.railway.app,1,70,Connectable,,pass,fail,pass,fail,pass,fail,skip,fail,fail,mcp-server-card-json,legacy,32,0.2.0-draft,2026-08-04
crashstory.com,1,0,Absent,,fail,fail,fail,fail,skip,skip,skip,fail,fail,,,27,0.2.0-draft,2026-08-04
crashtestyourstrategy.ai,1,0,Absent,,fail,fail,fail,fail,skip,skip,skip,fail,fail,,,17,0.2.0-draft,2026-08-04
crawlconsole.com,1,10,Text-only,,fail,fail,fail,fail,skip,skip,skip,pass,fail,,,16,0.2.0-draft,2026-08-04
crawleo.dev,1,80,Connectable,,fail,fail,pass,fail,pass,fail,skip,pass,fail,,legacy,32,0.2.0-draft,2026-08-04
crawlie.app,1,75,Connectable,,pass,fail,pass,pass,pass,fail,skip,fail,pass,mcp-server-card-json,modern,21,0.2.0-draft,2026-08-04
crawlinx.com,1,95,Agent-ready,,pass,fail,fail,fail,pass,pass,pass,pass,fail,mcp-json,legacy,18,0.2.0-draft,2026-08-04
crawlora.net,1,85,Connectable,,pass,fail,fail,pass,pass,fail,skip,pass,pass,mcp-server-card-json,modern,20,0.2.0-draft,2026-08-04
crcrwtjzqzinfzokianr.supabase.co,1,0,Absent,,fail,fail,fail,fail,skip,skip,skip,fail,fail,,,14,0.2.0-draft,2026-08-04
cre-intelligence-mcp.onrender.com,1,0,Absent,,fail,fail,fail,fail,skip,skip,skip,fail,fail,,,27,0.2.0-draft,2026-08-04
cre8techdev.com,1,0,Absent,,error,fail,fail,error,skip,skip,skip,fail,fail,,,3,0.2.0-draft,2026-08-04
create-web-page.com,1,50,Discoverable,,fail,fail,fail,pass,skip,skip,skip,pass,pass,,,13,0.2.0-draft,2026-08-04
createmod.com,1,90,Agent-ready,,pass,fail,pass,fail,pass,pass,pass,fail,pass,mcp-server-card-json,legacy,22,0.2.0-draft,2026-08-04
createya.ai,1,15,Text-only,,fail,fail,fail,fail,skip,skip,skip,pass,pass,,,15,0.2.0-draft,2026-08-04
creationloop.ai,1,85,Connectable,,fail,fail,pass,fail,pass,fail,skip,pass,pass,,legacy,19,0.2.0-draft,2026-08-04
creativeclaw.co,1,10,Text-only,,fail,fail,fail,fail,skip,skip,skip,pass,fail,,,14,0.2.0-draft,2026-08-04
creativescope.ai,1,0,Absent,,fail,fail,fail,fail,skip,skip,skip,fail,fail,,,17,0.2.0-draft,2026-08-04
creator-api.com,1,45,Discoverable,,fail,fail,fail,pass,skip,skip,skip,pass,fail,,,16,0.2.0-draft,2026-08-04
creatordb.app,1,15,Text-only,,fail,fail,fail,fail,skip,skip,skip,pass,pass,,,17,0.2.0-draft,2026-08-04
cred.fyi,1,0,Absent,,fail,fail,fail,fail,skip,skip,skip,fail,fail,,,14,0.2.0-draft,2026-08-04
credit-risk-mcp.vercel.app,1,0,Absent,,fail,fail,fail,fail,skip,skip,skip,fail,fail,,,27,0.2.0-draft,2026-08-04
creditcards.best,1,10,Text-only,,fail,fail,fail,fail,skip,skip,skip,pass,fail,,,15,0.2.0-draft,2026-08-04
crehq.com,1,85,Connectable,,fail,fail,pass,pass,pass,fail,skip,pass,pass,,modern,22,0.2.0-draft,2026-08-04
crelvo.dev,1,15,Text-only,,fail,fail,fail,fail,skip,skip,skip,pass,pass,,,27,0.2.0-draft,2026-08-04
creo-memories.in,1,0,Absent,,fail,fail,fail,fail,skip,skip,skip,fail,fail,,,16,0.2.0-draft,2026-08-04
crestsystems.ai,1,15,Text-only,,fail,fail,fail,fail,skip,skip,skip,pass,pass,,,13,0.2.0-draft,2026-08-04
crimsoncrawler.com,1,15,Text-only,,fail,fail,fail,fail,skip,skip,skip,pass,pass,,,13,0.2.0-draft,2026-08-04
crinkl.xyz,1,85,Connectable,,fail,fail,pass,fail,pass,fail,skip,pass,pass,,legacy,37,0.2.0-draft,2026-08-04
crisphive.com,1,80,Connectable,,fail,fail,pass,pass,pass,fail,skip,pass,fail,,modern,20,0.2.0-draft,2026-08-04
crispy.sh,1,45,Discoverable,,fail,fail,fail,pass,skip,skip,skip,pass,fail,,,15,0.2.0-draft,2026-08-04
criterion.life,1,0,Absent,,fail,fail,fail,fail,skip,skip,skip,fail,fail,,,38,0.2.0-draft,2026-08-04
criticalpathpartners.ca,1,0,Absent,,fail,fail,fail,fail,skip,skip,skip,fail,fail,,,19,0.2.0-draft,2026-08-04
crm-noto.onrender.com,1,0,Absent,,fail,fail,fail,fail,skip,skip,skip,fail,fail,,,51,0.2.0-draft,2026-08-04
croma.run,1,0,Absent,,fail,fail,fail,fail,skip,skip,skip,fail,fail,,,17,0.2.0-draft,2026-08-04
cron-explainer-prod.workers.dev,1,0,Absent,,error,fail,fail,error,skip,skip,skip,fail,fail,,,6,0.2.0-draft,2026-08-04
cron-parser-production.up.railway.app,1,0,Absent,,fail,fail,fail,fail,skip,skip,skip,fail,fail,,,27,0.2.0-draft,2026-08-04
cron-parser-x402-production.up.railway.app,1,0,Absent,,fail,fail,fail,fail,skip,skip,skip,fail,fail,,,27,0.2.0-draft,2026-08-04
cronping-oren.workers.dev,1,0,Absent,,error,fail,fail,error,skip,skip,skip,fail,fail,,,6,0.2.0-draft,2026-08-04
crontab-generator-production.up.railway.app,1,0,Absent,,fail,fail,fail,fail,skip,skip,skip,fail,fail,,,27,0.2.0-draft,2026-08-04
crontab-generator-x402-production.up.railway.app,1,0,Absent,,fail,fail,fail,fail,skip,skip,skip,fail,fail,,,27,0.2.0-draft,2026-08-04
crosbynews.com,1,50,Discoverable,,pass,fail,fail,fail,skip,skip,skip,pass,pass,mcp-server-card-json,,14,0.2.0-draft,2026-08-04
cross-deck.com,1,85,Connectable,,fail,fail,pass,pass,pass,fail,skip,pass,pass,,modern,20,0.2.0-draft,2026-08-04
crossfin.dev,1,10,Text-only,,fail,fail,fail,fail,skip,skip,skip,pass,fail,,,14,0.2.0-draft,2026-08-04
crosswire-api.com,1,0,Absent,,fail,fail,fail,fail,skip,skip,skip,fail,fail,,,23,0.2.0-draft,2026-08-04
crowdhum.com,1,70,Connectable,,fail,fail,pass,pass,pass,fail,skip,fail,fail,,modern,20,0.2.0-draft,2026-08-04
crowterminal.com,1,50,Discoverable,,pass,fail,fail,fail,skip,skip,skip,pass,pass,mcp-json,,26,0.2.0-draft,2026-08-04
crowvault.ai,1,0,Absent,,error,fail,fail,error,skip,skip,skip,fail,fail,,,34,0.2.0-draft,2026-08-04
crucibleui.com,1,10,Text-only,,fail,fail,fail,fail,skip,skip,skip,pass,fail,,,16,0.2.0-draft,2026-08-04
crustapi.com,1,10,Text-only,,fail,fail,fail,fail,skip,skip,skip,pass,fail,,,14,0.2.0-draft,2026-08-04
crypto-intel-mcp-production.up.railway.app,1,0,Absent,,error,fail,fail,error,skip,skip,skip,fail,fail,,,39,0.2.0-draft,2026-08-04
crypto-news-x402-production.up.railway.app,1,0,Absent,,fail,fail,fail,fail,skip,skip,skip,fail,fail,,,27,0.2.0-draft,2026-08-04
cryptoexchange.discount,1,50,Discoverable,,pass,fail,fail,pass,skip,skip,skip,pass,pass,mcp-bare|mcp-server-card-json,,17,0.2.0-draft,2026-08-04
cryptogate.live,1,0,Absent,,fail,fail,fail,fail,skip,skip,skip,fail,fail,,,17,0.2.0-draft,2026-08-04
cryptogenesis.duckdns.org,1,0,Absent,,error,fail,fail,error,skip,skip,skip,fail,fail,,,34,0.2.0-draft,2026-08-04
cryptohopper.com,1,15,Text-only,,fail,fail,fail,fail,skip,skip,skip,pass,pass,,,26,0.2.0-draft,2026-08-04
cryptopolitan.com,1,80,Connectable,,pass,fail,fail,fail,pass,fail,skip,pass,fail,mcp-json,legacy,33,0.2.0-draft,2026-08-04
cryptoquant.com,1,15,Text-only,,fail,fail,fail,fail,skip,skip,skip,pass,pass,,,15,0.2.0-draft,2026-08-04
cryptorefills.com,1,80,Connectable,,pass,fail,fail,fail,pass,pass,fail,pass,fail,mcp-json,legacy,35,0.2.0-draft,2026-08-04
cryptotaxedge.com,1,85,Connectable,,pass,fail,fail,fail,pass,fail,skip,pass,pass,mcp-json,modern,20,0.2.0-draft,2026-08-04
cryptowhaleinsights.com,1,15,Text-only,,fail,fail,fail,fail,skip,skip,skip,pass,pass,,,13,0.2.0-draft,2026-08-04
csclear.net,1,70,Connectable,,pass,fail,pass,fail,pass,pass,fail,fail,fail,server-card-endpoint-relative,legacy,23,0.2.0-draft,2026-08-04
csidia.com,1,100,Agent-ready,,pass,fail,pass,fail,pass,pass,pass,pass,pass,mcp-json,legacy,27,0.2.0-draft,2026-08-04
csoluble.media,1,15,Text-only,,fail,fail,fail,fail,skip,skip,skip,pass,pass,,,16,0.2.0-draft,2026-08-04
csquaredsystems.com,1,0,Absent,,error,fail,fail,error,skip,skip,skip,fail,fail,,,46,0.2.0-draft,2026-08-04
csv-to-json-production-0ca3.up.railway.app,1,0,Absent,,fail,fail,fail,fail,skip,skip,skip,fail,fail,,,27,0.2.0-draft,2026-08-04
csv-to-json-x402-production.up.railway.app,1,0,Absent,,fail,fail,fail,fail,skip,skip,skip,fail,fail,,,27,0.2.0-draft,2026-08-04
ctlsurf.com,1,10,Text-only,,fail,fail,fail,fail,skip,skip,skip,pass,fail,,,13,0.2.0-draft,2026-08-04
ctrl.build,1,0,Absent,,fail,fail,fail,fail,skip,skip,skip,fail,fail,,,25,0.2.0-draft,2026-08-04
ctxfile.dev,1,10,Text-only,,fail,fail,fail,fail,skip,skip,skip,pass,fail,,,14,0.2.0-draft,2026-08-04
cualbet.com,1,0,Absent,,error,fail,fail,error,skip,skip,skip,fail,fail,,,46,0.2.0-draft,2026-08-04
cueapi.ai,1,15,Text-only,,fail,fail,fail,fail,skip,skip,skip,pass,pass,,,17,0.2.0-draft,2026-08-04
cueframe.ai,1,50,Discoverable,,pass,fail,fail,fail,skip,skip,skip,pass,pass,mcp-server-card-json,,15,0.2.0-draft,2026-08-04
culture.sbs,1,95,Agent-ready,,fail,fail,pass,fail,pass,pass,pass,pass,fail,,legacy,19,0.2.0-draft,2026-08-04
culturelib.fr,1,15,Text-only,,fail,fail,fail,fail,skip,skip,skip,pass,pass,,,27,0.2.0-draft,2026-08-04
cup24.it,1,0,Absent,,fail,fail,fail,fail,skip,skip,skip,fail,fail,,,16,0.2.0-draft,2026-08-04
curagent.io,1,85,Connectable,,fail,fail,pass,fail,pass,pass,pass,fail,fail,,modern,21,0.2.0-draft,2026-08-04
curecancerwithai.com,1,0,Absent,,fail,fail,fail,fail,skip,skip,skip,fail,fail,,,15,0.2.0-draft,2026-08-04
curie.app,1,5,Text-only,,fail,fail,fail,fail,skip,skip,skip,fail,pass,,,15,0.2.0-draft,2026-08-04
curie.co,1,5,Text-only,,fail,fail,fail,fail,skip,skip,skip,fail,pass,,,17,0.2.0-draft,2026-08-04
currency-converter-x402-production.up.railway.app,1,0,Absent,,fail,fail,fail,fail,skip,skip,skip,fail,fail,,,27,0.2.0-draft,2026-08-04
currency-intel-mcp-production.up.railway.app,1,0,Absent,,error,fail,fail,error,skip,skip,skip,fail,fail,,,38,0.2.0-draft,2026-08-04
currencyguard.com,1,100,Agent-ready,,fail,fail,pass,fail,pass,pass,pass,pass,pass,,legacy,23,0.2.0-draft,2026-08-04
custom-digital-services.fr,1,0,Absent,,error,fail,fail,error,skip,skip,skip,fail,fail,,,3,0.2.0-draft,2026-08-04
customblinds.co.za,1,50,Discoverable,,pass,fail,fail,fail,fail,skip,skip,pass,pass,ai-catalog|mcp-json|mcp-server-card-json,,18,0.2.0-draft,2026-08-04
customdomain.ai,1,45,Discoverable,,fail,fail,fail,pass,skip,skip,skip,pass,fail,,,17,0.2.0-draft,2026-08-04
customjs.space,1,0,Absent,,fail,fail,fail,fail,skip,skip,skip,fail,fail,,,29,0.2.0-draft,2026-08-04
customs.dog,1,10,Text-only,,fail,fail,fail,fail,skip,skip,skip,pass,fail,,,14,0.2.0-draft,2026-08-04
customswise-api.onrender.com,1,70,Connectable,,fail,fail,pass,fail,pass,fail,skip,fail,fail,,legacy,32,0.2.0-draft,2026-08-04
custosa.com,1,10,Text-only,,fail,fail,fail,fail,skip,skip,skip,pass,fail,,,15,0.2.0-draft,2026-08-04
cut.pro,1,85,Connectable,,pass,fail,fail,pass,pass,fail,skip,pass,pass,mcp-server-card-json,modern,19,0.2.0-draft,2026-08-04
cuttingtoolsai.eu,1,10,Text-only,,fail,fail,fail,fail,skip,skip,skip,pass,fail,,,14,0.2.0-draft,2026-08-04
cve-security.com,1,50,Discoverable,,pass,fail,fail,fail,fail,skip,skip,pass,pass,mcp-server-card-json,,14,0.2.0-draft,2026-08-04
cyber-intel-mcp-production.up.railway.app,1,0,Absent,,error,fail,fail,error,skip,skip,skip,fail,fail,,,37,0.2.0-draft,2026-08-04
cyberelf.link,1,0,Absent,,fail,fail,fail,fail,skip,skip,skip,fail,fail,,,27,0.2.0-draft,2026-08-04
cyclesite.co.uk,1,85,Connectable,,pass,fail,fail,pass,pass,fail,skip,pass,pass,mcp-json|mcp-server-card-json,legacy,32,0.2.0-draft,2026-08-04
cyclingcoachai.com,1,15,Text-only,,fail,fail,fail,fail,skip,skip,skip,pass,pass,,,14,0.2.0-draft,2026-08-04
cycloid.io,1,0,Absent,,error,fail,fail,error,skip,skip,skip,fail,fail,,,40,0.2.0-draft,2026-08-04
cymetica.com,1,50,Discoverable,,pass,fail,fail,pass,fail,skip,skip,pass,pass,mcp-json|mcp-bare,,22,0.2.0-draft,2026-08-04
cymosoft.com,1,75,Connectable,,fail,fail,pass,fail,pass,pass,fail,fail,pass,,legacy,19,0.2.0-draft,2026-08-04
cyphrex.io,1,5,Text-only,,fail,fail,fail,fail,skip,skip,skip,fail,pass,,,16,0.2.0-draft,2026-08-04
cypress.io,1,70,Connectable,,fail,fail,pass,pass,pass,fail,skip,fail,fail,,modern,35,0.2.0-draft,2026-08-04
cz-agents.dev,1,10,Text-only,,fail,fail,fail,fail,skip,skip,skip,pass,fail,,,18,0.2.0-draft,2026-08-04
d.cv,1,100,Agent-ready,,fail,fail,pass,fail,pass,pass,pass,pass,pass,,legacy,19,0.2.0-draft,2026-08-04
d50.ai,1,15,Text-only,,fail,fail,fail,fail,skip,skip,skip,pass,pass,,,16,0.2.0-draft,2026-08-04
dabble.me,1,80,Connectable,,fail,fail,pass,pass,pass,fail,skip,pass,fail,,modern,18,0.2.0-draft,2026-08-04
dacix.store,1,100,Agent-ready,,fail,fail,pass,fail,pass,pass,pass,pass,pass,,legacy,19,0.2.0-draft,2026-08-04
dadan.io,1,85,Connectable,,pass,fail,fail,pass,pass,fail,skip,pass,pass,mcp-server-card-json,modern,34,0.2.0-draft,2026-08-04
daedalmap.com,1,15,Text-only,,fail,fail,fail,fail,skip,skip,skip,pass,pass,,,26,0.2.0-draft,2026-08-04
daedalusdevelopmentgroup.com,1,15,Text-only,,fail,fail,fail,fail,skip,skip,skip,pass,pass,,,16,0.2.0-draft,2026-08-04
daemoon.dev,1,50,Discoverable,,pass,fail,fail,pass,fail,skip,skip,pass,pass,mcp-json|mcp-server-card-json,,27,0.2.0-draft,2026-08-04
dalalos.in,1,15,Text-only,,fail,fail,fail,fail,skip,skip,skip,pass,pass,,,21,0.2.0-draft,2026-08-04
dania.ai,1,5,Text-only,,fail,fail,fail,fail,skip,skip,skip,fail,pass,,,13,0.2.0-draft,2026-08-04
danielsdesignstudio.com,1,90,Agent-ready,,pass,fail,pass,fail,pass,pass,pass,fail,pass,mcp-json,legacy,25,0.2.0-draft,2026-08-04
danielsuchan.dev,1,15,Text-only,,fail,fail,fail,fail,skip,skip,skip,pass,pass,,,19,0.2.0-draft,2026-08-04
danubeai.com,1,0,Absent,,fail,fail,fail,fail,skip,skip,skip,fail,fail,,,17,0.2.0-draft,2026-08-04
dap.solutions,1,15,Text-only,,fail,fail,fail,fail,skip,skip,skip,pass,pass,,,26,0.2.0-draft,2026-08-04
dapdip.com,1,50,Discoverable,,pass,fail,fail,fail,fail,skip,skip,pass,pass,mcp-json,,27,0.2.0-draft,2026-08-04
dappgrade.vercel.app,1,70,Connectable,,fail,fail,pass,fail,pass,fail,skip,fail,fail,,legacy,32,0.2.0-draft,2026-08-04
darkweb-breach-mcp.vercel.app,1,0,Absent,,fail,fail,fail,fail,skip,skip,skip,fail,fail,,,27,0.2.0-draft,2026-08-04
darwin-ideation-mcp.vercel.app,1,0,Absent,,fail,fail,fail,fail,skip,skip,skip,fail,fail,,,27,0.2.0-draft,2026-08-04
dashboardbase.com,1,0,Absent,,fail,fail,fail,fail,skip,skip,skip,fail,fail,,,15,0.2.0-draft,2026-08-04
data-apis.com,1,10,Text-only,,fail,fail,fail,fail,skip,skip,skip,pass,fail,,,27,0.2.0-draft,2026-08-04
data-compliance-mcp-production.up.railway.app,1,35,Discoverable,,pass,fail,fail,fail,skip,skip,skip,fail,fail,mcp-server-card-json,,27,0.2.0-draft,2026-08-04
data-observability-mcp.vercel.app,1,0,Absent,,fail,fail,fail,fail,skip,skip,skip,fail,fail,,,27,0.2.0-draft,2026-08-04
data-portal-172867820131.us-west1.run.app,1,80,Connectable,,pass,fail,pass,fail,pass,fail,skip,pass,fail,mcp-json,legacy,32,0.2.0-draft,2026-08-04
data-pulse.my,1,15,Text-only,,fail,fail,fail,fail,skip,skip,skip,pass,pass,,,16,0.2.0-draft,2026-08-04
data247.com,1,0,Absent,,fail,fail,fail,fail,skip,skip,skip,fail,fail,,,32,0.2.0-draft,2026-08-04
dataassist.io,1,10,Text-only,,fail,fail,fail,fail,skip,skip,skip,pass,fail,,,14,0.2.0-draft,2026-08-04
databazaar.io,1,80,Connectable,,fail,fail,pass,pass,pass,fail,skip,pass,fail,,modern,20,0.2.0-draft,2026-08-04
databr.api.br,1,0,Absent,,error,fail,fail,error,skip,skip,skip,fail,fail,,,36,0.2.0-draft,2026-08-04
databricks.com,1,10,Text-only,,fail,fail,fail,fail,skip,skip,skip,pass,fail,,,35,0.2.0-draft,2026-08-04
datachain.workers.dev,1,0,Absent,,error,fail,fail,error,skip,skip,skip,fail,fail,,,6,0.2.0-draft,2026-08-04
dataclawe.com,1,0,Absent,,fail,fail,fail,fail,skip,skip,skip,fail,fail,,,16,0.2.0-draft,2026-08-04
datacommenter.com,1,5,Text-only,,fail,fail,fail,fail,skip,skip,skip,fail,pass,,,17,0.2.0-draft,2026-08-04
datadoe.com,1,15,Text-only,,fail,fail,fail,fail,skip,skip,skip,pass,pass,,,28,0.2.0-draft,2026-08-04
datadoghq.com,1,10,Text-only,,fail,fail,fail,fail,skip,skip,skip,pass,fail,,,24,0.2.0-draft,2026-08-04
dataecho.ai,1,100,Agent-ready,,fail,fail,pass,fail,pass,pass,pass,pass,pass,,legacy,22,0.2.0-draft,2026-08-04
dataforb2b.ai,1,15,Text-only,,fail,fail,fail,fail,skip,skip,skip,pass,pass,,,16,0.2.0-draft,2026-08-04
datagraph.city,1,90,Agent-ready,,fail,fail,pass,pass,pass,pass,pass,fail,pass,,legacy,21,0.2.0-draft,2026-08-04
datahealth-observer-mcp.vercel.app,1,0,Absent,,fail,fail,fail,fail,skip,skip,skip,fail,fail,,,27,0.2.0-draft,2026-08-04
datahyena.com,1,50,Discoverable,,pass,fail,fail,fail,skip,skip,skip,pass,pass,mcp-server-card-json,,16,0.2.0-draft,2026-08-04
datakoot.com,1,10,Text-only,,fail,fail,fail,fail,skip,skip,skip,pass,fail,,,14,0.2.0-draft,2026-08-04
datalastic.com,1,0,Absent,,fail,fail,fail,fail,skip,skip,skip,fail,fail,,,17,0.2.0-draft,2026-08-04
datamcp.app,1,15,Text-only,,fail,fail,fail,fail,skip,skip,skip,pass,pass,,,15,0.2.0-draft,2026-08-04
datamerge.ai,1,10,Text-only,,fail,fail,fail,fail,skip,skip,skip,pass,fail,,,28,0.2.0-draft,2026-08-04
datanest-stores.pages.dev,1,80,Connectable,,pass,fail,fail,fail,pass,fail,skip,pass,fail,mcp-json,legacy,21,0.2.0-draft,2026-08-04
datanexusmcp.com,1,75,Connectable,,pass,fail,pass,fail,pass,fail,skip,fail,pass,mcp-server-card-json,legacy,19,0.2.0-draft,2026-08-04
datanika.io,1,5,Text-only,,fail,fail,fail,fail,skip,skip,skip,fail,pass,,,14,0.2.0-draft,2026-08-04
datao.ma,1,15,Text-only,,fail,fail,fail,fail,skip,skip,skip,pass,pass,,,15,0.2.0-draft,2026-08-04
dataplex-consulting.com,1,70,Connectable,,fail,fail,pass,fail,pass,pass,fail,fail,fail,,legacy,36,0.2.0-draft,2026-08-04
dataroia.com,1,0,Absent,,fail,fail,fail,fail,skip,skip,skip,fail,fail,,,16,0.2.0-draft,2026-08-04
datasignalslab.com,1,50,Discoverable,,pass,fail,fail,fail,fail,skip,skip,pass,pass,ai-catalog,,17,0.2.0-draft,2026-08-04
datastream.googleapis.com,1,70,Connectable,,fail,fail,pass,pass,pass,fail,skip,fail,fail,,legacy,32,0.2.0-draft,2026-08-04
datavessel.io,1,0,Absent,,fail,fail,fail,fail,skip,skip,skip,fail,fail,,,17,0.2.0-draft,2026-08-04
datpaq.com,1,85,Connectable,,pass,fail,fail,fail,pass,fail,skip,pass,pass,mcp-json,modern,24,0.2.0-draft,2026-08-04
datronis.com,1,15,Text-only,,fail,fail,fail,fail,skip,skip,skip,pass,pass,,,12,0.2.0-draft,2026-08-04
daxoom.com,1,10,Text-only,,fail,fail,fail,fail,skip,skip,skip,pass,fail,,,17,0.2.0-draft,2026-08-04
dayze.com,1,50,Discoverable,,pass,fail,fail,pass,fail,skip,skip,pass,pass,mcp-json|mcp-server-card-json,,14,0.2.0-draft,2026-08-04
dbssearch.today,1,0,Absent,,fail,fail,fail,fail,skip,skip,skip,fail,fail,,,15,0.2.0-draft,2026-08-04
dbtrail.com,1,0,Absent,,fail,fail,fail,fail,skip,skip,skip,fail,fail,,,14,0.2.0-draft,2026-08-04
dcamethod.com,1,50,Discoverable,,pass,fail,fail,pass,skip,skip,skip,pass,pass,mcp-server-card-json,,13,0.2.0-draft,2026-08-04
dchub.cloud,1,85,Connectable,,pass,fail,fail,pass,pass,fail,skip,pass,pass,mcp-json|mcp-bare|mcp-server-card-json,legacy,18,0.2.0-draft,2026-08-04
ddnsip.cn,1,0,Absent,,fail,fail,fail,fail,skip,skip,skip,fail,fail,,,14,0.2.0-draft,2026-08-04
deadbeatradar.com,1,0,Absent,,fail,fail,fail,fail,skip,skip,skip,fail,fail,,,14,0.2.0-draft,2026-08-04
deadbeatradar.workers.dev,1,0,Absent,,error,fail,fail,error,skip,skip,skip,fail,fail,,,6,0.2.0-draft,2026-08-04
deadends.dev,1,50,Discoverable,,pass,pass,fail,fail,skip,skip,skip,pass,pass,mcp-json|mcp-server-card-json,,15,0.2.0-draft,2026-08-04
deadsimple.email,1,15,Text-only,,fail,fail,fail,fail,skip,skip,skip,pass,pass,,,15,0.2.0-draft,2026-08-04
dealermax.app,1,80,Connectable,,pass,fail,fail,fail,pass,fail,skip,pass,fail,mcp-json,legacy,22,0.2.0-draft,2026-08-04
dealfilter.ai,1,45,Discoverable,,fail,fail,fail,pass,skip,skip,skip,pass,fail,,,17,0.2.0-draft,2026-08-04
deali.co.il,1,50,Discoverable,,pass,fail,fail,fail,skip,skip,skip,pass,pass,mcp-server-card-json,,27,0.2.0-draft,2026-08-04
dealmachine.com,1,0,Absent,,fail,fail,fail,fail,skip,skip,skip,skip,fail,,,16,0.2.0-draft,2026-08-04
dealscanner.io,1,15,Text-only,,fail,fail,fail,fail,skip,skip,skip,pass,pass,,,27,0.2.0-draft,2026-08-04
dealsurface.com,1,0,Absent,,fail,fail,fail,fail,skip,skip,skip,fail,fail,,,27,0.2.0-draft,2026-08-04
deapi.ai,1,10,Text-only,,fail,fail,fail,fail,skip,skip,skip,pass,fail,,,16,0.2.0-draft,2026-08-04
debitura.com,1,80,Connectable,,fail,fail,pass,fail,pass,fail,skip,pass,fail,,modern,29,0.2.0-draft,2026-08-04
debridge.com,1,85,Connectable,,pass,fail,fail,fail,pass,fail,skip,pass,pass,mcp-json,legacy,20,0.2.0-draft,2026-08-04
debugbundle.com,1,10,Text-only,,fail,fail,fail,fail,skip,skip,skip,pass,fail,,,19,0.2.0-draft,2026-08-04
decibelshield.app,1,100,Agent-ready,,pass,fail,pass,fail,pass,pass,pass,pass,pass,mcp-json,legacy,25,0.2.0-draft,2026-08-04
decide.fyi,1,95,Agent-ready,,pass,fail,pass,fail,pass,pass,pass,pass,fail,mcp-server-card-json,legacy,38,0.2.0-draft,2026-08-04
decision-anchor.com,1,80,Connectable,,pass,fail,pass,fail,pass,fail,skip,pass,fail,ai-catalog,legacy,24,0.2.0-draft,2026-08-04
decisionlog.ai,1,70,Connectable,,pass,fail,fail,pass,pass,fail,skip,fail,fail,mcp-json,modern,34,0.2.0-draft,2026-08-04
decker-ai.com,1,10,Text-only,,fail,fail,fail,fail,skip,skip,skip,pass,fail,,,16,0.2.0-draft,2026-08-04
deckextract.com,1,45,Discoverable,,fail,fail,fail,pass,skip,skip,skip,pass,fail,,,14,0.2.0-draft,2026-08-04
deepbluebase.xyz,1,0,Absent,,error,fail,fail,error,skip,skip,skip,fail,fail,,,49,0.2.0-draft,2026-08-04
deepfake-lens-mcp.vercel.app,1,0,Absent,,fail,fail,fail,fail,skip,skip,skip,fail,fail,,,26,0.2.0-draft,2026-08-04
deepfake-sentinel-mcp.vercel.app,1,0,Absent,,fail,fail,fail,fail,skip,skip,skip,fail,fail,,,26,0.2.0-draft,2026-08-04
deepgent.net,1,10,Text-only,,fail,fail,fail,fail,skip,skip,skip,pass,fail,,,18,0.2.0-draft,2026-08-04
deepidv.com,1,15,Text-only,,fail,fail,fail,fail,skip,skip,skip,pass,pass,,,30,0.2.0-draft,2026-08-04
deepledger.ai,1,10,Text-only,,fail,fail,fail,fail,skip,skip,skip,pass,fail,,,15,0.2.0-draft,2026-08-04
deepmapai.com,1,35,Discoverable,,pass,fail,fail,fail,skip,skip,skip,fail,fail,mcp-json,,14,0.2.0-draft,2026-08-04
deepmind.google,1,10,Text-only,,fail,fail,fail,fail,skip,skip,skip,pass,fail,,,23,0.2.0-draft,2026-08-04
deepminer.com.cn,1,0,Absent,,fail,fail,fail,fail,skip,skip,skip,fail,fail,,,14,0.2.0-draft,2026-08-04
deeppane.com,1,15,Text-only,,fail,fail,fail,fail,skip,skip,skip,pass,pass,,,15,0.2.0-draft,2026-08-04
deeprecall.io,1,15,Text-only,,fail,fail,fail,fail,skip,skip,skip,pass,pass,,,28,0.2.0-draft,2026-08-04
deepseoanalysis.com,1,10,Text-only,,fail,fail,fail,fail,skip,skip,skip,pass,fail,,,13,0.2.0-draft,2026-08-04
deepskyai.com,1,15,Text-only,,fail,fail,fail,fail,skip,skip,skip,pass,pass,,,39,0.2.0-draft,2026-08-04
deepvoice-guard-mcp.vercel.app,1,0,Absent,,fail,fail,fail,fail,skip,skip,skip,fail,fail,,,26,0.2.0-draft,2026-08-04
deerdawn.com,1,50,Discoverable,,pass,fail,fail,pass,skip,skip,skip,pass,pass,mcp-server-card-json,,15,0.2.0-draft,2026-08-04
defaultprivacy.com,1,85,Connectable,,fail,pass,pass,fail,pass,fail,skip,pass,pass,,legacy,19,0.2.0-draft,2026-08-04
defaultverifier.com,1,0,Absent,,fail,fail,fail,fail,skip,skip,skip,fail,fail,,,14,0.2.0-draft,2026-08-04
defi-sentinel-mcp.vercel.app,1,0,Absent,,fail,fail,fail,fail,skip,skip,skip,fail,fail,,,25,0.2.0-draft,2026-08-04
defi-yields-x402-production.up.railway.app,1,0,Absent,,fail,fail,fail,fail,skip,skip,skip,fail,fail,,,25,0.2.0-draft,2026-08-04
defianceinternational.io,1,85,Connectable,,pass,fail,pass,fail,pass,fail,skip,pass,pass,ai-catalog,legacy,18,0.2.0-draft,2026-08-04
defici.com,1,50,Discoverable,,pass,fail,fail,fail,skip,skip,skip,pass,pass,mcp-json,,17,0.2.0-draft,2026-08-04
defimind.ai,1,0,Absent,,fail,fail,fail,fail,skip,skip,skip,fail,fail,,,16,0.2.0-draft,2026-08-04
defited.com,1,0,Absent,,error,fail,fail,error,skip,skip,skip,fail,fail,,,3,0.2.0-draft,2026-08-04
deinai.ai,1,0,Absent,,fail,fail,fail,fail,skip,skip,skip,fail,fail,,,14,0.2.0-draft,2026-08-04
delega.ai,1,5,Text-only,,fail,fail,fail,fail,skip,skip,skip,fail,pass,,,27,0.2.0-draft,2026-08-04
delegation.school,1,95,Agent-ready,,pass,fail,pass,fail,pass,pass,pass,pass,fail,mcp-json,legacy,19,0.2.0-draft,2026-08-04
delora.build,1,0,Absent,,fail,fail,fail,fail,skip,skip,skip,fail,fail,,,17,0.2.0-draft,2026-08-04
delphi-oracle.onrender.com,1,35,Discoverable,,pass,fail,fail,fail,skip,skip,skip,fail,fail,mcp-server-card-json,,25,0.2.0-draft,2026-08-04
delvynstudio.com,1,15,Text-only,,fail,fail,fail,fail,skip,skip,skip,pass,pass,,,15,0.2.0-draft,2026-08-04
delx.ai,1,45,Discoverable,,pass,fail,fail,fail,skip,skip,skip,pass,fail,mcp-json|mcp-server-card-json,,18,0.2.0-draft,2026-08-04
demanddiscovery.ai,1,10,Text-only,,fail,fail,fail,fail,skip,skip,skip,pass,fail,,,15,0.2.0-draft,2026-08-04
demiton.io,1,15,Text-only,,fail,fail,fail,fail,skip,skip,skip,pass,pass,,,14,0.2.0-draft,2026-08-04
demo.st,1,0,Absent,,error,error,fail,error,skip,skip,skip,fail,fail,,,9,0.2.0-draft,2026-08-04
demomagic.ai,1,15,Text-only,,fail,fail,fail,fail,skip,skip,skip,pass,pass,,,14,0.2.0-draft,2026-08-04
denialpath.vercel.app,1,85,Connectable,,fail,fail,pass,fail,pass,fail,skip,pass,pass,,legacy,31,0.2.0-draft,2026-08-04
deooch.com,1,10,Text-only,,fail,fail,fail,fail,skip,skip,skip,pass,fail,,,27,0.2.0-draft,2026-08-04
departi.eu,1,85,Connectable,,pass,fail,fail,fail,pass,pass,fail,pass,pass,mcp-json,legacy,21,0.2.0-draft,2026-08-04
depfeed.dev,1,50,Discoverable,,fail,fail,fail,pass,skip,skip,skip,pass,pass,,,35,0.2.0-draft,2026-08-04
depixapp.com,1,80,Connectable,,fail,fail,pass,pass,pass,fail,skip,pass,fail,,modern,24,0.2.0-draft,2026-08-04
deplion.cc,1,35,Discoverable,,fail,fail,fail,pass,skip,skip,skip,fail,fail,,,14,0.2.0-draft,2026-08-04
deployment.io,1,15,Text-only,,fail,fail,fail,fail,skip,skip,skip,pass,pass,,,15,0.2.0-draft,2026-08-04
deploytoagents.com,1,45,Discoverable,,pass,fail,fail,fail,fail,skip,skip,pass,fail,ai-catalog,,21,0.2.0-draft,2026-08-04
depscope.dev,1,50,Discoverable,,pass,fail,fail,fail,skip,skip,skip,pass,pass,mcp-json,,16,0.2.0-draft,2026-08-04
depthfeed.com,1,100,Agent-ready,,fail,fail,pass,fail,pass,pass,pass,pass,pass,,legacy,22,0.2.0-draft,2026-08-04
depureco.com,1,10,Text-only,,fail,fail,fail,fail,skip,skip,skip,pass,fail,,,24,0.2.0-draft,2026-08-04
derod.org,1,15,Text-only,,fail,fail,fail,fail,skip,skip,skip,pass,pass,,,18,0.2.0-draft,2026-08-04
descope.com,1,80,Connectable,,pass,fail,fail,pass,pass,fail,skip,pass,fail,mcp-server-card-json,modern,35,0.2.0-draft,2026-08-04
design.googleapis.com,1,70,Connectable,,fail,fail,pass,fail,pass,fail,skip,fail,fail,,legacy,30,0.2.0-draft,2026-08-04
designare.at,1,100,Agent-ready,,pass,fail,fail,fail,pass,pass,pass,pass,pass,mcp-json,legacy,29,0.2.0-draft,2026-08-04
designbycurio.com,1,10,Text-only,,fail,fail,fail,fail,skip,skip,skip,pass,fail,,,19,0.2.0-draft,2026-08-04
designesy.org,1,95,Agent-ready,,pass,fail,pass,fail,pass,pass,pass,pass,fail,mcp-server-card-json,modern,37,0.2.0-draft,2026-08-04
designvault.net,1,0,Absent,,fail,fail,fail,fail,skip,skip,skip,fail,fail,,,28,0.2.0-draft,2026-08-04
deskcrew.ai,1,85,Connectable,,pass,fail,pass,fail,pass,pass,fail,pass,pass,mcp-json,legacy,22,0.2.0-draft,2026-08-04
deskcrew.io,1,10,Text-only,,fail,fail,fail,fail,skip,skip,skip,pass,fail,,,16,0.2.0-draft,2026-08-04
desktopcommander.app,1,5,Text-only,,fail,fail,fail,fail,skip,skip,skip,fail,pass,,,19,0.2.0-draft,2026-08-04
destinymatrixcalc.com,1,10,Text-only,,fail,fail,fail,fail,skip,skip,skip,pass,fail,,,16,0.2.0-draft,2026-08-04
desvela.dev,1,45,Discoverable,,pass,fail,fail,fail,fail,skip,skip,pass,fail,ai-catalog,,21,0.2.0-draft,2026-08-04
details.page,1,0,Absent,,fail,fail,fail,fail,skip,skip,skip,fail,fail,,,16,0.2.0-draft,2026-08-04
dethboy.com,1,0,Absent,,fail,fail,fail,fail,skip,skip,skip,fail,fail,,,29,0.2.0-draft,2026-08-04
detourmap.com,1,95,Agent-ready,,fail,fail,pass,fail,pass,pass,pass,pass,fail,,legacy,21,0.2.0-draft,2026-08-04
deusproof.com,1,95,Agent-ready,,pass,fail,fail,fail,pass,pass,pass,pass,fail,mcp-server-card-json,legacy,20,0.2.0-draft,2026-08-04
dev-match.xyz,1,80,Connectable,,pass,fail,fail,pass,pass,fail,skip,pass,fail,mcp-json,legacy,23,0.2.0-draft,2026-08-04
devadex.com,1,95,Agent-ready,,fail,fail,pass,fail,pass,pass,pass,pass,fail,,legacy,21,0.2.0-draft,2026-08-04
devcycle.com,1,10,Text-only,,fail,fail,fail,fail,skip,skip,skip,pass,fail,,,20,0.2.0-draft,2026-08-04
devdrops.run,1,45,Discoverable,,pass,fail,fail,fail,skip,skip,skip,pass,fail,mcp-json|mcp-server-card-json,,18,0.2.0-draft,2026-08-04
developerknowledge.googleapis.com,1,70,Connectable,,fail,fail,pass,pass,pass,fail,skip,fail,fail,,legacy,34,0.2.0-draft,2026-08-04
devexpress.com,1,0,Absent,,fail,fail,fail,fail,skip,skip,skip,fail,fail,,,28,0.2.0-draft,2026-08-04
device-house-mcp.fly.dev,1,70,Connectable,,pass,fail,pass,fail,pass,fail,skip,fail,fail,mcp-json,legacy,21,0.2.0-draft,2026-08-04
device.house,1,0,Absent,,fail,fail,fail,fail,skip,skip,skip,fail,fail,,,16,0.2.0-draft,2026-08-04
deviceshelf.app,1,10,Text-only,,fail,fail,fail,fail,skip,skip,skip,pass,fail,,,17,0.2.0-draft,2026-08-04
devopness.com,1,0,Absent,,fail,fail,fail,fail,skip,skip,skip,fail,fail,,,21,0.2.0-draft,2026-08-04
devopsagent.io,1,35,Discoverable,,fail,fail,fail,pass,skip,skip,skip,fail,fail,,,17,0.2.0-draft,2026-08-04
devrel-amplifier-mcp.vercel.app,1,0,Absent,,fail,fail,fail,fail,skip,skip,skip,fail,fail,,,28,0.2.0-draft,2026-08-04
devrel.directory,1,80,Connectable,,fail,fail,pass,fail,pass,fail,skip,pass,fail,,legacy,37,0.2.0-draft,2026-08-04
devspeak.dev,1,0,Absent,,error,fail,fail,error,skip,skip,skip,fail,fail,,,37,0.2.0-draft,2026-08-04
devstack-mcp.vercel.app,1,70,Connectable,,fail,fail,pass,fail,pass,fail,skip,fail,fail,,legacy,33,0.2.0-draft,2026-08-04
devvizion.com,1,0,Absent,,fail,fail,fail,fail,skip,skip,skip,fail,fail,,,15,0.2.0-draft,2026-08-04
dex-quotes-x402-production.up.railway.app,1,0,Absent,,fail,fail,fail,fail,skip,skip,skip,fail,fail,,,28,0.2.0-draft,2026-08-04
dexpaprika.com,1,45,Discoverable,,pass,fail,fail,pass,fail,skip,skip,pass,fail,mcp-json,,21,0.2.0-draft,2026-08-04
dfetcher.com,1,10,Text-only,,fail,fail,fail,fail,skip,skip,skip,pass,fail,,,15,0.2.0-draft,2026-08-04
dgymaetjyvzdblryurmi.supabase.co,1,0,Absent,,fail,fail,fail,fail,skip,skip,skip,fail,fail,,,15,0.2.0-draft,2026-08-04
diagrams-mcp-production.up.railway.app,1,70,Connectable,,fail,fail,pass,fail,pass,fail,skip,fail,fail,,legacy,33,0.2.0-draft,2026-08-04
diagramzu.ai,1,70,Connectable,,fail,fail,pass,pass,pass,fail,skip,fail,fail,,modern,23,0.2.0-draft,2026-08-04
dialfetch.com,1,45,Discoverable,,fail,fail,fail,pass,skip,skip,skip,pass,fail,,,14,0.2.0-draft,2026-08-04
dialmcp.com,1,0,Absent,,fail,fail,fail,fail,skip,skip,skip,fail,fail,,,16,0.2.0-draft,2026-08-04
dialogbrain.com,1,75,Connectable,,fail,fail,pass,pass,pass,fail,skip,fail,pass,,modern,20,0.2.0-draft,2026-08-04
diavgis.gr,1,50,Discoverable,,pass,fail,fail,fail,fail,skip,skip,pass,pass,ai-catalog|mcp-server-card-json,,16,0.2.0-draft,2026-08-04
dice.com,1,0,Absent,,fail,fail,fail,fail,skip,skip,skip,fail,fail,,,30,0.2.0-draft,2026-08-04
didit.me,1,85,Connectable,,fail,fail,pass,pass,pass,fail,skip,pass,pass,,modern,22,0.2.0-draft,2026-08-04
diff-checker-production.up.railway.app,1,0,Absent,,fail,fail,fail,fail,skip,skip,skip,fail,fail,,,27,0.2.0-draft,2026-08-04
diff-checker-x402-production.up.railway.app,1,0,Absent,,fail,fail,fail,fail,skip,skip,skip,fail,fail,,,27,0.2.0-draft,2026-08-04
digestseo.com,1,15,Text-only,,fail,fail,fail,fail,skip,skip,skip,pass,pass,,,14,0.2.0-draft,2026-08-04
diggercamp.com,1,0,Absent,,fail,fail,fail,fail,skip,skip,skip,fail,fail,,,17,0.2.0-draft,2026-08-04
digitaldataonline.com,1,0,Absent,,error,fail,fail,error,skip,skip,skip,fail,fail,,,5,0.2.0-draft,2026-08-04
digitalnomadindex.com,1,15,Text-only,,fail,fail,fail,fail,skip,skip,skip,pass,pass,,,19,0.2.0-draft,2026-08-04
digitalpipe.net,1,5,Text-only,,fail,fail,fail,fail,skip,skip,skip,fail,pass,,,27,0.2.0-draft,2026-08-04
digitalpublic.com,1,80,Connectable,,pass,fail,fail,pass,pass,fail,skip,pass,fail,mcp-json,legacy,21,0.2.0-draft,2026-08-04
dillilabs.com,1,0,Absent,,fail,fail,fail,fail,skip,skip,skip,fail,fail,,,27,0.2.0-draft,2026-08-04
dimetrics.ai,1,45,Discoverable,,fail,fail,fail,pass,skip,skip,skip,pass,fail,,,25,0.2.0-draft,2026-08-04
dimhour.com,1,10,Text-only,,fail,fail,fail,fail,skip,skip,skip,pass,fail,,,14,0.2.0-draft,2026-08-04
dinglebear.ai,1,0,Absent,,error,fail,fail,error,skip,skip,skip,fail,fail,,,34,0.2.0-draft,2026-08-04
dino.markets,1,50,Discoverable,,pass,fail,fail,fail,fail,skip,skip,pass,pass,mcp-json|mcp-server-card-json,,16,0.2.0-draft,2026-08-04
dirtsignal.com,1,35,Discoverable,,pass,fail,fail,fail,skip,skip,skip,fail,fail,mcp-server-card-json,,14,0.2.0-draft,2026-08-04
disclose.io,1,15,Text-only,,fail,fail,fail,fail,skip,skip,skip,pass,pass,,,14,0.2.0-draft,2026-08-04
discoglobal.workers.dev,1,0,Absent,,error,fail,fail,error,skip,skip,skip,fail,fail,,,6,0.2.0-draft,2026-08-04
discolike.com,1,10,Text-only,,fail,fail,fail,fail,skip,skip,skip,pass,fail,,,14,0.2.0-draft,2026-08-04
discovr.es,1,0,Absent,,fail,fail,fail,fail,skip,skip,skip,fail,fail,,,17,0.2.0-draft,2026-08-04
discreterate.com,1,0,Absent,,fail,fail,fail,fail,skip,skip,skip,fail,fail,,,14,0.2.0-draft,2026-08-04
dispatchseo.com,1,10,Text-only,,fail,fail,fail,fail,skip,skip,skip,pass,fail,,,22,0.2.0-draft,2026-08-04
distribea.com,1,50,Discoverable,,pass,fail,fail,fail,fail,skip,skip,pass,pass,mcp-json,,15,0.2.0-draft,2026-08-04
distro.media,1,5,Text-only,,fail,fail,fail,fail,skip,skip,skip,fail,pass,,,14,0.2.0-draft,2026-08-04
dittu.org,1,0,Absent,,fail,fail,fail,fail,skip,skip,skip,fail,fail,,,14,0.2.0-draft,2026-08-04
divest.me,1,85,Connectable,,fail,fail,pass,fail,pass,fail,skip,pass,pass,,legacy,37,0.2.0-draft,2026-08-04
divineapi.com,1,10,Text-only,,fail,fail,fail,fail,skip,skip,skip,pass,fail,,,16,0.2.0-draft,2026-08-04
djwizard.ai,1,0,Absent,,error,fail,fail,error,skip,skip,skip,fail,fail,,,38,0.2.0-draft,2026-08-04
djzs.ai,1,10,Text-only,,fail,fail,fail,fail,skip,skip,skip,pass,fail,,,17,0.2.0-draft,2026-08-04
dm.de,1,10,Text-only,,fail,fail,fail,fail,skip,skip,skip,pass,fail,,,29,0.2.0-draft,2026-08-04
dmarc-examiner.com,1,45,Discoverable,,pass,fail,fail,fail,skip,skip,skip,pass,fail,mcp-server-card-json,,17,0.2.0-draft,2026-08-04
dmarkoff.com,1,15,Text-only,,fail,fail,fail,fail,skip,skip,skip,pass,pass,,,21,0.2.0-draft,2026-08-04
dmitri-66a.workers.dev,1,0,Absent,,error,fail,fail,error,skip,skip,skip,fail,fail,,,6,0.2.0-draft,2026-08-04
dmzagent.com,1,0,Absent,,fail,fail,fail,fail,skip,skip,skip,fail,fail,,,15,0.2.0-draft,2026-08-04
dns-lookup-production-437a.up.railway.app,1,0,Absent,,fail,fail,fail,fail,skip,skip,skip,fail,fail,,,27,0.2.0-draft,2026-08-04
dns-lookup-x402-production.up.railway.app,1,0,Absent,,fail,fail,fail,fail,skip,skip,skip,fail,fail,,,27,0.2.0-draft,2026-08-04
dnsdoctor.dev,1,85,Connectable,,pass,fail,pass,fail,pass,fail,skip,pass,pass,mcp-server-card-json,legacy,20,0.2.0-draft,2026-08-04
dnsofmoney.com,1,15,Text-only,,fail,fail,fail,fail,skip,skip,skip,pass,pass,,,16,0.2.0-draft,2026-08-04
doaiorbit.com,1,15,Text-only,,fail,fail,fail,fail,skip,skip,skip,pass,pass,,,14,0.2.0-draft,2026-08-04
dobby-ai.com,1,15,Text-only,,fail,fail,fail,fail,skip,skip,skip,pass,pass,,,16,0.2.0-draft,2026-08-04
doc.page,1,90,Agent-ready,,fail,fail,pass,fail,pass,pass,pass,fail,pass,,legacy,19,0.2.0-draft,2026-08-04
docbase.io,1,70,Connectable,,fail,fail,pass,pass,pass,fail,skip,fail,fail,,modern,22,0.2.0-draft,2026-08-04
docdeploy.io,1,0,Absent,,fail,fail,fail,fail,skip,skip,skip,fail,fail,,,23,0.2.0-draft,2026-08-04
docdigest-mcp.vercel.app,1,0,Absent,,fail,fail,fail,fail,skip,skip,skip,fail,fail,,,27,0.2.0-draft,2026-08-04
docfork.com,1,5,Text-only,,fail,fail,fail,fail,skip,skip,skip,fail,pass,,,14,0.2.0-draft,2026-08-04
dochost.io,1,5,Text-only,,fail,fail,fail,fail,skip,skip,skip,fail,pass,,,21,0.2.0-draft,2026-08-04
docimprint.com,1,10,Text-only,,skip,fail,fail,skip,skip,skip,skip,pass,fail,,,9,0.2.0-draft,2026-08-04
dockai.co,1,5,Text-only,,fail,fail,fail,fail,skip,skip,skip,fail,pass,,,14,0.2.0-draft,2026-08-04
dockhold.eu,1,95,Agent-ready,,fail,fail,pass,fail,pass,pass,pass,pass,fail,,legacy,21,0.2.0-draft,2026-08-04
docly.work,1,15,Text-only,,fail,fail,fail,fail,skip,skip,skip,pass,pass,,,13,0.2.0-draft,2026-08-04
docmancer.dev,1,10,Text-only,,fail,fail,fail,fail,skip,skip,skip,pass,fail,,,26,0.2.0-draft,2026-08-04
docpenny.com,1,15,Text-only,,fail,fail,fail,fail,skip,skip,skip,pass,pass,,,16,0.2.0-draft,2026-08-04
docrocket.ai,1,50,Discoverable,,pass,fail,fail,fail,skip,skip,skip,pass,pass,mcp-json,,17,0.2.0-draft,2026-08-04
doctors-lighting-facial-admissions.trycloudflare.com,1,0,Absent,,error,fail,fail,error,skip,skip,skip,fail,fail,,,3,0.2.0-draft,2026-08-04
docuguru.ai,1,85,Connectable,,fail,fail,pass,pass,pass,fail,skip,pass,pass,,modern,21,0.2.0-draft,2026-08-04
document-integrity-validator-mcp-production.up.railway.app,1,35,Discoverable,,pass,fail,fail,fail,skip,skip,skip,fail,fail,mcp-server-card-json,,27,0.2.0-draft,2026-08-04
docuslide-mcp-production.up.railway.app,1,0,Absent,,fail,fail,fail,fail,skip,skip,skip,fail,fail,,,27,0.2.0-draft,2026-08-04
docuwriter.ai,1,45,Discoverable,,pass,fail,fail,pass,skip,skip,skip,pass,fail,mcp-server-card-json,,27,0.2.0-draft,2026-08-04
docverdict.com,1,15,Text-only,,fail,fail,fail,fail,skip,skip,skip,pass,pass,,,14,0.2.0-draft,2026-08-04
docwand.app,1,95,Agent-ready,,fail,fail,pass,fail,pass,pass,pass,pass,fail,,legacy,22,0.2.0-draft,2026-08-04
docweave.dev,1,10,Text-only,,fail,fail,fail,fail,skip,skip,skip,pass,fail,,,13,0.2.0-draft,2026-08-04
dogleadershipacademy.com,1,15,Text-only,,fail,fail,fail,fail,skip,skip,skip,pass,pass,,,13,0.2.0-draft,2026-08-04
dojoplus.co,1,100,Agent-ready,,pass,fail,pass,fail,pass,pass,pass,pass,pass,mcp-json,legacy,38,0.2.0-draft,2026-08-04
dokumendiregister.ee,1,45,Discoverable,,pass,fail,fail,fail,skip,skip,skip,pass,fail,mcp-server-card-json,,13,0.2.0-draft,2026-08-04
domain-finder-theta.vercel.app,1,70,Connectable,,fail,fail,pass,fail,pass,fail,skip,fail,fail,,legacy,32,0.2.0-draft,2026-08-04
domain-intelligence-x402-production.up.railway.app,1,0,Absent,,fail,fail,fail,fail,skip,skip,skip,fail,fail,,,27,0.2.0-draft,2026-08-04
domaincheckr.fly.dev,1,0,Absent,,error,fail,fail,error,skip,skip,skip,fail,fail,,,3,0.2.0-draft,2026-08-04
domaindrift.io,1,95,Agent-ready,,pass,fail,pass,fail,pass,pass,pass,pass,fail,mcp-json,legacy,19,0.2.0-draft,2026-08-04
domainee.dev,1,85,Connectable,,fail,fail,pass,pass,pass,fail,skip,pass,pass,,legacy,22,0.2.0-draft,2026-08-04
domainium.io,1,5,Text-only,,fail,fail,fail,fail,skip,skip,skip,fail,pass,,,13,0.2.0-draft,2026-08-04
domainkits.com,1,80,Connectable,,fail,fail,pass,pass,pass,fail,skip,pass,fail,,legacy,26,0.2.0-draft,2026-08-04
domainposture.com,1,15,Text-only,,fail,fail,fail,fail,skip,skip,skip,pass,pass,,,25,0.2.0-draft,2026-08-04
domani.run,1,85,Connectable,,pass,fail,fail,fail,pass,fail,skip,pass,pass,mcp-json,modern,16,0.2.0-draft,2026-08-04
domduck.com,1,50,Discoverable,,pass,fail,fail,fail,skip,skip,skip,pass,pass,mcp-server-card-json,,13,0.2.0-draft,2026-08-04
dominal.in,1,0,Absent,,fail,fail,fail,fail,skip,skip,skip,fail,fail,,,14,0.2.0-draft,2026-08-04
dominionobservatory.com,1,100,Agent-ready,,pass,fail,fail,fail,pass,pass,pass,pass,pass,mcp-json|mcp-server-card-json,legacy,17,0.2.0-draft,2026-08-04
domscan.net,1,10,Text-only,,skip,fail,fail,skip,skip,skip,skip,pass,fail,,,6,0.2.0-draft,2026-08-04
donethat.ai,1,35,Discoverable,,fail,fail,fail,pass,skip,skip,skip,fail,fail,,,18,0.2.0-draft,2026-08-04
donnyautomation.com,1,0,Absent,,error,fail,fail,error,skip,skip,skip,fail,fail,,,3,0.2.0-draft,2026-08-04
donotact.com,1,0,Absent,,error,fail,fail,error,skip,skip,skip,fail,fail,,,38,0.2.0-draft,2026-08-04
doomscore.vc,1,75,Connectable,,fail,fail,pass,fail,pass,pass,fail,fail,pass,,legacy,21,0.2.0-draft,2026-08-04
doomscrollr-mcp-947725b885f2.herokuapp.com,1,80,Connectable,,pass,fail,pass,pass,pass,fail,skip,pass,fail,mcp-bare|mcp-server-card-json,modern,18,0.2.0-draft,2026-08-04
doomscrollr.com,1,80,Connectable,,pass,fail,pass,pass,pass,fail,skip,pass,fail,mcp-json|mcp-bare,modern,22,0.2.0-draft,2026-08-04
doorprofit.com,1,85,Connectable,,fail,fail,pass,pass,pass,pass,pass,fail,fail,,legacy,33,0.2.0-draft,2026-08-04
dopamineshopping.com,1,15,Text-only,,fail,fail,fail,fail,skip,skip,skip,pass,pass,,,15,0.2.0-draft,2026-08-04
doravideo.com,1,45,Discoverable,,fail,fail,fail,pass,skip,skip,skip,pass,fail,,,13,0.2.0-draft,2026-08-04
doriku.io,1,15,Text-only,,fail,fail,fail,fail,skip,skip,skip,pass,pass,,,16,0.2.0-draft,2026-08-04
doseedo.com,1,85,Connectable,,fail,fail,pass,pass,pass,fail,skip,pass,pass,,modern,19,0.2.0-draft,2026-08-04
dotnova.io,1,70,Connectable,,fail,fail,pass,fail,pass,fail,skip,fail,fail,,legacy,34,0.2.0-draft,2026-08-04
dotprompts.com,1,70,Connectable,,fail,fail,pass,pass,pass,fail,skip,fail,fail,,modern,18,0.2.0-draft,2026-08-04
dotsweep.com,1,15,Text-only,,fail,fail,fail,fail,skip,skip,skip,pass,pass,,,13,0.2.0-draft,2026-08-04
dottedsign.com,1,5,Text-only,,fail,fail,fail,fail,skip,skip,skip,fail,pass,,,24,0.2.0-draft,2026-08-04
double.finance,1,0,Absent,,fail,fail,fail,fail,skip,skip,skip,fail,fail,,,31,0.2.0-draft,2026-08-04
doxa.app,1,50,Discoverable,,pass,fail,fail,pass,skip,skip,skip,pass,pass,mcp-server-card-json,,13,0.2.0-draft,2026-08-04
dpf-it.com,1,10,Text-only,,fail,fail,fail,fail,skip,skip,skip,pass,fail,,,15,0.2.0-draft,2026-08-04
dpf.it.com,1,0,Absent,,fail,fail,fail,fail,skip,skip,skip,fail,fail,,,14,0.2.0-draft,2026-08-04
drafters.kr,1,35,Discoverable,,fail,fail,fail,pass,skip,skip,skip,fail,fail,,,17,0.2.0-draft,2026-08-04
drafto.eu,1,70,Connectable,,fail,fail,pass,fail,pass,fail,skip,fail,fail,,modern,30,0.2.0-draft,2026-08-04
drafturl.com,1,0,Absent,,fail,fail,fail,fail,skip,skip,skip,fail,fail,,,15,0.2.0-draft,2026-08-04
dragapp.com,1,15,Text-only,,fail,fail,fail,fail,skip,skip,skip,pass,pass,,,25,0.2.0-draft,2026-08-04
dragoneye.ai,1,0,Absent,,fail,fail,fail,fail,skip,skip,skip,fail,fail,,,14,0.2.0-draft,2026-08-04
draket.xyz,1,0,Absent,,error,fail,fail,error,skip,skip,skip,fail,fail,,,3,0.2.0-draft,2026-08-04
draugr.dev,1,5,Text-only,,fail,fail,fail,fail,skip,skip,skip,fail,pass,,,14,0.2.0-draft,2026-08-04
draup.technology,1,0,Absent,,error,fail,fail,error,skip,skip,skip,fail,fail,,,40,0.2.0-draft,2026-08-04
draw.io,1,0,Absent,,fail,fail,fail,fail,skip,skip,skip,fail,fail,,,18,0.2.0-draft,2026-08-04
dreameros-scs-gateway-production.up.railway.app,1,45,Discoverable,,pass,fail,fail,pass,skip,skip,skip,pass,fail,mcp-json|mcp-server-card-json,,27,0.2.0-draft,2026-08-04
dreamhall.app,1,10,Text-only,,fail,fail,fail,fail,skip,skip,skip,pass,fail,,,13,0.2.0-draft,2026-08-04
dreamlit.ai,1,45,Discoverable,,pass,fail,fail,pass,skip,skip,skip,pass,fail,mcp-server-card-json,,16,0.2.0-draft,2026-08-04
dreamsteam-production.up.railway.app,1,0,Absent,,fail,fail,fail,fail,skip,skip,skip,fail,fail,,,27,0.2.0-draft,2026-08-04
dreamtap.xyz,1,0,Absent,,fail,fail,fail,fail,skip,skip,skip,fail,fail,,,27,0.2.0-draft,2026-08-04
drengr.dev,1,10,Text-only,,fail,fail,fail,fail,skip,skip,skip,pass,fail,,,15,0.2.0-draft,2026-08-04
driflyte.com,1,0,Absent,,error,fail,fail,error,skip,skip,skip,fail,fail,,,3,0.2.0-draft,2026-08-04
drillable.com,1,85,Connectable,,pass,fail,fail,fail,pass,fail,skip,pass,pass,mcp-json|mcp-server-card-json,legacy,20,0.2.0-draft,2026-08-04
drillr.ai,1,0,Absent,,fail,fail,fail,fail,skip,skip,skip,skip,fail,,,13,0.2.0-draft,2026-08-04
drillspark.io,1,50,Discoverable,,fail,fail,fail,pass,skip,skip,skip,pass,pass,,,13,0.2.0-draft,2026-08-04
drinkedin.net,1,95,Agent-ready,,pass,fail,fail,fail,pass,pass,pass,pass,fail,mcp-json,legacy,20,0.2.0-draft,2026-08-04
dripmetrics.ai,1,70,Connectable,,fail,fail,pass,fail,pass,fail,skip,fail,fail,,legacy,23,0.2.0-draft,2026-08-04
drivara.in,1,0,Absent,,fail,fail,fail,fail,skip,skip,skip,fail,fail,,,27,0.2.0-draft,2026-08-04
drivings.com,1,85,Connectable,,fail,fail,pass,pass,pass,fail,skip,pass,pass,,legacy,22,0.2.0-draft,2026-08-04
droplinked.com,1,15,Text-only,,fail,fail,fail,fail,skip,skip,skip,pass,pass,,,16,0.2.0-draft,2026-08-04
dropthis.app,1,15,Text-only,,fail,fail,fail,fail,skip,skip,skip,pass,pass,,,18,0.2.0-draft,2026-08-04
dropwarp.com,1,15,Text-only,,fail,fail,fail,fail,skip,skip,skip,pass,pass,,,14,0.2.0-draft,2026-08-04
dropwatchhq.com,1,0,Absent,,fail,fail,fail,fail,skip,skip,skip,fail,fail,,,14,0.2.0-draft,2026-08-04
dropyour.io,1,15,Text-only,,fail,fail,fail,fail,skip,skip,skip,pass,pass,,,18,0.2.0-draft,2026-08-04
drwho.me,1,0,Absent,,fail,fail,fail,fail,skip,skip,skip,fail,fail,,,14,0.2.0-draft,2026-08-04
dsers.com,1,0,Absent,,error,fail,fail,error,skip,skip,skip,fail,fail,,,33,0.2.0-draft,2026-08-04
dsght.ai,1,85,Connectable,,pass,fail,pass,fail,pass,pass,fail,pass,pass,mcp-json,modern,35,0.2.0-draft,2026-08-04
dualregistry.dev,1,45,Discoverable,,pass,pass,fail,fail,fail,skip,skip,pass,fail,ai-catalog|mcp-json|mcp-server-card-json,,35,0.2.0-draft,2026-08-04
duck-hub.com,1,85,Connectable,,fail,fail,pass,pass,pass,fail,skip,pass,pass,,modern,33,0.2.0-draft,2026-08-04
dugganusa.com,1,15,Text-only,,fail,fail,fail,fail,skip,skip,skip,pass,pass,,,25,0.2.0-draft,2026-08-04
dukonai.com,1,0,Absent,,fail,fail,fail,fail,skip,skip,skip,fail,fail,,,16,0.2.0-draft,2026-08-04
dungbeetle.dev,1,10,Text-only,,fail,fail,fail,fail,skip,skip,skip,pass,fail,,,13,0.2.0-draft,2026-08-04
dustforge.com,1,0,Absent,,fail,fail,fail,fail,skip,skip,skip,fail,fail,,,15,0.2.0-draft,2026-08-04
duvera.ai,1,5,Text-only,,fail,fail,fail,fail,skip,skip,skip,fail,pass,,,14,0.2.0-draft,2026-08-04
duvo.ai,1,50,Discoverable,,pass,fail,fail,fail,skip,skip,skip,pass,pass,mcp-json|mcp-bare|mcp-server-card-json,,30,0.2.0-draft,2026-08-04
dwelldata.io,1,10,Text-only,,fail,fail,fail,fail,skip,skip,skip,pass,fail,,,14,0.2.0-draft,2026-08-04
dwland-aiservices.ngrok.io,1,0,Absent,,error,fail,fail,error,skip,skip,skip,fail,fail,,,51,0.2.0-draft,2026-08-04
dxbdata.io,1,45,Discoverable,,pass,fail,fail,fail,skip,skip,skip,pass,fail,ai-catalog|mcp-server-serra|mcp-json|mcp-bare|mcp-server-card-json,,14,0.2.0-draft,2026-08-04
dxptnwrhwsqckaftyymj.supabase.co,1,0,Absent,,fail,fail,fail,fail,skip,skip,skip,fail,fail,,,14,0.2.0-draft,2026-08-04
dxtra.com,1,40,Discoverable,,pass,fail,fail,fail,fail,skip,skip,fail,pass,mcp-json,,30,0.2.0-draft,2026-08-04
dynamical.org,1,35,Discoverable,,fail,fail,pass,fail,fail,skip,skip,pass,pass,,,21,0.2.0-draft,2026-08-04
dynamicfeed.ai,1,50,Discoverable,,pass,fail,fail,fail,fail,skip,skip,pass,pass,ai-catalog|mcp-json|mcp-bare|mcp-server-card-json,,17,0.2.0-draft,2026-08-04
dynamitecircle.com,1,0,Absent,,fail,fail,fail,fail,skip,skip,skip,fail,fail,,,14,0.2.0-draft,2026-08-04
dynamoi.com,1,35,Discoverable,,pass,fail,fail,pass,fail,skip,skip,fail,fail,mcp-json|mcp-server-card-json,,16,0.2.0-draft,2026-08-04
dynsoft.ai,1,0,Absent,,error,fail,fail,error,skip,skip,skip,fail,fail,,,38,0.2.0-draft,2026-08-04
dynsup.workers.dev,1,0,Absent,,error,fail,fail,error,skip,skip,skip,fail,fail,,,6,0.2.0-draft,2026-08-04
dynsuplabs.com,1,5,Text-only,,fail,fail,fail,fail,skip,skip,skip,fail,pass,,,15,0.2.0-draft,2026-08-04
e18e.dev,1,100,Agent-ready,,fail,fail,pass,fail,pass,pass,pass,pass,pass,,legacy,22,0.2.0-draft,2026-08-04
e2a.dev,1,80,Connectable,,fail,fail,pass,pass,pass,fail,skip,pass,fail,,modern,21,0.2.0-draft,2026-08-04
e2llm.com,1,50,Discoverable,,pass,fail,fail,pass,fail,skip,skip,pass,pass,ai-catalog,,21,0.2.0-draft,2026-08-04
ean-search.org,1,5,Text-only,,skip,fail,fail,skip,skip,skip,skip,skip,pass,,,4,0.2.0-draft,2026-08-04
earnidle.com,1,0,Absent,,fail,fail,fail,fail,skip,skip,skip,fail,fail,,,15,0.2.0-draft,2026-08-04
earningscalls.dev,1,50,Discoverable,,pass,fail,fail,pass,skip,skip,skip,pass,pass,mcp-server-card-json,,15,0.2.0-draft,2026-08-04
earningsfeed.com,1,85,Connectable,,pass,fail,pass,fail,pass,fail,skip,pass,pass,mcp-json,modern,18,0.2.0-draft,2026-08-04
easeclaw.com,1,45,Discoverable,,fail,fail,fail,pass,skip,skip,skip,pass,fail,,,25,0.2.0-draft,2026-08-04
easyaccesspdf.com,1,50,Discoverable,,fail,fail,fail,pass,skip,skip,skip,pass,pass,,,17,0.2.0-draft,2026-08-04
easydata.cc,1,35,Discoverable,,pass,fail,fail,pass,skip,skip,skip,fail,fail,mcp-server-card-json,,14,0.2.0-draft,2026-08-04
easykanb.app,1,45,Discoverable,,fail,fail,fail,pass,skip,skip,skip,pass,fail,,,16,0.2.0-draft,2026-08-04
easyonward.com,1,35,Discoverable,,fail,fail,pass,fail,fail,skip,skip,pass,pass,,,20,0.2.0-draft,2026-08-04
easyship.com,1,0,Absent,,fail,fail,fail,fail,skip,skip,skip,fail,fail,,,30,0.2.0-draft,2026-08-04
easywebshop.com,1,95,Agent-ready,,fail,fail,pass,fail,pass,pass,pass,pass,fail,,legacy,19,0.2.0-draft,2026-08-04
echoai.so,1,85,Connectable,,pass,fail,fail,pass,pass,fail,skip,pass,pass,mcp-server-serra|mcp-bare,legacy,21,0.2.0-draft,2026-08-04
echoloc.ai,1,85,Connectable,,fail,fail,pass,fail,pass,pass,fail,pass,pass,,legacy,21,0.2.0-draft,2026-08-04
echolonius.deno.net,1,0,Absent,,fail,fail,fail,fail,skip,skip,skip,fail,fail,,,17,0.2.0-draft,2026-08-04
echomindr.com,1,0,Absent,,error,fail,fail,error,skip,skip,skip,fail,fail,,,3,0.2.0-draft,2026-08-04
echorelay.dev,1,45,Discoverable,,pass,fail,fail,fail,skip,skip,skip,pass,fail,mcp-server-card-json,,16,0.2.0-draft,2026-08-04
echosaw.com,1,70,Connectable,,fail,fail,pass,pass,pass,fail,skip,fail,fail,,modern,21,0.2.0-draft,2026-08-04
ecliptical.io,1,0,Absent,,error,fail,fail,error,skip,skip,skip,fail,fail,,,3,0.2.0-draft,2026-08-04
eco-optimizer-mcp.vercel.app,1,0,Absent,,fail,fail,fail,fail,skip,skip,skip,fail,fail,,,27,0.2.0-draft,2026-08-04
ecoexperten.com,1,10,Text-only,,fail,fail,fail,fail,skip,skip,skip,pass,fail,,,16,0.2.0-draft,2026-08-04
economyos.xyz,1,80,Connectable,,fail,fail,pass,fail,pass,fail,skip,pass,fail,,legacy,23,0.2.0-draft,2026-08-04
ecovanmove.com,1,45,Discoverable,,fail,fail,fail,pass,skip,skip,skip,pass,fail,,,14,0.2.0-draft,2026-08-04
ecpro.tw,1,15,Text-only,,fail,fail,fail,fail,skip,skip,skip,pass,pass,,,14,0.2.0-draft,2026-08-04
edgar.tools,1,15,Text-only,,fail,fail,fail,fail,skip,skip,skip,pass,pass,,,27,0.2.0-draft,2026-08-04
edge-latency-guard-mcp.vercel.app,1,0,Absent,,fail,fail,fail,fail,skip,skip,skip,fail,fail,,,27,0.2.0-draft,2026-08-04
edgedepth.com,1,85,Connectable,,fail,fail,pass,pass,pass,fail,skip,pass,pass,,modern,24,0.2.0-draft,2026-08-04
edgelock.app,1,10,Text-only,,fail,fail,fail,fail,skip,skip,skip,pass,fail,,,29,0.2.0-draft,2026-08-04
edgrapi.com,1,100,Agent-ready,,pass,fail,fail,pass,pass,pass,pass,pass,pass,mcp-server-card-json,legacy,20,0.2.0-draft,2026-08-04
edict.sh,1,10,Text-only,,fail,fail,fail,fail,skip,skip,skip,pass,fail,,,13,0.2.0-draft,2026-08-04
edinetdb.jp,1,50,Discoverable,,fail,fail,fail,pass,skip,skip,skip,pass,pass,,,13,0.2.0-draft,2026-08-04
ediscoverydecoder.com,1,70,Connectable,,fail,fail,pass,fail,pass,fail,skip,fail,fail,,legacy,22,0.2.0-draft,2026-08-04
edivia.fr,1,50,Discoverable,,pass,fail,fail,fail,skip,skip,skip,pass,pass,mcp-server-card-json,,14,0.2.0-draft,2026-08-04
edubase.net,1,85,Connectable,,fail,fail,pass,pass,pass,fail,skip,pass,pass,,modern,36,0.2.0-draft,2026-08-04
edumints.com,1,5,Text-only,,skip,fail,fail,skip,skip,skip,skip,skip,pass,,,18,0.2.0-draft,2026-08-04
edusignal.ai,1,35,Discoverable,,pass,fail,fail,pass,skip,skip,skip,fail,fail,mcp-json,,16,0.2.0-draft,2026-08-04
eesier.com,1,50,Discoverable,,pass,fail,fail,fail,skip,skip,skip,pass,pass,mcp-server-card-json,,17,0.2.0-draft,2026-08-04
eevy.ai,1,10,Text-only,,fail,fail,fail,fail,skip,skip,skip,pass,fail,,,17,0.2.0-draft,2026-08-04
eformogi.com,1,10,Text-only,,fail,fail,fail,fail,skip,skip,skip,pass,fail,,,16,0.2.0-draft,2026-08-04
egbtsqygtbkdfkywjofb.supabase.co,1,0,Absent,,fail,fail,fail,fail,skip,skip,skip,fail,fail,,,14,0.2.0-draft,2026-08-04
egnyte.com,1,10,Text-only,,fail,fail,fail,fail,skip,skip,skip,pass,fail,,,27,0.2.0-draft,2026-08-04
ego.dog,1,35,Discoverable,,fail,fail,fail,pass,skip,skip,skip,fail,fail,,,14,0.2.0-draft,2026-08-04
ehtekunst.ee,1,85,Connectable,,fail,fail,pass,fail,pass,fail,skip,pass,pass,,legacy,18,0.2.0-draft,2026-08-04
eigi.ai,1,0,Absent,,fail,fail,fail,fail,skip,skip,skip,fail,fail,,,17,0.2.0-draft,2026-08-04
ejentum.com,1,15,Text-only,,fail,fail,fail,fail,skip,skip,skip,pass,pass,,,15,0.2.0-draft,2026-08-04
el-buen-agente-mcp-production.up.railway.app,1,70,Connectable,,fail,fail,pass,fail,pass,fail,skip,fail,fail,,legacy,32,0.2.0-draft,2026-08-04
elaan.io,1,15,Text-only,,fail,fail,fail,fail,skip,skip,skip,pass,pass,,,20,0.2.0-draft,2026-08-04
elastic.co,1,0,Absent,,fail,fail,fail,fail,skip,skip,skip,fail,fail,,,27,0.2.0-draft,2026-08-04
elasticflow.app,1,70,Connectable,,fail,fail,pass,pass,pass,fail,skip,fail,fail,,modern,20,0.2.0-draft,2026-08-04
elc-conference.io,1,15,Text-only,,fail,fail,fail,fail,skip,skip,skip,pass,pass,,,26,0.2.0-draft,2026-08-04
elcheff.com.mx,1,0,Absent,,fail,fail,fail,fail,skip,skip,skip,fail,fail,,,14,0.2.0-draft,2026-08-04
elecz.com,1,45,Discoverable,,pass,fail,fail,fail,skip,skip,skip,pass,fail,mcp-server-card-json,,14,0.2.0-draft,2026-08-04
elephant-mcp.fly.dev,1,70,Connectable,,pass,fail,pass,fail,pass,pass,fail,fail,fail,mcp-json,legacy,19,0.2.0-draft,2026-08-04
elevenflo.com,1,10,Text-only,,fail,fail,fail,fail,skip,skip,skip,pass,fail,,,17,0.2.0-draft,2026-08-04
elijahdesent.com,1,50,Discoverable,,fail,fail,fail,pass,skip,skip,skip,pass,pass,,,38,0.2.0-draft,2026-08-04
elkassabgi.workers.dev,1,0,Absent,,error,fail,fail,error,skip,skip,skip,fail,fail,,,6,0.2.0-draft,2026-08-04
elkassabgidata.com,1,0,Absent,,fail,fail,fail,fail,skip,skip,skip,fail,fail,,,14,0.2.0-draft,2026-08-04
elliat.nl,1,0,Absent,,fail,fail,fail,fail,skip,skip,skip,fail,fail,,,14,0.2.0-draft,2026-08-04
elnora.ai,1,85,Connectable,,fail,fail,pass,pass,pass,fail,skip,pass,pass,,modern,21,0.2.0-draft,2026-08-04
elron.club,1,50,Discoverable,,fail,fail,fail,pass,skip,skip,skip,pass,pass,,,18,0.2.0-draft,2026-08-04
elsas.it,1,0,Absent,,fail,fail,fail,fail,skip,skip,skip,fail,fail,,,27,0.2.0-draft,2026-08-04
eltociear-skill-audit.hf.space,1,10,Text-only,,fail,fail,fail,fail,skip,skip,skip,pass,fail,,,27,0.2.0-draft,2026-08-04
eltociear-tokenguard.hf.space,1,10,Text-only,,fail,fail,fail,fail,skip,skip,skip,pass,fail,,,27,0.2.0-draft,2026-08-04
elysiatools.com,1,0,Absent,,fail,fail,fail,fail,skip,skip,skip,fail,fail,,,14,0.2.0-draft,2026-08-04
elytron.in,1,5,Text-only,,fail,fail,fail,fail,skip,skip,skip,fail,pass,,,14,0.2.0-draft,2026-08-04
emadibrahim.com,1,100,Agent-ready,,pass,fail,fail,fail,pass,pass,pass,pass,pass,mcp-json,legacy,33,0.2.0-draft,2026-08-04
email-deliverability-x402-production.up.railway.app,1,0,Absent,,fail,fail,fail,fail,skip,skip,skip,fail,fail,,,27,0.2.0-draft,2026-08-04
email-finder-x402-production.up.railway.app,1,0,Absent,,fail,fail,fail,fail,skip,skip,skip,fail,fail,,,27,0.2.0-draft,2026-08-04
email-send-x402-production.up.railway.app,1,0,Absent,,fail,fail,fail,fail,skip,skip,skip,fail,fail,,,27,0.2.0-draft,2026-08-04
email-verification-x402-production.up.railway.app,1,0,Absent,,fail,fail,fail,fail,skip,skip,skip,fail,fail,,,27,0.2.0-draft,2026-08-04
email-verify-mcp-production.up.railway.app,1,0,Absent,,error,fail,fail,error,skip,skip,skip,fail,fail,,,39,0.2.0-draft,2026-08-04
emailens.dev,1,15,Text-only,,fail,fail,fail,fail,skip,skip,skip,pass,pass,,,13,0.2.0-draft,2026-08-04
emailkind.com,1,10,Text-only,,fail,fail,fail,fail,skip,skip,skip,pass,fail,,,14,0.2.0-draft,2026-08-04
emailmd.dev,1,80,Connectable,,fail,fail,pass,fail,pass,fail,skip,pass,fail,,legacy,37,0.2.0-draft,2026-08-04
embersds.com,1,0,Absent,,fail,fail,fail,fail,skip,skip,skip,fail,fail,,,14,0.2.0-draft,2026-08-04
emc2ai.io,1,15,Text-only,,fail,fail,fail,fail,skip,skip,skip,pass,pass,,,14,0.2.0-draft,2026-08-04
emem.dev,1,95,Agent-ready,,pass,fail,fail,fail,pass,pass,pass,pass,fail,mcp-json|mcp-bare|mcp-server-card-json,legacy,19,0.2.0-draft,2026-08-04
emercoin.com,1,5,Text-only,,fail,fail,fail,fail,skip,skip,skip,fail,pass,,,15,0.2.0-draft,2026-08-04
emergentphysicslab.com,1,5,Text-only,,fail,fail,fail,fail,skip,skip,skip,fail,pass,,,15,0.2.0-draft,2026-08-04
emergingtechcenter.com,1,85,Connectable,,pass,fail,pass,fail,pass,fail,skip,pass,pass,mcp-json,legacy,19,0.2.0-draft,2026-08-04
emidlabs.com,1,0,Absent,,fail,fail,fail,fail,skip,skip,skip,fail,fail,,,15,0.2.0-draft,2026-08-04
emile.wine,1,70,Connectable,,fail,fail,pass,pass,pass,fail,skip,fail,fail,,modern,23,0.2.0-draft,2026-08-04
emisar.dev,1,45,Discoverable,,fail,fail,fail,pass,skip,skip,skip,pass,fail,,,13,0.2.0-draft,2026-08-04
emorahealth.com,1,85,Connectable,,pass,fail,fail,fail,pass,pass,fail,pass,pass,mcp-json|mcp-bare|mcp-server-card-json,modern,31,0.2.0-draft,2026-08-04
emotioninside.org,1,5,Text-only,,fail,fail,fail,fail,skip,skip,skip,fail,pass,,,17,0.2.0-draft,2026-08-04
empresskorea.com,1,15,Text-only,,fail,fail,fail,fail,skip,skip,skip,pass,pass,,,14,0.2.0-draft,2026-08-04
emtailabs.com,1,5,Text-only,,fail,fail,fail,fail,skip,skip,skip,fail,pass,,,17,0.2.0-draft,2026-08-04
enconvert.com,1,5,Text-only,,fail,fail,fail,fail,skip,skip,skip,fail,pass,,,27,0.2.0-draft,2026-08-04
encore-pages-mcp.vercel.app,1,0,Absent,,fail,fail,fail,fail,skip,skip,skip,fail,fail,,,27,0.2.0-draft,2026-08-04
encorehq.co,1,45,Discoverable,,fail,fail,fail,pass,skip,skip,skip,pass,fail,,,16,0.2.0-draft,2026-08-04
endiagram.com,1,90,Agent-ready,,fail,fail,pass,fail,pass,pass,pass,fail,pass,,legacy,21,0.2.0-draft,2026-08-04
endlessai.org,1,0,Absent,,fail,fail,fail,fail,skip,skip,skip,fail,fail,,,19,0.2.0-draft,2026-08-04
endlss.io,1,70,Connectable,,fail,fail,pass,pass,pass,fail,skip,fail,fail,,modern,22,0.2.0-draft,2026-08-04
endoflife.ai,1,50,Discoverable,,pass,fail,fail,fail,skip,skip,skip,pass,pass,mcp-server-card-json,,17,0.2.0-draft,2026-08-04
endorso.com,1,15,Text-only,,fail,fail,fail,fail,skip,skip,skip,pass,pass,,,15,0.2.0-draft,2026-08-04
energetic-upliftment-production-8bdd.up.railway.app,1,0,Absent,,fail,fail,fail,fail,skip,skip,skip,fail,fail,,,28,0.2.0-draft,2026-08-04
energetica.ar,1,70,Connectable,,pass,fail,fail,fail,pass,fail,skip,fail,fail,mcp-server-card-json,legacy,18,0.2.0-draft,2026-08-04
energyaisolution.com,1,10,Text-only,,fail,fail,fail,fail,skip,skip,skip,pass,fail,,,12,0.2.0-draft,2026-08-04
engageable.tech,1,10,Text-only,,fail,fail,fail,fail,skip,skip,skip,pass,fail,,,30,0.2.0-draft,2026-08-04
engine-production-3bdc.up.railway.app,1,10,Text-only,,fail,fail,fail,fail,skip,skip,skip,pass,fail,,,27,0.2.0-draft,2026-08-04
engineeringleaders.io,1,15,Text-only,,fail,fail,fail,fail,skip,skip,skip,pass,pass,,,19,0.2.0-draft,2026-08-04
enginy.ai,1,0,Absent,,fail,fail,fail,fail,skip,skip,skip,fail,fail,,,28,0.2.0-draft,2026-08-04
enigma.com,1,80,Connectable,,pass,fail,fail,pass,pass,fail,skip,pass,fail,mcp-server-card-json,modern,40,0.2.0-draft,2026-08-04
enigmata.ru,1,0,Absent,,skip,fail,fail,skip,skip,skip,skip,skip,fail,,,3,0.2.0-draft,2026-08-04
eno.cx.ua,1,80,Connectable,,pass,fail,pass,fail,pass,fail,skip,pass,fail,mcp-json,modern,33,0.2.0-draft,2026-08-04
enrichment.kids,1,45,Discoverable,,pass,fail,fail,fail,skip,skip,skip,pass,fail,mcp-bare,,15,0.2.0-draft,2026-08-04
enrow.io,1,10,Text-only,,fail,fail,fail,fail,skip,skip,skip,pass,fail,,,19,0.2.0-draft,2026-08-04
ens-resolver-x402-production.up.railway.app,1,0,Absent,,fail,fail,fail,fail,skip,skip,skip,fail,fail,,,27,0.2.0-draft,2026-08-04
ensotrade.tech,1,15,Text-only,,fail,fail,fail,fail,skip,skip,skip,pass,pass,,,27,0.2.0-draft,2026-08-04
entangleeq.com,1,0,Absent,,fail,fail,fail,fail,skip,skip,skip,fail,fail,,,27,0.2.0-draft,2026-08-04
entia.systems,1,100,Agent-ready,,pass,fail,pass,pass,pass,pass,pass,pass,pass,mcp-json|mcp-bare|mcp-server-card-json,legacy,28,0.2.0-draft,2026-08-04
entidex.com,1,50,Discoverable,,pass,fail,fail,fail,skip,skip,skip,pass,pass,mcp-json,,13,0.2.0-draft,2026-08-04
entity0.com,1,0,Absent,,error,fail,fail,error,skip,skip,skip,fail,fail,,,26,0.2.0-draft,2026-08-04
entityenricher.ai,1,45,Discoverable,,fail,fail,fail,pass,skip,skip,skip,pass,fail,,,15,0.2.0-draft,2026-08-04
entityresolver.xyz,1,10,Text-only,,fail,fail,fail,fail,skip,skip,skip,pass,fail,,,14,0.2.0-draft,2026-08-04
entrida.com,1,45,Discoverable,,pass,fail,fail,fail,skip,skip,skip,pass,fail,mcp-json,,22,0.2.0-draft,2026-08-04
entroute.com,1,100,Agent-ready,,fail,fail,pass,fail,pass,pass,pass,pass,pass,,legacy,23,0.2.0-draft,2026-08-04
entscheidsuche.ch,1,70,Connectable,,pass,fail,fail,fail,pass,fail,skip,fail,fail,mcp-json,legacy,21,0.2.0-draft,2026-08-04
entyrax.com,1,100,Agent-ready,,pass,fail,fail,fail,pass,pass,pass,pass,pass,mcp-server-card-json,legacy,31,0.2.0-draft,2026-08-04
enuygun.com,1,0,Absent,,fail,fail,fail,fail,skip,skip,skip,fail,fail,,,17,0.2.0-draft,2026-08-04
env-locker-mcp.vercel.app,1,0,Absent,,fail,fail,fail,fail,skip,skip,skip,fail,fail,,,27,0.2.0-draft,2026-08-04
enyal.ai,1,5,Text-only,,fail,fail,fail,fail,skip,skip,skip,fail,pass,,,17,0.2.0-draft,2026-08-04
eodly.io,1,100,Agent-ready,,pass,fail,pass,fail,pass,pass,pass,pass,pass,mcp-json|mcp-server-card-json,legacy,22,0.2.0-draft,2026-08-04
eosl.ai,1,80,Connectable,,pass,fail,pass,fail,pass,fail,skip,pass,fail,mcp-server-card-json,legacy,19,0.2.0-draft,2026-08-04
eox.at,1,0,Absent,,fail,fail,fail,fail,skip,skip,skip,fail,fail,,,22,0.2.0-draft,2026-08-04
epanya.ai,1,5,Text-only,,fail,fail,fail,fail,skip,skip,skip,fail,pass,,,15,0.2.0-draft,2026-08-04
ephemengine.com,1,10,Text-only,,fail,fail,fail,fail,skip,skip,skip,pass,fail,,,25,0.2.0-draft,2026-08-04
epidemicsound.com,1,45,Discoverable,,fail,fail,fail,pass,skip,skip,skip,pass,fail,,,27,0.2.0-draft,2026-08-04
epinu.ai,1,45,Discoverable,,pass,fail,fail,fail,skip,skip,skip,pass,fail,mcp-bare,,15,0.2.0-draft,2026-08-04
epitome.fyi,1,0,Absent,,error,fail,fail,error,skip,skip,skip,fail,fail,,,38,0.2.0-draft,2026-08-04
epkproperties.com,1,85,Connectable,,fail,fail,pass,fail,pass,fail,skip,pass,pass,,legacy,22,0.2.0-draft,2026-08-04
epovest.com,1,95,Agent-ready,,fail,fail,pass,pass,pass,pass,pass,pass,fail,,modern,22,0.2.0-draft,2026-08-04
epublys.com,1,50,Discoverable,,pass,fail,fail,fail,skip,skip,skip,pass,pass,mcp-bare|mcp-server-card-json,,13,0.2.0-draft,2026-08-04
epwforge.com,1,45,Discoverable,,fail,fail,fail,pass,skip,skip,skip,pass,fail,,,13,0.2.0-draft,2026-08-04
eqbuilder.dev,1,85,Connectable,,pass,fail,pass,fail,pass,fail,skip,pass,pass,mcp-json|mcp-server-card-json,legacy,19,0.2.0-draft,2026-08-04
equibles.com,1,100,Agent-ready,,fail,fail,pass,pass,pass,pass,pass,pass,pass,,modern,21,0.2.0-draft,2026-08-04
eqvps.com,1,85,Connectable,,pass,fail,fail,fail,pass,fail,skip,pass,pass,mcp-json|mcp-server-card-json,legacy,22,0.2.0-draft,2026-08-04
era.app,1,50,Discoverable,,pass,fail,fail,fail,skip,skip,skip,pass,pass,mcp-server-card-json,,16,0.2.0-draft,2026-08-04
eraser.io,1,0,Absent,,fail,fail,fail,fail,skip,skip,skip,fail,fail,,,27,0.2.0-draft,2026-08-04
erikbethke.com,1,100,Agent-ready,,pass,fail,fail,fail,pass,pass,pass,pass,pass,mcp-json,legacy,19,0.2.0-draft,2026-08-04
eruditepay.com,1,0,Absent,,error,fail,fail,error,skip,skip,skip,fail,fail,,,3,0.2.0-draft,2026-08-04
escoladeradio.com.br,1,15,Text-only,,fail,fail,fail,fail,skip,skip,skip,pass,pass,,,28,0.2.0-draft,2026-08-04
esheria.ai,1,0,Absent,,fail,fail,fail,fail,skip,skip,skip,fail,fail,,,15,0.2.0-draft,2026-08-04
esimfinder.io,1,45,Discoverable,,fail,fail,fail,pass,skip,skip,skip,pass,fail,,,17,0.2.0-draft,2026-08-04
esimtabby.com,1,0,Absent,,fail,fail,fail,fail,skip,skip,skip,fail,fail,,,14,0.2.0-draft,2026-08-04
esst.bio,1,35,Discoverable,,fail,fail,fail,pass,skip,skip,skip,fail,fail,,,16,0.2.0-draft,2026-08-04
estaite.com,1,0,Absent,,fail,fail,fail,fail,skip,skip,skip,fail,fail,,,17,0.2.0-draft,2026-08-04
estroni.com.au,1,45,Discoverable,,fail,fail,fail,pass,skip,skip,skip,pass,fail,,,16,0.2.0-draft,2026-08-04
etapa-mcp-production.up.railway.app,1,0,Absent,,fail,fail,fail,fail,skip,skip,skip,fail,fail,,,29,0.2.0-draft,2026-08-04
eterna.exchange,1,45,Discoverable,,pass,fail,fail,pass,skip,skip,skip,pass,fail,mcp-server-card-json,,16,0.2.0-draft,2026-08-04
euacc.ai,1,15,Text-only,,fail,fail,fail,fail,skip,skip,skip,pass,pass,,,25,0.2.0-draft,2026-08-04
eucompliance.tools,1,45,Discoverable,,pass,fail,fail,fail,skip,skip,skip,pass,fail,mcp-server-card-json,,17,0.2.0-draft,2026-08-04
euearth.com,1,50,Discoverable,,pass,fail,fail,fail,fail,skip,skip,pass,pass,mcp-json,,20,0.2.0-draft,2026-08-04
eurc402.com,1,95,Agent-ready,,fail,fail,pass,fail,pass,pass,pass,pass,fail,,legacy,19,0.2.0-draft,2026-08-04
eureka.md,1,85,Connectable,,fail,fail,pass,fail,pass,fail,skip,pass,pass,,modern,20,0.2.0-draft,2026-08-04
eurocomply.app,1,50,Discoverable,,pass,fail,fail,pass,fail,skip,skip,pass,pass,mcp-server-card-json,,14,0.2.0-draft,2026-08-04
eurolytics.app,1,45,Discoverable,,fail,fail,fail,pass,skip,skip,skip,pass,fail,,,13,0.2.0-draft,2026-08-04
europe-west3-mhs-bloom.cloudfunctions.net,1,0,Absent,,fail,fail,fail,fail,skip,skip,skip,fail,fail,,,27,0.2.0-draft,2026-08-04
europebeachmap.com,1,80,Connectable,,fail,fail,pass,fail,pass,fail,skip,pass,fail,,legacy,19,0.2.0-draft,2026-08-04
eurorackref.com,1,80,Connectable,,fail,fail,pass,fail,pass,pass,fail,pass,fail,,legacy,19,0.2.0-draft,2026-08-04
euroref.dev,1,10,Text-only,,fail,fail,fail,fail,skip,skip,skip,pass,fail,,,15,0.2.0-draft,2026-08-04
eutsoqdpjurknjsshxes.supabase.co,1,0,Absent,,fail,fail,fail,fail,skip,skip,skip,fail,fail,,,14,0.2.0-draft,2026-08-04
event-resolver-x402-production.up.railway.app,1,0,Absent,,fail,fail,fail,fail,skip,skip,skip,fail,fail,,,27,0.2.0-draft,2026-08-04
eventchat-events-mcp-production.up.railway.app,1,70,Connectable,,fail,fail,pass,fail,pass,pass,fail,fail,fail,,modern,31,0.2.0-draft,2026-08-04
eventescapes.com,1,10,Text-only,,fail,fail,fail,fail,skip,skip,skip,pass,fail,,,15,0.2.0-draft,2026-08-04
eventify.io,1,45,Discoverable,,pass,fail,fail,pass,skip,skip,skip,pass,fail,mcp-server-card-json,,17,0.2.0-draft,2026-08-04
eventmatey.com,1,0,Absent,,fail,fail,fail,fail,skip,skip,skip,fail,fail,,,17,0.2.0-draft,2026-08-04
eventship.com,1,80,Connectable,,pass,fail,fail,pass,pass,fail,skip,pass,fail,mcp-json|mcp-server-card-json,modern,20,0.2.0-draft,2026-08-04
eventsynoptic.com,1,85,Connectable,,fail,fail,pass,fail,pass,pass,fail,pass,pass,,legacy,19,0.2.0-draft,2026-08-04
eveoy.com,1,50,Discoverable,,pass,fail,fail,pass,skip,skip,skip,pass,pass,mcp-server-card-json,,29,0.2.0-draft,2026-08-04
everjust.app,1,10,Text-only,,fail,fail,fail,fail,skip,skip,skip,pass,fail,,,13,0.2.0-draft,2026-08-04
everpop.app,1,45,Discoverable,,fail,fail,fail,pass,skip,skip,skip,pass,fail,,,13,0.2.0-draft,2026-08-04
everstake.one,1,85,Connectable,,pass,fail,fail,fail,pass,fail,skip,pass,pass,mcp-json|mcp-server-card-json,legacy,20,0.2.0-draft,2026-08-04
everway.ai,1,45,Discoverable,,fail,fail,fail,pass,skip,skip,skip,pass,fail,,,13,0.2.0-draft,2026-08-04
everydaybudd.com,1,15,Text-only,,fail,fail,fail,fail,skip,skip,skip,pass,pass,,,25,0.2.0-draft,2026-08-04
evlek.app,1,100,Agent-ready,,pass,fail,fail,fail,pass,pass,pass,pass,pass,mcp-json,legacy,18,0.2.0-draft,2026-08-04
exa.ai,1,80,Connectable,,fail,fail,pass,pass,pass,fail,skip,pass,fail,,legacy,22,0.2.0-draft,2026-08-04
exactpdf.com,1,15,Text-only,,fail,fail,fail,fail,skip,skip,skip,pass,pass,,,13,0.2.0-draft,2026-08-04
examova.com,1,50,Discoverable,,pass,fail,fail,fail,fail,skip,skip,pass,pass,mcp-json|mcp-server-card-json,,14,0.2.0-draft,2026-08-04
example4.ai,1,95,Agent-ready,,fail,fail,pass,fail,pass,pass,pass,pass,fail,,legacy,26,0.2.0-draft,2026-08-04
exascale.build,1,40,Discoverable,,pass,fail,fail,fail,fail,skip,skip,fail,pass,ai-catalog,,19,0.2.0-draft,2026-08-04
exatoshi.uk,1,80,Connectable,,pass,fail,pass,fail,pass,pass,fail,pass,fail,mcp-json|mcp-bare|mcp-server-card-json,modern,17,0.2.0-draft,2026-08-04
exchangerate.dev,1,50,Discoverable,,pass,fail,fail,fail,fail,skip,skip,pass,pass,mcp-json|mcp-server-card-json,,16,0.2.0-draft,2026-08-04
exclusive-magical-insights-usr.trycloudflare.com,1,0,Absent,,error,fail,fail,error,skip,skip,skip,fail,fail,,,3,0.2.0-draft,2026-08-04
execbro.com,1,15,Text-only,,fail,fail,fail,fail,skip,skip,skip,pass,pass,,,13,0.2.0-draft,2026-08-04
execution.market,1,45,Discoverable,,pass,fail,fail,fail,skip,skip,skip,pass,fail,mcp-server-card-json,,19,0.2.0-draft,2026-08-04
exoquery.com,1,10,Text-only,,fail,fail,fail,fail,skip,skip,skip,pass,fail,,,14,0.2.0-draft,2026-08-04
expatriator.com,1,70,Connectable,,fail,fail,pass,fail,pass,fail,skip,fail,fail,,legacy,23,0.2.0-draft,2026-08-04
exploit-intel.com,1,0,Absent,,fail,fail,fail,fail,skip,skip,skip,fail,fail,,,17,0.2.0-draft,2026-08-04
explorium.ai,1,15,Text-only,,fail,fail,fail,fail,skip,skip,skip,pass,pass,,,31,0.2.0-draft,2026-08-04
extentos.com,1,10,Text-only,,fail,fail,fail,fail,skip,skip,skip,pass,fail,,,14,0.2.0-draft,2026-08-04
eyeot.fr,1,0,Absent,,fail,fail,fail,fail,skip,skip,skip,fail,fail,,,14,0.2.0-draft,2026-08-04
eyepup.com,1,85,Connectable,,fail,fail,pass,fail,pass,fail,skip,pass,pass,,legacy,27,0.2.0-draft,2026-08-04
ezatwork.com,1,0,Absent,,fail,fail,fail,fail,skip,skip,skip,fail,fail,,,16,0.2.0-draft,2026-08-04
ezbizservices.com,1,10,Text-only,,fail,fail,fail,fail,skip,skip,skip,pass,fail,,,26,0.2.0-draft,2026-08-04
ezel.ai,1,10,Text-only,,fail,fail,fail,fail,skip,skip,skip,pass,fail,,,14,0.2.0-draft,2026-08-04
ezi-app.com,1,0,Absent,,fail,fail,fail,fail,skip,skip,skip,fail,fail,,,14,0.2.0-draft,2026-08-04
ezoic.com,1,0,Absent,,fail,fail,fail,fail,skip,skip,skip,fail,fail,,,32,0.2.0-draft,2026-08-04
ezstats.io,1,15,Text-only,,fail,fail,fail,fail,skip,skip,skip,pass,pass,,,14,0.2.0-draft,2026-08-04
eztexting.com,1,10,Text-only,,fail,fail,fail,fail,skip,skip,skip,pass,fail,,,35,0.2.0-draft,2026-08-04
fablerlabs.com,1,10,Text-only,,fail,fail,fail,fail,skip,skip,skip,pass,fail,,,14,0.2.0-draft,2026-08-04
fabric-api-393345198409.us-west1.run.app,1,10,Text-only,,fail,fail,fail,fail,skip,skip,skip,pass,fail,,,27,0.2.0-draft,2026-08-04
fabric.so,1,10,Text-only,,fail,fail,fail,fail,skip,skip,skip,pass,fail,,,15,0.2.0-draft,2026-08-04
facet.llc,1,15,Text-only,,fail,fail,fail,fail,skip,skip,skip,pass,pass,,,17,0.2.0-draft,2026-08-04
facilities-radical-advantage-flashers.trycloudflare.com,1,0,Absent,,error,fail,fail,error,skip,skip,skip,fail,fail,,,3,0.2.0-draft,2026-08-04
fact-check-mcp-production.up.railway.app,1,0,Absent,,error,fail,fail,error,skip,skip,skip,fail,fail,,,39,0.2.0-draft,2026-08-04
fact-checker-x402-production.up.railway.app,1,0,Absent,,fail,fail,fail,fail,skip,skip,skip,fail,fail,,,27,0.2.0-draft,2026-08-04
factorguide.io,1,45,Discoverable,,pass,fail,fail,fail,skip,skip,skip,pass,fail,mcp-json,,13,0.2.0-draft,2026-08-04
factori.ai,1,15,Text-only,,fail,fail,fail,fail,skip,skip,skip,pass,pass,,,18,0.2.0-draft,2026-08-04
factry.cloud,1,10,Text-only,,fail,fail,fail,fail,skip,skip,skip,pass,fail,,,14,0.2.0-draft,2026-08-04
facturacobra.com,1,80,Connectable,,fail,fail,pass,fail,pass,fail,skip,pass,fail,,modern,18,0.2.0-draft,2026-08-04
faf.one,1,50,Discoverable,,pass,fail,fail,fail,fail,skip,skip,pass,pass,ai-catalog,,17,0.2.0-draft,2026-08-04
fahaliai.com,1,50,Discoverable,,pass,fail,fail,fail,skip,skip,skip,pass,pass,mcp-bare,,15,0.2.0-draft,2026-08-04
failmodes.com,1,80,Connectable,,fail,fail,pass,fail,pass,fail,skip,pass,fail,,legacy,40,0.2.0-draft,2026-08-04
faireplace.com,1,100,Agent-ready,,fail,fail,pass,fail,pass,pass,pass,pass,pass,,legacy,25,0.2.0-draft,2026-08-04
fakturai.de,1,80,Connectable,,pass,fail,fail,fail,pass,fail,skip,pass,fail,mcp-json|mcp-server-card-json,modern,17,0.2.0-draft,2026-08-04
falkordb.com,1,10,Text-only,,fail,fail,fail,fail,skip,skip,skip,pass,fail,,,27,0.2.0-draft,2026-08-04
familiartarot.com,1,15,Text-only,,fail,fail,fail,fail,skip,skip,skip,pass,pass,,,16,0.2.0-draft,2026-08-04
familiarvtt.com,1,0,Absent,,fail,fail,fail,fail,skip,skip,skip,fail,fail,,,14,0.2.0-draft,2026-08-04
famulor.io,1,50,Discoverable,,pass,fail,fail,pass,skip,skip,skip,pass,pass,mcp-server-card-json,,27,0.2.0-draft,2026-08-04
fantasy-bald-shark-stereo.trycloudflare.com,1,0,Absent,,error,fail,fail,error,skip,skip,skip,fail,fail,,,3,0.2.0-draft,2026-08-04
fantasytabletophelper.com,1,10,Text-only,,fail,fail,fail,fail,skip,skip,skip,pass,fail,,,25,0.2.0-draft,2026-08-04
fantopy.ai,1,0,Absent,,fail,fail,fail,fail,skip,skip,skip,fail,fail,,,30,0.2.0-draft,2026-08-04
fanvault.shop,1,50,Discoverable,,fail,fail,fail,pass,skip,skip,skip,pass,pass,,,13,0.2.0-draft,2026-08-04
faqai.app,1,15,Text-only,,fail,fail,fail,fail,skip,skip,skip,pass,pass,,,14,0.2.0-draft,2026-08-04
farofinance.app,1,0,Absent,,fail,fail,fail,fail,skip,skip,skip,fail,fail,,,30,0.2.0-draft,2026-08-04
fastcrw.com,1,50,Discoverable,,fail,fail,fail,pass,skip,skip,skip,pass,pass,,,14,0.2.0-draft,2026-08-04
fastdb.in,1,0,Absent,,error,fail,fail,error,skip,skip,skip,fail,fail,,,3,0.2.0-draft,2026-08-04
fastdrop.dev,1,80,Connectable,,fail,fail,pass,pass,pass,fail,skip,pass,fail,,legacy,26,0.2.0-draft,2026-08-04
fate-craft.com,1,0,Absent,,fail,fail,fail,fail,skip,skip,skip,fail,fail,,,14,0.2.0-draft,2026-08-04
fatestar.top,1,10,Text-only,,fail,fail,fail,fail,skip,skip,skip,pass,fail,,,28,0.2.0-draft,2026-08-04
fathom-mcp-server.com,1,45,Discoverable,,fail,fail,fail,pass,skip,skip,skip,pass,fail,,,14,0.2.0-draft,2026-08-04
fathom.ai,1,10,Text-only,,fail,fail,fail,fail,skip,skip,skip,pass,fail,,,22,0.2.0-draft,2026-08-04
faultkey.com,1,15,Text-only,,fail,fail,fail,fail,skip,skip,skip,pass,pass,,,15,0.2.0-draft,2026-08-04
favcrm.io,1,10,Text-only,,fail,fail,fail,fail,skip,skip,skip,pass,fail,,,20,0.2.0-draft,2026-08-04
favo.workers.dev,1,0,Absent,,error,fail,fail,error,skip,skip,skip,fail,fail,,,6,0.2.0-draft,2026-08-04
faxer.me,1,15,Text-only,,fail,fail,fail,fail,skip,skip,skip,pass,pass,,,14,0.2.0-draft,2026-08-04
fcapp.run,1,0,Absent,,error,fail,fail,error,skip,skip,skip,fail,fail,,,3,0.2.0-draft,2026-08-04
fccdb.com,1,85,Connectable,,pass,fail,fail,fail,pass,fail,skip,pass,pass,mcp-server-card-json,legacy,18,0.2.0-draft,2026-08-04
fcefnmdlggldmfusydix.supabase.co,1,0,Absent,,fail,fail,fail,fail,skip,skip,skip,fail,fail,,,14,0.2.0-draft,2026-08-04
fdcommercial-uk.workers.dev,1,0,Absent,,error,fail,fail,error,skip,skip,skip,fail,fail,,,6,0.2.0-draft,2026-08-04
feasibly.com.au,1,45,Discoverable,,pass,fail,fail,fail,skip,skip,skip,pass,fail,mcp-json|mcp-server-card-json,,18,0.2.0-draft,2026-08-04
featureboard.ai,1,10,Text-only,,fail,fail,fail,fail,skip,skip,skip,pass,fail,,,14,0.2.0-draft,2026-08-04
featurejet.com,1,10,Text-only,,fail,fail,fail,fail,skip,skip,skip,pass,fail,,,16,0.2.0-draft,2026-08-04
fed-spend.com,1,15,Text-only,,fail,fail,fail,fail,skip,skip,skip,pass,pass,,,14,0.2.0-draft,2026-08-04
fedlex-connector.ch,1,70,Connectable,,fail,fail,pass,fail,pass,fail,skip,fail,fail,,legacy,21,0.2.0-draft,2026-08-04
feedbk.ai,1,0,Absent,,fail,fail,fail,fail,skip,skip,skip,fail,fail,,,17,0.2.0-draft,2026-08-04
feedhipppo.com,1,0,Absent,,fail,fail,fail,fail,skip,skip,skip,fail,fail,,,14,0.2.0-draft,2026-08-04
feedsquad.com,1,80,Connectable,,pass,fail,pass,pass,pass,fail,skip,pass,fail,mcp-server-card-json,modern,24,0.2.0-draft,2026-08-04
feeless402.com,1,10,Text-only,,fail,fail,fail,fail,skip,skip,skip,pass,fail,,,14,0.2.0-draft,2026-08-04
fenetresurciel.com,1,0,Absent,,fail,fail,fail,fail,skip,skip,skip,fail,fail,,,14,0.2.0-draft,2026-08-04
fentz.dev,1,0,Absent,,fail,fail,fail,fail,skip,skip,skip,fail,fail,,,27,0.2.0-draft,2026-08-04
feode.com,1,0,Absent,,error,fail,fail,error,skip,skip,skip,fail,fail,,,3,0.2.0-draft,2026-08-04
feranor.com,1,95,Agent-ready,,pass,fail,pass,fail,pass,pass,pass,pass,fail,mcp-json|mcp-bare,modern,35,0.2.0-draft,2026-08-04
fermyon.app,1,0,Absent,,fail,fail,fail,fail,skip,skip,skip,fail,fail,,,17,0.2.0-draft,2026-08-04
ferritin.rs,1,0,Absent,,skip,fail,fail,skip,skip,skip,skip,skip,fail,,,3,0.2.0-draft,2026-08-04
ferrolaser.com,1,10,Text-only,,fail,fail,fail,fail,skip,skip,skip,pass,fail,,,16,0.2.0-draft,2026-08-04
ferryflighthub.com,1,0,Absent,,fail,fail,fail,fail,skip,skip,skip,fail,fail,,,27,0.2.0-draft,2026-08-04
fetcher.cloud,1,15,Text-only,,fail,fail,fail,fail,skip,skip,skip,pass,pass,,,15,0.2.0-draft,2026-08-04
fetcher.sh,1,85,Connectable,,fail,fail,pass,fail,pass,fail,skip,pass,pass,,legacy,22,0.2.0-draft,2026-08-04
fetter.io,1,0,Absent,,fail,fail,fail,fail,skip,skip,skip,fail,fail,,,16,0.2.0-draft,2026-08-04
fflpdljiuruqdnewvwkk.supabase.co,1,0,Absent,,fail,fail,fail,fail,skip,skip,skip,fail,fail,,,14,0.2.0-draft,2026-08-04
ffmpeg-micro.com,1,15,Text-only,,fail,fail,fail,fail,skip,skip,skip,pass,pass,,,28,0.2.0-draft,2026-08-04
ffmpegapi.net,1,15,Text-only,,fail,fail,fail,fail,skip,skip,skip,pass,pass,,,15,0.2.0-draft,2026-08-04
fftcompanion.app,1,70,Connectable,,pass,fail,fail,fail,pass,fail,skip,fail,fail,mcp-server-card-json,legacy,23,0.2.0-draft,2026-08-04
fhirfly.io,1,10,Text-only,,fail,fail,fail,fail,skip,skip,skip,pass,fail,,,14,0.2.0-draft,2026-08-04
fhsc.com.vn,1,0,Absent,,fail,fail,fail,fail,skip,skip,skip,fail,fail,,,16,0.2.0-draft,2026-08-04
fiasignals.com,1,50,Discoverable,,pass,fail,fail,fail,skip,skip,skip,pass,pass,mcp-json|mcp-bare,,15,0.2.0-draft,2026-08-04
fiatdock.com,1,85,Connectable,,pass,fail,pass,fail,pass,fail,skip,pass,pass,mcp-server-card-json,legacy,19,0.2.0-draft,2026-08-04
fiber.ai,1,80,Connectable,,fail,fail,pass,fail,pass,fail,skip,pass,fail,,legacy,36,0.2.0-draft,2026-08-04
fiberfinder.ai,1,95,Agent-ready,,fail,fail,pass,fail,pass,pass,pass,pass,fail,,legacy,22,0.2.0-draft,2026-08-04
fibery.io,1,70,Connectable,,fail,fail,pass,pass,pass,fail,skip,fail,fail,,modern,22,0.2.0-draft,2026-08-04
fibrous.finance,1,15,Text-only,,fail,fail,fail,fail,skip,skip,skip,pass,pass,,,26,0.2.0-draft,2026-08-04
fichepro.ai,1,35,Discoverable,,fail,fail,fail,pass,skip,skip,skip,fail,fail,,,25,0.2.0-draft,2026-08-04
fidacy.com,1,10,Text-only,,fail,fail,fail,fail,skip,skip,skip,pass,fail,,,17,0.2.0-draft,2026-08-04
fidensa.com,1,0,Absent,,skip,fail,fail,skip,skip,skip,skip,fail,fail,,,8,0.2.0-draft,2026-08-04
figma.com,1,75,Connectable,,fail,fail,pass,pass,pass,fail,skip,fail,pass,,modern,33,0.2.0-draft,2026-08-04
filae.workers.dev,1,0,Absent,,error,fail,fail,error,skip,skip,skip,fail,fail,,,6,0.2.0-draft,2026-08-04
filechanger.io,1,10,Text-only,,fail,fail,fail,fail,skip,skip,skip,pass,fail,,,12,0.2.0-draft,2026-08-04
filegraph.ai,1,5,Text-only,,fail,fail,fail,fail,skip,skip,skip,fail,pass,,,28,0.2.0-draft,2026-08-04
filepad.ai,1,0,Absent,,fail,fail,fail,fail,skip,skip,skip,fail,fail,,,19,0.2.0-draft,2026-08-04
files.com,1,10,Text-only,,fail,fail,fail,fail,skip,skip,skip,pass,fail,,,25,0.2.0-draft,2026-08-04
filetopdf.dev,1,70,Connectable,,fail,fail,pass,fail,pass,fail,skip,fail,fail,,legacy,21,0.2.0-draft,2026-08-04
filetourl.org,1,10,Text-only,,fail,fail,fail,fail,skip,skip,skip,pass,fail,,,13,0.2.0-draft,2026-08-04
filingapi.dev,1,0,Absent,,fail,fail,fail,fail,skip,skip,skip,fail,fail,,,19,0.2.0-draft,2026-08-04
filingfirehose.com,1,5,Text-only,,fail,fail,fail,fail,skip,skip,skip,fail,pass,,,14,0.2.0-draft,2026-08-04
filipe.coffee,1,100,Agent-ready,,pass,fail,pass,fail,pass,pass,pass,pass,pass,mcp-json,legacy,40,0.2.0-draft,2026-08-04
filtrix.ai,1,10,Text-only,,fail,fail,fail,fail,skip,skip,skip,pass,fail,,,29,0.2.0-draft,2026-08-04
filtrous.com,1,45,Discoverable,,fail,fail,fail,pass,skip,skip,skip,pass,fail,,,14,0.2.0-draft,2026-08-04
filtrous.workers.dev,1,0,Absent,,error,fail,fail,error,skip,skip,skip,fail,fail,,,6,0.2.0-draft,2026-08-04
fin-discovery.com,1,0,Absent,,fail,fail,fail,fail,skip,skip,skip,fail,fail,,,18,0.2.0-draft,2026-08-04
finalnotice.io,1,15,Text-only,,fail,fail,fail,fail,skip,skip,skip,pass,pass,,,17,0.2.0-draft,2026-08-04
finalpos.com,1,10,Text-only,,fail,fail,fail,fail,skip,skip,skip,pass,fail,,,15,0.2.0-draft,2026-08-04
financegenius.ai,1,0,Absent,,fail,fail,fail,fail,skip,skip,skip,fail,fail,,,19,0.2.0-draft,2026-08-04
financial-signals-mcp-production.up.railway.app,1,0,Absent,,error,fail,fail,error,skip,skip,skip,fail,fail,,,39,0.2.0-draft,2026-08-04
financialdatapi.com,1,85,Connectable,,fail,fail,pass,fail,pass,fail,skip,pass,pass,,modern,22,0.2.0-draft,2026-08-04
fincontext.ai,1,85,Connectable,,fail,fail,pass,pass,pass,fail,skip,pass,pass,,modern,19,0.2.0-draft,2026-08-04
find-me.casa,1,10,Text-only,,fail,fail,fail,fail,skip,skip,skip,pass,fail,,,16,0.2.0-draft,2026-08-04
find.codes,1,100,Agent-ready,,pass,fail,pass,fail,pass,pass,pass,pass,pass,mcp-server-card-json,legacy,21,0.2.0-draft,2026-08-04
findable.ai,1,15,Text-only,,fail,fail,fail,fail,skip,skip,skip,pass,pass,,,29,0.2.0-draft,2026-08-04
findip.ai,1,0,Absent,,fail,fail,fail,skip,skip,skip,skip,fail,fail,,,19,0.2.0-draft,2026-08-04
findvise.com,1,40,Discoverable,,pass,fail,fail,fail,fail,skip,skip,fail,pass,mcp-json,,20,0.2.0-draft,2026-08-04
findyourfivepm.com,1,0,Absent,,fail,fail,fail,fail,skip,skip,skip,fail,fail,,,17,0.2.0-draft,2026-08-04
finerxfinder.com,1,15,Text-only,,fail,fail,fail,fail,skip,skip,skip,pass,pass,,,26,0.2.0-draft,2026-08-04
finestructure.ai,1,100,Agent-ready,,fail,fail,pass,fail,pass,pass,pass,pass,pass,,legacy,24,0.2.0-draft,2026-08-04
finhay.com.vn,1,10,Text-only,,fail,fail,fail,fail,skip,skip,skip,pass,fail,,,31,0.2.0-draft,2026-08-04
fininfostation.com,1,80,Connectable,,fail,fail,pass,fail,pass,pass,fail,pass,fail,,modern,21,0.2.0-draft,2026-08-04
finlight.me,1,10,Text-only,,fail,fail,fail,fail,skip,skip,skip,pass,fail,,,18,0.2.0-draft,2026-08-04
finmanagerai.com,1,10,Text-only,,fail,fail,fail,fail,skip,skip,skip,pass,fail,,,27,0.2.0-draft,2026-08-04
finn-tannlege.com,1,50,Discoverable,,pass,fail,fail,fail,skip,skip,skip,pass,pass,mcp-json|mcp-server-card-json,,16,0.2.0-draft,2026-08-04
finn.com,1,0,Absent,,fail,fail,fail,fail,skip,skip,skip,fail,fail,,,27,0.2.0-draft,2026-08-04
finstat.ai,1,70,Connectable,,fail,fail,pass,fail,pass,fail,skip,fail,fail,,modern,31,0.2.0-draft,2026-08-04
fintalio.com,1,80,Connectable,,fail,fail,pass,fail,pass,fail,skip,pass,fail,,modern,19,0.2.0-draft,2026-08-04
fintent.ai,1,80,Connectable,,pass,fail,fail,pass,pass,fail,skip,pass,fail,mcp-json,modern,22,0.2.0-draft,2026-08-04
fintrx.com,1,0,Absent,,fail,fail,fail,fail,skip,skip,skip,fail,fail,,,28,0.2.0-draft,2026-08-04
fintrx.net,1,0,Absent,,fail,fail,fail,fail,skip,skip,skip,fail,fail,,,16,0.2.0-draft,2026-08-04
fipex.com.br,1,80,Connectable,,pass,fail,pass,fail,pass,fail,skip,pass,fail,mcp-json|mcp-server-card-json,legacy,34,0.2.0-draft,2026-08-04
firestore.googleapis.com,1,70,Connectable,,fail,fail,pass,pass,pass,fail,skip,fail,fail,,legacy,21,0.2.0-draft,2026-08-04
firmaradar.no,1,40,Discoverable,,fail,fail,fail,pass,skip,skip,skip,fail,pass,,,18,0.2.0-draft,2026-08-04
firmastat.cz,1,85,Connectable,,pass,fail,pass,fail,pass,pass,pass,fail,fail,mcp-server-card-json,legacy,20,0.2.0-draft,2026-08-04
firmbrain.ai,1,0,Absent,,fail,fail,fail,fail,skip,skip,skip,fail,fail,,,16,0.2.0-draft,2026-08-04
firmeromanesti.com,1,80,Connectable,,pass,fail,fail,fail,pass,fail,skip,pass,fail,mcp-json,legacy,19,0.2.0-draft,2026-08-04
firmoscop.ro,1,80,Connectable,,fail,fail,pass,pass,pass,fail,skip,pass,fail,,modern,19,0.2.0-draft,2026-08-04
firsttouch.ai,1,0,Absent,,fail,fail,fail,fail,skip,skip,skip,fail,fail,,,22,0.2.0-draft,2026-08-04
fitllm.run,1,80,Connectable,,fail,fail,pass,fail,pass,fail,skip,pass,fail,,legacy,20,0.2.0-draft,2026-08-04
fitnito.com,1,15,Text-only,,fail,fail,fail,fail,skip,skip,skip,pass,pass,,,18,0.2.0-draft,2026-08-04
fiuto.ai,1,85,Connectable,,fail,fail,pass,pass,pass,fail,skip,pass,pass,,modern,22,0.2.0-draft,2026-08-04
fivem.no,1,0,Absent,,fail,fail,fail,fail,skip,skip,skip,fail,fail,,,27,0.2.0-draft,2026-08-04
fixatia.com,1,15,Text-only,,fail,fail,fail,fail,skip,skip,skip,pass,pass,,,14,0.2.0-draft,2026-08-04
fixflow-mcp.onrender.com,1,0,Absent,,fail,fail,fail,fail,skip,skip,skip,fail,fail,,,27,0.2.0-draft,2026-08-04
fixmypdfonline.com,1,50,Discoverable,,pass,fail,fail,fail,skip,skip,skip,pass,pass,mcp-json,,29,0.2.0-draft,2026-08-04
fixou.fr,1,80,Connectable,,fail,fail,pass,fail,pass,fail,skip,pass,fail,,legacy,21,0.2.0-draft,2026-08-04
fixyourdocs.io,1,0,Absent,,fail,fail,fail,fail,skip,skip,skip,fail,fail,,,14,0.2.0-draft,2026-08-04
fixzi.ai,1,15,Text-only,,fail,fail,fail,fail,skip,skip,skip,pass,pass,,,14,0.2.0-draft,2026-08-04
flagram.com,1,0,Absent,,error,fail,fail,error,skip,skip,skip,fail,fail,,,46,0.2.0-draft,2026-08-04
flaim.app,1,85,Connectable,,fail,fail,pass,pass,pass,fail,skip,pass,pass,,modern,20,0.2.0-draft,2026-08-04
flarelink.dev,1,10,Text-only,,fail,fail,fail,fail,skip,skip,skip,pass,fail,,,14,0.2.0-draft,2026-08-04
flashalpha.com,1,15,Text-only,,fail,fail,fail,fail,skip,skip,skip,pass,pass,,,15,0.2.0-draft,2026-08-04
flashcards-open-source-app.com,1,10,Text-only,,fail,fail,fail,fail,skip,skip,skip,pass,fail,,,19,0.2.0-draft,2026-08-04
flashodds.live,1,5,Text-only,,fail,fail,fail,fail,skip,skip,skip,fail,pass,,,15,0.2.0-draft,2026-08-04
flask.do,1,15,Text-only,,fail,fail,fail,fail,skip,skip,skip,pass,pass,,,17,0.2.0-draft,2026-08-04
flat.cash,1,80,Connectable,,pass,pass,pass,pass,pass,fail,skip,pass,fail,ai-catalog|mcp-json|mcp-server-card-json,modern,23,0.2.0-draft,2026-08-04
flatlandfi.com,1,15,Text-only,,fail,fail,fail,fail,skip,skip,skip,pass,pass,,,17,0.2.0-draft,2026-08-04
flato.ai,1,10,Text-only,,fail,fail,fail,fail,skip,skip,skip,pass,fail,,,28,0.2.0-draft,2026-08-04
flatscope.co.uk,1,15,Text-only,,fail,fail,fail,fail,skip,skip,skip,pass,pass,,,25,0.2.0-draft,2026-08-04
flatway.fr,1,0,Absent,,fail,fail,fail,fail,skip,skip,skip,fail,fail,,,22,0.2.0-draft,2026-08-04
fleetstreet.ai,1,15,Text-only,,fail,fail,fail,fail,skip,skip,skip,pass,pass,,,16,0.2.0-draft,2026-08-04
flevy.com,1,85,Connectable,,pass,fail,fail,fail,pass,pass,pass,fail,fail,mcp-server-card-json,legacy,19,0.2.0-draft,2026-08-04
flightdb.org,1,50,Discoverable,,fail,fail,fail,pass,skip,skip,skip,pass,pass,,,17,0.2.0-draft,2026-08-04
flightmussy.com,1,0,Absent,,error,fail,fail,error,skip,skip,skip,fail,fail,,,26,0.2.0-draft,2026-08-04
flightqueue.com,1,85,Connectable,,pass,fail,fail,pass,pass,fail,skip,pass,pass,mcp-json|mcp-server-card-json,modern,19,0.2.0-draft,2026-08-04
flightseatmap.com,1,80,Connectable,,pass,fail,pass,pass,pass,fail,skip,pass,fail,mcp-server-card-json,modern,21,0.2.0-draft,2026-08-04
flingflyers.com,1,80,Connectable,,fail,fail,pass,fail,pass,fail,skip,pass,fail,,legacy,19,0.2.0-draft,2026-08-04
flint.network,1,85,Connectable,,pass,fail,pass,fail,pass,fail,skip,pass,pass,ai-catalog,legacy,22,0.2.0-draft,2026-08-04
flipdomain.ai,1,85,Connectable,,pass,fail,fail,fail,pass,pass,fail,pass,pass,mcp-json|mcp-server-card-json,legacy,18,0.2.0-draft,2026-08-04
flipnem.com,1,45,Discoverable,,fail,fail,fail,pass,skip,skip,skip,pass,fail,,,13,0.2.0-draft,2026-08-04
flipr-x402.fly.dev,1,10,Text-only,,fail,fail,fail,fail,skip,skip,skip,pass,fail,,,14,0.2.0-draft,2026-08-04
flomoapp.com,1,35,Discoverable,,fail,fail,fail,pass,skip,skip,skip,fail,fail,,,14,0.2.0-draft,2026-08-04
floot.com,1,70,Connectable,,fail,fail,pass,pass,pass,fail,skip,fail,fail,,modern,22,0.2.0-draft,2026-08-04
flow2.co,1,35,Discoverable,,fail,pass,fail,fail,skip,skip,skip,fail,fail,,,16,0.2.0-draft,2026-08-04
flowcastle.ai,1,10,Text-only,,fail,fail,fail,fail,skip,skip,skip,pass,fail,,,15,0.2.0-draft,2026-08-04
flowcontent.io,1,5,Text-only,,fail,fail,fail,fail,skip,skip,skip,fail,pass,,,31,0.2.0-draft,2026-08-04
flowgraf.in,1,0,Absent,,fail,fail,fail,fail,skip,skip,skip,fail,fail,,,16,0.2.0-draft,2026-08-04
flowstep.ai,1,0,Absent,,fail,fail,fail,fail,skip,skip,skip,fail,fail,,,14,0.2.0-draft,2026-08-04
flowstudio.app,1,85,Connectable,,fail,fail,pass,fail,pass,pass,pass,fail,fail,,modern,22,0.2.0-draft,2026-08-04
flowvolt-strike-engine.vercel.app,1,0,Absent,,fail,fail,fail,fail,skip,skip,skip,fail,fail,,,27,0.2.0-draft,2026-08-04
flowvolt.io,1,0,Absent,,fail,fail,fail,fail,skip,skip,skip,fail,fail,,,29,0.2.0-draft,2026-08-04
fltln.io,1,15,Text-only,,fail,fail,fail,fail,skip,skip,skip,pass,pass,,,21,0.2.0-draft,2026-08-04
fluentive.app,1,85,Connectable,,fail,fail,pass,fail,pass,fail,skip,pass,pass,,legacy,21,0.2.0-draft,2026-08-04
fluf.io,1,15,Text-only,,fail,fail,fail,fail,skip,skip,skip,pass,pass,,,20,0.2.0-draft,2026-08-04
fluora-mcp-172867820131.us-west1.run.app,1,80,Connectable,,pass,fail,fail,fail,pass,fail,skip,pass,fail,mcp-json,legacy,31,0.2.0-draft,2026-08-04
fluxink.ai,1,0,Absent,,error,fail,fail,error,skip,skip,skip,fail,fail,,,41,0.2.0-draft,2026-08-04
fluxiq.xyz,1,10,Text-only,,fail,fail,fail,fail,skip,skip,skip,pass,fail,,,14,0.2.0-draft,2026-08-04
flyweel.co,1,50,Discoverable,,pass,fail,fail,fail,skip,skip,skip,pass,pass,mcp-json,,28,0.2.0-draft,2026-08-04
foam.ai,1,0,Absent,,fail,fail,fail,fail,skip,skip,skip,fail,fail,,,15,0.2.0-draft,2026-08-04
focxle.com,1,50,Discoverable,,pass,fail,fail,pass,fail,skip,skip,pass,pass,ai-catalog,,17,0.2.0-draft,2026-08-04
fodda.ai,1,35,Discoverable,,error,pass,fail,error,skip,skip,skip,fail,fail,,,41,0.2.0-draft,2026-08-04
foliofact.com,1,50,Discoverable,,pass,fail,fail,pass,skip,skip,skip,pass,pass,mcp-json|mcp-bare|mcp-server-card-json,,12,0.2.0-draft,2026-08-04
followontours.com,1,5,Text-only,,fail,fail,fail,fail,skip,skip,skip,fail,pass,,,25,0.2.0-draft,2026-08-04
foodnear.me,1,50,Discoverable,,fail,pass,fail,fail,skip,skip,skip,pass,pass,,,13,0.2.0-draft,2026-08-04
foodtruck-nation.de,1,0,Absent,,fail,fail,fail,fail,skip,skip,skip,fail,fail,,,14,0.2.0-draft,2026-08-04
foomworks.workers.dev,1,0,Absent,,error,fail,fail,error,skip,skip,skip,fail,fail,,,6,0.2.0-draft,2026-08-04
footdigest.com,1,0,Absent,,fail,fail,fail,fail,skip,skip,skip,fail,fail,,,17,0.2.0-draft,2026-08-04
foqal.io,1,0,Absent,,fail,fail,fail,fail,skip,skip,skip,fail,fail,,,27,0.2.0-draft,2026-08-04
for-ai-agents.workers.dev,1,0,Absent,,error,fail,fail,error,skip,skip,skip,fail,fail,,,6,0.2.0-draft,2026-08-04
forageshopping.com,1,35,Discoverable,,pass,fail,fail,fail,skip,skip,skip,fail,fail,mcp-server-card-json,,16,0.2.0-draft,2026-08-04
forcedream.ai,1,15,Text-only,,fail,fail,fail,fail,skip,skip,skip,pass,pass,,,15,0.2.0-draft,2026-08-04
foresea.ink,1,85,Connectable,,pass,fail,fail,fail,pass,fail,skip,pass,pass,mcp-json,legacy,19,0.2.0-draft,2026-08-04
forex-gpt.ai,1,35,Discoverable,,pass,fail,fail,pass,skip,skip,skip,fail,fail,mcp-server-card-json,,21,0.2.0-draft,2026-08-04
forgecascade.org,1,50,Discoverable,,pass,fail,fail,pass,skip,skip,skip,pass,pass,mcp-json|mcp-server-card-json,,16,0.2.0-draft,2026-08-04
forgeengine.app,1,15,Text-only,,fail,fail,fail,fail,skip,skip,skip,pass,pass,,,17,0.2.0-draft,2026-08-04
forgeorbital.com,1,0,Absent,,fail,fail,fail,fail,skip,skip,skip,fail,fail,,,13,0.2.0-draft,2026-08-04
forgesworn.dev,1,10,Text-only,,fail,fail,fail,fail,skip,skip,skip,pass,fail,,,14,0.2.0-draft,2026-08-04
forgetreasury.com,1,0,Absent,,fail,fail,fail,fail,skip,skip,skip,fail,fail,,,16,0.2.0-draft,2026-08-04
forinvest.com,1,15,Text-only,,fail,fail,fail,fail,skip,skip,skip,pass,pass,,,29,0.2.0-draft,2026-08-04
forkast.gg,1,0,Absent,,fail,fail,fail,fail,skip,skip,skip,fail,fail,,,20,0.2.0-draft,2026-08-04
forkbit.io,1,15,Text-only,,fail,fail,fail,fail,skip,skip,skip,pass,pass,,,15,0.2.0-draft,2026-08-04
forkmate.ai,1,15,Text-only,,fail,fail,fail,fail,skip,skip,skip,pass,pass,,,14,0.2.0-draft,2026-08-04
form.io,1,10,Text-only,,fail,fail,fail,fail,skip,skip,skip,pass,fail,,,21,0.2.0-draft,2026-08-04
formbro.ca,1,5,Text-only,,fail,fail,fail,fail,skip,skip,skip,fail,pass,,,22,0.2.0-draft,2026-08-04
formdesigner.pro,1,0,Absent,,fail,fail,fail,fail,skip,skip,skip,fail,fail,,,17,0.2.0-draft,2026-08-04
formester.com,1,0,Absent,,fail,fail,fail,fail,skip,skip,skip,fail,fail,,,19,0.2.0-draft,2026-08-04
formpaste.com,1,80,Connectable,,pass,fail,fail,fail,pass,fail,skip,pass,fail,mcp-bare,legacy,20,0.2.0-draft,2026-08-04
fortfiapp.com,1,50,Discoverable,,pass,fail,fail,fail,skip,skip,skip,pass,pass,mcp-server-card-json,,13,0.2.0-draft,2026-08-04
fortytwo.network,1,85,Connectable,,fail,fail,pass,fail,pass,pass,pass,fail,fail,,legacy,23,0.2.0-draft,2026-08-04
fotify.app,1,15,Text-only,,fail,fail,fail,fail,skip,skip,skip,pass,pass,,,18,0.2.0-draft,2026-08-04
fotohub.app,1,15,Text-only,,fail,fail,fail,fail,skip,skip,skip,pass,pass,,,16,0.2.0-draft,2026-08-04
foundrole.com,1,85,Connectable,,fail,fail,pass,pass,pass,fail,skip,pass,pass,,legacy,37,0.2.0-draft,2026-08-04
foundryims.com,1,0,Absent,,fail,fail,fail,fail,skip,skip,skip,fail,fail,,,17,0.2.0-draft,2026-08-04
foundrynet-geo-production.up.railway.app,1,0,Absent,,error,fail,fail,error,skip,skip,skip,fail,fail,,,39,0.2.0-draft,2026-08-04
foundrynet-inference-production.up.railway.app,1,0,Absent,,error,fail,fail,error,skip,skip,skip,fail,fail,,,39,0.2.0-draft,2026-08-04
foundrynet-mcp-production.up.railway.app,1,0,Absent,,fail,fail,fail,fail,skip,skip,skip,fail,fail,,,27,0.2.0-draft,2026-08-04
foundrynet-scrape-production.up.railway.app,1,0,Absent,,error,fail,fail,error,skip,skip,skip,fail,fail,,,39,0.2.0-draft,2026-08-04
foundrynet-search-production.up.railway.app,1,0,Absent,,error,fail,fail,error,skip,skip,skip,fail,fail,,,39,0.2.0-draft,2026-08-04
four-leaf.ai,1,50,Discoverable,,fail,fail,fail,pass,skip,skip,skip,pass,pass,,,13,0.2.0-draft,2026-08-04
four02proof.onrender.com,1,0,Absent,,fail,fail,fail,fail,skip,skip,skip,fail,fail,,,27,0.2.0-draft,2026-08-04
foura.ai,1,85,Connectable,,fail,fail,pass,fail,pass,fail,skip,pass,pass,,legacy,23,0.2.0-draft,2026-08-04
fourmemeclaw.com,1,0,Absent,,fail,fail,fail,fail,skip,skip,skip,fail,fail,,,14,0.2.0-draft,2026-08-04
foxfiver.com,1,0,Absent,,error,fail,fail,error,skip,skip,skip,fail,fail,,,3,0.2.0-draft,2026-08-04
foyekanoxpnkydoibaas.supabase.co,1,0,Absent,,fail,fail,fail,fail,skip,skip,skip,fail,fail,,,14,0.2.0-draft,2026-08-04
fpjs.io,1,0,Absent,,fail,fail,fail,fail,skip,skip,skip,fail,fail,,,17,0.2.0-draft,2026-08-04
fractera.ai,1,10,Text-only,,fail,fail,fail,fail,skip,skip,skip,pass,fail,,,25,0.2.0-draft,2026-08-04
framebench.app,1,90,Agent-ready,,fail,fail,pass,fail,pass,pass,pass,fail,pass,,legacy,20,0.2.0-draft,2026-08-04
framefetch.net,1,50,Discoverable,,fail,fail,fail,pass,skip,skip,skip,pass,pass,,,14,0.2.0-draft,2026-08-04
framekeep.com,1,85,Connectable,,pass,fail,pass,fail,pass,fail,skip,pass,pass,mcp-server-card-json,legacy,21,0.2.0-draft,2026-08-04
framelane.io,1,10,Text-only,,fail,fail,fail,fail,skip,skip,skip,pass,fail,,,16,0.2.0-draft,2026-08-04
framesail.com,1,10,Text-only,,fail,fail,fail,fail,skip,skip,skip,pass,fail,,,15,0.2.0-draft,2026-08-04
france-care.fr,1,45,Discoverable,,pass,fail,fail,fail,skip,skip,skip,pass,fail,mcp-json,,33,0.2.0-draft,2026-08-04
france-data-mcp.vercel.app,1,0,Absent,,fail,fail,fail,fail,skip,skip,skip,fail,fail,,,27,0.2.0-draft,2026-08-04
francolabs.vercel.app,1,70,Connectable,,fail,fail,pass,pass,pass,fail,skip,fail,fail,,modern,31,0.2.0-draft,2026-08-04
frankfurter.dev,1,80,Connectable,,fail,fail,pass,fail,pass,fail,skip,pass,fail,,legacy,23,0.2.0-draft,2026-08-04
frankponcelet.com,1,100,Agent-ready,,pass,fail,pass,fail,pass,pass,pass,pass,pass,ai-catalog|mcp-server-card-json,legacy,22,0.2.0-draft,2026-08-04
frankspace.co.uk,1,50,Discoverable,,pass,fail,fail,fail,skip,skip,skip,pass,pass,mcp-json,,14,0.2.0-draft,2026-08-04
frase.io,1,85,Connectable,,pass,fail,fail,pass,pass,fail,skip,pass,pass,mcp-json|mcp-server-card-json,modern,34,0.2.0-draft,2026-08-04
frazzlecrm.com,1,85,Connectable,,fail,fail,pass,fail,pass,fail,skip,pass,pass,,modern,20,0.2.0-draft,2026-08-04
freddy.coach,1,50,Discoverable,,fail,fail,fail,pass,skip,skip,skip,pass,pass,,,14,0.2.0-draft,2026-08-04
free-sign.com,1,85,Connectable,,pass,fail,fail,fail,pass,pass,fail,pass,pass,mcp-json,legacy,18,0.2.0-draft,2026-08-04
freeappstore.online,1,100,Agent-ready,,pass,fail,pass,fail,pass,pass,pass,pass,pass,mcp-json,legacy,23,0.2.0-draft,2026-08-04
freeastroapi.com,1,15,Text-only,,fail,fail,fail,fail,skip,skip,skip,pass,pass,,,26,0.2.0-draft,2026-08-04
freebatteryfactory.com,1,85,Connectable,,fail,fail,pass,fail,pass,fail,skip,pass,pass,,legacy,19,0.2.0-draft,2026-08-04
freelance-os-production.up.railway.app,1,0,Absent,,fail,fail,fail,fail,skip,skip,skip,fail,fail,,,27,0.2.0-draft,2026-08-04
freelancertax.ca,1,10,Text-only,,fail,fail,fail,fail,skip,skip,skip,pass,fail,,,14,0.2.0-draft,2026-08-04
freelax.cz,1,75,Connectable,,fail,fail,pass,fail,pass,pass,fail,fail,pass,,modern,31,0.2.0-draft,2026-08-04
freight-pulse-mcp.vercel.app,1,0,Absent,,fail,fail,fail,fail,skip,skip,skip,fail,fail,,,27,0.2.0-draft,2026-08-04
freightutils.com,1,85,Connectable,,fail,fail,pass,fail,pass,fail,skip,pass,pass,,legacy,37,0.2.0-draft,2026-08-04
freqblog.com,1,0,Absent,,fail,fail,fail,fail,skip,skip,skip,fail,fail,,,17,0.2.0-draft,2026-08-04
freshjots.com,1,35,Discoverable,,fail,fail,fail,pass,skip,skip,skip,fail,fail,,,13,0.2.0-draft,2026-08-04
friday-seller-tools-production.up.railway.app,1,80,Connectable,,pass,fail,pass,fail,pass,pass,fail,pass,fail,mcp-server-card-json,legacy,32,0.2.0-draft,2026-08-04
frigolog.fr,1,15,Text-only,,fail,fail,fail,fail,skip,skip,skip,pass,pass,,,13,0.2.0-draft,2026-08-04
frihet.io,1,50,Discoverable,,pass,fail,fail,fail,fail,skip,skip,pass,pass,ai-catalog,,34,0.2.0-draft,2026-08-04
frisian-mcp.com,1,85,Connectable,,pass,fail,pass,pass,pass,pass,pass,fail,fail,mcp-server-serra,legacy,22,0.2.0-draft,2026-08-04
frogeye.ai,1,45,Discoverable,,pass,fail,fail,fail,skip,skip,skip,pass,fail,mcp-server-card-json,,17,0.2.0-draft,2026-08-04
frontdeskreview.com,1,15,Text-only,,fail,fail,fail,fail,skip,skip,skip,pass,pass,,,16,0.2.0-draft,2026-08-04
frontsail.app,1,0,Absent,,error,fail,fail,error,skip,skip,skip,fail,fail,,,3,0.2.0-draft,2026-08-04
fryd.app,1,15,Text-only,,fail,fail,fail,fail,skip,skip,skip,pass,pass,,,18,0.2.0-draft,2026-08-04
ftir.fun,1,40,Discoverable,,pass,fail,fail,fail,skip,skip,skip,fail,pass,mcp-server-card-json,,14,0.2.0-draft,2026-08-04
fuechvghummojkgliyha.supabase.co,1,0,Absent,,fail,fail,fail,fail,skip,skip,skip,fail,fail,,,14,0.2.0-draft,2026-08-04
fuelcenter.co,1,100,Agent-ready,,pass,fail,pass,fail,pass,pass,pass,pass,pass,mcp-server-card-json,legacy,19,0.2.0-draft,2026-08-04
fugentic.ai,1,85,Connectable,,pass,fail,fail,fail,pass,pass,pass,fail,fail,ai-catalog,legacy,21,0.2.0-draft,2026-08-04
fulcradynamics.com,1,10,Text-only,,fail,fail,fail,fail,skip,skip,skip,pass,fail,,,18,0.2.0-draft,2026-08-04
fulcru.app,1,85,Connectable,,pass,fail,pass,pass,pass,fail,skip,pass,pass,mcp-server-card-json,modern,33,0.2.0-draft,2026-08-04
funding-arb-x402-production.up.railway.app,1,0,Absent,,fail,fail,fail,fail,skip,skip,skip,fail,fail,,,27,0.2.0-draft,2026-08-04
funding-rates-x402-production.up.railway.app,1,0,Absent,,fail,fail,fail,fail,skip,skip,skip,fail,fail,,,27,0.2.0-draft,2026-08-04
fundinglandscape.com,1,50,Discoverable,,pass,fail,fail,pass,skip,skip,skip,pass,pass,mcp-json,,13,0.2.0-draft,2026-08-04
fundmomentum.vc,1,15,Text-only,,fail,fail,fail,fail,skip,skip,skip,pass,pass,,,27,0.2.0-draft,2026-08-04
funn.to,1,10,Text-only,,fail,fail,fail,fail,skip,skip,skip,pass,fail,,,13,0.2.0-draft,2026-08-04
fursat.fun,1,15,Text-only,,fail,fail,fail,fail,skip,skip,skip,pass,pass,,,25,0.2.0-draft,2026-08-04
fuse.io,1,10,Text-only,,fail,fail,fail,fail,skip,skip,skip,pass,fail,,,24,0.2.0-draft,2026-08-04
fusionauth.dev,1,0,Absent,,fail,fail,fail,fail,skip,skip,skip,fail,fail,,,14,0.2.0-draft,2026-08-04
fusionauth.io,1,10,Text-only,,fail,fail,fail,fail,skip,skip,skip,pass,fail,,,16,0.2.0-draft,2026-08-04
futia.io,1,10,Text-only,,fail,fail,fail,fail,skip,skip,skip,pass,fail,,,20,0.2.0-draft,2026-08-04
futur-panda.dev,1,0,Absent,,error,fail,fail,error,skip,skip,skip,fail,fail,,,29,0.2.0-draft,2026-08-04
future.video,1,0,Absent,,fail,fail,fail,fail,skip,skip,skip,fail,fail,,,16,0.2.0-draft,2026-08-04
futureagi.com,1,15,Text-only,,fail,fail,fail,fail,skip,skip,skip,pass,pass,,,15,0.2.0-draft,2026-08-04
futuremultihousing.workers.dev,1,0,Absent,,error,fail,fail,error,skip,skip,skip,fail,fail,,,6,0.2.0-draft,2026-08-04
futureproof.work,1,0,Absent,,fail,fail,fail,fail,skip,skip,skip,fail,fail,,,14,0.2.0-draft,2026-08-04
futuronoti.workers.dev,1,0,Absent,,error,fail,fail,error,skip,skip,skip,fail,fail,,,6,0.2.0-draft,2026-08-04
fuzz-breaker-mcp.vercel.app,1,0,Absent,,fail,fail,fail,fail,skip,skip,skip,fail,fail,,,27,0.2.0-draft,2026-08-04
fxmacrodata.com,1,80,Connectable,,pass,fail,fail,pass,pass,fail,skip,pass,fail,mcp-json,legacy,21,0.2.0-draft,2026-08-04
fylings.com,1,15,Text-only,,fail,fail,fail,fail,skip,skip,skip,pass,pass,,,25,0.2.0-draft,2026-08-04
fynqo.app,1,50,Discoverable,,pass,fail,fail,fail,skip,skip,skip,pass,pass,mcp-json,,13,0.2.0-draft,2026-08-04
fysio.care,1,10,Text-only,,fail,fail,fail,fail,skip,skip,skip,pass,fail,,,13,0.2.0-draft,2026-08-04
gabrielgusmao.com,1,10,Text-only,,fail,fail,fail,fail,skip,skip,skip,pass,fail,,,25,0.2.0-draft,2026-08-04
gachi-tokusuru.com,1,100,Agent-ready,,fail,fail,pass,pass,pass,pass,pass,pass,pass,,legacy,21,0.2.0-draft,2026-08-04
gadgethumans.com,1,85,Connectable,,pass,fail,pass,fail,pass,pass,fail,pass,pass,mcp-json|mcp-server-card-json,legacy,21,0.2.0-draft,2026-08-04
gaijin.team,1,0,Absent,,fail,fail,fail,fail,skip,skip,skip,fail,fail,,,14,0.2.0-draft,2026-08-04
gainium.io,1,0,Absent,,fail,fail,fail,fail,skip,skip,skip,fail,fail,,,16,0.2.0-draft,2026-08-04
gaizkajimenez.com,1,0,Absent,,fail,fail,fail,fail,skip,skip,skip,fail,fail,,,14,0.2.0-draft,2026-08-04
galaxymind.space,1,15,Text-only,,fail,fail,fail,fail,skip,skip,skip,pass,pass,,,16,0.2.0-draft,2026-08-04
gallandigital.com,1,0,Absent,,fail,fail,fail,fail,skip,skip,skip,fail,fail,,,13,0.2.0-draft,2026-08-04
gameanalytics.com,1,10,Text-only,,fail,fail,fail,fail,skip,skip,skip,pass,fail,,,22,0.2.0-draft,2026-08-04
gamedev.net,1,15,Text-only,,fail,fail,fail,fail,skip,skip,skip,pass,pass,,,13,0.2.0-draft,2026-08-04
gamefork.dev,1,90,Agent-ready,,fail,fail,pass,pass,pass,pass,pass,fail,pass,,modern,18,0.2.0-draft,2026-08-04
gamefork.io,1,15,Text-only,,fail,fail,fail,fail,skip,skip,skip,pass,pass,,,14,0.2.0-draft,2026-08-04
gameindustrylibrary.com,1,45,Discoverable,,fail,fail,fail,pass,skip,skip,skip,pass,fail,,,13,0.2.0-draft,2026-08-04
gammainfra.com,1,0,Absent,,error,fail,fail,error,skip,skip,skip,fail,fail,,,34,0.2.0-draft,2026-08-04
gammarips-mcp-406581297632.us-central1.run.app,1,35,Discoverable,,pass,fail,fail,fail,skip,skip,skip,fail,fail,mcp-server-card-json,,27,0.2.0-draft,2026-08-04
gammarips.com,1,45,Discoverable,,pass,fail,fail,fail,fail,skip,skip,pass,fail,ai-catalog,,20,0.2.0-draft,2026-08-04
gankdat.com,1,15,Text-only,,fail,fail,fail,fail,skip,skip,skip,pass,pass,,,14,0.2.0-draft,2026-08-04
ganty.app,1,45,Discoverable,,fail,fail,fail,pass,skip,skip,skip,pass,fail,,,15,0.2.0-draft,2026-08-04
gapup.io,1,80,Connectable,,fail,fail,pass,fail,pass,fail,skip,pass,fail,,legacy,32,0.2.0-draft,2026-08-04
garchi.co.uk,1,85,Connectable,,fail,fail,pass,pass,pass,fail,skip,pass,pass,,modern,18,0.2.0-draft,2026-08-04
garmin-mcp-nuqd.onrender.com,1,70,Connectable,,fail,fail,pass,pass,pass,fail,skip,fail,fail,,modern,31,0.2.0-draft,2026-08-04
garmolabs.com,1,0,Absent,,fail,fail,fail,fail,skip,skip,skip,fail,fail,,,14,0.2.0-draft,2026-08-04
gas-estimator-x402-production.up.railway.app,1,0,Absent,,fail,fail,fail,fail,skip,skip,skip,fail,fail,,,27,0.2.0-draft,2026-08-04
gas-oracle-x402-production.up.railway.app,1,0,Absent,,fail,fail,fail,fail,skip,skip,skip,fail,fail,,,27,0.2.0-draft,2026-08-04
gas-pulse-mcp.vercel.app,1,0,Absent,,fail,fail,fail,fail,skip,skip,skip,fail,fail,,,27,0.2.0-draft,2026-08-04
gastor-motherboard-mcp.vercel.app,1,0,Absent,,fail,fail,fail,fail,skip,skip,skip,fail,fail,,,27,0.2.0-draft,2026-08-04
gateco.ai,1,15,Text-only,,fail,fail,fail,fail,skip,skip,skip,pass,pass,,,28,0.2.0-draft,2026-08-04
gatetest.ai,1,0,Absent,,error,fail,fail,error,skip,skip,skip,fail,fail,,,3,0.2.0-draft,2026-08-04
gatewayticketing.hosting,1,0,Absent,,error,fail,fail,error,skip,skip,skip,fail,fail,,,3,0.2.0-draft,2026-08-04
gaudiolab.com,1,0,Absent,,fail,fail,fail,fail,skip,skip,skip,fail,fail,,,30,0.2.0-draft,2026-08-04
gavelin.ai,1,0,Absent,,fail,fail,fail,fail,skip,skip,skip,fail,fail,,,16,0.2.0-draft,2026-08-04
gbgplatforms.com,1,0,Absent,,fail,fail,fail,fail,skip,skip,skip,fail,fail,,,22,0.2.0-draft,2026-08-04
gblin-mcp-worker.workers.dev,1,0,Absent,,error,fail,fail,error,skip,skip,skip,fail,fail,,,6,0.2.0-draft,2026-08-04
gcwmjfotygqnlsyfhiyq.supabase.co,1,0,Absent,,fail,fail,fail,fail,skip,skip,skip,fail,fail,,,14,0.2.0-draft,2026-08-04
gdacs.org,1,70,Connectable,,fail,fail,pass,fail,pass,fail,skip,fail,fail,,legacy,21,0.2.0-draft,2026-08-04
gdpr-scanner-x402-production.up.railway.app,1,0,Absent,,fail,fail,fail,fail,skip,skip,skip,fail,fail,,,27,0.2.0-draft,2026-08-04
geckovision.tech,1,15,Text-only,,fail,fail,fail,fail,skip,skip,skip,pass,pass,,,30,0.2.0-draft,2026-08-04
geczbtsjfbvfukdzdemr.supabase.co,1,0,Absent,,fail,fail,fail,fail,skip,skip,skip,fail,fail,,,14,0.2.0-draft,2026-08-04
geekflare.com,1,10,Text-only,,fail,fail,fail,fail,skip,skip,skip,pass,fail,,,20,0.2.0-draft,2026-08-04
geezerkeeper.com,1,95,Agent-ready,,pass,fail,pass,fail,pass,pass,pass,pass,fail,mcp-json,modern,18,0.2.0-draft,2026-08-04
geiant-agentcore-production.up.railway.app,1,0,Absent,,fail,fail,fail,fail,skip,skip,skip,fail,fail,,,27,0.2.0-draft,2026-08-04
geiant.com,1,0,Absent,,fail,fail,fail,fail,skip,skip,skip,fail,fail,,,14,0.2.0-draft,2026-08-04
gembook.xyz,1,0,Absent,,fail,fail,fail,fail,skip,skip,skip,fail,fail,,,13,0.2.0-draft,2026-08-04
gemina.co,1,50,Discoverable,,pass,fail,fail,fail,skip,skip,skip,pass,pass,mcp-json,,28,0.2.0-draft,2026-08-04
gemot.dev,1,0,Absent,,fail,fail,fail,fail,skip,skip,skip,fail,fail,,,14,0.2.0-draft,2026-08-04
gemsift.com,1,15,Text-only,,fail,fail,fail,fail,skip,skip,skip,pass,pass,,,16,0.2.0-draft,2026-08-04
gemus.ai,1,35,Discoverable,,fail,fail,fail,pass,skip,skip,skip,fail,fail,,,18,0.2.0-draft,2026-08-04
gencove.com,1,10,Text-only,,fail,fail,fail,fail,skip,skip,skip,pass,fail,,,15,0.2.0-draft,2026-08-04
gency.ai,1,0,Absent,,fail,fail,fail,fail,skip,skip,skip,fail,fail,,,14,0.2.0-draft,2026-08-04
genefoundry.org,1,85,Connectable,,fail,fail,pass,pass,pass,fail,skip,pass,pass,,modern,18,0.2.0-draft,2026-08-04
generect.com,1,10,Text-only,,fail,fail,fail,fail,skip,skip,skip,pass,fail,,,17,0.2.0-draft,2026-08-04
genesis.social,1,100,Agent-ready,,pass,fail,pass,fail,pass,pass,pass,pass,pass,mcp-json,legacy,38,0.2.0-draft,2026-08-04
genesisconductor.io,1,10,Text-only,,fail,fail,fail,fail,skip,skip,skip,pass,fail,,,21,0.2.0-draft,2026-08-04
genesisre.io,1,70,Connectable,,fail,fail,pass,fail,pass,fail,skip,fail,fail,,legacy,32,0.2.0-draft,2026-08-04
genflik.com,1,80,Connectable,,fail,fail,pass,pass,pass,fail,skip,pass,fail,,modern,19,0.2.0-draft,2026-08-04
genflowai.io,1,50,Discoverable,,pass,fail,fail,pass,skip,skip,skip,pass,pass,mcp-server-card-json,,25,0.2.0-draft,2026-08-04
gengeo.co,1,10,Text-only,,fail,fail,fail,fail,skip,skip,skip,pass,fail,,,18,0.2.0-draft,2026-08-04
geniusflow-federation.vercel.app,1,80,Connectable,,fail,fail,pass,fail,pass,pass,fail,pass,fail,,legacy,32,0.2.0-draft,2026-08-04
genmb.com,1,50,Discoverable,,fail,fail,fail,pass,skip,skip,skip,pass,pass,,,16,0.2.0-draft,2026-08-04
genome-api-production.up.railway.app,1,0,Absent,,fail,fail,fail,fail,skip,skip,skip,fail,fail,,,27,0.2.0-draft,2026-08-04
genomicintelligence.ai,1,0,Absent,,fail,fail,fail,fail,skip,skip,skip,fail,fail,,,17,0.2.0-draft,2026-08-04
gentkey.com,1,15,Text-only,,fail,fail,fail,fail,skip,skip,skip,pass,pass,,,17,0.2.0-draft,2026-08-04
geoclear.io,1,10,Text-only,,fail,fail,fail,fail,skip,skip,skip,pass,fail,,,26,0.2.0-draft,2026-08-04
geodesiclabs.ai,1,5,Text-only,,fail,fail,fail,fail,skip,skip,skip,fail,pass,,,14,0.2.0-draft,2026-08-04
geospatialsystem.com,1,0,Absent,,fail,fail,fail,fail,skip,skip,skip,fail,fail,,,15,0.2.0-draft,2026-08-04
geotone.news,1,100,Agent-ready,,fail,fail,pass,fail,pass,pass,pass,pass,pass,,legacy,19,0.2.0-draft,2026-08-04
gepuro.net,1,0,Absent,,fail,fail,fail,fail,skip,skip,skip,fail,fail,,,14,0.2.0-draft,2026-08-04
gera.services,1,50,Discoverable,,pass,fail,fail,fail,fail,skip,skip,pass,pass,mcp-json,,16,0.2.0-draft,2026-08-04
get-obra.com,1,10,Text-only,,fail,fail,fail,fail,skip,skip,skip,pass,fail,,,14,0.2.0-draft,2026-08-04
getagentdocs.com,1,45,Discoverable,,fail,fail,fail,pass,skip,skip,skip,pass,fail,,,14,0.2.0-draft,2026-08-04
getagentictools.com,1,85,Connectable,,fail,fail,pass,fail,pass,fail,skip,pass,pass,,legacy,22,0.2.0-draft,2026-08-04
getaiaiai.ru,1,0,Absent,,fail,fail,fail,fail,skip,skip,skip,fail,fail,,,16,0.2.0-draft,2026-08-04
getaiform.com,1,45,Discoverable,,pass,fail,fail,pass,fail,skip,skip,pass,fail,mcp-json,,14,0.2.0-draft,2026-08-04
getalai.com,1,0,Absent,,fail,fail,fail,fail,skip,skip,skip,fail,fail,,,15,0.2.0-draft,2026-08-04
getamber.dev,1,15,Text-only,,fail,fail,fail,fail,skip,skip,skip,pass,pass,,,14,0.2.0-draft,2026-08-04
getandiamo.app,1,35,Discoverable,,fail,fail,fail,pass,skip,skip,skip,fail,fail,,,16,0.2.0-draft,2026-08-04
getanyapi.com,1,45,Discoverable,,pass,fail,fail,fail,skip,skip,skip,pass,fail,mcp-server-card-json,,15,0.2.0-draft,2026-08-04
getappniche.com,1,100,Agent-ready,,fail,fail,pass,fail,pass,pass,pass,pass,pass,,modern,20,0.2.0-draft,2026-08-04
getbeachfinder.com,1,85,Connectable,,pass,fail,pass,fail,pass,fail,skip,pass,pass,mcp-json|mcp-server-card-json,legacy,21,0.2.0-draft,2026-08-04
getboothiq.com,1,45,Discoverable,,fail,fail,fail,pass,skip,skip,skip,pass,fail,,,13,0.2.0-draft,2026-08-04
getbooyah.com,1,50,Discoverable,,pass,fail,fail,fail,fail,skip,skip,pass,pass,mcp-server-card-json,,14,0.2.0-draft,2026-08-04
getboxkite.com,1,15,Text-only,,fail,fail,fail,fail,skip,skip,skip,pass,pass,,,26,0.2.0-draft,2026-08-04
getcaboo.com,1,15,Text-only,,fail,fail,fail,fail,skip,skip,skip,pass,pass,,,20,0.2.0-draft,2026-08-04
getcallable.dev,1,0,Absent,,fail,fail,fail,fail,skip,skip,skip,fail,fail,,,14,0.2.0-draft,2026-08-04
getcallme.app,1,70,Connectable,,fail,fail,pass,pass,pass,fail,skip,fail,fail,,modern,18,0.2.0-draft,2026-08-04
getcims.com,1,0,Absent,,fail,fail,fail,fail,skip,skip,skip,fail,fail,,,15,0.2.0-draft,2026-08-04
getcoherence.io,1,50,Discoverable,,pass,fail,fail,fail,skip,skip,skip,pass,pass,mcp-bare|mcp-server-card-json,,15,0.2.0-draft,2026-08-04
getconsultkit.com,1,20,Text-only,,fail,fail,pass,fail,fail,skip,skip,fail,fail,,,20,0.2.0-draft,2026-08-04
getcotrader.com,1,0,Absent,,error,fail,fail,error,skip,skip,skip,fail,fail,,,38,0.2.0-draft,2026-08-04
getcourier.dev,1,50,Discoverable,,pass,fail,fail,fail,skip,skip,skip,pass,pass,mcp-server-serra,,18,0.2.0-draft,2026-08-04
getcurrentoffer.com,1,50,Discoverable,,fail,fail,fail,pass,skip,skip,skip,pass,pass,,,16,0.2.0-draft,2026-08-04
getdealboard.com,1,10,Text-only,,fail,fail,fail,fail,skip,skip,skip,pass,fail,,,14,0.2.0-draft,2026-08-04
getdial.ai,1,50,Discoverable,,fail,fail,fail,pass,skip,skip,skip,pass,pass,,,15,0.2.0-draft,2026-08-04
getdialer.app,1,0,Absent,,fail,fail,fail,fail,skip,skip,skip,fail,fail,,,14,0.2.0-draft,2026-08-04
getdomus.app,1,70,Connectable,,fail,fail,pass,pass,pass,fail,skip,fail,fail,,modern,20,0.2.0-draft,2026-08-04
getdot.ai,1,10,Text-only,,fail,fail,fail,fail,skip,skip,skip,pass,fail,,,25,0.2.0-draft,2026-08-04
getdrishti.in,1,0,Absent,,fail,fail,fail,fail,skip,skip,skip,fail,fail,,,30,0.2.0-draft,2026-08-04
getengram.app,1,85,Connectable,,fail,fail,pass,pass,pass,fail,skip,pass,pass,,modern,21,0.2.0-draft,2026-08-04
getexperience.com,1,35,Discoverable,,fail,fail,fail,pass,skip,skip,skip,fail,fail,,,14,0.2.0-draft,2026-08-04
getfirmament.com,1,15,Text-only,,fail,fail,fail,fail,skip,skip,skip,pass,pass,,,16,0.2.0-draft,2026-08-04
getforward.xyz,1,0,Absent,,error,fail,fail,error,skip,skip,skip,fail,fail,,,43,0.2.0-draft,2026-08-04
getfreedomos.com,1,15,Text-only,,fail,fail,fail,fail,skip,skip,skip,pass,pass,,,14,0.2.0-draft,2026-08-04
getfrenchie.dev,1,85,Connectable,,fail,fail,pass,fail,pass,fail,skip,pass,pass,,legacy,35,0.2.0-draft,2026-08-04
getguru.com,1,0,Absent,,fail,fail,fail,fail,skip,skip,skip,fail,fail,,,21,0.2.0-draft,2026-08-04
gethal.ai,1,45,Discoverable,,pass,fail,fail,fail,skip,skip,skip,pass,fail,mcp-server-card-json,,15,0.2.0-draft,2026-08-04
getholdings.com,1,85,Connectable,,fail,fail,pass,fail,pass,fail,skip,pass,pass,,modern,20,0.2.0-draft,2026-08-04
gethumandesign.com,1,80,Connectable,,fail,fail,pass,pass,pass,fail,skip,pass,fail,,modern,33,0.2.0-draft,2026-08-04
getinquira.com,1,15,Text-only,,fail,fail,fail,fail,skip,skip,skip,pass,pass,,,16,0.2.0-draft,2026-08-04
getintel.ai,1,15,Text-only,,fail,fail,fail,fail,skip,skip,skip,pass,pass,,,14,0.2.0-draft,2026-08-04
getjobzi.com,1,15,Text-only,,fail,fail,fail,fail,skip,skip,skip,pass,pass,,,17,0.2.0-draft,2026-08-04
getlulu.dev,1,15,Text-only,,fail,fail,fail,fail,skip,skip,skip,pass,pass,,,19,0.2.0-draft,2026-08-04
getmanymeet.com,1,10,Text-only,,fail,fail,fail,fail,skip,skip,skip,pass,fail,,,14,0.2.0-draft,2026-08-04
getminds.ai,1,45,Discoverable,,pass,fail,fail,fail,skip,skip,skip,pass,fail,mcp-server-card-json,,20,0.2.0-draft,2026-08-04
getmontecarlo.com,1,0,Absent,,fail,fail,fail,fail,skip,skip,skip,fail,fail,,,17,0.2.0-draft,2026-08-04
getmunin.com,1,0,Absent,,fail,fail,fail,fail,skip,skip,skip,fail,fail,,,30,0.2.0-draft,2026-08-04
getmyhotels.com,1,85,Connectable,,fail,fail,pass,pass,pass,pass,pass,fail,fail,,legacy,33,0.2.0-draft,2026-08-04
getomnier.com,1,10,Text-only,,fail,fail,fail,fail,skip,skip,skip,pass,fail,,,16,0.2.0-draft,2026-08-04
getonbrd.com,1,50,Discoverable,,fail,fail,fail,pass,skip,skip,skip,pass,pass,,,14,0.2.0-draft,2026-08-04
getoptimal.ai,1,15,Text-only,,fail,fail,fail,fail,skip,skip,skip,pass,pass,,,13,0.2.0-draft,2026-08-04
getpanes.com,1,35,Discoverable,,fail,error,fail,pass,skip,skip,skip,fail,fail,,,14,0.2.0-draft,2026-08-04
getpapi.ai,1,50,Discoverable,,fail,fail,fail,pass,skip,skip,skip,pass,pass,,,22,0.2.0-draft,2026-08-04
getperspective.ai,1,50,Discoverable,,pass,fail,fail,fail,skip,skip,skip,pass,pass,mcp-server-card-json,,13,0.2.0-draft,2026-08-04
getplexa.com,1,0,Absent,,fail,fail,fail,fail,skip,skip,skip,fail,fail,,,15,0.2.0-draft,2026-08-04
getppcprophet.com,1,0,Absent,,fail,fail,fail,fail,skip,skip,skip,fail,fail,,,28,0.2.0-draft,2026-08-04
getquieta.app,1,75,Connectable,,fail,fail,pass,pass,pass,fail,skip,fail,pass,,modern,18,0.2.0-draft,2026-08-04
getrewired.org,1,20,Text-only,,fail,fail,pass,fail,fail,skip,skip,fail,fail,,,19,0.2.0-draft,2026-08-04
getsalta.app,1,85,Connectable,,fail,fail,pass,pass,pass,fail,skip,pass,pass,,modern,20,0.2.0-draft,2026-08-04
getsavitools.com,1,45,Discoverable,,pass,fail,fail,pass,skip,skip,skip,pass,fail,mcp-server-card-json,,13,0.2.0-draft,2026-08-04
getsocialclaw.com,1,10,Text-only,,fail,fail,fail,fail,skip,skip,skip,pass,fail,,,14,0.2.0-draft,2026-08-04
getsoma.store,1,85,Connectable,,pass,fail,pass,fail,pass,fail,skip,pass,pass,mcp-json,legacy,19,0.2.0-draft,2026-08-04
getsortio.com,1,15,Text-only,,fail,fail,fail,fail,skip,skip,skip,pass,pass,,,30,0.2.0-draft,2026-08-04
getspm.com,1,70,Connectable,,pass,fail,fail,fail,pass,fail,skip,fail,fail,mcp-bare|mcp-server-card-json,modern,17,0.2.0-draft,2026-08-04
getsquish.app,1,80,Connectable,,fail,fail,pass,fail,pass,fail,skip,pass,fail,,legacy,21,0.2.0-draft,2026-08-04
getstack.run,1,10,Text-only,,fail,fail,fail,fail,skip,skip,skip,pass,fail,,,16,0.2.0-draft,2026-08-04
getthroughline.ai,1,45,Discoverable,,fail,fail,fail,pass,skip,skip,skip,pass,fail,,,14,0.2.0-draft,2026-08-04
gettimen.com,1,35,Discoverable,,fail,fail,fail,pass,skip,skip,skip,fail,fail,,,30,0.2.0-draft,2026-08-04
gettransformseo.com,1,0,Absent,,fail,fail,fail,fail,skip,skip,skip,fail,fail,,,26,0.2.0-draft,2026-08-04
gettreatmenthelp.com,1,40,Discoverable,,fail,fail,fail,pass,skip,skip,skip,fail,pass,,,17,0.2.0-draft,2026-08-04
getunblocked.com,1,50,Discoverable,,fail,fail,fail,pass,skip,skip,skip,pass,pass,,,15,0.2.0-draft,2026-08-04
getunleash.io,1,0,Absent,,fail,fail,fail,fail,skip,skip,skip,fail,fail,,,25,0.2.0-draft,2026-08-04
getuserfeedback.com,1,0,Absent,,fail,fail,fail,fail,skip,skip,skip,fail,fail,,,17,0.2.0-draft,2026-08-04
getvaletparking.com,1,85,Connectable,,fail,fail,pass,fail,pass,fail,skip,pass,pass,,legacy,20,0.2.0-draft,2026-08-04
getvalyou.co,1,15,Text-only,,fail,fail,fail,fail,skip,skip,skip,pass,pass,,,14,0.2.0-draft,2026-08-04
getveles.com,1,0,Absent,,fail,fail,fail,fail,skip,skip,skip,fail,fail,,,27,0.2.0-draft,2026-08-04
getvest.ai,1,15,Text-only,,fail,fail,fail,fail,skip,skip,skip,pass,pass,,,15,0.2.0-draft,2026-08-04
getvet.ai,1,0,Absent,,fail,fail,fail,fail,skip,skip,skip,fail,fail,,,13,0.2.0-draft,2026-08-04
getvia.xyz,1,40,Discoverable,,pass,fail,fail,fail,skip,skip,skip,fail,pass,mcp-server-card-json,,25,0.2.0-draft,2026-08-04
getvitamind.app,1,35,Discoverable,,fail,fail,fail,pass,skip,skip,skip,fail,fail,,,17,0.2.0-draft,2026-08-04
getwpagent.com,1,5,Text-only,,fail,fail,fail,fail,skip,skip,skip,fail,pass,,,28,0.2.0-draft,2026-08-04
ghostblock-mcp.vercel.app,1,0,Absent,,fail,fail,fail,fail,skip,skip,skip,fail,fail,,,27,0.2.0-draft,2026-08-04
ghosts.lk,1,15,Text-only,,fail,fail,fail,fail,skip,skip,skip,pass,pass,,,13,0.2.0-draft,2026-08-04
ghostswap.io,1,15,Text-only,,fail,fail,fail,fail,skip,skip,skip,pass,pass,,,16,0.2.0-draft,2026-08-04
ghurt.org,1,35,Discoverable,,fail,fail,fail,pass,skip,skip,skip,fail,fail,,,14,0.2.0-draft,2026-08-04
gibsonai.com,1,0,Absent,,fail,fail,fail,fail,skip,skip,skip,fail,fail,,,17,0.2.0-draft,2026-08-04
giftcardshop.org,1,0,Absent,,fail,fail,fail,fail,skip,skip,skip,fail,fail,,,17,0.2.0-draft,2026-08-04
gigaverse.ai,1,85,Connectable,,fail,fail,pass,fail,pass,fail,skip,pass,pass,,legacy,20,0.2.0-draft,2026-08-04
gigora.live,1,15,Text-only,,fail,fail,fail,fail,skip,skip,skip,pass,pass,,,13,0.2.0-draft,2026-08-04
gigstamp.co.uk,1,95,Agent-ready,,fail,fail,pass,fail,pass,pass,pass,pass,fail,,legacy,37,0.2.0-draft,2026-08-04
gildara.io,1,35,Discoverable,,fail,fail,fail,pass,skip,skip,skip,fail,fail,,,14,0.2.0-draft,2026-08-04
gimmanuel73.workers.dev,1,0,Absent,,error,fail,fail,error,skip,skip,skip,fail,fail,,,6,0.2.0-draft,2026-08-04
girlfriend-giant-celebrities-ride.trycloudflare.com,1,0,Absent,,error,fail,fail,error,skip,skip,skip,fail,fail,,,3,0.2.0-draft,2026-08-04
gisgp.com,1,15,Text-only,,fail,fail,fail,fail,skip,skip,skip,pass,pass,,,13,0.2.0-draft,2026-08-04
gisti.workers.dev,1,0,Absent,,error,fail,fail,error,skip,skip,skip,fail,fail,,,6,0.2.0-draft,2026-08-04
git.ci,1,0,Absent,,fail,fail,fail,fail,skip,skip,skip,fail,fail,,,26,0.2.0-draft,2026-08-04
git.top,1,50,Discoverable,,pass,fail,fail,fail,skip,skip,skip,pass,pass,mcp-json|mcp-bare,,14,0.2.0-draft,2026-08-04
gitdealflow.com,1,50,Discoverable,,pass,fail,fail,fail,fail,skip,skip,pass,pass,mcp-json,,23,0.2.0-draft,2026-08-04
giteasy-mcp.azurewebsites.net,1,45,Discoverable,,pass,fail,fail,fail,fail,skip,skip,pass,fail,mcp-json|mcp-bare,,14,0.2.0-draft,2026-08-04
githits.com,1,10,Text-only,,fail,fail,fail,fail,skip,skip,skip,pass,fail,,,17,0.2.0-draft,2026-08-04
github.com,1,15,Text-only,,fail,fail,fail,fail,skip,skip,skip,pass,pass,,,15,0.2.0-draft,2026-08-04
githubcopilot.com,1,0,Absent,,error,fail,fail,error,skip,skip,skip,fail,fail,,,39,0.2.0-draft,2026-08-04
githunt.ai,1,15,Text-only,,fail,fail,fail,fail,skip,skip,skip,pass,pass,,,17,0.2.0-draft,2026-08-04
gitkraken.com,1,5,Text-only,,fail,fail,fail,fail,skip,skip,skip,fail,pass,,,28,0.2.0-draft,2026-08-04
gitlab-mcp-server.fly.dev,1,35,Discoverable,,pass,fail,pass,fail,fail,skip,skip,fail,fail,mcp-server-card-json,,18,0.2.0-draft,2026-08-04
gitlab.com,1,35,Discoverable,,fail,fail,fail,pass,skip,skip,skip,fail,fail,,,25,0.2.0-draft,2026-08-04
gitlumen.com,1,0,Absent,,fail,fail,fail,fail,skip,skip,skip,fail,fail,,,15,0.2.0-draft,2026-08-04
gitresume.co,1,50,Discoverable,,fail,fail,fail,pass,skip,skip,skip,pass,pass,,,13,0.2.0-draft,2026-08-04
gitscrum.com,1,40,Discoverable,,fail,pass,fail,fail,skip,skip,skip,fail,pass,,,13,0.2.0-draft,2026-08-04
gitsim.com,1,0,Absent,,fail,fail,fail,fail,skip,skip,skip,fail,fail,,,19,0.2.0-draft,2026-08-04
giuelvy.workers.dev,1,0,Absent,,error,fail,fail,error,skip,skip,skip,fail,fail,,,6,0.2.0-draft,2026-08-04
giveradar.com,1,45,Discoverable,,pass,fail,fail,fail,skip,skip,skip,pass,fail,mcp-json|mcp-server-card-json,,16,0.2.0-draft,2026-08-04
gjalla.io,1,15,Text-only,,fail,fail,fail,fail,skip,skip,skip,pass,pass,,,13,0.2.0-draft,2026-08-04
glance.com,1,80,Connectable,,pass,fail,pass,pass,pass,fail,skip,pass,fail,mcp-json,legacy,19,0.2.0-draft,2026-08-04
glasp.co,1,70,Connectable,,fail,fail,pass,pass,pass,fail,skip,fail,fail,,modern,19,0.2.0-draft,2026-08-04
glassfrog.com,1,0,Absent,,fail,fail,fail,fail,skip,skip,skip,fail,fail,,,26,0.2.0-draft,2026-08-04
glasswarp.com,1,80,Connectable,,fail,fail,pass,fail,pass,fail,skip,pass,fail,,modern,34,0.2.0-draft,2026-08-04
glasswerkskimny.workers.dev,1,0,Absent,,error,fail,fail,error,skip,skip,skip,fail,fail,,,6,0.2.0-draft,2026-08-04
glassypic.com,1,50,Discoverable,,pass,fail,fail,fail,skip,skip,skip,pass,pass,mcp-json,,17,0.2.0-draft,2026-08-04
glc-rag.hu,1,10,Text-only,,fail,fail,fail,fail,skip,skip,skip,pass,fail,,,15,0.2.0-draft,2026-08-04
gleaming-cassata-d41682.netlify.app,1,95,Agent-ready,,pass,fail,pass,fail,pass,pass,pass,pass,fail,mcp-json,legacy,32,0.2.0-draft,2026-08-04
glean.com,1,5,Text-only,,fail,fail,fail,fail,skip,skip,skip,fail,pass,,,21,0.2.0-draft,2026-08-04
gleanit.co,1,0,Absent,,fail,fail,fail,fail,skip,skip,skip,fail,fail,,,20,0.2.0-draft,2026-08-04
gleanmark.com,1,95,Agent-ready,,fail,fail,pass,skip,pass,pass,pass,pass,fail,,modern,10,0.2.0-draft,2026-08-04
glif.app,1,45,Discoverable,,fail,fail,fail,pass,skip,skip,skip,pass,fail,,,15,0.2.0-draft,2026-08-04
glim.sh,1,80,Connectable,,fail,fail,pass,pass,pass,fail,skip,pass,fail,,legacy,19,0.2.0-draft,2026-08-04
glimind.com,1,100,Agent-ready,,pass,fail,pass,fail,pass,pass,pass,pass,pass,mcp-server-card-json,modern,18,0.2.0-draft,2026-08-04
glitchexecutor.com,1,15,Text-only,,fail,fail,fail,fail,skip,skip,skip,pass,pass,,,13,0.2.0-draft,2026-08-04
global-chat.io,1,50,Discoverable,,pass,fail,fail,fail,fail,skip,skip,pass,pass,mcp-json,,16,0.2.0-draft,2026-08-04
globalexchangerates.org,1,15,Text-only,,fail,fail,fail,fail,skip,skip,skip,pass,pass,,,30,0.2.0-draft,2026-08-04
globalgov.io,1,100,Agent-ready,,fail,fail,pass,pass,pass,pass,pass,pass,pass,,legacy,20,0.2.0-draft,2026-08-04
globalize.now,1,15,Text-only,,fail,fail,fail,fail,skip,skip,skip,pass,pass,,,24,0.2.0-draft,2026-08-04
globalping.io,1,10,Text-only,,fail,fail,fail,fail,skip,skip,skip,pass,fail,,,15,0.2.0-draft,2026-08-04
globalsourcepartners.com,1,85,Connectable,,fail,fail,pass,pass,pass,pass,pass,fail,fail,,modern,18,0.2.0-draft,2026-08-04
globalsurfari.com,1,100,Agent-ready,,pass,fail,pass,fail,pass,pass,pass,pass,pass,mcp-json|mcp-server-card-json,legacy,19,0.2.0-draft,2026-08-04
globimmo.net,1,50,Discoverable,,pass,fail,fail,fail,skip,skip,skip,pass,pass,mcp-json,,27,0.2.0-draft,2026-08-04
globkurier.pl,1,10,Text-only,,fail,fail,fail,fail,skip,skip,skip,pass,fail,,,34,0.2.0-draft,2026-08-04
gluecron.com,1,45,Discoverable,,fail,fail,fail,pass,skip,skip,skip,pass,fail,,,13,0.2.0-draft,2026-08-04
gluten-free.fr,1,15,Text-only,,fail,fail,fail,fail,skip,skip,skip,pass,pass,,,13,0.2.0-draft,2026-08-04
glyphapi.dev,1,45,Discoverable,,pass,fail,fail,fail,skip,skip,skip,pass,fail,mcp-server-card-json,,14,0.2.0-draft,2026-08-04
glyt.net,1,80,Connectable,,pass,fail,pass,fail,pass,pass,fail,pass,fail,mcp-json,legacy,19,0.2.0-draft,2026-08-04
gmapsextractor.com,1,10,Text-only,,fail,fail,fail,fail,skip,skip,skip,pass,fail,,,19,0.2.0-draft,2026-08-04
gmapsscraper.io,1,10,Text-only,,fail,fail,fail,fail,skip,skip,skip,pass,fail,,,14,0.2.0-draft,2026-08-04
gnosem.dev,1,100,Agent-ready,,pass,fail,pass,fail,pass,pass,pass,pass,pass,mcp-server-card-json,legacy,19,0.2.0-draft,2026-08-04
gnosismemory.com,1,70,Connectable,,pass,fail,fail,pass,pass,fail,skip,fail,fail,mcp-json|mcp-server-card-json,modern,17,0.2.0-draft,2026-08-04
gntai.dev,1,10,Text-only,,fail,fail,fail,fail,skip,skip,skip,pass,fail,,,18,0.2.0-draft,2026-08-04
goalieip.com,1,45,Discoverable,,pass,fail,fail,fail,skip,skip,skip,pass,fail,mcp-server-card-json,,25,0.2.0-draft,2026-08-04
goanywhere.guru,1,15,Text-only,,fail,fail,fail,fail,skip,skip,skip,pass,pass,,,13,0.2.0-draft,2026-08-04
gocontentflow.com,1,5,Text-only,,fail,fail,fail,fail,skip,skip,skip,fail,pass,,,14,0.2.0-draft,2026-08-04
gocosmik.com,1,85,Connectable,,pass,fail,pass,fail,pass,fail,skip,pass,pass,mcp-server-card-json,legacy,19,0.2.0-draft,2026-08-04
gocreativeai.com,1,15,Text-only,,fail,fail,fail,fail,skip,skip,skip,pass,pass,,,17,0.2.0-draft,2026-08-04
gocushy.com,1,50,Discoverable,,pass,fail,fail,fail,skip,skip,skip,pass,pass,ai-catalog,,17,0.2.0-draft,2026-08-04
godmodeai.co,1,0,Absent,,fail,fail,fail,fail,skip,skip,skip,fail,fail,,,19,0.2.0-draft,2026-08-04
gofrantic.com,1,10,Text-only,,fail,fail,fail,fail,skip,skip,skip,pass,fail,,,15,0.2.0-draft,2026-08-04
gogonka.com,1,85,Connectable,,fail,fail,pass,fail,pass,fail,skip,pass,pass,,legacy,23,0.2.0-draft,2026-08-04
goji.agency,1,80,Connectable,,pass,fail,pass,fail,pass,pass,fail,pass,fail,mcp-server-card-json,modern,21,0.2.0-draft,2026-08-04
gojinko.com,1,75,Connectable,,fail,fail,pass,fail,pass,fail,skip,fail,pass,,legacy,23,0.2.0-draft,2026-08-04
gold-silver-analytics-mcp-production.up.railway.app,1,70,Connectable,,fail,fail,pass,fail,pass,fail,skip,fail,fail,,legacy,32,0.2.0-draft,2026-08-04
goldbean-api.xyz,1,45,Discoverable,,pass,fail,fail,fail,skip,skip,skip,pass,fail,mcp-json,,14,0.2.0-draft,2026-08-04
goldencheck-mcp-production.up.railway.app,1,35,Discoverable,,pass,fail,fail,fail,skip,skip,skip,fail,fail,mcp-server-card-json,,28,0.2.0-draft,2026-08-04
goldenflow-mcp-production.up.railway.app,1,0,Absent,,fail,fail,fail,fail,skip,skip,skip,fail,fail,,,27,0.2.0-draft,2026-08-04
goldenmatch-mcp-production.up.railway.app,1,35,Discoverable,,pass,fail,fail,fail,skip,skip,skip,fail,fail,mcp-server-card-json,,28,0.2.0-draft,2026-08-04
goldenpipe-mcp-production.up.railway.app,1,0,Absent,,fail,fail,fail,fail,skip,skip,skip,fail,fail,,,27,0.2.0-draft,2026-08-04
goldhold.ai,1,10,Text-only,,fail,fail,fail,fail,skip,skip,skip,pass,fail,,,17,0.2.0-draft,2026-08-04
goldprice.dev,1,50,Discoverable,,pass,fail,fail,fail,fail,skip,skip,pass,pass,mcp-json|mcp-server-card-json,,16,0.2.0-draft,2026-08-04
golemry.com,1,10,Text-only,,fail,fail,fail,fail,skip,skip,skip,pass,fail,,,16,0.2.0-draft,2026-08-04
golexvibe.com,1,50,Discoverable,,pass,fail,fail,fail,fail,skip,skip,pass,pass,mcp-json,,14,0.2.0-draft,2026-08-04
gomarble.ai,1,0,Absent,,fail,fail,fail,fail,skip,skip,skip,fail,fail,,,35,0.2.0-draft,2026-08-04
gomission.io,1,50,Discoverable,,fail,fail,fail,pass,skip,skip,skip,pass,pass,,,14,0.2.0-draft,2026-08-04
gondola.ai,1,15,Text-only,,fail,fail,fail,fail,skip,skip,skip,pass,pass,,,28,0.2.0-draft,2026-08-04
good-sport.ai,1,0,Absent,,fail,fail,fail,fail,skip,skip,skip,fail,fail,,,16,0.2.0-draft,2026-08-04
goodbarber.dev,1,0,Absent,,fail,fail,fail,fail,skip,skip,skip,fail,fail,,,16,0.2.0-draft,2026-08-04
goodeye.dev,1,80,Connectable,,fail,fail,pass,pass,pass,fail,skip,pass,fail,,modern,22,0.2.0-draft,2026-08-04
goodmeta.co,1,0,Absent,,fail,fail,fail,fail,skip,skip,skip,fail,fail,,,13,0.2.0-draft,2026-08-04
goodword.com,1,0,Absent,,fail,fail,fail,fail,skip,skip,skip,fail,fail,,,25,0.2.0-draft,2026-08-04
google.com,1,0,Absent,,fail,fail,fail,fail,skip,skip,skip,fail,fail,,,16,0.2.0-draft,2026-08-04
goscoutgo.com,1,10,Text-only,,fail,fail,fail,fail,skip,skip,skip,pass,fail,,,27,0.2.0-draft,2026-08-04
goshipyard.app,1,80,Connectable,,fail,fail,pass,fail,pass,fail,skip,pass,fail,,legacy,20,0.2.0-draft,2026-08-04
gossiper.ai,1,0,Absent,,fail,fail,fail,fail,skip,skip,skip,fail,fail,,,18,0.2.0-draft,2026-08-04
gossiper.io,1,0,Absent,,fail,fail,fail,fail,skip,skip,skip,fail,fail,,,16,0.2.0-draft,2026-08-04
gotcosy.com,1,85,Connectable,,fail,fail,pass,fail,pass,fail,skip,pass,pass,,legacy,19,0.2.0-draft,2026-08-04
gotfreefax.com,1,95,Agent-ready,,fail,fail,pass,fail,pass,pass,pass,pass,fail,,legacy,37,0.2.0-draft,2026-08-04
gotolstoy.com,1,10,Text-only,,fail,fail,fail,fail,skip,skip,skip,pass,fail,,,22,0.2.0-draft,2026-08-04
gov-contracts-mcp-production.up.railway.app,1,0,Absent,,error,fail,fail,error,skip,skip,skip,fail,fail,,,39,0.2.0-draft,2026-08-04
govauctions.app,1,15,Text-only,,fail,fail,fail,fail,skip,skip,skip,pass,pass,,,13,0.2.0-draft,2026-08-04
govbase.com,1,70,Connectable,,fail,fail,pass,fail,pass,fail,skip,fail,fail,,legacy,45,0.2.0-draft,2026-08-04
goveda.com,1,15,Text-only,,fail,fail,fail,fail,skip,skip,skip,pass,pass,,,30,0.2.0-draft,2026-08-04
govparse.io,1,85,Connectable,,fail,fail,pass,fail,pass,pass,pass,fail,fail,,legacy,20,0.2.0-draft,2026-08-04
govtribe.com,1,85,Connectable,,pass,fail,fail,pass,pass,fail,skip,pass,pass,mcp-json,modern,17,0.2.0-draft,2026-08-04
gp-intel.com,1,50,Discoverable,,fail,fail,fail,pass,skip,skip,skip,pass,pass,,,25,0.2.0-draft,2026-08-04
gph-mcp-server.pages.dev,1,0,Absent,,fail,fail,fail,fail,skip,skip,skip,fail,fail,,,17,0.2.0-draft,2026-08-04
gphub.app,1,70,Connectable,,fail,fail,pass,pass,pass,fail,skip,fail,fail,,modern,21,0.2.0-draft,2026-08-04
gponcrussdahcdyrlhcr.supabase.co,1,0,Absent,,fail,fail,fail,fail,skip,skip,skip,fail,fail,,,14,0.2.0-draft,2026-08-04
gpt-food-calendar-mcp-dskqn4blgq-uc.a.run.app,1,35,Discoverable,,fail,fail,fail,pass,skip,skip,skip,fail,fail,,,27,0.2.0-draft,2026-08-04
gpt.social,1,85,Connectable,,fail,fail,pass,pass,pass,fail,skip,pass,pass,,modern,23,0.2.0-draft,2026-08-04
gpthuman.ai,1,35,Discoverable,,fail,fail,fail,pass,skip,skip,skip,fail,fail,,,16,0.2.0-draft,2026-08-04
gpusmarket.com,1,15,Text-only,,fail,fail,fail,fail,skip,skip,skip,pass,pass,,,16,0.2.0-draft,2026-08-04
grabbit.live,1,15,Text-only,,fail,fail,fail,fail,skip,skip,skip,pass,pass,,,30,0.2.0-draft,2026-08-04
grabbit.sh,1,80,Connectable,,pass,fail,pass,pass,pass,fail,skip,pass,fail,mcp-json,modern,36,0.2.0-draft,2026-08-04
grace-hello-mcp.onrender.com,1,0,Absent,,fail,fail,fail,fail,skip,skip,skip,fail,fail,,,51,0.2.0-draft,2026-08-04
graciebarrajiujitsu.site,1,100,Agent-ready,,pass,fail,pass,fail,pass,pass,pass,pass,pass,mcp-json,legacy,38,0.2.0-draft,2026-08-04
graded.sh,1,80,Connectable,,fail,fail,pass,fail,pass,fail,skip,pass,fail,,legacy,19,0.2.0-draft,2026-08-04
gradusmusic.com,1,15,Text-only,,fail,fail,fail,fail,skip,skip,skip,pass,pass,,,15,0.2.0-draft,2026-08-04
grafana.com,1,10,Text-only,,fail,fail,fail,fail,skip,skip,skip,pass,fail,,,18,0.2.0-draft,2026-08-04
graneth.com,1,10,Text-only,,fail,fail,fail,fail,skip,skip,skip,pass,fail,,,13,0.2.0-draft,2026-08-04
granoflow.com,1,5,Text-only,,fail,fail,fail,fail,skip,skip,skip,fail,pass,,,15,0.2.0-draft,2026-08-04
grantiq.co.uk,1,45,Discoverable,,fail,fail,fail,pass,skip,skip,skip,pass,fail,,,14,0.2.0-draft,2026-08-04
grantiq.us,1,0,Absent,,fail,fail,fail,fail,skip,skip,skip,fail,fail,,,17,0.2.0-draft,2026-08-04
grantsonar.com,1,15,Text-only,,fail,fail,fail,fail,skip,skip,skip,pass,pass,,,13,0.2.0-draft,2026-08-04
grapecity.com.cn,1,0,Absent,,fail,fail,fail,fail,skip,skip,skip,fail,fail,,,29,0.2.0-draft,2026-08-04
graphmaxer.workers.dev,1,0,Absent,,error,fail,fail,error,skip,skip,skip,fail,fail,,,6,0.2.0-draft,2026-08-04
graqle.com,1,0,Absent,,fail,fail,fail,fail,skip,skip,skip,fail,fail,,,13,0.2.0-draft,2026-08-04
gravitee.io,1,0,Absent,,fail,fail,fail,fail,skip,skip,skip,fail,fail,,,27,0.2.0-draft,2026-08-04
grcmigrate.com,1,85,Connectable,,pass,fail,pass,fail,pass,fail,skip,pass,pass,mcp-server-card-json,legacy,19,0.2.0-draft,2026-08-04
gread.dev,1,0,Absent,,fail,fail,fail,fail,skip,skip,skip,fail,fail,,,15,0.2.0-draft,2026-08-04
greatquestion.co,1,10,Text-only,,fail,fail,fail,fail,skip,skip,skip,pass,fail,,,16,0.2.0-draft,2026-08-04
green-api.com,1,10,Text-only,,fail,fail,fail,fail,skip,skip,skip,pass,fail,,,18,0.2.0-draft,2026-08-04
greeneris.io,1,0,Absent,,fail,fail,fail,fail,skip,skip,skip,fail,fail,,,15,0.2.0-draft,2026-08-04
greengooding.com,1,10,Text-only,,fail,fail,fail,fail,skip,skip,skip,pass,fail,,,16,0.2.0-draft,2026-08-04
greetwell.com,1,45,Discoverable,,pass,fail,fail,fail,skip,skip,skip,pass,fail,mcp-json|mcp-server-card-json,,31,0.2.0-draft,2026-08-04
gribstream.com,1,35,Discoverable,,pass,fail,fail,pass,skip,skip,skip,fail,fail,mcp-server-card-json,,14,0.2.0-draft,2026-08-04
gridbert.at,1,80,Connectable,,fail,fail,pass,pass,pass,fail,skip,pass,fail,,modern,34,0.2.0-draft,2026-08-04
gridgarden.eu,1,50,Discoverable,,fail,fail,fail,pass,skip,skip,skip,pass,pass,,,27,0.2.0-draft,2026-08-04
gridscoot.vercel.app,1,35,Discoverable,,pass,fail,fail,fail,skip,skip,skip,fail,fail,mcp-json,,26,0.2.0-draft,2026-08-04
griffnode.com,1,15,Text-only,,fail,fail,fail,fail,skip,skip,skip,pass,pass,,,42,0.2.0-draft,2026-08-04
grocery-mcp-production.up.railway.app,1,0,Absent,,fail,fail,fail,fail,skip,skip,skip,fail,fail,,,27,0.2.0-draft,2026-08-04
grok-faf-mcp.vercel.app,1,0,Absent,,fail,fail,fail,fail,skip,skip,skip,fail,fail,,,27,0.2.0-draft,2026-08-04
groniz.com,1,10,Text-only,,fail,fail,fail,fail,skip,skip,skip,pass,fail,,,17,0.2.0-draft,2026-08-04
ground.fyi,1,0,Absent,,fail,fail,fail,fail,skip,skip,skip,fail,fail,,,51,0.2.0-draft,2026-08-04
groundapi.net,1,10,Text-only,,fail,fail,fail,fail,skip,skip,skip,pass,fail,,,16,0.2.0-draft,2026-08-04
groundedaeo.com,1,85,Connectable,,fail,fail,pass,fail,pass,pass,fail,pass,pass,,legacy,22,0.2.0-draft,2026-08-04
groundlogic.ai,1,0,Absent,,fail,fail,fail,fail,skip,skip,skip,fail,fail,,,14,0.2.0-draft,2026-08-04
groundroute.ai,1,0,Absent,,fail,fail,fail,fail,skip,skip,skip,fail,fail,,,26,0.2.0-draft,2026-08-04
grovs.io,1,85,Connectable,,pass,fail,pass,pass,pass,fail,skip,pass,pass,mcp-json,modern,34,0.2.0-draft,2026-08-04
growthkit.tools,1,15,Text-only,,fail,fail,fail,fail,skip,skip,skip,pass,pass,,,16,0.2.0-draft,2026-08-04
grtwo.app,1,45,Discoverable,,fail,fail,fail,pass,skip,skip,skip,pass,fail,,,25,0.2.0-draft,2026-08-04
gsb-swarm-production.up.railway.app,1,85,Connectable,,pass,fail,fail,fail,pass,pass,pass,fail,fail,mcp-json|mcp-server-card-json,legacy,31,0.2.0-draft,2026-08-04
gsc-em.com,1,45,Discoverable,,pass,fail,fail,fail,skip,skip,skip,pass,fail,ai-catalog,,16,0.2.0-draft,2026-08-04
gsc-fleet.ai,1,70,Connectable,,pass,fail,pass,fail,pass,fail,skip,fail,fail,ai-catalog,legacy,21,0.2.0-draft,2026-08-04
gtdbrain.com,1,15,Text-only,,fail,fail,fail,fail,skip,skip,skip,pass,pass,,,22,0.2.0-draft,2026-08-04
gtfi.ai,1,100,Agent-ready,,pass,fail,pass,fail,pass,pass,pass,pass,pass,mcp-json,legacy,18,0.2.0-draft,2026-08-04
gtfo.dev,1,0,Absent,,fail,fail,fail,fail,skip,skip,skip,fail,fail,,,14,0.2.0-draft,2026-08-04
gth-mcp-server.pages.dev,1,85,Connectable,,pass,fail,pass,fail,pass,pass,pass,fail,fail,mcp-json,legacy,22,0.2.0-draft,2026-08-04
gtm-api.com,1,85,Connectable,,pass,fail,pass,pass,pass,fail,skip,pass,pass,mcp-server-card-json,modern,21,0.2.0-draft,2026-08-04
gtmeditor.com,1,0,Absent,,fail,fail,fail,fail,skip,skip,skip,fail,fail,,,16,0.2.0-draft,2026-08-04
gtmetrix.com,1,70,Connectable,,pass,fail,fail,pass,pass,fail,skip,fail,fail,ai-catalog,modern,17,0.2.0-draft,2026-08-04
gtmtools.dev,1,15,Text-only,,fail,fail,fail,fail,skip,skip,skip,pass,pass,,,18,0.2.0-draft,2026-08-04
guapu.io,1,0,Absent,,fail,fail,fail,fail,skip,skip,skip,fail,fail,,,14,0.2.0-draft,2026-08-04
guesty-mcp-server.vercel.app,1,0,Absent,,fail,fail,fail,fail,skip,skip,skip,fail,fail,,,27,0.2.0-draft,2026-08-04
guffeyholdings.com,1,0,Absent,,error,fail,fail,error,skip,skip,skip,fail,fail,,,3,0.2.0-draft,2026-08-04
guleki.com,1,0,Absent,,fail,fail,fail,fail,skip,skip,skip,fail,fail,,,14,0.2.0-draft,2026-08-04
gulltoppr-mcp.fly.dev,1,70,Connectable,,fail,fail,pass,fail,pass,fail,skip,fail,fail,,legacy,19,0.2.0-draft,2026-08-04
gulltoppr.dev,1,80,Connectable,,fail,fail,pass,fail,pass,fail,skip,pass,fail,,legacy,24,0.2.0-draft,2026-08-04
gummble.com,1,15,Text-only,,fail,fail,fail,fail,skip,skip,skip,pass,pass,,,17,0.2.0-draft,2026-08-04
guruwalk.com,1,45,Discoverable,,pass,fail,fail,fail,skip,skip,skip,pass,fail,ai-catalog,,25,0.2.0-draft,2026-08-04
gvnr.dev,1,75,Connectable,,pass,fail,fail,fail,pass,fail,skip,fail,pass,mcp-json,modern,17,0.2.0-draft,2026-08-04
gvrn.ai,1,85,Connectable,,pass,fail,fail,fail,pass,fail,skip,pass,pass,mcp-json,legacy,28,0.2.0-draft,2026-08-04
gx7rt55cmrb2ilws3nrl5hpvli0lvzxg.lambda-url.eu-west-2.on.aws,1,35,Discoverable,,fail,fail,fail,pass,skip,skip,skip,fail,fail,,,27,0.2.0-draft,2026-08-04
gyibb.com,1,85,Connectable,,pass,fail,fail,fail,pass,fail,skip,pass,pass,mcp-json,legacy,23,0.2.0-draft,2026-08-04
gym.plus,1,45,Discoverable,,fail,fail,fail,pass,skip,skip,skip,pass,fail,,,13,0.2.0-draft,2026-08-04
h2-papers.org,1,15,Text-only,,fail,fail,fail,fail,skip,skip,skip,pass,pass,,,15,0.2.0-draft,2026-08-04
haas.my,1,15,Text-only,,fail,fail,fail,fail,skip,skip,skip,pass,pass,,,16,0.2.0-draft,2026-08-04
haasbot.com,1,70,Connectable,,fail,fail,pass,pass,pass,fail,skip,fail,fail,,legacy,10,0.2.0-draft,2026-08-04
haasonline.com,1,0,Absent,,fail,fail,fail,fail,skip,skip,skip,fail,fail,,,14,0.2.0-draft,2026-08-04
hacecuentas.com,1,100,Agent-ready,,fail,fail,pass,fail,pass,pass,pass,pass,pass,,legacy,18,0.2.0-draft,2026-08-04
hackle.io,1,80,Connectable,,fail,fail,pass,pass,pass,fail,skip,pass,fail,,modern,22,0.2.0-draft,2026-08-04
hafslund.no,1,0,Absent,,fail,fail,fail,fail,skip,skip,skip,fail,fail,,,27,0.2.0-draft,2026-08-04
hail.so,1,10,Text-only,,fail,fail,fail,fail,skip,skip,skip,pass,fail,,,17,0.2.0-draft,2026-08-04
haiyixiang.cn,1,0,Absent,,error,fail,fail,error,skip,skip,skip,fail,fail,,,38,0.2.0-draft,2026-08-04
halalterminal.com,1,10,Text-only,,fail,fail,fail,fail,skip,skip,skip,pass,fail,,,28,0.2.0-draft,2026-08-04
halinc.tech,1,5,Text-only,,fail,fail,fail,fail,skip,skip,skip,fail,pass,,,14,0.2.0-draft,2026-08-04
halversonco.com,1,0,Absent,,fail,fail,fail,fail,skip,skip,skip,fail,fail,,,14,0.2.0-draft,2026-08-04
halversondm.com,1,0,Absent,,error,fail,fail,error,skip,skip,skip,fail,fail,,,38,0.2.0-draft,2026-08-04
handiworks.studio,1,0,Absent,,error,fail,fail,error,skip,skip,skip,fail,fail,,,6,0.2.0-draft,2026-08-04
handoff-mcp-server-production.up.railway.app,1,0,Absent,,fail,fail,fail,fail,skip,skip,skip,fail,fail,,,27,0.2.0-draft,2026-08-04
handoff-tracker-mcp.vercel.app,1,0,Absent,,fail,fail,fail,fail,skip,skip,skip,fail,fail,,,27,0.2.0-draft,2026-08-04
handover.sh,1,50,Discoverable,,pass,fail,fail,pass,fail,skip,skip,pass,pass,mcp-json,,13,0.2.0-draft,2026-08-04
hankookilbo.com,1,75,Connectable,,fail,fail,pass,fail,pass,fail,skip,fail,pass,,legacy,34,0.2.0-draft,2026-08-04
hannwill999.workers.dev,1,0,Absent,,error,fail,fail,error,skip,skip,skip,fail,fail,,,6,0.2.0-draft,2026-08-04
happlen.com,1,0,Absent,,fail,fail,fail,fail,skip,skip,skip,fail,fail,,,17,0.2.0-draft,2026-08-04
hapticpaper.com,1,0,Absent,,fail,fail,fail,fail,skip,skip,skip,fail,fail,,,17,0.2.0-draft,2026-08-04
hartjustin6.workers.dev,1,0,Absent,,error,fail,fail,error,skip,skip,skip,fail,fail,,,6,0.2.0-draft,2026-08-04
hash-generator-x402-production.up.railway.app,1,0,Absent,,fail,fail,fail,fail,skip,skip,skip,fail,fail,,,27,0.2.0-draft,2026-08-04
hashlock.duckdns.org,1,0,Absent,,error,fail,fail,error,skip,skip,skip,fail,fail,,,34,0.2.0-draft,2026-08-04
hashlock.markets,1,50,Discoverable,,fail,fail,fail,pass,skip,skip,skip,pass,pass,,,15,0.2.0-draft,2026-08-04
hatchable.com,1,35,Discoverable,,fail,fail,fail,pass,skip,skip,skip,fail,fail,,,20,0.2.0-draft,2026-08-04
hatchable.site,1,0,Absent,,fail,fail,fail,fail,skip,skip,skip,fail,fail,,,17,0.2.0-draft,2026-08-04
hatchloop.dev,1,50,Discoverable,,pass,fail,fail,fail,skip,skip,skip,pass,pass,mcp-json|mcp-server-card-json,,17,0.2.0-draft,2026-08-04
haveibeenpwned.com,1,70,Connectable,,pass,fail,pass,pass,pass,fail,skip,fail,fail,mcp-server-card-json,legacy,20,0.2.0-draft,2026-08-04
haveny.co,1,5,Text-only,,fail,fail,fail,fail,skip,skip,skip,fail,pass,,,14,0.2.0-draft,2026-08-04
havenyy.workers.dev,1,0,Absent,,error,fail,fail,error,skip,skip,skip,fail,fail,,,6,0.2.0-draft,2026-08-04
havnre.app,1,15,Text-only,,fail,fail,fail,fail,skip,skip,skip,pass,pass,,,18,0.2.0-draft,2026-08-04
hawaii-conditions.vercel.app,1,0,Absent,,fail,fail,fail,fail,skip,skip,skip,fail,fail,,,27,0.2.0-draft,2026-08-04
hawudqgbvwmgwhhcbthb.supabase.co,1,0,Absent,,fail,fail,fail,fail,skip,skip,skip,fail,fail,,,14,0.2.0-draft,2026-08-04
haymon.ai,1,0,Absent,,error,fail,fail,error,skip,skip,skip,fail,fail,,,38,0.2.0-draft,2026-08-04
hcelnlqmgddxzvjegpdr.supabase.co,1,0,Absent,,fail,fail,fail,fail,skip,skip,skip,fail,fail,,,14,0.2.0-draft,2026-08-04
hcompany.ai,1,0,Absent,,fail,fail,fail,fail,skip,skip,skip,fail,fail,,,15,0.2.0-draft,2026-08-04
hcti.io,1,70,Connectable,,pass,fail,pass,pass,pass,fail,skip,fail,fail,mcp-server-card-json,modern,20,0.2.0-draft,2026-08-04
headlessoracle.com,1,50,Discoverable,,pass,fail,fail,pass,skip,skip,skip,pass,pass,mcp-json|mcp-bare|mcp-server-card-json,,15,0.2.0-draft,2026-08-04
healingsunhaven.workers.dev,1,0,Absent,,error,fail,fail,error,skip,skip,skip,fail,fail,,,6,0.2.0-draft,2026-08-04
healthai.com,1,15,Text-only,,fail,fail,fail,fail,skip,skip,skip,pass,pass,,,16,0.2.0-draft,2026-08-04
healthcovered-mcp.onrender.com,1,35,Discoverable,,pass,fail,fail,fail,skip,skip,skip,fail,fail,mcp-server-card-json,,27,0.2.0-draft,2026-08-04
healthparse.io,1,85,Connectable,,fail,fail,pass,fail,pass,pass,fail,pass,pass,,legacy,20,0.2.0-draft,2026-08-04
healthyagingatlas.com,1,50,Discoverable,,pass,fail,fail,fail,fail,skip,skip,pass,pass,mcp-json,,22,0.2.0-draft,2026-08-04
heartly.io,1,15,Text-only,,fail,fail,fail,fail,skip,skip,skip,pass,pass,,,26,0.2.0-draft,2026-08-04
hebcal.com,1,70,Connectable,,fail,fail,pass,fail,pass,fail,skip,fail,fail,,legacy,37,0.2.0-draft,2026-08-04
hebertmagic.com,1,0,Absent,,fail,fail,fail,fail,skip,skip,skip,fail,fail,,,13,0.2.0-draft,2026-08-04
hebrewbible.app,1,100,Agent-ready,,pass,fail,pass,fail,pass,pass,pass,pass,pass,mcp-server-card-json,legacy,19,0.2.0-draft,2026-08-04
hecher.app,1,5,Text-only,,fail,fail,fail,fail,skip,skip,skip,fail,pass,,,15,0.2.0-draft,2026-08-04
hedgefundalpha.com,1,15,Text-only,,fail,fail,fail,fail,skip,skip,skip,pass,pass,,,11,0.2.0-draft,2026-08-04
heera.it,1,50,Discoverable,,pass,fail,fail,pass,fail,skip,skip,pass,pass,mcp-json|mcp-server-card-json,,16,0.2.0-draft,2026-08-04
heirmos.com,1,0,Absent,,fail,fail,fail,fail,skip,skip,skip,fail,fail,,,30,0.2.0-draft,2026-08-04
heista.co,1,50,Discoverable,,pass,fail,fail,pass,fail,skip,skip,pass,pass,mcp-server-card-json,,27,0.2.0-draft,2026-08-04
hekkova.com,1,70,Connectable,,fail,fail,pass,fail,pass,fail,skip,fail,fail,,modern,22,0.2.0-draft,2026-08-04
helavgrvwipmdvyejfom.supabase.co,1,0,Absent,,error,fail,fail,error,skip,skip,skip,fail,fail,,,3,0.2.0-draft,2026-08-04
heldly.io,1,0,Absent,,skip,fail,fail,skip,skip,skip,skip,fail,fail,,,7,0.2.0-draft,2026-08-04
helium-financial-mcp.vercel.app,1,0,Absent,,fail,fail,fail,fail,skip,skip,skip,fail,fail,,,27,0.2.0-draft,2026-08-04
heliumtrades.com,1,0,Absent,,fail,fail,fail,fail,skip,skip,skip,fail,fail,,,14,0.2.0-draft,2026-08-04
helixar.ai,1,15,Text-only,,fail,fail,fail,fail,skip,skip,skip,pass,pass,,,17,0.2.0-draft,2026-08-04
hellobasestation.com,1,0,Absent,,fail,fail,fail,fail,skip,skip,skip,fail,fail,,,27,0.2.0-draft,2026-08-04
hellobooks.ai,1,85,Connectable,,pass,fail,fail,fail,pass,fail,skip,pass,pass,mcp-server-card-json,legacy,28,0.2.0-draft,2026-08-04
hellosafe.com,1,50,Discoverable,,fail,fail,fail,pass,skip,skip,skip,pass,pass,,,14,0.2.0-draft,2026-08-04
helpfulbutton140.workers.dev,1,0,Absent,,error,fail,fail,error,skip,skip,skip,fail,fail,,,6,0.2.0-draft,2026-08-04
helprentdanang.com,1,35,Discoverable,,fail,fail,pass,fail,fail,skip,skip,pass,pass,,,20,0.2.0-draft,2026-08-04
hemelion.com,1,50,Discoverable,,pass,fail,fail,fail,fail,skip,skip,pass,pass,ai-catalog|mcp-server-card-json,,29,0.2.0-draft,2026-08-04
hemmabo-mcp-server.vercel.app,1,45,Discoverable,,pass,fail,fail,pass,skip,skip,skip,pass,fail,mcp-json|mcp-server-card-json,,27,0.2.0-draft,2026-08-04
hemmabo.com,1,50,Discoverable,,pass,fail,fail,pass,fail,skip,skip,pass,pass,mcp-server-serra|mcp-json|mcp-bare|mcp-server-card-json,,31,0.2.0-draft,2026-08-04
hemmabo.se,1,0,Absent,,fail,fail,fail,fail,skip,skip,skip,fail,fail,,,14,0.2.0-draft,2026-08-04
hempdata.io,1,15,Text-only,,fail,fail,fail,fail,skip,skip,skip,pass,pass,,,18,0.2.0-draft,2026-08-04
hemrock.com,1,15,Text-only,,fail,fail,fail,fail,skip,skip,skip,pass,pass,,,26,0.2.0-draft,2026-08-04
herbertkokholm.dk,1,0,Absent,,fail,fail,fail,fail,skip,skip,skip,fail,fail,,,14,0.2.0-draft,2026-08-04
hergertsynthora.com,1,15,Text-only,,fail,fail,fail,fail,skip,skip,skip,pass,pass,,,17,0.2.0-draft,2026-08-04
hermes-storefront.onrender.com,1,10,Text-only,,fail,fail,fail,fail,skip,skip,skip,pass,fail,,,27,0.2.0-draft,2026-08-04
hermesplant.com,1,50,Discoverable,,pass,fail,fail,pass,skip,skip,skip,pass,pass,mcp-server-card-json,,16,0.2.0-draft,2026-08-04
hermitcrab.me,1,0,Absent,,fail,fail,fail,fail,skip,skip,skip,fail,fail,,,27,0.2.0-draft,2026-08-04
hermitsh.ai,1,10,Text-only,,fail,fail,fail,fail,skip,skip,skip,pass,fail,,,14,0.2.0-draft,2026-08-04
hermoso.ai,1,85,Connectable,,pass,fail,fail,pass,pass,fail,skip,pass,pass,mcp-json,modern,20,0.2.0-draft,2026-08-04
heronapp.io,1,0,Absent,,fail,fail,fail,fail,skip,skip,skip,fail,fail,,,15,0.2.0-draft,2026-08-04
hexpm-mcp.fly.dev,1,0,Absent,,fail,fail,fail,fail,skip,skip,skip,fail,fail,,,14,0.2.0-draft,2026-08-04
heyclau.de,1,50,Discoverable,,pass,fail,fail,fail,fail,skip,skip,pass,pass,mcp-json|mcp-server-card-json,,18,0.2.0-draft,2026-08-04
heydolfin.com,1,0,Absent,,fail,fail,fail,fail,skip,skip,skip,fail,fail,,,21,0.2.0-draft,2026-08-04
heykody.dev,1,35,Discoverable,,fail,fail,fail,pass,skip,skip,skip,fail,fail,,,14,0.2.0-draft,2026-08-04
heylead-api-141730336364.us-central1.run.app,1,0,Absent,,fail,fail,fail,fail,skip,skip,skip,fail,fail,,,51,0.2.0-draft,2026-08-04
heyoden.com,1,0,Absent,,fail,fail,fail,fail,skip,skip,skip,fail,fail,,,28,0.2.0-draft,2026-08-04
heyspark.co,1,85,Connectable,,fail,fail,pass,fail,pass,pass,pass,fail,fail,,legacy,23,0.2.0-draft,2026-08-04
hgfbxjxghp.workers.dev,1,0,Absent,,error,fail,fail,error,skip,skip,skip,fail,fail,,,6,0.2.0-draft,2026-08-04
hiddenevents.online,1,15,Text-only,,fail,fail,fail,fail,skip,skip,skip,pass,pass,,,16,0.2.0-draft,2026-08-04
hilt.so,1,85,Connectable,,fail,fail,pass,fail,pass,fail,skip,pass,pass,,legacy,34,0.2.0-draft,2026-08-04
himalayas.app,1,10,Text-only,,fail,fail,fail,fail,skip,skip,skip,pass,fail,,,16,0.2.0-draft,2026-08-04
hinducalendar.app,1,10,Text-only,,fail,fail,fail,fail,skip,skip,skip,pass,fail,,,15,0.2.0-draft,2026-08-04
hipaaagent.ai,1,0,Absent,,fail,fail,fail,fail,skip,skip,skip,fail,fail,,,14,0.2.0-draft,2026-08-04
hireeli.io,1,50,Discoverable,,fail,fail,fail,pass,skip,skip,skip,pass,pass,,,14,0.2.0-draft,2026-08-04
hirejack.com,1,75,Connectable,,fail,fail,pass,pass,pass,fail,skip,fail,pass,,modern,18,0.2.0-draft,2026-08-04
hirelocksmiths-mcp.onrender.com,1,0,Absent,,fail,fail,fail,fail,skip,skip,skip,fail,fail,,,27,0.2.0-draft,2026-08-04
hirelocksmiths.com,1,15,Text-only,,fail,fail,fail,fail,skip,skip,skip,pass,pass,,,14,0.2.0-draft,2026-08-04
hirenimbus.com,1,50,Discoverable,,pass,fail,fail,pass,skip,skip,skip,pass,pass,mcp-json|mcp-server-card-json,,18,0.2.0-draft,2026-08-04
hiresignal-mcp-production-d4d9.up.railway.app,1,0,Absent,,fail,fail,fail,fail,skip,skip,skip,fail,fail,,,27,0.2.0-draft,2026-08-04
hirey.ai,1,85,Connectable,,pass,fail,fail,pass,pass,fail,skip,pass,pass,mcp-server-card-json,modern,20,0.2.0-draft,2026-08-04
hirosecure.com,1,85,Connectable,,pass,fail,fail,pass,pass,fail,skip,pass,pass,mcp-server-card-json,modern,22,0.2.0-draft,2026-08-04
historicalsoundscapes.com,1,0,Absent,,fail,fail,fail,fail,skip,skip,skip,fail,fail,,,27,0.2.0-draft,2026-08-04
historis-api-production.up.railway.app,1,35,Discoverable,,pass,fail,fail,pass,skip,skip,skip,fail,fail,mcp-bare|mcp-server-card-json,,27,0.2.0-draft,2026-08-04
historis.app,1,85,Connectable,,pass,fail,fail,pass,pass,fail,skip,pass,pass,mcp-bare|mcp-server-card-json,modern,19,0.2.0-draft,2026-08-04
hitsteps.com,1,70,Connectable,,fail,fail,pass,pass,pass,fail,skip,fail,fail,,legacy,29,0.2.0-draft,2026-08-04
hittheroad.rentals,1,15,Text-only,,fail,fail,fail,fail,skip,skip,skip,pass,pass,,,14,0.2.0-draft,2026-08-04
hive-execute.onrender.com,1,0,Absent,,fail,fail,fail,fail,skip,skip,skip,fail,fail,,,27,0.2.0-draft,2026-08-04
hive-mcp-abtest.onrender.com,1,0,Absent,,fail,fail,fail,fail,skip,skip,skip,fail,fail,,,27,0.2.0-draft,2026-08-04
hive-mcp-agent-kyc.onrender.com,1,0,Absent,,fail,fail,fail,fail,skip,skip,skip,fail,fail,,,27,0.2.0-draft,2026-08-04
hive-mcp-agent-quota.onrender.com,1,0,Absent,,fail,fail,fail,fail,skip,skip,skip,fail,fail,,,27,0.2.0-draft,2026-08-04
hive-mcp-agent-storage.onrender.com,1,0,Absent,,fail,fail,fail,fail,skip,skip,skip,fail,fail,,,27,0.2.0-draft,2026-08-04
hive-mcp-aml-screen.onrender.com,1,0,Absent,,fail,fail,fail,fail,skip,skip,skip,fail,fail,,,27,0.2.0-draft,2026-08-04
hive-mcp-attest.onrender.com,1,45,Discoverable,,pass,fail,fail,fail,skip,skip,skip,pass,fail,mcp-json,,27,0.2.0-draft,2026-08-04
hive-mcp-auction.onrender.com,1,0,Absent,,fail,fail,fail,fail,skip,skip,skip,fail,fail,,,27,0.2.0-draft,2026-08-04
hive-mcp-audit-readiness.onrender.com,1,0,Absent,,fail,fail,fail,fail,skip,skip,skip,fail,fail,,,27,0.2.0-draft,2026-08-04
hive-mcp-backup.onrender.com,1,0,Absent,,fail,fail,fail,fail,skip,skip,skip,fail,fail,,,27,0.2.0-draft,2026-08-04
hive-mcp-barter.onrender.com,1,0,Absent,,fail,fail,fail,fail,skip,skip,skip,fail,fail,,,27,0.2.0-draft,2026-08-04
hive-mcp-capital.onrender.com,1,0,Absent,,fail,fail,fail,fail,skip,skip,skip,fail,fail,,,27,0.2.0-draft,2026-08-04
hive-mcp-cdn.onrender.com,1,0,Absent,,fail,fail,fail,fail,skip,skip,skip,fail,fail,,,27,0.2.0-draft,2026-08-04
hive-mcp-compute-grid.onrender.com,1,35,Discoverable,,pass,fail,fail,fail,skip,skip,skip,fail,fail,mcp-json,,27,0.2.0-draft,2026-08-04
hive-mcp-compute.onrender.com,1,35,Discoverable,,pass,fail,fail,fail,skip,skip,skip,fail,fail,mcp-json,,27,0.2.0-draft,2026-08-04
hive-mcp-connector.onrender.com,1,45,Discoverable,,pass,fail,fail,fail,skip,skip,skip,pass,fail,ai-catalog|mcp-server-serra|mcp-json|mcp-bare|mcp-server-card-json,,27,0.2.0-draft,2026-08-04
hive-mcp-credit.onrender.com,1,0,Absent,,fail,fail,fail,fail,skip,skip,skip,fail,fail,,,27,0.2.0-draft,2026-08-04
hive-mcp-depin.onrender.com,1,35,Discoverable,,pass,fail,fail,fail,skip,skip,skip,fail,fail,mcp-json,,27,0.2.0-draft,2026-08-04
hive-mcp-escrow.onrender.com,1,0,Absent,,fail,fail,fail,fail,skip,skip,skip,fail,fail,,,27,0.2.0-draft,2026-08-04
hive-mcp-evaluator.onrender.com,1,35,Discoverable,,pass,fail,fail,fail,skip,skip,skip,fail,fail,mcp-json,,27,0.2.0-draft,2026-08-04
hive-mcp-exchange.onrender.com,1,0,Absent,,fail,fail,fail,fail,skip,skip,skip,fail,fail,,,27,0.2.0-draft,2026-08-04
hive-mcp-flag.onrender.com,1,0,Absent,,fail,fail,fail,fail,skip,skip,skip,fail,fail,,,27,0.2.0-draft,2026-08-04
hive-mcp-identity.onrender.com,1,35,Discoverable,,pass,fail,fail,fail,skip,skip,skip,fail,fail,mcp-json,,27,0.2.0-draft,2026-08-04
hive-mcp-insurance.onrender.com,1,0,Absent,,fail,fail,fail,fail,skip,skip,skip,fail,fail,,,27,0.2.0-draft,2026-08-04
hive-mcp-log.onrender.com,1,0,Absent,,fail,fail,fail,fail,skip,skip,skip,fail,fail,,,27,0.2.0-draft,2026-08-04
hive-mcp-mining.onrender.com,1,0,Absent,,fail,fail,fail,fail,skip,skip,skip,fail,fail,,,27,0.2.0-draft,2026-08-04
hive-mcp-morph.onrender.com,1,35,Discoverable,,pass,fail,fail,fail,skip,skip,skip,fail,fail,mcp-json,,27,0.2.0-draft,2026-08-04
hive-mcp-mos.onrender.com,1,0,Absent,,fail,fail,fail,fail,skip,skip,skip,fail,fail,,,27,0.2.0-draft,2026-08-04
hive-mcp-oracle.onrender.com,1,35,Discoverable,,pass,fail,fail,fail,skip,skip,skip,fail,fail,mcp-json,,27,0.2.0-draft,2026-08-04
hive-mcp-secrets.onrender.com,1,0,Absent,,fail,fail,fail,fail,skip,skip,skip,fail,fail,,,27,0.2.0-draft,2026-08-04
hive-mcp-sla-monitor.onrender.com,1,0,Absent,,fail,fail,fail,fail,skip,skip,skip,fail,fail,,,27,0.2.0-draft,2026-08-04
hive-mcp-swap.onrender.com,1,45,Discoverable,,pass,fail,fail,fail,skip,skip,skip,pass,fail,mcp-json,,27,0.2.0-draft,2026-08-04
hive-mcp-tax-observer.onrender.com,1,0,Absent,,fail,fail,fail,fail,skip,skip,skip,fail,fail,,,27,0.2.0-draft,2026-08-04
hive-mcp-trade.onrender.com,1,35,Discoverable,,pass,fail,fail,fail,skip,skip,skip,fail,fail,mcp-json,,27,0.2.0-draft,2026-08-04
hive-mcp-vault.onrender.com,1,45,Discoverable,,pass,fail,fail,fail,skip,skip,skip,pass,fail,mcp-json,,27,0.2.0-draft,2026-08-04
hive-mcp-wallet.onrender.com,1,35,Discoverable,,pass,fail,fail,fail,skip,skip,skip,fail,fail,mcp-json,,27,0.2.0-draft,2026-08-04
hive-mcp-zk-attestation.onrender.com,1,35,Discoverable,,pass,fail,fail,fail,skip,skip,skip,fail,fail,mcp-json,,27,0.2.0-draft,2026-08-04
hiveagentiq.com,1,0,Absent,,fail,fail,fail,fail,skip,skip,skip,fail,fail,,,15,0.2.0-draft,2026-08-04
hivebank.onrender.com,1,45,Discoverable,,pass,fail,fail,fail,skip,skip,skip,pass,fail,ai-catalog|mcp-server-serra|mcp-json|mcp-bare|mcp-server-card-json,,27,0.2.0-draft,2026-08-04
hiveclaw.ai,1,0,Absent,,fail,fail,fail,fail,skip,skip,skip,fail,fail,,,22,0.2.0-draft,2026-08-04
hiveclear.onrender.com,1,0,Absent,,fail,fail,fail,fail,skip,skip,skip,fail,fail,,,27,0.2.0-draft,2026-08-04
hiveconsciousness.onrender.com,1,0,Absent,,fail,fail,fail,fail,skip,skip,skip,fail,fail,,,27,0.2.0-draft,2026-08-04
hiveconsult.onrender.com,1,0,Absent,,fail,fail,fail,fail,skip,skip,skip,fail,fail,,,27,0.2.0-draft,2026-08-04
hiveecho.onrender.com,1,0,Absent,,fail,fail,fail,fail,skip,skip,skip,fail,fail,,,27,0.2.0-draft,2026-08-04
hiveforge-lhu4.onrender.com,1,0,Absent,,fail,fail,fail,fail,skip,skip,skip,fail,fail,,,27,0.2.0-draft,2026-08-04
hivegate.onrender.com,1,45,Discoverable,,pass,fail,fail,fail,skip,skip,skip,pass,fail,mcp-json|mcp-server-card-json,,27,0.2.0-draft,2026-08-04
hiveintelligence.xyz,1,50,Discoverable,,pass,fail,fail,pass,skip,skip,skip,pass,pass,mcp-json|mcp-server-card-json,,25,0.2.0-draft,2026-08-04
hivelaw.onrender.com,1,0,Absent,,fail,fail,fail,fail,skip,skip,skip,fail,fail,,,27,0.2.0-draft,2026-08-04
hivelearn.app,1,0,Absent,,fail,fail,fail,fail,skip,skip,skip,fail,fail,,,16,0.2.0-draft,2026-08-04
hivemind-1-52cw.onrender.com,1,0,Absent,,fail,fail,fail,fail,skip,skip,skip,fail,fail,,,27,0.2.0-draft,2026-08-04
hivepulse-y7li.onrender.com,1,0,Absent,,fail,fail,fail,fail,skip,skip,skip,fail,fail,,,27,0.2.0-draft,2026-08-04
hiveround.com,1,50,Discoverable,,pass,fail,fail,pass,skip,skip,skip,pass,pass,mcp-server-card-json,,13,0.2.0-draft,2026-08-04
hivetrust.onrender.com,1,45,Discoverable,,pass,fail,fail,fail,skip,skip,skip,pass,fail,ai-catalog|mcp-server-serra|mcp-json|mcp-bare|mcp-server-card-json,,27,0.2.0-draft,2026-08-04
hivewiki.ai,1,0,Absent,,fail,fail,fail,fail,skip,skip,skip,fail,fail,,,16,0.2.0-draft,2026-08-04
hjarni.com,1,50,Discoverable,,fail,fail,fail,pass,skip,skip,skip,pass,pass,,,15,0.2.0-draft,2026-08-04
hl-funding-production.up.railway.app,1,0,Absent,,fail,fail,fail,fail,skip,skip,skip,fail,fail,,,27,0.2.0-draft,2026-08-04
hl-funding-x402-production.up.railway.app,1,0,Absent,,fail,fail,fail,fail,skip,skip,skip,fail,fail,,,27,0.2.0-draft,2026-08-04
hl-portfolio-production.up.railway.app,1,0,Absent,,fail,fail,fail,fail,skip,skip,skip,fail,fail,,,27,0.2.0-draft,2026-08-04
hl-portfolio-x402-production.up.railway.app,1,0,Absent,,fail,fail,fail,fail,skip,skip,skip,fail,fail,,,27,0.2.0-draft,2026-08-04
hl-spot-production.up.railway.app,1,0,Absent,,fail,fail,fail,fail,skip,skip,skip,fail,fail,,,27,0.2.0-draft,2026-08-04
hl-spot-x402-production.up.railway.app,1,0,Absent,,fail,fail,fail,fail,skip,skip,skip,fail,fail,,,27,0.2.0-draft,2026-08-04
hl-vaults-x402-production.up.railway.app,1,0,Absent,,fail,fail,fail,fail,skip,skip,skip,fail,fail,,,27,0.2.0-draft,2026-08-04
hlido.eu,1,100,Agent-ready,,pass,fail,fail,fail,pass,pass,pass,pass,pass,mcp-json|mcp-server-card-json,legacy,18,0.2.0-draft,2026-08-04
hns-chatgpt-app.onrender.com,1,0,Absent,,fail,fail,fail,fail,skip,skip,skip,fail,fail,,,27,0.2.0-draft,2026-08-04
hoangha.shop,1,5,Text-only,,fail,fail,fail,fail,skip,skip,skip,fail,pass,,,17,0.2.0-draft,2026-08-04
hoaster.app,1,35,Discoverable,,fail,fail,fail,pass,skip,skip,skip,fail,fail,,,13,0.2.0-draft,2026-08-04
hodlxxi.com,1,70,Connectable,,pass,fail,fail,pass,pass,fail,skip,fail,fail,mcp-json|mcp-server-card-json,legacy,18,0.2.0-draft,2026-08-04
hogarmas.net,1,50,Discoverable,,pass,fail,fail,pass,skip,skip,skip,pass,pass,mcp-server-card-json,,14,0.2.0-draft,2026-08-04
hojincheck.com,1,10,Text-only,,fail,fail,fail,fail,skip,skip,skip,pass,fail,,,16,0.2.0-draft,2026-08-04
hokai.io,1,15,Text-only,,fail,fail,fail,fail,skip,skip,skip,pass,pass,,,13,0.2.0-draft,2026-08-04
hokmah.dev,1,0,Absent,,fail,fail,fail,fail,skip,skip,skip,fail,fail,,,16,0.2.0-draft,2026-08-04
holdingsintel.com,1,10,Text-only,,fail,fail,fail,fail,skip,skip,skip,pass,fail,,,43,0.2.0-draft,2026-08-04
holiday-forever-2.vercel.app,1,0,Absent,,fail,fail,fail,fail,skip,skip,skip,fail,fail,,,27,0.2.0-draft,2026-08-04
holiday-photo-plus-2.vercel.app,1,0,Absent,,fail,fail,fail,fail,skip,skip,skip,fail,fail,,,27,0.2.0-draft,2026-08-04
holiday-photo-plus.vercel.app,1,0,Absent,,fail,fail,fail,fail,skip,skip,skip,fail,fail,,,27,0.2.0-draft,2026-08-04
holidayforever.vercel.app,1,0,Absent,,fail,fail,fail,fail,skip,skip,skip,fail,fail,,,27,0.2.0-draft,2026-08-04
holidayforeverphoto.vercel.app,1,0,Absent,,fail,fail,fail,fail,skip,skip,skip,fail,fail,,,27,0.2.0-draft,2026-08-04
holydb.com,1,5,Text-only,,fail,fail,fail,fail,skip,skip,skip,fail,pass,,,38,0.2.0-draft,2026-08-04
homecastr.com,1,100,Agent-ready,,pass,fail,fail,fail,pass,pass,pass,pass,pass,mcp-json|mcp-server-card-json,legacy,21,0.2.0-draft,2026-08-04
homechecker.com.au,1,10,Text-only,,fail,fail,fail,fail,skip,skip,skip,pass,fail,,,13,0.2.0-draft,2026-08-04
homeclip.us,1,10,Text-only,,fail,fail,fail,fail,skip,skip,skip,pass,fail,,,13,0.2.0-draft,2026-08-04
homepage-flax-two.vercel.app,1,95,Agent-ready,,fail,fail,pass,fail,pass,pass,pass,pass,fail,,legacy,32,0.2.0-draft,2026-08-04
homespun.dev,1,45,Discoverable,,fail,fail,fail,pass,skip,skip,skip,pass,fail,,,13,0.2.0-draft,2026-08-04
hometownwire.com,1,5,Text-only,,fail,fail,fail,fail,skip,skip,skip,fail,pass,,,14,0.2.0-draft,2026-08-04
homevisto.com,1,85,Connectable,,fail,fail,pass,fail,pass,pass,pass,fail,fail,,legacy,22,0.2.0-draft,2026-08-04
honestdog.de,1,15,Text-only,,fail,fail,fail,fail,skip,skip,skip,pass,pass,,,13,0.2.0-draft,2026-08-04
honeycomb.io,1,80,Connectable,,fail,fail,pass,pass,pass,fail,skip,pass,fail,,modern,35,0.2.0-draft,2026-08-04
honeylabs.net,1,10,Text-only,,fail,fail,fail,fail,skip,skip,skip,pass,fail,,,16,0.2.0-draft,2026-08-04
hood.ag,1,10,Text-only,,fail,fail,fail,fail,skip,skip,skip,pass,fail,,,30,0.2.0-draft,2026-08-04
hoodex.app,1,80,Connectable,,fail,fail,pass,pass,pass,fail,skip,pass,fail,,modern,17,0.2.0-draft,2026-08-04
hoodly.ai,1,0,Absent,,error,fail,fail,error,skip,skip,skip,fail,fail,,,26,0.2.0-draft,2026-08-04
hoodly.io,1,5,Text-only,,fail,fail,fail,fail,skip,skip,skip,fail,pass,,,15,0.2.0-draft,2026-08-04
hooka.to,1,85,Connectable,,fail,fail,pass,pass,pass,fail,skip,pass,pass,,modern,23,0.2.0-draft,2026-08-04
hooklayer.dev,1,50,Discoverable,,fail,fail,fail,pass,skip,skip,skip,pass,pass,,,13,0.2.0-draft,2026-08-04
hopgraph.com,1,0,Absent,,fail,fail,fail,fail,skip,skip,skip,fail,fail,,,16,0.2.0-draft,2026-08-04
horizonmedia.com,1,0,Absent,,fail,fail,fail,fail,skip,skip,skip,fail,fail,,,27,0.2.0-draft,2026-08-04
hormonaly.ai,1,0,Absent,,fail,fail,fail,fail,skip,skip,skip,fail,fail,,,17,0.2.0-draft,2026-08-04
horustek.pro,1,5,Text-only,,fail,fail,fail,fail,skip,skip,skip,fail,pass,,,15,0.2.0-draft,2026-08-04
hosco.com,1,5,Text-only,,fail,fail,fail,fail,skip,skip,skip,fail,pass,,,27,0.2.0-draft,2026-08-04
hoshin.app,1,45,Discoverable,,fail,fail,fail,pass,skip,skip,skip,pass,fail,,,13,0.2.0-draft,2026-08-04
hosted-server-1039762986179.us-central1.run.app,1,35,Discoverable,,pass,fail,fail,fail,skip,skip,skip,fail,fail,mcp-server-card-json,,27,0.2.0-draft,2026-08-04
hostingbrain.ai,1,15,Text-only,,fail,fail,fail,fail,skip,skip,skip,pass,pass,,,14,0.2.0-draft,2026-08-04
hostprofit-mcp-production.up.railway.app,1,0,Absent,,error,fail,fail,error,skip,skip,skip,fail,fail,,,38,0.2.0-draft,2026-08-04
hostprofit.ai,1,5,Text-only,,fail,fail,fail,fail,skip,skip,skip,fail,pass,,,14,0.2.0-draft,2026-08-04
hostsmith.net,1,0,Absent,,fail,fail,fail,fail,skip,skip,skip,fail,fail,,,16,0.2.0-draft,2026-08-04
housenstars.com,1,0,Absent,,fail,fail,fail,fail,skip,skip,skip,fail,fail,,,14,0.2.0-draft,2026-08-04
housingsentinel.cn,1,80,Connectable,,fail,fail,pass,fail,pass,fail,skip,pass,fail,,modern,33,0.2.0-draft,2026-08-04
hove.capital,1,45,Discoverable,,fail,pass,fail,fail,skip,skip,skip,pass,fail,,,14,0.2.0-draft,2026-08-04
howtoreadthefuture.com,1,85,Connectable,,pass,fail,pass,fail,pass,fail,skip,pass,pass,mcp-server-card-json,legacy,20,0.2.0-draft,2026-08-04
hpcontrol.pl,1,15,Text-only,,fail,fail,fail,fail,skip,skip,skip,pass,pass,,,14,0.2.0-draft,2026-08-04
hpsilab.com,1,80,Connectable,,pass,fail,fail,pass,pass,fail,skip,pass,fail,mcp-json,legacy,18,0.2.0-draft,2026-08-04
hpt.su,1,40,Discoverable,,fail,fail,fail,pass,skip,skip,skip,fail,pass,,,17,0.2.0-draft,2026-08-04
hs-code-classifier-mcp-production.up.railway.app,1,0,Absent,,fail,fail,fail,fail,skip,skip,skip,fail,fail,,,27,0.2.0-draft,2026-08-04
hs-code-classifier-mcp-server-production.up.railway.app,1,35,Discoverable,,pass,fail,fail,fail,skip,skip,skip,fail,fail,mcp-server-card-json,,27,0.2.0-draft,2026-08-04
hshintelligence.com,1,0,Absent,,fail,fail,fail,fail,skip,skip,skip,fail,fail,,,28,0.2.0-draft,2026-08-04
htagai.com,1,0,Absent,,error,fail,fail,error,skip,skip,skip,fail,fail,,,4,0.2.0-draft,2026-08-04
html-to-markdown-production-3fc7.up.railway.app,1,0,Absent,,fail,fail,fail,fail,skip,skip,skip,fail,fail,,,27,0.2.0-draft,2026-08-04
html-to-markdown-x402-production.up.railway.app,1,0,Absent,,fail,fail,fail,fail,skip,skip,skip,fail,fail,,,27,0.2.0-draft,2026-08-04
html2img.com,1,10,Text-only,,fail,fail,fail,fail,skip,skip,skip,pass,fail,,,14,0.2.0-draft,2026-08-04
htmlbook.io,1,50,Discoverable,,fail,fail,fail,pass,skip,skip,skip,pass,pass,,,13,0.2.0-draft,2026-08-04
htmldrop.app,1,50,Discoverable,,fail,fail,fail,pass,skip,skip,skip,pass,pass,,,16,0.2.0-draft,2026-08-04
htmldrop.link,1,95,Agent-ready,,pass,fail,pass,fail,pass,pass,pass,pass,fail,mcp-server-card-json,legacy,22,0.2.0-draft,2026-08-04
htmlpub.com,1,50,Discoverable,,fail,fail,fail,pass,skip,skip,skip,pass,pass,,,15,0.2.0-draft,2026-08-04
htmlvault.com,1,45,Discoverable,,fail,fail,fail,pass,skip,skip,skip,pass,fail,,,13,0.2.0-draft,2026-08-04
htmlweb.ru,1,0,Absent,,fail,fail,fail,fail,skip,skip,skip,fail,fail,,,16,0.2.0-draft,2026-08-04
htsapp.tech,1,15,Text-only,,fail,fail,fail,fail,skip,skip,skip,pass,pass,,,17,0.2.0-draft,2026-08-04
httiyebjgxxwtgggkpgw.supabase.co,1,0,Absent,,fail,fail,fail,fail,skip,skip,skip,fail,fail,,,14,0.2.0-draft,2026-08-04
http-headers-production.up.railway.app,1,0,Absent,,fail,fail,fail,fail,skip,skip,skip,fail,fail,,,27,0.2.0-draft,2026-08-04
http-headers-x402-production.up.railway.app,1,0,Absent,,fail,fail,fail,fail,skip,skip,skip,fail,fail,,,27,0.2.0-draft,2026-08-04
httpstatus.com,1,5,Text-only,,fail,fail,fail,fail,skip,skip,skip,fail,pass,,,16,0.2.0-draft,2026-08-04
huangting.ai,1,0,Absent,,fail,fail,fail,fail,skip,skip,skip,fail,fail,,,16,0.2.0-draft,2026-08-04
hub-equity.com,1,10,Text-only,,fail,fail,fail,fail,skip,skip,skip,pass,fail,,,14,0.2.0-draft,2026-08-04
huettentouren.org,1,85,Connectable,,pass,fail,fail,fail,pass,fail,skip,pass,pass,mcp-json,legacy,20,0.2.0-draft,2026-08-04
hugendubel.info,1,0,Absent,,fail,fail,fail,error,skip,skip,skip,fail,fail,,,24,0.2.0-draft,2026-08-04
huggingbay.xyz,1,50,Discoverable,,pass,fail,fail,fail,fail,skip,skip,pass,pass,ai-catalog|mcp-json|mcp-server-card-json,,17,0.2.0-draft,2026-08-04
huggingface.co,1,85,Connectable,,pass,fail,pass,pass,pass,pass,pass,fail,fail,ai-catalog,modern,18,0.2.0-draft,2026-08-04
huint.io,1,0,Absent,,fail,fail,fail,fail,skip,skip,skip,fail,fail,,,16,0.2.0-draft,2026-08-04
human.tech,1,0,Absent,,fail,fail,fail,fail,skip,skip,skip,fail,fail,,,14,0.2.0-draft,2026-08-04
humandesignhub.app,1,15,Text-only,,fail,fail,fail,fail,skip,skip,skip,pass,pass,,,14,0.2.0-draft,2026-08-04
humanforai.dev,1,80,Connectable,,pass,fail,pass,fail,pass,fail,skip,pass,fail,mcp-json,legacy,19,0.2.0-draft,2026-08-04
humanform.app,1,10,Text-only,,fail,fail,fail,fail,skip,skip,skip,pass,fail,,,14,0.2.0-draft,2026-08-04
humanhours.dev,1,50,Discoverable,,fail,fail,fail,pass,skip,skip,skip,pass,pass,,,20,0.2.0-draft,2026-08-04
humanified.dk,1,0,Absent,,fail,fail,fail,fail,skip,skip,skip,fail,fail,,,17,0.2.0-draft,2026-08-04
humanjesse.github.io,1,0,Absent,,fail,fail,fail,fail,skip,skip,skip,fail,fail,,,27,0.2.0-draft,2026-08-04
humanlayer.dev,1,0,Absent,,fail,fail,fail,fail,skip,skip,skip,fail,fail,,,27,0.2.0-draft,2026-08-04
humanlineage.org,1,15,Text-only,,fail,fail,fail,fail,skip,skip,skip,pass,pass,,,14,0.2.0-draft,2026-08-04
humanmcp.net,1,0,Absent,,fail,fail,fail,fail,skip,skip,skip,fail,fail,,,27,0.2.0-draft,2026-08-04
humanpages.ai,1,85,Connectable,,fail,fail,pass,fail,pass,fail,skip,pass,pass,,legacy,21,0.2.0-draft,2026-08-04
humantaste.app,1,45,Discoverable,,pass,fail,fail,fail,skip,skip,skip,pass,fail,mcp-json,,16,0.2.0-draft,2026-08-04
humaux.com,1,40,Discoverable,,fail,fail,fail,pass,skip,skip,skip,fail,pass,,,15,0.2.0-draft,2026-08-04
hummatch.me,1,15,Text-only,,fail,fail,fail,fail,skip,skip,skip,pass,pass,,,13,0.2.0-draft,2026-08-04
hunchful.io,1,80,Connectable,,fail,fail,pass,pass,pass,fail,skip,pass,fail,,legacy,19,0.2.0-draft,2026-08-04
hunter-seeker.net,1,80,Connectable,,pass,fail,fail,pass,pass,fail,skip,pass,fail,mcp-json,modern,17,0.2.0-draft,2026-08-04
huntertech.io,1,70,Connectable,,fail,fail,pass,pass,pass,fail,skip,fail,fail,,legacy,37,0.2.0-draft,2026-08-04
hunterzai.workers.dev,1,0,Absent,,error,fail,fail,error,skip,skip,skip,fail,fail,,,6,0.2.0-draft,2026-08-04
hushvert.com,1,15,Text-only,,fail,fail,fail,fail,skip,skip,skip,pass,pass,,,13,0.2.0-draft,2026-08-04
hvilkenai.no,1,100,Agent-ready,,fail,fail,pass,pass,pass,pass,pass,pass,pass,,legacy,23,0.2.0-draft,2026-08-04
hvtracker.net,1,50,Discoverable,,pass,fail,fail,fail,skip,skip,skip,pass,pass,mcp-server-card-json,,14,0.2.0-draft,2026-08-04
hydrata.com,1,85,Connectable,,fail,fail,pass,fail,pass,fail,skip,pass,pass,,legacy,22,0.2.0-draft,2026-08-04
hypathesis.com,1,0,Absent,,fail,fail,fail,fail,skip,skip,skip,fail,fail,,,14,0.2.0-draft,2026-08-04
hypeline.io,1,0,Absent,,fail,fail,fail,fail,skip,skip,skip,fail,fail,,,14,0.2.0-draft,2026-08-04
hyperai.com.vn,1,0,Absent,,fail,fail,fail,fail,skip,skip,skip,fail,fail,,,20,0.2.0-draft,2026-08-04
hypergpt.ai,1,15,Text-only,,fail,fail,fail,fail,skip,skip,skip,pass,pass,,,26,0.2.0-draft,2026-08-04
hyperliquid-data-x402-production.up.railway.app,1,0,Absent,,fail,fail,fail,fail,skip,skip,skip,fail,fail,,,27,0.2.0-draft,2026-08-04
hyperliquid-whales-x402-production.up.railway.app,1,0,Absent,,fail,fail,fail,fail,skip,skip,skip,fail,fail,,,27,0.2.0-draft,2026-08-04
hypernatt.com,1,50,Discoverable,,pass,fail,fail,fail,skip,skip,skip,pass,pass,mcp-server-card-json,,17,0.2.0-draft,2026-08-04
hyperping.com,1,10,Text-only,,fail,fail,fail,fail,skip,skip,skip,pass,fail,,,14,0.2.0-draft,2026-08-04
hyperping.io,1,0,Absent,,fail,fail,fail,fail,skip,skip,skip,fail,fail,,,23,0.2.0-draft,2026-08-04
hypertext.live,1,95,Agent-ready,,pass,fail,pass,fail,pass,pass,pass,pass,fail,mcp-json,legacy,19,0.2.0-draft,2026-08-04
hypotheques-en-ligne.fr,1,50,Discoverable,,fail,fail,fail,pass,skip,skip,skip,pass,pass,,,25,0.2.0-draft,2026-08-04
hzinsights.com,1,0,Absent,,error,fail,fail,error,skip,skip,skip,fail,fail,,,3,0.2.0-draft,2026-08-04
i-gaming.tools,1,10,Text-only,,fail,fail,fail,fail,skip,skip,skip,pass,fail,,,16,0.2.0-draft,2026-08-04
i18nagent.ai,1,10,Text-only,,fail,fail,fail,fail,skip,skip,skip,pass,fail,,,17,0.2.0-draft,2026-08-04
i3deploy.com,1,0,Absent,,fail,fail,fail,fail,skip,skip,skip,fail,fail,,,16,0.2.0-draft,2026-08-04
ia-asso.fr,1,50,Discoverable,,pass,fail,fail,pass,skip,skip,skip,pass,pass,mcp-json|mcp-server-card-json,,13,0.2.0-draft,2026-08-04
ia-qa.com,1,50,Discoverable,,pass,fail,fail,fail,skip,skip,skip,pass,pass,mcp-server-card-json,,27,0.2.0-draft,2026-08-04
iban-test.eu,1,35,Discoverable,,fail,fail,fail,pass,skip,skip,skip,fail,fail,,,40,0.2.0-draft,2026-08-04
ibanchecker.cash,1,35,Discoverable,,fail,fail,pass,fail,fail,skip,skip,pass,pass,,,20,0.2.0-draft,2026-08-04
ibanforge.com,1,50,Discoverable,,pass,fail,fail,fail,skip,skip,skip,pass,pass,mcp-json,,16,0.2.0-draft,2026-08-04
ibitlabs.com,1,10,Text-only,,fail,fail,fail,fail,skip,skip,skip,pass,fail,,,13,0.2.0-draft,2026-08-04
ibkr.com,1,0,Absent,,fail,fail,fail,fail,skip,skip,skip,fail,fail,,,28,0.2.0-draft,2026-08-04
ibouniverse.com,1,85,Connectable,,pass,fail,pass,pass,pass,pass,fail,pass,pass,mcp-server-card-json,legacy,18,0.2.0-draft,2026-08-04
icecat.biz,1,5,Text-only,,fail,fail,fail,fail,skip,skip,skip,fail,pass,,,17,0.2.0-draft,2026-08-04
icemoon.app,1,50,Discoverable,,pass,fail,fail,fail,skip,skip,skip,pass,pass,mcp-server-card-json,,14,0.2.0-draft,2026-08-04
iching.rocks,1,10,Text-only,,fail,fail,fail,fail,skip,skip,skip,pass,fail,,,16,0.2.0-draft,2026-08-04
icme.io,1,85,Connectable,,fail,fail,pass,fail,pass,pass,pass,fail,fail,,legacy,21,0.2.0-draft,2026-08-04
icons-for-agents.workers.dev,1,0,Absent,,error,fail,fail,error,skip,skip,skip,fail,fail,,,6,0.2.0-draft,2026-08-04
iconsroom.com,1,5,Text-only,,fail,fail,fail,fail,skip,skip,skip,fail,pass,,,13,0.2.0-draft,2026-08-04
ideafactorylab.org,1,0,Absent,,error,fail,fail,error,skip,skip,skip,fail,fail,,,6,0.2.0-draft,2026-08-04
idealo.com,1,0,Absent,,fail,fail,fail,fail,skip,skip,skip,fail,fail,,,30,0.2.0-draft,2026-08-04
idencify.com,1,10,Text-only,,fail,fail,fail,fail,skip,skip,skip,pass,fail,,,16,0.2.0-draft,2026-08-04
identark.io,1,0,Absent,,fail,fail,fail,fail,skip,skip,skip,fail,fail,,,15,0.2.0-draft,2026-08-04
identifai.net,1,80,Connectable,,fail,fail,pass,fail,pass,fail,skip,pass,fail,,legacy,22,0.2.0-draft,2026-08-04
identityforge.io,1,15,Text-only,,fail,fail,fail,fail,skip,skip,skip,pass,pass,,,16,0.2.0-draft,2026-08-04
idevice.com,1,15,Text-only,,fail,fail,fail,fail,skip,skip,skip,pass,pass,,,13,0.2.0-draft,2026-08-04
idfmetale.pl,1,80,Connectable,,fail,fail,pass,fail,pass,fail,skip,pass,fail,,legacy,22,0.2.0-draft,2026-08-04
idxpro.id,1,15,Text-only,,fail,fail,fail,fail,skip,skip,skip,pass,pass,,,16,0.2.0-draft,2026-08-04
ifillpdf.com,1,45,Discoverable,,fail,fail,fail,pass,skip,skip,skip,pass,fail,,,27,0.2.0-draft,2026-08-04
ifrcoworker.com,1,45,Discoverable,,pass,fail,fail,pass,skip,skip,skip,pass,fail,mcp-json|mcp-server-card-json,,24,0.2.0-draft,2026-08-04
ifthenpay.com,1,15,Text-only,,fail,fail,fail,fail,skip,skip,skip,pass,pass,,,23,0.2.0-draft,2026-08-04
ignav.com,1,95,Agent-ready,,fail,fail,pass,pass,pass,pass,pass,pass,fail,,legacy,19,0.2.0-draft,2026-08-04
ignission.io,1,35,Discoverable,,pass,fail,fail,fail,fail,skip,skip,fail,fail,mcp-json,,15,0.2.0-draft,2026-08-04
ihateinvoicing.io,1,80,Connectable,,fail,fail,pass,pass,pass,fail,skip,pass,fail,,modern,35,0.2.0-draft,2026-08-04
iihzbnyxbxhsrexqsori.supabase.co,1,0,Absent,,fail,fail,fail,fail,skip,skip,skip,fail,fail,,,14,0.2.0-draft,2026-08-04
iknow.dev,1,70,Connectable,,fail,fail,pass,pass,pass,fail,skip,fail,fail,,modern,20,0.2.0-draft,2026-08-04
iknowthepilot.com.au,1,90,Agent-ready,,fail,fail,pass,fail,pass,pass,pass,fail,pass,,legacy,19,0.2.0-draft,2026-08-04
illumora.io,1,45,Discoverable,,fail,fail,fail,pass,skip,skip,skip,pass,fail,,,16,0.2.0-draft,2026-08-04
ilovevideoeditor.com,1,45,Discoverable,,pass,fail,fail,fail,skip,skip,skip,pass,fail,mcp-json,,15,0.2.0-draft,2026-08-04
imagcon.app,1,15,Text-only,,fail,fail,fail,fail,skip,skip,skip,pass,pass,,,15,0.2.0-draft,2026-08-04
image-generator-x402-production.up.railway.app,1,0,Absent,,fail,fail,fail,fail,skip,skip,skip,fail,fail,,,27,0.2.0-draft,2026-08-04
image-resize-x402-production.up.railway.app,1,0,Absent,,fail,fail,fail,fail,skip,skip,skip,fail,fail,,,27,0.2.0-draft,2026-08-04
imboard.ai,1,10,Text-only,,fail,fail,fail,fail,skip,skip,skip,pass,fail,,,13,0.2.0-draft,2026-08-04
imejis.io,1,85,Connectable,,pass,fail,pass,pass,pass,fail,skip,pass,pass,mcp-json|mcp-bare|mcp-server-card-json,modern,41,0.2.0-draft,2026-08-04
immersivecommons.com,1,85,Connectable,,pass,fail,pass,pass,pass,fail,skip,pass,pass,ai-catalog|mcp-json|mcp-server-card-json,legacy,35,0.2.0-draft,2026-08-04
immo-spot.com,1,10,Text-only,,fail,fail,fail,fail,skip,skip,skip,pass,fail,,,19,0.2.0-draft,2026-08-04
immoapi.app,1,45,Discoverable,,fail,fail,fail,pass,skip,skip,skip,pass,fail,,,13,0.2.0-draft,2026-08-04
immostage.ai,1,15,Text-only,,fail,fail,fail,fail,skip,skip,skip,pass,pass,,,29,0.2.0-draft,2026-08-04
immoswipe.ch,1,50,Discoverable,,fail,pass,fail,fail,skip,skip,skip,pass,pass,,,16,0.2.0-draft,2026-08-04
imnoo.com,1,0,Absent,,fail,fail,fail,fail,skip,skip,skip,fail,fail,,,28,0.2.0-draft,2026-08-04
imperioutils.com,1,95,Agent-ready,,pass,fail,pass,fail,pass,pass,pass,pass,fail,mcp-json,legacy,19,0.2.0-draft,2026-08-04
importly.io,1,0,Absent,,fail,fail,fail,fail,skip,skip,skip,fail,fail,,,28,0.2.0-draft,2026-08-04
imprezahost.com,1,85,Connectable,,fail,fail,pass,pass,pass,pass,pass,fail,fail,,modern,24,0.2.0-draft,2026-08-04
imqueue.org,1,85,Connectable,,fail,fail,pass,fail,pass,fail,skip,pass,pass,,legacy,23,0.2.0-draft,2026-08-04
in-context.me,1,0,Absent,,fail,fail,fail,fail,skip,skip,skip,fail,fail,,,14,0.2.0-draft,2026-08-04
in.bio,1,50,Discoverable,,pass,fail,fail,fail,skip,skip,skip,pass,pass,mcp-server-card-json,,16,0.2.0-draft,2026-08-04
inbin.dev,1,45,Discoverable,,fail,fail,fail,pass,skip,skip,skip,pass,fail,,,14,0.2.0-draft,2026-08-04
inboxguard.io,1,100,Agent-ready,,pass,fail,pass,pass,pass,pass,pass,pass,pass,mcp-server-card-json,legacy,22,0.2.0-draft,2026-08-04
inboxpolicy.com,1,15,Text-only,,fail,fail,fail,fail,skip,skip,skip,pass,pass,,,17,0.2.0-draft,2026-08-04
incisory.com,1,45,Discoverable,,fail,fail,fail,pass,skip,skip,skip,pass,fail,,,13,0.2.0-draft,2026-08-04
incrediblefi.com,1,50,Discoverable,,pass,fail,fail,fail,skip,skip,skip,pass,pass,mcp-json,,25,0.2.0-draft,2026-08-04
incwo.com,1,0,Absent,,skip,fail,fail,skip,skip,skip,skip,skip,fail,,,6,0.2.0-draft,2026-08-04
inday.co,1,0,Absent,,fail,fail,fail,fail,skip,skip,skip,fail,fail,,,14,0.2.0-draft,2026-08-04
index-now.ru,1,10,Text-only,,fail,fail,fail,fail,skip,skip,skip,pass,fail,,,14,0.2.0-draft,2026-08-04
indexone.io,1,10,Text-only,,fail,fail,fail,fail,skip,skip,skip,pass,fail,,,15,0.2.0-draft,2026-08-04
indicadores.ar,1,85,Connectable,,pass,fail,pass,fail,pass,fail,skip,pass,pass,mcp-json,legacy,19,0.2.0-draft,2026-08-04
indicate-data.io,1,0,Absent,,fail,fail,fail,fail,skip,skip,skip,fail,fail,,,14,0.2.0-draft,2026-08-04
indicia.app,1,35,Discoverable,,fail,fail,fail,pass,skip,skip,skip,fail,fail,,,17,0.2.0-draft,2026-08-04
indieco.shop,1,0,Absent,,fail,fail,fail,fail,skip,skip,skip,fail,fail,,,19,0.2.0-draft,2026-08-04
indocourtatlas.com,1,45,Discoverable,,fail,fail,fail,pass,skip,skip,skip,pass,fail,,,14,0.2.0-draft,2026-08-04
indotender.com,1,45,Discoverable,,fail,fail,fail,pass,skip,skip,skip,pass,fail,,,17,0.2.0-draft,2026-08-04
industry-lens.com,1,85,Connectable,,fail,fail,pass,pass,pass,fail,skip,pass,pass,,modern,19,0.2.0-draft,2026-08-04
infaqa.com,1,0,Absent,,error,fail,fail,error,skip,skip,skip,fail,fail,,,34,0.2.0-draft,2026-08-04
inference.ac,1,0,Absent,,error,fail,fail,error,skip,skip,skip,fail,fail,,,34,0.2.0-draft,2026-08-04
inference.sh,1,10,Text-only,,fail,fail,fail,fail,skip,skip,skip,pass,fail,,,20,0.2.0-draft,2026-08-04
infermap-mcp-production.up.railway.app,1,0,Absent,,fail,fail,fail,fail,skip,skip,skip,fail,fail,,,27,0.2.0-draft,2026-08-04
infersports.dev,1,10,Text-only,,fail,fail,fail,fail,skip,skip,skip,pass,fail,,,15,0.2.0-draft,2026-08-04
infiniteappsai.com,1,0,Absent,,fail,fail,fail,fail,skip,skip,skip,fail,fail,,,30,0.2.0-draft,2026-08-04
inflowpay.ai,1,0,Absent,,fail,fail,fail,fail,skip,skip,skip,fail,fail,,,22,0.2.0-draft,2026-08-04
influship.com,1,10,Text-only,,fail,fail,fail,fail,skip,skip,skip,pass,fail,,,30,0.2.0-draft,2026-08-04
info-subscription.com,1,70,Connectable,,fail,fail,pass,pass,pass,fail,skip,fail,fail,,modern,21,0.2.0-draft,2026-08-04
infobip.com,1,50,Discoverable,,pass,fail,fail,fail,fail,skip,skip,pass,pass,mcp-server-card-json,,36,0.2.0-draft,2026-08-04
infolang.ai,1,5,Text-only,,fail,fail,fail,fail,skip,skip,skip,fail,pass,,,15,0.2.0-draft,2026-08-04
infosecjobboard.com,1,15,Text-only,,fail,fail,fail,fail,skip,skip,skip,pass,pass,,,25,0.2.0-draft,2026-08-04
infotrack.com,1,0,Absent,,fail,fail,fail,fail,skip,skip,skip,fail,fail,,,28,0.2.0-draft,2026-08-04
infranode.dev,1,15,Text-only,,fail,fail,fail,fail,skip,skip,skip,pass,pass,,,17,0.2.0-draft,2026-08-04
infumar.com,1,10,Text-only,,fail,fail,fail,fail,skip,skip,skip,pass,fail,,,14,0.2.0-draft,2026-08-04
ingest0r.com,1,0,Absent,,error,fail,fail,error,skip,skip,skip,fail,fail,,,4,0.2.0-draft,2026-08-04
inistate.com,1,0,Absent,,fail,fail,fail,fail,skip,skip,skip,fail,fail,,,17,0.2.0-draft,2026-08-04
inite.ai,1,15,Text-only,,fail,fail,fail,fail,skip,skip,skip,pass,pass,,,13,0.2.0-draft,2026-08-04
inkflowstudio.org,1,85,Connectable,,fail,fail,pass,fail,pass,pass,fail,pass,pass,,legacy,29,0.2.0-draft,2026-08-04
inkmotion.app,1,75,Connectable,,fail,fail,pass,pass,pass,fail,skip,fail,pass,,modern,21,0.2.0-draft,2026-08-04
inktdlomgdqrsqaalpey.supabase.co,1,0,Absent,,fail,fail,fail,fail,skip,skip,skip,fail,fail,,,14,0.2.0-draft,2026-08-04
inktree.ai,1,10,Text-only,,fail,fail,fail,fail,skip,skip,skip,pass,fail,,,15,0.2.0-draft,2026-08-04
inlay.dev,1,50,Discoverable,,pass,fail,fail,fail,fail,skip,skip,pass,pass,mcp-json,,29,0.2.0-draft,2026-08-04
innergcomplete.com,1,45,Discoverable,,fail,fail,fail,pass,skip,skip,skip,pass,fail,,,14,0.2.0-draft,2026-08-04
innernet.live,1,50,Discoverable,,fail,fail,fail,pass,skip,skip,skip,pass,pass,,,14,0.2.0-draft,2026-08-04
insforge.dev,1,15,Text-only,,fail,fail,fail,fail,skip,skip,skip,pass,pass,,,17,0.2.0-draft,2026-08-04
insidedcpulse.com,1,0,Absent,,error,fail,fail,error,skip,skip,skip,fail,fail,,,34,0.2.0-draft,2026-08-04
insideralpha.ai,1,15,Text-only,,fail,fail,fail,fail,skip,skip,skip,pass,pass,,,16,0.2.0-draft,2026-08-04
insidergraph.com,1,0,Absent,,fail,fail,fail,fail,skip,skip,skip,fail,fail,,,14,0.2.0-draft,2026-08-04
insightgenius.io,1,5,Text-only,,fail,fail,fail,fail,skip,skip,skip,fail,pass,,,17,0.2.0-draft,2026-08-04
instadash.io,1,45,Discoverable,,pass,fail,fail,fail,skip,skip,skip,pass,fail,mcp-json,,18,0.2.0-draft,2026-08-04
instadomain.fly.dev,1,45,Discoverable,,pass,fail,fail,fail,skip,skip,skip,pass,fail,mcp-json,,14,0.2.0-draft,2026-08-04
install.md,1,0,Absent,,fail,fail,fail,fail,skip,skip,skip,fail,fail,,,14,0.2.0-draft,2026-08-04
instapods.com,1,15,Text-only,,fail,fail,fail,fail,skip,skip,skip,pass,pass,,,14,0.2.0-draft,2026-08-04
instavar.com,1,10,Text-only,,fail,fail,fail,fail,skip,skip,skip,pass,fail,,,14,0.2.0-draft,2026-08-04
instxnt.xyz,1,5,Text-only,,fail,fail,fail,fail,skip,skip,skip,fail,pass,,,17,0.2.0-draft,2026-08-04
insyncanalytics.com,1,0,Absent,,error,fail,fail,error,skip,skip,skip,fail,fail,,,37,0.2.0-draft,2026-08-04
intelcue.ai,1,15,Text-only,,fail,fail,fail,fail,skip,skip,skip,pass,pass,,,25,0.2.0-draft,2026-08-04
intencheck.com,1,0,Absent,,fail,fail,fail,fail,skip,skip,skip,fail,fail,,,14,0.2.0-draft,2026-08-04
intencion.io,1,10,Text-only,,fail,fail,fail,fail,skip,skip,skip,pass,fail,,,13,0.2.0-draft,2026-08-04
intentions.me,1,5,Text-only,,fail,fail,fail,fail,skip,skip,skip,fail,pass,,,27,0.2.0-draft,2026-08-04
intentlink.io,1,0,Absent,,fail,fail,fail,fail,skip,skip,skip,fail,fail,,,15,0.2.0-draft,2026-08-04
intentwake.com,1,80,Connectable,,fail,fail,pass,fail,pass,fail,skip,pass,fail,,modern,22,0.2.0-draft,2026-08-04
intentweave-mcp.onrender.com,1,70,Connectable,,pass,fail,pass,fail,pass,fail,skip,fail,fail,mcp-server-card-json,legacy,32,0.2.0-draft,2026-08-04
interbang.app,1,50,Discoverable,,fail,fail,fail,pass,skip,skip,skip,pass,pass,,,14,0.2.0-draft,2026-08-04
interlagos.sampa.br,1,100,Agent-ready,,pass,fail,pass,fail,pass,pass,pass,pass,pass,mcp-json,legacy,21,0.2.0-draft,2026-08-04
intermediair.nl,1,25,Text-only,,error,fail,pass,error,fail,skip,skip,fail,pass,,,35,0.2.0-draft,2026-08-04
interpretai.tech,1,5,Text-only,,fail,fail,fail,fail,skip,skip,skip,fail,pass,,,14,0.2.0-draft,2026-08-04
interzoid.com,1,10,Text-only,,fail,fail,fail,error,skip,skip,skip,pass,fail,,,24,0.2.0-draft,2026-08-04
inthread.dev,1,0,Absent,,error,error,fail,error,skip,skip,skip,fail,fail,,,34,0.2.0-draft,2026-08-04
intrane.fr,1,0,Absent,,fail,fail,fail,fail,skip,skip,skip,fail,fail,,,23,0.2.0-draft,2026-08-04
intuitek.ai,1,45,Discoverable,,fail,pass,fail,fail,skip,skip,skip,pass,fail,,,19,0.2.0-draft,2026-08-04
inutriplan.com,1,15,Text-only,,fail,fail,fail,fail,skip,skip,skip,pass,pass,,,16,0.2.0-draft,2026-08-04
invaro.ai,1,0,Absent,,fail,fail,fail,fail,skip,skip,skip,fail,fail,,,35,0.2.0-draft,2026-08-04
inventoryhero.ai,1,15,Text-only,,fail,fail,fail,fail,skip,skip,skip,pass,pass,,,33,0.2.0-draft,2026-08-04
investhive.com,1,10,Text-only,,fail,fail,fail,fail,skip,skip,skip,pass,fail,,,13,0.2.0-draft,2026-08-04
investmint.ru,1,70,Connectable,,fail,fail,pass,fail,pass,fail,skip,fail,fail,,legacy,25,0.2.0-draft,2026-08-04
inviaggioallecanarie.it,1,10,Text-only,,fail,fail,fail,fail,skip,skip,skip,pass,fail,,,18,0.2.0-draft,2026-08-04
invisibleexit.com,1,50,Discoverable,,pass,fail,fail,fail,skip,skip,skip,pass,pass,mcp-json,,17,0.2.0-draft,2026-08-04
invoicebadger.com,1,45,Discoverable,,fail,fail,fail,pass,skip,skip,skip,pass,fail,,,17,0.2.0-draft,2026-08-04
invoicehub.dev,1,10,Text-only,,fail,fail,fail,fail,skip,skip,skip,pass,fail,,,17,0.2.0-draft,2026-08-04
invoicexml.com,1,50,Discoverable,,fail,fail,fail,pass,skip,skip,skip,pass,pass,,,35,0.2.0-draft,2026-08-04
invoker.page,1,0,Absent,,fail,fail,fail,fail,skip,skip,skip,fail,fail,,,19,0.2.0-draft,2026-08-04
invokera.com,1,10,Text-only,,fail,fail,fail,fail,skip,skip,skip,pass,fail,,,16,0.2.0-draft,2026-08-04
inxy.ai,1,100,Agent-ready,,fail,fail,pass,fail,pass,pass,pass,pass,pass,,legacy,28,0.2.0-draft,2026-08-04
io-aerospace.org,1,15,Text-only,,fail,fail,fail,fail,skip,skip,skip,pass,pass,,,34,0.2.0-draft,2026-08-04
iox.cloud,1,0,Absent,,fail,fail,fail,fail,skip,skip,skip,fail,fail,,,19,0.2.0-draft,2026-08-04
ip-geolocation-x402-production.up.railway.app,1,0,Absent,,fail,fail,fail,fail,skip,skip,skip,fail,fail,,,22,0.2.0-draft,2026-08-04
ip.app,1,95,Agent-ready,,fail,fail,pass,fail,pass,pass,pass,pass,fail,,legacy,27,0.2.0-draft,2026-08-04
ipayx.ai,1,50,Discoverable,,pass,fail,fail,fail,skip,skip,skip,pass,pass,mcp-json,,35,0.2.0-draft,2026-08-04
ipdefender.eu,1,85,Connectable,,fail,fail,pass,pass,pass,pass,pass,fail,fail,,legacy,45,0.2.0-draft,2026-08-04
ipnex.ai,1,10,Text-only,,fail,fail,fail,fail,skip,skip,skip,pass,fail,,,22,0.2.0-draft,2026-08-04
ipnex.onrender.com,1,10,Text-only,,fail,fail,fail,fail,skip,skip,skip,pass,fail,,,22,0.2.0-draft,2026-08-04
ipogrid.com,1,35,Discoverable,,pass,fail,fail,pass,skip,skip,skip,fail,fail,mcp-server-card-json,,22,0.2.0-draft,2026-08-04
iquesta.com,1,5,Text-only,,error,fail,fail,error,skip,skip,skip,fail,pass,,,35,0.2.0-draft,2026-08-04
irishealth.bio,1,0,Absent,,fail,fail,fail,fail,skip,skip,skip,fail,fail,,,35,0.2.0-draft,2026-08-04
ironcladverified.com,1,95,Agent-ready,,fail,fail,pass,fail,pass,pass,pass,pass,fail,,legacy,27,0.2.0-draft,2026-08-04
ironflip.duckdns.org,1,10,Text-only,,fail,fail,fail,fail,skip,skip,skip,pass,fail,,,22,0.2.0-draft,2026-08-04
ironscout.ai,1,0,Absent,,fail,fail,fail,fail,skip,skip,skip,fail,fail,,,35,0.2.0-draft,2026-08-04
ironshell.io,1,5,Text-only,,fail,fail,fail,fail,skip,skip,skip,fail,pass,,,22,0.2.0-draft,2026-08-04
irrational.pages.dev,1,15,Text-only,,fail,fail,fail,fail,skip,skip,skip,pass,pass,,,23,0.2.0-draft,2026-08-04
is-real-biz.workers.dev,1,0,Absent,,error,fail,fail,error,skip,skip,skip,fail,fail,,,11,0.2.0-draft,2026-08-04
isitdeprecated.com,1,0,Absent,,error,fail,fail,error,skip,skip,skip,fail,fail,,,34,0.2.0-draft,2026-08-04
isittrustready.ai,1,0,Absent,,error,fail,fail,error,skip,skip,skip,fail,fail,,,36,0.2.0-draft,2026-08-04
iskra-bot.xyz,1,0,Absent,,error,fail,fail,error,skip,skip,skip,fail,fail,,,35,0.2.0-draft,2026-08-04
it-e3f.workers.dev,1,0,Absent,,error,fail,fail,error,skip,skip,skip,fail,fail,,,34,0.2.0-draft,2026-08-04
itaimbibi.sampa.br,1,0,Absent,,error,fail,fail,error,skip,skip,skip,fail,fail,,,34,0.2.0-draft,2026-08-04
itcons.app,1,0,Absent,,error,fail,fail,error,skip,skip,skip,fail,fail,,,34,0.2.0-draft,2026-08-04
itechsmart.dev,1,0,Absent,,error,fail,fail,error,skip,skip,skip,fail,fail,,,34,0.2.0-draft,2026-08-04
iteon.pl,1,0,Absent,,error,fail,fail,error,skip,skip,skip,fail,fail,,,34,0.2.0-draft,2026-08-04
iterationlayer.com,1,0,Absent,,error,fail,fail,error,skip,skip,skip,fail,fail,,,34,0.2.0-draft,2026-08-04
iterruptivo.com,1,0,Absent,,error,fail,fail,error,skip,skip,skip,fail,fail,,,34,0.2.0-draft,2026-08-04
ithz.dev,1,0,Absent,,error,fail,fail,error,skip,skip,skip,fail,fail,,,34,0.2.0-draft,2026-08-04
itjuzi.com,1,0,Absent,,error,fail,fail,error,skip,skip,skip,fail,fail,,,36,0.2.0-draft,2026-08-04
itmplatform.com,1,0,Absent,,error,fail,fail,error,skip,skip,skip,fail,fail,,,35,0.2.0-draft,2026-08-04
itsgloria.ai,1,0,Absent,,error,fail,fail,error,skip,skip,skip,fail,fail,,,35,0.2.0-draft,2026-08-04
iturri.ai,1,0,Absent,,error,fail,fail,error,skip,skip,skip,fail,fail,,,33,0.2.0-draft,2026-08-04
itutoronline.com,1,0,Absent,,error,fail,fail,error,skip,skip,skip,fail,fail,,,33,0.2.0-draft,2026-08-04
iunera.com,1,0,Absent,,error,fail,fail,error,skip,skip,skip,fail,fail,,,35,0.2.0-draft,2026-08-04
ivanstanojevic.me,1,0,Absent,,error,fail,fail,error,skip,skip,skip,fail,fail,,,33,0.2.0-draft,2026-08-04
ivdframework.dev,1,0,Absent,,error,fail,fail,error,skip,skip,skip,fail,fail,,,33,0.2.0-draft,2026-08-04
ivisa.com,1,10,Text-only,,error,fail,fail,error,skip,skip,skip,pass,fail,,,35,0.2.0-draft,2026-08-04
ivnmscuuljqubunqcgkh.supabase.co,1,0,Absent,,error,fail,fail,error,skip,skip,skip,fail,fail,,,32,0.2.0-draft,2026-08-04
ivoryriver.store,1,10,Text-only,,error,fail,fail,error,skip,skip,skip,pass,fail,,,31,0.2.0-draft,2026-08-04
iwant.fyi,1,10,Text-only,,error,fail,fail,error,skip,skip,skip,pass,fail,,,31,0.2.0-draft,2026-08-04
iwebdevelopment.com,1,0,Absent,,error,fail,fail,error,skip,skip,skip,fail,fail,,,35,0.2.0-draft,2026-08-04
izap.ai,1,10,Text-only,,error,fail,fail,error,skip,skip,skip,pass,fail,,,31,0.2.0-draft,2026-08-04
izhost.com,1,10,Text-only,,error,fail,fail,error,skip,skip,skip,pass,fail,,,31,0.2.0-draft,2026-08-04
izifete.fr,1,10,Text-only,,error,fail,fail,error,skip,skip,skip,pass,fail,,,31,0.2.0-draft,2026-08-04
jacktrade.co,1,35,Discoverable,,error,pass,fail,error,skip,skip,skip,fail,fail,,,31,0.2.0-draft,2026-08-04
jacktrade.xyz,1,0,Absent,,error,fail,fail,error,skip,skip,skip,fail,fail,,,34,0.2.0-draft,2026-08-04
jaco-veldsman.workers.dev,1,0,Absent,,error,fail,fail,error,skip,skip,skip,fail,fail,,,29,0.2.0-draft,2026-08-04
jadagnino.workers.dev,1,0,Absent,,error,fail,fail,error,skip,skip,skip,fail,fail,,,28,0.2.0-draft,2026-08-04
jadennuckels.chatgpt.site,1,0,Absent,,fail,fail,fail,fail,skip,skip,skip,fail,fail,,,29,0.2.0-draft,2026-08-04
jadenote.app,1,10,Text-only,,fail,fail,fail,fail,skip,skip,skip,pass,fail,,,29,0.2.0-draft,2026-08-04
jail.li,1,0,Absent,,error,fail,fail,error,skip,skip,skip,fail,fail,,,34,0.2.0-draft,2026-08-04
jakeoborn.workers.dev,1,0,Absent,,error,fail,fail,error,skip,skip,skip,fail,fail,,,24,0.2.0-draft,2026-08-04
jakvab.se,1,0,Absent,,fail,fail,fail,fail,skip,skip,skip,fail,fail,,,29,0.2.0-draft,2026-08-04
jamesprompt.com,1,0,Absent,,fail,fail,fail,fail,skip,skip,skip,fail,fail,,,29,0.2.0-draft,2026-08-04
jamesrosingmd.com,1,0,Absent,,fail,fail,fail,fail,skip,skip,skip,fail,fail,,,36,0.2.0-draft,2026-08-04
jamp.io,1,45,Discoverable,,fail,fail,fail,pass,skip,skip,skip,pass,fail,,,29,0.2.0-draft,2026-08-04
jampolls.com,1,0,Absent,,fail,fail,fail,fail,skip,skip,skip,fail,fail,,,28,0.2.0-draft,2026-08-04
jani-828.workers.dev,1,0,Absent,,error,fail,fail,error,skip,skip,skip,fail,fail,,,23,0.2.0-draft,2026-08-04
janis7ewski.org,1,0,Absent,,fail,fail,fail,fail,skip,skip,skip,fail,fail,,,28,0.2.0-draft,2026-08-04
jardins.sampa.br,1,10,Text-only,,fail,fail,fail,fail,skip,skip,skip,pass,fail,,,28,0.2.0-draft,2026-08-04
jarvisclaw.ai,1,10,Text-only,,fail,fail,fail,fail,skip,skip,skip,pass,fail,,,32,0.2.0-draft,2026-08-04
jason-12c.workers.dev,1,0,Absent,,error,fail,fail,error,skip,skip,skip,fail,fail,,,23,0.2.0-draft,2026-08-04
jasonpearson.dev,1,0,Absent,,fail,fail,fail,fail,skip,skip,skip,fail,fail,,,36,0.2.0-draft,2026-08-04
jassverband.ch,1,0,Absent,,fail,fail,fail,fail,skip,skip,skip,fail,fail,,,28,0.2.0-draft,2026-08-04
jasswiki.ch,1,80,Connectable,,pass,fail,fail,fail,pass,fail,skip,pass,fail,mcp-json|mcp-server-card-json,legacy,32,0.2.0-draft,2026-08-04
jaymiller.workers.dev,1,0,Absent,,error,fail,fail,error,skip,skip,skip,fail,fail,,,22,0.2.0-draft,2026-08-04
jayson-be1.workers.dev,1,0,Absent,,error,fail,fail,error,skip,skip,skip,fail,fail,,,22,0.2.0-draft,2026-08-04
jcposada.workers.dev,1,0,Absent,,error,fail,fail,error,skip,skip,skip,fail,fail,,,22,0.2.0-draft,2026-08-04
jeda.ai,1,10,Text-only,,fail,fail,fail,fail,skip,skip,skip,pass,fail,,,27,0.2.0-draft,2026-08-04
jediapps.com,1,10,Text-only,,fail,fail,fail,fail,skip,skip,skip,pass,fail,,,27,0.2.0-draft,2026-08-04
jeeva-jyotish.com,1,0,Absent,,fail,fail,fail,fail,skip,skip,skip,fail,fail,,,27,0.2.0-draft,2026-08-04
jeikin.com,1,10,Text-only,,fail,fail,fail,fail,skip,skip,skip,pass,fail,,,26,0.2.0-draft,2026-08-04
jellypod.com,1,10,Text-only,,fail,fail,fail,fail,skip,skip,skip,pass,fail,,,35,0.2.0-draft,2026-08-04
jenniferrebholz.com,1,10,Text-only,,fail,fail,fail,fail,skip,skip,skip,pass,fail,,,23,0.2.0-draft,2026-08-04
jentic.com,1,10,Text-only,,fail,fail,fail,fail,skip,skip,skip,pass,fail,,,19,0.2.0-draft,2026-08-04
jepto.com,1,80,Connectable,,fail,fail,pass,pass,pass,fail,skip,pass,fail,,modern,29,0.2.0-draft,2026-08-04
jeremytwogood.com,1,80,Connectable,,pass,fail,pass,fail,pass,fail,skip,pass,fail,mcp-server-card-json,legacy,50,0.2.0-draft,2026-08-04
jeroenbouma.com,1,0,Absent,,fail,fail,fail,fail,skip,skip,skip,fail,fail,,,27,0.2.0-draft,2026-08-04
jessesay.chatgpt.site,1,0,Absent,,fail,fail,fail,fail,skip,skip,skip,fail,fail,,,18,0.2.0-draft,2026-08-04
jettyd.com,1,15,Text-only,,fail,fail,fail,fail,skip,skip,skip,pass,pass,,,18,0.2.0-draft,2026-08-04
jewelrybysweetpea.com,1,80,Connectable,,pass,fail,fail,fail,pass,fail,skip,pass,fail,mcp-json|mcp-server-card-json,legacy,21,0.2.0-draft,2026-08-04
jflamb.com,1,0,Absent,,error,fail,fail,error,skip,skip,skip,fail,fail,,,39,0.2.0-draft,2026-08-04
jfrog.github.io,1,0,Absent,,fail,fail,fail,fail,skip,skip,skip,fail,fail,,,27,0.2.0-draft,2026-08-04
jiebang.site,1,40,Discoverable,,pass,fail,fail,fail,skip,skip,skip,fail,pass,mcp-server-card-json,,20,0.2.0-draft,2026-08-04
jinero.online,1,95,Agent-ready,,fail,fail,pass,fail,pass,pass,pass,pass,fail,,legacy,22,0.2.0-draft,2026-08-04
jinko.so,1,5,Text-only,,fail,fail,fail,fail,skip,skip,skip,fail,pass,,,14,0.2.0-draft,2026-08-04
jinn.works,1,15,Text-only,,fail,fail,fail,fail,skip,skip,skip,pass,pass,,,28,0.2.0-draft,2026-08-04
jithox.com,1,80,Connectable,,pass,fail,pass,pass,pass,fail,skip,pass,fail,mcp-json,legacy,22,0.2.0-draft,2026-08-04
jitsu.com,1,10,Text-only,,fail,fail,fail,fail,skip,skip,skip,pass,fail,,,14,0.2.0-draft,2026-08-04
jktjj.com,1,85,Connectable,,fail,fail,pass,fail,pass,fail,skip,pass,pass,,legacy,23,0.2.0-draft,2026-08-04
jmavid.workers.dev,1,0,Absent,,error,fail,fail,error,skip,skip,skip,fail,fail,,,6,0.2.0-draft,2026-08-04
jmpy.me,1,50,Discoverable,,fail,fail,fail,pass,skip,skip,skip,pass,pass,,,16,0.2.0-draft,2026-08-04
jmspfggpztykyubyzvlx.supabase.co,1,0,Absent,,fail,fail,fail,fail,skip,skip,skip,fail,fail,,,14,0.2.0-draft,2026-08-04
jnexum.com,1,10,Text-only,,fail,fail,fail,fail,skip,skip,skip,pass,fail,,,12,0.2.0-draft,2026-08-04
jobasean.com,1,0,Absent,,fail,fail,fail,fail,skip,skip,skip,fail,fail,,,16,0.2.0-draft,2026-08-04
jobctl.app,1,0,Absent,,fail,fail,fail,fail,skip,skip,skip,fail,fail,,,14,0.2.0-draft,2026-08-04
jobdonebot.com,1,50,Discoverable,,pass,fail,fail,fail,fail,skip,skip,pass,pass,mcp-json,,14,0.2.0-draft,2026-08-04
jobero.ai,1,100,Agent-ready,,pass,fail,pass,pass,pass,pass,pass,pass,pass,server-card-endpoint-relative|ai-catalog|mcp-json|mcp-server-card-json,modern,18,0.2.0-draft,2026-08-04
jobkeepr.com,1,80,Connectable,,fail,fail,pass,pass,pass,fail,skip,pass,fail,,modern,18,0.2.0-draft,2026-08-04
jobmojito.com,1,80,Connectable,,fail,fail,pass,pass,pass,fail,skip,pass,fail,,modern,22,0.2.0-draft,2026-08-04
jobo.world,1,75,Connectable,,fail,fail,pass,pass,pass,fail,skip,fail,pass,,modern,21,0.2.0-draft,2026-08-04
jobsai.cz,1,15,Text-only,,fail,fail,fail,fail,skip,skip,skip,pass,pass,,,17,0.2.0-draft,2026-08-04
jobsbase.io,1,85,Connectable,,pass,fail,pass,fail,pass,fail,skip,pass,pass,mcp-server-card-json,legacy,19,0.2.0-draft,2026-08-04
jobspipe.dev,1,85,Connectable,,pass,fail,pass,pass,pass,fail,skip,pass,pass,ai-catalog|mcp-json|mcp-bare|mcp-server-card-json,modern,20,0.2.0-draft,2026-08-04
jobstack-mcp.vercel.app,1,70,Connectable,,fail,fail,pass,fail,pass,fail,skip,fail,fail,,legacy,32,0.2.0-draft,2026-08-04
jobyap.com,1,85,Connectable,,fail,fail,pass,fail,pass,pass,fail,pass,pass,,modern,20,0.2.0-draft,2026-08-04
joe-glines.workers.dev,1,0,Absent,,error,fail,fail,error,skip,skip,skip,fail,fail,,,6,0.2.0-draft,2026-08-04
joelverhagen.com,1,0,Absent,,fail,fail,fail,fail,skip,skip,skip,fail,fail,,,27,0.2.0-draft,2026-08-04
joerg-krauter.workers.dev,1,0,Absent,,error,fail,fail,error,skip,skip,skip,fail,fail,,,6,0.2.0-draft,2026-08-04
jogo.team,1,15,Text-only,,fail,fail,fail,fail,skip,skip,skip,pass,pass,,,13,0.2.0-draft,2026-08-04
johnsessentials.com,1,5,Text-only,,fail,fail,fail,fail,skip,skip,skip,fail,pass,,,15,0.2.0-draft,2026-08-04
joinbudget.com,1,45,Discoverable,,pass,fail,fail,pass,skip,skip,skip,pass,fail,mcp-json,,14,0.2.0-draft,2026-08-04
joinmultiplayer.ai,1,10,Text-only,,fail,fail,fail,fail,skip,skip,skip,pass,fail,,,14,0.2.0-draft,2026-08-04
joinnod.com,1,0,Absent,,fail,fail,fail,fail,skip,skip,skip,fail,fail,,,30,0.2.0-draft,2026-08-04
joinplexa.com,1,50,Discoverable,,pass,fail,fail,fail,fail,skip,skip,pass,pass,ai-catalog|mcp-server-card-json,,27,0.2.0-draft,2026-08-04
joinsandwich.com,1,95,Agent-ready,,pass,fail,fail,fail,pass,pass,pass,pass,fail,mcp-json,legacy,34,0.2.0-draft,2026-08-04
joinways.app,1,50,Discoverable,,pass,fail,fail,pass,skip,skip,skip,pass,pass,mcp-server-card-json,,14,0.2.0-draft,2026-08-04
jonathanmostov.workers.dev,1,0,Absent,,error,fail,fail,error,skip,skip,skip,fail,fail,,,6,0.2.0-draft,2026-08-04
jordan-trana.workers.dev,1,0,Absent,,error,fail,fail,error,skip,skip,skip,fail,fail,,,6,0.2.0-draft,2026-08-04
jotform.com,1,5,Text-only,,fail,fail,fail,fail,skip,skip,skip,fail,pass,,,30,0.2.0-draft,2026-08-04
joules.cc,1,10,Text-only,,fail,fail,fail,fail,skip,skip,skip,pass,fail,,,16,0.2.0-draft,2026-08-04
journalize.dev,1,10,Text-only,,fail,fail,fail,fail,skip,skip,skip,pass,fail,,,14,0.2.0-draft,2026-08-04
joy-connect.fly.dev,1,0,Absent,,fail,fail,fail,fail,skip,skip,skip,fail,fail,,,14,0.2.0-draft,2026-08-04
jp-biz-opportunity-62ko7b2uwa-an.a.run.app,1,80,Connectable,,fail,fail,pass,fail,pass,fail,skip,pass,fail,,legacy,32,0.2.0-draft,2026-08-04
jp-crypto-tax-rules-62ko7b2uwa-an.a.run.app,1,80,Connectable,,fail,fail,pass,fail,pass,fail,skip,pass,fail,,legacy,32,0.2.0-draft,2026-08-04
jp-data-api-production.up.railway.app,1,0,Absent,,fail,fail,fail,fail,skip,skip,skip,fail,fail,,,27,0.2.0-draft,2026-08-04
jp-m2m-gateway-62ko7b2uwa-an.a.run.app,1,80,Connectable,,fail,fail,pass,fail,pass,fail,skip,pass,fail,,legacy,32,0.2.0-draft,2026-08-04
jpyc-info.com,1,5,Text-only,,fail,fail,fail,fail,skip,skip,skip,fail,pass,,,14,0.2.0-draft,2026-08-04
jpyc-service.com,1,0,Absent,,error,fail,fail,error,skip,skip,skip,fail,fail,,,3,0.2.0-draft,2026-08-04
json-validator-x402-production.up.railway.app,1,0,Absent,,fail,fail,fail,fail,skip,skip,skip,fail,fail,,,27,0.2.0-draft,2026-08-04
jsonaut-shaurya.workers.dev,1,0,Absent,,error,fail,fail,error,skip,skip,skip,fail,fail,,,6,0.2.0-draft,2026-08-04
jsonlify.com,1,70,Connectable,,pass,fail,pass,fail,pass,fail,skip,fail,fail,mcp-json,legacy,37,0.2.0-draft,2026-08-04
jsonshelf.vercel.app,1,45,Discoverable,,pass,fail,fail,fail,skip,skip,skip,pass,fail,mcp-json,,27,0.2.0-draft,2026-08-04
jtrholidays.com,1,0,Absent,,fail,fail,fail,fail,skip,skip,skip,fail,fail,,,39,0.2.0-draft,2026-08-04
jumpcloud.com,1,10,Text-only,,fail,fail,fail,fail,skip,skip,skip,pass,fail,,,17,0.2.0-draft,2026-08-04
jumpseller.com,1,10,Text-only,,fail,fail,fail,fail,skip,skip,skip,pass,fail,,,17,0.2.0-draft,2026-08-04
junely.co,1,85,Connectable,,fail,fail,pass,pass,pass,pass,fail,pass,pass,,legacy,19,0.2.0-draft,2026-08-04
junglecleaner.com,1,95,Agent-ready,,fail,fail,pass,fail,pass,pass,pass,pass,fail,,legacy,19,0.2.0-draft,2026-08-04
junkyard.guru,1,0,Absent,,error,fail,fail,error,skip,skip,skip,fail,fail,,,38,0.2.0-draft,2026-08-04
juno-health-tools.vercel.app,1,70,Connectable,,fail,fail,pass,fail,pass,pass,fail,fail,fail,,modern,31,0.2.0-draft,2026-08-04
juno.ventures,1,0,Absent,,fail,fail,fail,fail,skip,skip,skip,fail,fail,,,30,0.2.0-draft,2026-08-04
jupiter-quotes-x402-production.up.railway.app,1,0,Absent,,fail,fail,fail,fail,skip,skip,skip,fail,fail,,,27,0.2.0-draft,2026-08-04
jupiterinvoice.com,1,45,Discoverable,,pass,fail,fail,fail,skip,skip,skip,pass,fail,mcp-json,,13,0.2.0-draft,2026-08-04
jupitersignup.com,1,85,Connectable,,pass,fail,pass,fail,pass,fail,skip,pass,pass,mcp-json,modern,17,0.2.0-draft,2026-08-04
juribase.com.br,1,5,Text-only,,fail,fail,fail,fail,skip,skip,skip,fail,pass,,,14,0.2.0-draft,2026-08-04
jurisprudencias.ai,1,45,Discoverable,,fail,fail,fail,pass,skip,skip,skip,pass,fail,,,12,0.2.0-draft,2026-08-04
justack.ai,1,0,Absent,,fail,fail,fail,fail,skip,skip,skip,fail,fail,,,14,0.2.0-draft,2026-08-04
justcall.host,1,0,Absent,,error,fail,fail,error,skip,skip,skip,fail,fail,,,5,0.2.0-draft,2026-08-04
justdeploy.ai,1,10,Text-only,,fail,fail,fail,fail,skip,skip,skip,pass,fail,,,29,0.2.0-draft,2026-08-04
justdomain.ai,1,45,Discoverable,,pass,fail,fail,fail,skip,skip,skip,pass,fail,mcp-server-card-json,,17,0.2.0-draft,2026-08-04
justdrop.ai,1,15,Text-only,,fail,fail,fail,fail,skip,skip,skip,pass,pass,,,13,0.2.0-draft,2026-08-04
justfill.app,1,50,Discoverable,,pass,fail,fail,pass,fail,skip,skip,pass,pass,mcp-json,,15,0.2.0-draft,2026-08-04
justfix.app,1,0,Absent,,fail,fail,fail,fail,skip,skip,skip,fail,fail,,,28,0.2.0-draft,2026-08-04
justhappened.wtf,1,0,Absent,,fail,fail,fail,fail,skip,skip,skip,fail,fail,,,13,0.2.0-draft,2026-08-04
justicelibre.org,1,10,Text-only,,fail,fail,fail,fail,skip,skip,skip,pass,fail,,,12,0.2.0-draft,2026-08-04
justonce.ai,1,15,Text-only,,fail,fail,fail,fail,skip,skip,skip,pass,pass,,,17,0.2.0-draft,2026-08-04
justpublish.ai,1,95,Agent-ready,,pass,fail,pass,fail,pass,pass,pass,pass,fail,mcp-server-card-json,legacy,20,0.2.0-draft,2026-08-04
jwpalm99.workers.dev,1,0,Absent,,error,fail,fail,error,skip,skip,skip,fail,fail,,,6,0.2.0-draft,2026-08-04
jwt-decoder-production.up.railway.app,1,0,Absent,,fail,fail,fail,fail,skip,skip,skip,fail,fail,,,27,0.2.0-draft,2026-08-04
jwt-decoder-x402-production.up.railway.app,1,0,Absent,,fail,fail,fail,fail,skip,skip,skip,fail,fail,,,27,0.2.0-draft,2026-08-04
jyotishintelligence.com,1,50,Discoverable,,pass,fail,fail,fail,skip,skip,skip,pass,pass,mcp-json,,14,0.2.0-draft,2026-08-04
k-work-trust-api.fly.dev,1,0,Absent,,error,fail,fail,error,skip,skip,skip,fail,fail,,,3,0.2.0-draft,2026-08-04
k01.is,1,15,Text-only,,fail,fail,fail,fail,skip,skip,skip,pass,pass,,,16,0.2.0-draft,2026-08-04
k4tech.net,1,0,Absent,,fail,fail,fail,fail,skip,skip,skip,fail,fail,,,14,0.2.0-draft,2026-08-04
kaalshodh.com,1,0,Absent,,fail,fail,fail,fail,skip,skip,skip,fail,fail,,,18,0.2.0-draft,2026-08-04
kabrawala.workers.dev,1,0,Absent,,error,fail,fail,error,skip,skip,skip,fail,fail,,,6,0.2.0-draft,2026-08-04
kachink.app,1,0,Absent,,fail,fail,fail,fail,skip,skip,skip,fail,fail,,,13,0.2.0-draft,2026-08-04
kael.ink,1,0,Absent,,error,fail,fail,error,skip,skip,skip,fail,fail,,,29,0.2.0-draft,2026-08-04
kage-core.com,1,0,Absent,,fail,fail,fail,fail,skip,skip,skip,fail,fail,,,14,0.2.0-draft,2026-08-04
kahvetabela.com,1,85,Connectable,,pass,fail,fail,fail,pass,pass,fail,pass,pass,mcp-server-card-json,legacy,19,0.2.0-draft,2026-08-04
kai-agi.com,1,0,Absent,,fail,fail,fail,fail,skip,skip,skip,fail,fail,,,16,0.2.0-draft,2026-08-04
kaicalls.com,1,50,Discoverable,,pass,fail,fail,pass,skip,skip,skip,pass,pass,mcp-json|mcp-server-card-json,,25,0.2.0-draft,2026-08-04
kaidn.io,1,10,Text-only,,fail,fail,fail,fail,skip,skip,skip,pass,fail,,,15,0.2.0-draft,2026-08-04
kaimeilabs.dev,1,0,Absent,,fail,fail,fail,fail,skip,skip,skip,fail,fail,,,15,0.2.0-draft,2026-08-04
kairossignal.com,1,95,Agent-ready,,pass,fail,fail,fail,pass,pass,pass,pass,fail,mcp-json|mcp-server-card-json,legacy,20,0.2.0-draft,2026-08-04
kaitoi.io,1,10,Text-only,,fail,fail,fail,fail,skip,skip,skip,pass,fail,,,14,0.2.0-draft,2026-08-04
kaizan.ai,1,0,Absent,,fail,fail,fail,fail,skip,skip,skip,fail,fail,,,14,0.2.0-draft,2026-08-04
kajabi.com,1,85,Connectable,,fail,fail,pass,pass,pass,fail,skip,pass,pass,,modern,27,0.2.0-draft,2026-08-04
kajaril.com,1,75,Connectable,,pass,fail,fail,fail,pass,fail,skip,fail,pass,mcp-server-card-json,modern,19,0.2.0-draft,2026-08-04
kaka-mcp-server-production.up.railway.app,1,70,Connectable,,fail,fail,pass,fail,pass,fail,skip,fail,fail,,legacy,32,0.2.0-draft,2026-08-04
kalender-sync.de,1,10,Text-only,,fail,fail,fail,fail,skip,skip,skip,pass,fail,,,15,0.2.0-draft,2026-08-04
kalicart.com,1,10,Text-only,,fail,fail,fail,fail,skip,skip,skip,pass,fail,,,29,0.2.0-draft,2026-08-04
kalshi-mcp.com,1,45,Discoverable,,fail,fail,fail,pass,skip,skip,skip,pass,fail,,,16,0.2.0-draft,2026-08-04
kamy.dev,1,85,Connectable,,pass,fail,fail,fail,pass,fail,skip,pass,pass,mcp-json,modern,19,0.2.0-draft,2026-08-04
kanbanai.dev,1,85,Connectable,,pass,fail,fail,fail,pass,fail,skip,pass,pass,mcp-server-serra,modern,17,0.2.0-draft,2026-08-04
kanbanthing.com,1,80,Connectable,,fail,fail,pass,fail,pass,fail,skip,pass,fail,,legacy,40,0.2.0-draft,2026-08-04
kanera.app,1,15,Text-only,,fail,fail,fail,fail,skip,skip,skip,pass,pass,,,29,0.2.0-draft,2026-08-04
kansei-link-mcp-production-b054.up.railway.app,1,70,Connectable,,fail,fail,pass,fail,pass,fail,skip,fail,fail,,legacy,32,0.2.0-draft,2026-08-04
kapa.ai,1,45,Discoverable,,pass,fail,pass,fail,fail,skip,skip,pass,fail,mcp-server-card-json,,36,0.2.0-draft,2026-08-04
kapoost-humanmcp.fly.dev,1,95,Agent-ready,,fail,fail,pass,fail,pass,pass,pass,pass,fail,,legacy,19,0.2.0-draft,2026-08-04
kapruka.com,1,0,Absent,,fail,fail,fail,fail,skip,skip,skip,fail,fail,,,29,0.2.0-draft,2026-08-04
kariops.com,1,15,Text-only,,fail,fail,fail,fail,skip,skip,skip,pass,pass,,,16,0.2.0-draft,2026-08-04
karve.sa,1,85,Connectable,,fail,fail,pass,fail,pass,fail,skip,pass,pass,,legacy,20,0.2.0-draft,2026-08-04
kasabeh.tech,1,0,Absent,,fail,fail,fail,fail,skip,skip,skip,fail,fail,,,14,0.2.0-draft,2026-08-04
kasahorow.com,1,5,Text-only,,fail,fail,fail,fail,skip,skip,skip,fail,pass,,,23,0.2.0-draft,2026-08-04
kasanegi123.workers.dev,1,0,Absent,,error,fail,fail,error,skip,skip,skip,fail,fail,,,6,0.2.0-draft,2026-08-04
katalon.io,1,0,Absent,,error,fail,fail,error,skip,skip,skip,fail,fail,,,41,0.2.0-draft,2026-08-04
kavara.ai,1,15,Text-only,,fail,fail,fail,fail,skip,skip,skip,pass,pass,,,15,0.2.0-draft,2026-08-04
kavel.ai,1,15,Text-only,,fail,fail,fail,fail,skip,skip,skip,pass,pass,,,25,0.2.0-draft,2026-08-04
kavra.cloud,1,0,Absent,,fail,fail,fail,fail,skip,skip,skip,fail,fail,,,27,0.2.0-draft,2026-08-04
kawacode.ai,1,0,Absent,,fail,fail,fail,fail,skip,skip,skip,fail,fail,,,15,0.2.0-draft,2026-08-04
kcaldata.com,1,15,Text-only,,fail,fail,fail,fail,skip,skip,skip,pass,pass,,,15,0.2.0-draft,2026-08-04
kcaldata.onrender.com,1,0,Absent,,fail,fail,fail,fail,skip,skip,skip,fail,fail,,,27,0.2.0-draft,2026-08-04
kdandoc.com,1,15,Text-only,,fail,fail,fail,fail,skip,skip,skip,pass,pass,,,29,0.2.0-draft,2026-08-04
kdata-gate.vercel.app,1,85,Connectable,,fail,fail,pass,fail,pass,fail,skip,pass,pass,,legacy,32,0.2.0-draft,2026-08-04
keboola.com,1,85,Connectable,,pass,fail,pass,pass,pass,fail,skip,pass,pass,mcp-server-card-json,modern,35,0.2.0-draft,2026-08-04
keenable.ai,1,10,Text-only,,fail,fail,fail,fail,skip,skip,skip,pass,fail,,,15,0.2.0-draft,2026-08-04
keenethics-labs.com,1,0,Absent,,fail,fail,fail,fail,skip,skip,skip,fail,fail,,,14,0.2.0-draft,2026-08-04
keenielts.com,1,80,Connectable,,pass,fail,fail,fail,pass,fail,skip,pass,fail,mcp-json,legacy,19,0.2.0-draft,2026-08-04
keeperhub.com,1,15,Text-only,,fail,fail,fail,fail,skip,skip,skip,pass,pass,,,18,0.2.0-draft,2026-08-04
keepflash.com,1,0,Absent,,fail,fail,fail,fail,skip,skip,skip,fail,fail,,,14,0.2.0-draft,2026-08-04
keepingtrack.biz,1,0,Absent,,fail,fail,fail,fail,skip,skip,skip,fail,fail,,,14,0.2.0-draft,2026-08-04
keepmysubs.com,1,35,Discoverable,,fail,fail,fail,pass,skip,skip,skip,fail,fail,,,14,0.2.0-draft,2026-08-04
keibai-hub.com,1,15,Text-only,,fail,fail,fail,fail,skip,skip,skip,pass,pass,,,14,0.2.0-draft,2026-08-04
keito.ai,1,10,Text-only,,fail,fail,fail,fail,skip,skip,skip,pass,fail,,,19,0.2.0-draft,2026-08-04
kekwanu.com,1,5,Text-only,,fail,fail,fail,fail,skip,skip,skip,fail,pass,,,14,0.2.0-draft,2026-08-04
kenoodl.com,1,100,Agent-ready,,pass,fail,pass,pass,pass,pass,pass,pass,pass,mcp-server-card-json,legacy,19,0.2.0-draft,2026-08-04
kenva.workers.dev,1,0,Absent,,error,fail,fail,error,skip,skip,skip,fail,fail,,,6,0.2.0-draft,2026-08-04
kenwea.com,1,50,Discoverable,,pass,fail,fail,fail,fail,skip,skip,pass,pass,mcp-bare,,32,0.2.0-draft,2026-08-04
keploy.io,1,15,Text-only,,fail,fail,fail,fail,skip,skip,skip,pass,pass,,,23,0.2.0-draft,2026-08-04
kernelcad.com,1,0,Absent,,fail,fail,fail,fail,skip,skip,skip,fail,fail,,,19,0.2.0-draft,2026-08-04
kernelscan.io,1,0,Absent,,fail,fail,fail,fail,skip,skip,skip,fail,fail,,,14,0.2.0-draft,2026-08-04
kernora.ai,1,85,Connectable,,fail,fail,pass,fail,pass,pass,pass,fail,fail,,legacy,22,0.2.0-draft,2026-08-04
keryo.io,1,80,Connectable,,fail,fail,pass,pass,pass,fail,skip,pass,fail,,modern,21,0.2.0-draft,2026-08-04
keryx.cc,1,10,Text-only,,fail,fail,fail,fail,skip,skip,skip,pass,fail,,,13,0.2.0-draft,2026-08-04
kesey.agency,1,15,Text-only,,fail,fail,fail,fail,skip,skip,skip,pass,pass,,,14,0.2.0-draft,2026-08-04
kettlelogic.com,1,15,Text-only,,fail,fail,fail,fail,skip,skip,skip,pass,pass,,,14,0.2.0-draft,2026-08-04
kevincogan.github.io,1,0,Absent,,fail,fail,fail,fail,skip,skip,skip,fail,fail,,,27,0.2.0-draft,2026-08-04
keyboardcrumbs.com,1,0,Absent,,fail,fail,fail,fail,skip,skip,skip,fail,fail,,,14,0.2.0-draft,2026-08-04
keyboardia.dev,1,85,Connectable,,fail,fail,pass,fail,pass,pass,pass,fail,fail,,modern,18,0.2.0-draft,2026-08-04
keyhalve.com,1,85,Connectable,,fail,fail,pass,fail,pass,pass,pass,fail,fail,,legacy,22,0.2.0-draft,2026-08-04
keyid.ai,1,10,Text-only,,fail,fail,fail,fail,skip,skip,skip,pass,fail,,,14,0.2.0-draft,2026-08-04
keypup.io,1,15,Text-only,,fail,fail,fail,fail,skip,skip,skip,pass,pass,,,35,0.2.0-draft,2026-08-04
keyword-research-x402-production.up.railway.app,1,0,Absent,,fail,fail,fail,fail,skip,skip,skip,fail,fail,,,27,0.2.0-draft,2026-08-04
kfdadgtwmcmgehstagbe.supabase.co,1,0,Absent,,fail,fail,fail,fail,skip,skip,skip,fail,fail,,,14,0.2.0-draft,2026-08-04
kgninja.dev,1,70,Connectable,,fail,fail,pass,fail,pass,pass,fail,fail,fail,,modern,11,0.2.0-draft,2026-08-04
khamenei-online.org,1,0,Absent,,fail,fail,fail,fail,skip,skip,skip,fail,fail,,,16,0.2.0-draft,2026-08-04
kidsstay.workers.dev,1,85,Connectable,,fail,fail,pass,fail,pass,pass,pass,fail,fail,,legacy,12,0.2.0-draft,2026-08-04
kifly.ai,1,35,Discoverable,,pass,fail,fail,pass,skip,skip,skip,fail,fail,mcp-server-card-json,,16,0.2.0-draft,2026-08-04
kifly.io,1,0,Absent,,fail,fail,fail,fail,skip,skip,skip,fail,fail,,,17,0.2.0-draft,2026-08-04
kilocode.ai,1,0,Absent,,fail,fail,fail,fail,skip,skip,skip,fail,fail,,,15,0.2.0-draft,2026-08-04
kiloiot.io,1,50,Discoverable,,pass,fail,fail,pass,skip,skip,skip,pass,pass,mcp-server-card-json,,17,0.2.0-draft,2026-08-04
kimchi-sushi.com,1,15,Text-only,,fail,fail,fail,fail,skip,skip,skip,pass,pass,,,13,0.2.0-draft,2026-08-04
kimnchai.com,1,0,Absent,,error,fail,fail,error,skip,skip,skip,fail,fail,,,3,0.2.0-draft,2026-08-04
kimoun.com,1,15,Text-only,,fail,fail,fail,fail,skip,skip,skip,pass,pass,,,14,0.2.0-draft,2026-08-04
kindora-mcp.azurewebsites.net,1,70,Connectable,,fail,fail,pass,fail,pass,fail,skip,fail,fail,,legacy,19,0.2.0-draft,2026-08-04
kiprio.com,1,15,Text-only,,fail,fail,fail,fail,skip,skip,skip,pass,pass,,,24,0.2.0-draft,2026-08-04
kismet.travel,1,100,Agent-ready,,pass,fail,pass,pass,pass,pass,pass,pass,pass,mcp-json,legacy,21,0.2.0-draft,2026-08-04
kit-project.com,1,85,Connectable,,pass,fail,fail,fail,pass,fail,skip,pass,pass,mcp-json,legacy,20,0.2.0-draft,2026-08-04
kite-mcp-server.fly.dev,1,35,Discoverable,,pass,fail,fail,pass,skip,skip,skip,fail,fail,mcp-server-card-json,,13,0.2.0-draft,2026-08-04
kitsdeals.com,1,85,Connectable,,fail,fail,pass,fail,pass,pass,pass,fail,fail,,modern,19,0.2.0-draft,2026-08-04
kive.ai,1,80,Connectable,,fail,fail,pass,pass,pass,fail,skip,pass,fail,,modern,21,0.2.0-draft,2026-08-04
klanexai.com,1,70,Connectable,,fail,fail,pass,fail,pass,fail,skip,fail,fail,,legacy,21,0.2.0-draft,2026-08-04
klavis.ai,1,10,Text-only,,fail,fail,fail,fail,skip,skip,skip,pass,fail,,,27,0.2.0-draft,2026-08-04
klever.org,1,70,Connectable,,fail,fail,pass,fail,pass,fail,skip,fail,fail,,legacy,22,0.2.0-draft,2026-08-04
klodkot.ai,1,80,Connectable,,fail,fail,pass,pass,pass,fail,skip,pass,fail,,modern,27,0.2.0-draft,2026-08-04
klokin.io,1,0,Absent,,fail,fail,fail,fail,skip,skip,skip,fail,fail,,,51,0.2.0-draft,2026-08-04
kloudle.dev,1,0,Absent,,fail,fail,fail,fail,skip,skip,skip,fail,fail,,,21,0.2.0-draft,2026-08-04
knigochit.ru,1,0,Absent,,fail,fail,fail,fail,skip,skip,skip,fail,fail,,,15,0.2.0-draft,2026-08-04
knitli.com,1,0,Absent,,fail,fail,fail,fail,skip,skip,skip,fail,fail,,,14,0.2.0-draft,2026-08-04
knotrik.com,1,70,Connectable,,fail,fail,pass,pass,pass,fail,skip,fail,fail,,modern,22,0.2.0-draft,2026-08-04
knowalabs.com,1,5,Text-only,,fail,fail,fail,fail,skip,skip,skip,fail,pass,,,13,0.2.0-draft,2026-08-04
knowledge-raven.com,1,5,Text-only,,fail,fail,fail,fail,skip,skip,skip,fail,pass,,,21,0.2.0-draft,2026-08-04
knownissue.dev,1,70,Connectable,,fail,fail,pass,pass,pass,fail,skip,fail,fail,,modern,21,0.2.0-draft,2026-08-04
knowtis.app,1,0,Absent,,fail,fail,fail,fail,skip,skip,skip,fail,fail,,,17,0.2.0-draft,2026-08-04
knurl.tools,1,0,Absent,,fail,fail,fail,fail,skip,skip,skip,fail,fail,,,16,0.2.0-draft,2026-08-04
ko.io,1,15,Text-only,,fail,fail,fail,fail,skip,skip,skip,pass,pass,,,18,0.2.0-draft,2026-08-04
koalcheck.com,1,70,Connectable,,fail,fail,pass,pass,pass,fail,skip,fail,fail,,legacy,26,0.2.0-draft,2026-08-04
kochava.com,1,15,Text-only,,fail,fail,fail,fail,skip,skip,skip,pass,pass,,,28,0.2.0-draft,2026-08-04
kogcat.com,1,0,Absent,,fail,fail,fail,fail,skip,skip,skip,fail,fail,,,16,0.2.0-draft,2026-08-04
kognitrix.com,1,5,Text-only,,fail,fail,fail,fail,skip,skip,skip,fail,pass,,,13,0.2.0-draft,2026-08-04
kojwpbbznaxyoxyqfacc.supabase.co,1,0,Absent,,fail,fail,fail,fail,skip,skip,skip,fail,fail,,,14,0.2.0-draft,2026-08-04
kokofinance.net,1,35,Discoverable,,fail,fail,fail,pass,skip,skip,skip,fail,fail,,,10,0.2.0-draft,2026-08-04
kolada-mcp-pafn.onrender.com,1,0,Absent,,fail,fail,fail,fail,skip,skip,skip,fail,fail,,,51,0.2.0-draft,2026-08-04
kolens.ai,1,85,Connectable,,fail,fail,pass,pass,pass,fail,skip,pass,pass,,modern,18,0.2.0-draft,2026-08-04
kolmo.io,1,85,Connectable,,pass,fail,fail,fail,pass,fail,skip,pass,pass,mcp-json,legacy,32,0.2.0-draft,2026-08-04
kolvera.io,1,50,Discoverable,,fail,fail,fail,pass,skip,skip,skip,pass,pass,,,27,0.2.0-draft,2026-08-04
konbiniapi.com,1,85,Connectable,,fail,fail,pass,pass,pass,fail,skip,pass,pass,,modern,21,0.2.0-draft,2026-08-04
kondux.io,1,0,Absent,,fail,fail,fail,fail,skip,skip,skip,fail,fail,,,27,0.2.0-draft,2026-08-04
kontato.ai,1,10,Text-only,,fail,fail,fail,fail,skip,skip,skip,pass,fail,,,15,0.2.0-draft,2026-08-04
kooexperience.com,1,15,Text-only,,fail,fail,fail,fail,skip,skip,skip,pass,pass,,,14,0.2.0-draft,2026-08-04
kordiapp.com,1,35,Discoverable,,pass,fail,fail,pass,skip,skip,skip,fail,fail,mcp-server-card-json,,14,0.2.0-draft,2026-08-04
kordic.io,1,0,Absent,,fail,fail,fail,fail,skip,skip,skip,fail,fail,,,17,0.2.0-draft,2026-08-04
korea-flight-mcp.fly.dev,1,0,Absent,,error,fail,fail,error,skip,skip,skip,fail,fail,,,3,0.2.0-draft,2026-08-04
koreal6803.workers.dev,1,0,Absent,,error,fail,fail,error,skip,skip,skip,fail,fail,,,6,0.2.0-draft,2026-08-04
korean-agriculture-mcp.onrender.com,1,0,Absent,,fail,fail,fail,fail,skip,skip,skip,fail,fail,,,27,0.2.0-draft,2026-08-04
korean-news-mcp.onrender.com,1,0,Absent,,fail,fail,fail,fail,skip,skip,skip,fail,fail,,,27,0.2.0-draft,2026-08-04
korean-public-data-mcp.onrender.com,1,0,Absent,,fail,fail,fail,fail,skip,skip,skip,fail,fail,,,27,0.2.0-draft,2026-08-04
korean-stock-mcp.onrender.com,1,0,Absent,,fail,fail,fail,fail,skip,skip,skip,fail,fail,,,27,0.2.0-draft,2026-08-04
koreanpulse.dev,1,50,Discoverable,,pass,fail,pass,fail,fail,skip,skip,pass,pass,mcp-json,,21,0.2.0-draft,2026-08-04
korext.com,1,0,Absent,,fail,fail,fail,fail,skip,skip,skip,fail,fail,,,21,0.2.0-draft,2026-08-04
korey.ai,1,10,Text-only,,fail,fail,fail,fail,skip,skip,skip,pass,fail,,,23,0.2.0-draft,2026-08-04
kortexio.io,1,0,Absent,,fail,fail,fail,fail,skip,skip,skip,fail,fail,,,17,0.2.0-draft,2026-08-04
korture.com,1,0,Absent,,fail,fail,fail,fail,skip,skip,skip,fail,fail,,,29,0.2.0-draft,2026-08-04
koyeb.app,1,0,Absent,,error,fail,fail,error,skip,skip,skip,fail,fail,,,41,0.2.0-draft,2026-08-04
kpidepot.com,1,85,Connectable,,pass,fail,fail,pass,pass,pass,pass,fail,fail,mcp-server-card-json,legacy,20,0.2.0-draft,2026-08-04
krasoft.ru,1,0,Absent,,fail,fail,fail,fail,skip,skip,skip,fail,fail,,,14,0.2.0-draft,2026-08-04
kresmion.com,1,45,Discoverable,,pass,fail,fail,pass,fail,skip,skip,pass,fail,mcp-json,,14,0.2.0-draft,2026-08-04
krmfxedkxoyzkeqnijcd.supabase.co,1,0,Absent,,fail,fail,fail,fail,skip,skip,skip,fail,fail,,,14,0.2.0-draft,2026-08-04
krobar.ai,1,45,Discoverable,,pass,fail,fail,fail,fail,skip,skip,pass,fail,mcp-json,,19,0.2.0-draft,2026-08-04
krosos.com,1,0,Absent,,fail,fail,fail,fail,skip,skip,skip,fail,fail,,,13,0.2.0-draft,2026-08-04
krtr.ai,1,35,Discoverable,,fail,fail,fail,pass,skip,skip,skip,fail,fail,,,13,0.2.0-draft,2026-08-04
krystalview.com,1,35,Discoverable,,fail,fail,fail,pass,skip,skip,skip,fail,fail,,,19,0.2.0-draft,2026-08-04
ksrnyx.top,1,5,Text-only,,fail,fail,fail,fail,skip,skip,skip,fail,pass,,,16,0.2.0-draft,2026-08-04
kta-oracle.vercel.app,1,0,Absent,,fail,fail,fail,fail,skip,skip,skip,fail,fail,,,27,0.2.0-draft,2026-08-04
ktcrystals.com,1,15,Text-only,,fail,fail,fail,fail,skip,skip,skip,pass,pass,,,16,0.2.0-draft,2026-08-04
kubedoll.com,1,0,Absent,,fail,fail,fail,fail,skip,skip,skip,fail,fail,,,17,0.2.0-draft,2026-08-04
kubik.tools,1,5,Text-only,,fail,fail,fail,fail,skip,skip,skip,fail,pass,,,16,0.2.0-draft,2026-08-04
kubit.ai,1,70,Connectable,,fail,fail,pass,pass,pass,fail,skip,fail,fail,,modern,23,0.2.0-draft,2026-08-04
kubova.com,1,10,Text-only,,fail,fail,fail,fail,skip,skip,skip,pass,fail,,,13,0.2.0-draft,2026-08-04
kudosity.com,1,10,Text-only,,fail,fail,fail,fail,skip,skip,skip,pass,fail,,,17,0.2.0-draft,2026-08-04
kuickr.co,1,80,Connectable,,pass,fail,fail,pass,pass,fail,skip,pass,fail,mcp-json,modern,18,0.2.0-draft,2026-08-04
kultur.dev,1,0,Absent,,error,fail,fail,error,skip,skip,skip,fail,fail,,,38,0.2.0-draft,2026-08-04
kumbuka.ai,1,0,Absent,,fail,fail,fail,fail,skip,skip,skip,fail,fail,,,34,0.2.0-draft,2026-08-04
kundlit.com,1,45,Discoverable,,pass,fail,fail,fail,fail,skip,skip,pass,fail,mcp-server-card-json,,14,0.2.0-draft,2026-08-04
kunstudio.workers.dev,1,0,Absent,,error,fail,fail,error,skip,skip,skip,fail,fail,,,6,0.2.0-draft,2026-08-04
kurdishtts.com,1,15,Text-only,,fail,fail,fail,fail,skip,skip,skip,pass,pass,,,28,0.2.0-draft,2026-08-04
kvasir.legal,1,50,Discoverable,,fail,fail,fail,pass,skip,skip,skip,pass,pass,,,13,0.2.0-draft,2026-08-04
kwant.sh,1,15,Text-only,,fail,fail,fail,fail,skip,skip,skip,pass,pass,,,14,0.2.0-draft,2026-08-04
kweenkl.com,1,35,Discoverable,,pass,fail,fail,fail,skip,skip,skip,fail,fail,mcp-json,,15,0.2.0-draft,2026-08-04
kynosure.ai,1,0,Absent,,fail,fail,fail,fail,skip,skip,skip,fail,fail,,,38,0.2.0-draft,2026-08-04
kynth.studio,1,80,Connectable,,fail,fail,pass,fail,pass,fail,skip,pass,fail,,modern,22,0.2.0-draft,2026-08-04
l0g.fr,1,80,Connectable,,fail,fail,pass,fail,pass,fail,skip,pass,fail,,legacy,20,0.2.0-draft,2026-08-04
l1979.ru,1,0,Absent,,error,fail,fail,error,skip,skip,skip,fail,fail,,,3,0.2.0-draft,2026-08-04
la-palma24.net,1,45,Discoverable,,pass,fail,fail,fail,skip,skip,skip,pass,fail,mcp-json,,29,0.2.0-draft,2026-08-04
labelchop.com,1,10,Text-only,,fail,fail,fail,fail,skip,skip,skip,pass,fail,,,13,0.2.0-draft,2026-08-04
labelhead-mcp-public-production.up.railway.app,1,0,Absent,,fail,fail,fail,fail,skip,skip,skip,fail,fail,,,27,0.2.0-draft,2026-08-04
labfolio.org,1,0,Absent,,fail,fail,fail,fail,skip,skip,skip,fail,fail,,,17,0.2.0-draft,2026-08-04
labnotes.org,1,10,Text-only,,fail,fail,fail,fail,skip,skip,skip,pass,fail,,,17,0.2.0-draft,2026-08-04
labor-trends-mcp.vercel.app,1,0,Absent,,fail,fail,fail,fail,skip,skip,skip,fail,fail,,,27,0.2.0-draft,2026-08-04
labsaps-d35810f00db3.herokuapp.com,1,0,Absent,,fail,fail,fail,fail,skip,skip,skip,fail,fail,,,14,0.2.0-draft,2026-08-04
lad.lviv.ua,1,80,Connectable,,pass,fail,pass,fail,pass,fail,skip,pass,fail,mcp-server-card-json,legacy,21,0.2.0-draft,2026-08-04
ladderflow.ai,1,85,Connectable,,fail,fail,pass,pass,pass,fail,skip,pass,pass,,modern,20,0.2.0-draft,2026-08-04
laddro.com,1,10,Text-only,,fail,fail,fail,fail,skip,skip,skip,pass,fail,,,28,0.2.0-draft,2026-08-04
laei.ro,1,10,Text-only,,fail,fail,fail,fail,skip,skip,skip,pass,fail,,,13,0.2.0-draft,2026-08-04
laguna-pools.ru,1,0,Absent,,fail,fail,fail,fail,skip,skip,skip,fail,fail,,,19,0.2.0-draft,2026-08-04
lahend.ee,1,45,Discoverable,,pass,fail,fail,fail,skip,skip,skip,pass,fail,mcp-server-card-json,,13,0.2.0-draft,2026-08-04
laibniz-scholarfetch-web.hf.space,1,20,Text-only,,fail,fail,pass,fail,fail,skip,skip,fail,fail,,,31,0.2.0-draft,2026-08-04
lakpura.com,1,50,Discoverable,,fail,fail,fail,pass,skip,skip,skip,pass,pass,,,17,0.2.0-draft,2026-08-04
lambdatest.com,1,0,Absent,,fail,fail,fail,fail,skip,skip,skip,fail,fail,,,28,0.2.0-draft,2026-08-04
lance.app,1,10,Text-only,,fail,fail,fail,fail,skip,skip,skip,pass,fail,,,26,0.2.0-draft,2026-08-04
landed.jobs,1,85,Connectable,,fail,fail,pass,fail,pass,fail,skip,pass,pass,,legacy,34,0.2.0-draft,2026-08-04
landingconnect.com,1,10,Text-only,,fail,fail,fail,fail,skip,skip,skip,pass,fail,,,17,0.2.0-draft,2026-08-04
language-detector-x402-production.up.railway.app,1,0,Absent,,fail,fail,fail,fail,skip,skip,skip,fail,fail,,,27,0.2.0-draft,2026-08-04
lanlan.site,1,10,Text-only,,fail,fail,fail,fail,skip,skip,skip,pass,fail,,,17,0.2.0-draft,2026-08-04
lantangtang54.workers.dev,1,0,Absent,,error,fail,fail,error,skip,skip,skip,fail,fail,,,6,0.2.0-draft,2026-08-04
larabench.com,1,100,Agent-ready,,pass,fail,pass,fail,pass,pass,pass,pass,pass,mcp-json,legacy,22,0.2.0-draft,2026-08-04
larabi.fr,1,0,Absent,,fail,fail,fail,fail,skip,skip,skip,fail,fail,,,14,0.2.0-draft,2026-08-04
laraplugins.io,1,45,Discoverable,,pass,fail,fail,fail,skip,skip,skip,pass,fail,mcp-server-card-json,,14,0.2.0-draft,2026-08-04
larklaon.chatgpt.site,1,0,Absent,,fail,fail,fail,fail,skip,skip,skip,fail,fail,,,17,0.2.0-draft,2026-08-04
laspi.pro,1,15,Text-only,,fail,fail,fail,fail,skip,skip,skip,pass,pass,,,14,0.2.0-draft,2026-08-04
lassare.com,1,80,Connectable,,fail,fail,pass,fail,pass,fail,skip,pass,fail,,modern,27,0.2.0-draft,2026-08-04
lassotech.com,1,0,Absent,,fail,fail,fail,fail,skip,skip,skip,fail,fail,,,23,0.2.0-draft,2026-08-04
lastlookdata.com,1,15,Text-only,,fail,fail,fail,fail,skip,skip,skip,pass,pass,,,17,0.2.0-draft,2026-08-04
lastminutedealshq.com,1,0,Absent,,error,fail,fail,error,skip,skip,skip,fail,fail,,,3,0.2.0-draft,2026-08-04
latamref.dev,1,10,Text-only,,fail,fail,fail,fail,skip,skip,skip,pass,fail,,,15,0.2.0-draft,2026-08-04
latchshot.fly.dev,1,80,Connectable,,pass,fail,pass,fail,pass,fail,skip,pass,fail,ai-catalog,modern,17,0.2.0-draft,2026-08-04
latex-tools.online,1,50,Discoverable,,pass,fail,fail,fail,skip,skip,skip,pass,pass,mcp-json,,14,0.2.0-draft,2026-08-04
latlng.work,1,0,Absent,,fail,fail,fail,fail,skip,skip,skip,fail,fail,,,27,0.2.0-draft,2026-08-04
lattiq.ai,1,0,Absent,,error,fail,fail,error,skip,skip,skip,fail,fail,,,27,0.2.0-draft,2026-08-04
lattis.dev,1,0,Absent,,fail,fail,fail,fail,skip,skip,skip,fail,fail,,,17,0.2.0-draft,2026-08-04
launchchair.io,1,15,Text-only,,fail,fail,fail,fail,skip,skip,skip,pass,pass,,,25,0.2.0-draft,2026-08-04
launchtrust.co,1,85,Connectable,,fail,fail,pass,fail,pass,pass,pass,fail,fail,,legacy,22,0.2.0-draft,2026-08-04
law.ai,1,10,Text-only,,fail,fail,fail,fail,skip,skip,skip,pass,fail,,,15,0.2.0-draft,2026-08-04
lawmadi-os-v60-938146962157.asia-northeast3.run.app,1,10,Text-only,,fail,fail,fail,fail,skip,skip,skip,pass,fail,,,27,0.2.0-draft,2026-08-04
lawmadi.com,1,100,Agent-ready,,pass,fail,fail,fail,pass,pass,pass,pass,pass,mcp-json,legacy,17,0.2.0-draft,2026-08-04
lawstronaut.com,1,0,Absent,,fail,fail,fail,fail,skip,skip,skip,fail,fail,,,17,0.2.0-draft,2026-08-04
lawyerd.net,1,85,Connectable,,fail,fail,pass,fail,pass,fail,skip,pass,pass,,legacy,21,0.2.0-draft,2026-08-04
laxis.tech,1,0,Absent,,fail,fail,fail,fail,skip,skip,skip,fail,fail,,,14,0.2.0-draft,2026-08-04
layercall.com,1,10,Text-only,,fail,fail,fail,fail,skip,skip,skip,pass,fail,,,13,0.2.0-draft,2026-08-04
layero.ru,1,10,Text-only,,fail,fail,fail,fail,skip,skip,skip,pass,fail,,,16,0.2.0-draft,2026-08-04
layerz.cc,1,45,Discoverable,,fail,fail,fail,pass,skip,skip,skip,pass,fail,,,25,0.2.0-draft,2026-08-04
layupsport.com,1,85,Connectable,,fail,fail,pass,fail,pass,pass,pass,fail,fail,,legacy,33,0.2.0-draft,2026-08-04
layven.io,1,85,Connectable,,fail,fail,pass,pass,pass,fail,skip,pass,pass,,modern,20,0.2.0-draft,2026-08-04
lazaretto.dev,1,85,Connectable,,fail,fail,pass,fail,pass,pass,pass,fail,fail,,legacy,19,0.2.0-draft,2026-08-04
le-teen.com,1,15,Text-only,,fail,fail,fail,fail,skip,skip,skip,pass,pass,,,14,0.2.0-draft,2026-08-04
lead-stampede-mcp-server-production.up.railway.app,1,0,Absent,,fail,fail,fail,fail,skip,skip,skip,fail,fail,,,27,0.2.0-draft,2026-08-04
lead411.com,1,10,Text-only,,fail,fail,fail,fail,skip,skip,skip,pass,fail,,,30,0.2.0-draft,2026-08-04
leadbay.app,1,0,Absent,,fail,fail,fail,fail,skip,skip,skip,fail,fail,,,17,0.2.0-draft,2026-08-04
leaddelta.com,1,10,Text-only,,fail,fail,fail,fail,skip,skip,skip,pass,fail,,,17,0.2.0-draft,2026-08-04
leaderra.ai,1,15,Text-only,,fail,fail,fail,fail,skip,skip,skip,pass,pass,,,13,0.2.0-draft,2026-08-04
leadfoxconnect.com,1,10,Text-only,,fail,fail,fail,fail,skip,skip,skip,pass,fail,,,14,0.2.0-draft,2026-08-04
leadhoundapi.com,1,10,Text-only,,fail,fail,fail,fail,skip,skip,skip,pass,fail,,,15,0.2.0-draft,2026-08-04
leadmarina.com,1,85,Connectable,,pass,fail,pass,pass,pass,pass,pass,fail,fail,mcp-server-card-json,modern,18,0.2.0-draft,2026-08-04
leadsapp.com,1,10,Text-only,,fail,fail,fail,fail,skip,skip,skip,pass,fail,,,13,0.2.0-draft,2026-08-04
leagueloom.com,1,50,Discoverable,,fail,fail,fail,pass,skip,skip,skip,pass,pass,,,13,0.2.0-draft,2026-08-04
leagueofspin.com,1,15,Text-only,,fail,fail,fail,fail,skip,skip,skip,pass,pass,,,13,0.2.0-draft,2026-08-04
leap-labs.com,1,10,Text-only,,fail,fail,fail,fail,skip,skip,skip,pass,fail,,,27,0.2.0-draft,2026-08-04
leapmemory.com,1,85,Connectable,,fail,fail,pass,pass,pass,fail,skip,pass,pass,,modern,20,0.2.0-draft,2026-08-04
learnthat-mcp-3bqygzrtsa-uc.a.run.app,1,0,Absent,,fail,fail,fail,fail,skip,skip,skip,fail,fail,,,27,0.2.0-draft,2026-08-04
learnthedao.com,1,15,Text-only,,fail,fail,fail,fail,skip,skip,skip,pass,pass,,,21,0.2.0-draft,2026-08-04
learnwithagents.app,1,35,Discoverable,,fail,fail,fail,pass,skip,skip,skip,fail,fail,,,14,0.2.0-draft,2026-08-04
lebenslaufheld.de,1,0,Absent,,fail,fail,fail,fail,skip,skip,skip,fail,fail,,,13,0.2.0-draft,2026-08-04
lebonfoin-mcp-production.up.railway.app,1,0,Absent,,fail,fail,fail,fail,skip,skip,skip,fail,fail,,,27,0.2.0-draft,2026-08-04
ledgenter.com,1,15,Text-only,,fail,fail,fail,fail,skip,skip,skip,pass,pass,,,14,0.2.0-draft,2026-08-04
ledgerhq.pro,1,0,Absent,,skip,fail,fail,skip,skip,skip,skip,skip,fail,,,3,0.2.0-draft,2026-08-04
ledgerproofhq.io,1,15,Text-only,,fail,fail,fail,fail,skip,skip,skip,pass,pass,,,15,0.2.0-draft,2026-08-04
ledgy.app,1,15,Text-only,,fail,fail,fail,fail,skip,skip,skip,pass,pass,,,14,0.2.0-draft,2026-08-04
leeway.tech,1,10,Text-only,,fail,fail,fail,fail,skip,skip,skip,pass,fail,,,17,0.2.0-draft,2026-08-04
leewaystudio.com,1,0,Absent,,fail,fail,fail,fail,skip,skip,skip,fail,fail,,,17,0.2.0-draft,2026-08-04
legacy-migrator-mcp.vercel.app,1,0,Absent,,fail,fail,fail,fail,skip,skip,skip,fail,fail,,,27,0.2.0-draft,2026-08-04
legal-grounding-199120533535.europe-north2.run.app,1,0,Absent,,fail,fail,fail,fail,skip,skip,skip,fail,fail,,,51,0.2.0-draft,2026-08-04
legal-logic-fuzzer-mcp.vercel.app,1,0,Absent,,fail,fail,fail,fail,skip,skip,skip,fail,fail,,,27,0.2.0-draft,2026-08-04
legal-validator-mcp.vercel.app,1,0,Absent,,fail,fail,fail,fail,skip,skip,skip,fail,fail,,,27,0.2.0-draft,2026-08-04
legalaimcp.com,1,70,Connectable,,fail,fail,pass,fail,pass,fail,skip,fail,fail,,legacy,22,0.2.0-draft,2026-08-04
legaldatahunter.com,1,15,Text-only,,skip,fail,fail,skip,skip,skip,skip,pass,pass,,,11,0.2.0-draft,2026-08-04
legalfournier.com,1,45,Discoverable,,pass,fail,fail,fail,skip,skip,skip,pass,fail,mcp-server-card-json,,15,0.2.0-draft,2026-08-04
legendsoflearning.com,1,70,Connectable,,fail,fail,pass,fail,pass,fail,skip,fail,fail,,legacy,34,0.2.0-draft,2026-08-04
lemma.workers.dev,1,0,Absent,,error,fail,fail,error,skip,skip,skip,fail,fail,,,6,0.2.0-draft,2026-08-04
lemmebuyit.com,1,15,Text-only,,fail,fail,fail,fail,skip,skip,skip,pass,pass,,,29,0.2.0-draft,2026-08-04
lemonado.io,1,0,Absent,,fail,fail,fail,fail,skip,skip,skip,fail,fail,,,17,0.2.0-draft,2026-08-04
lenderprice.com,1,0,Absent,,fail,fail,fail,fail,skip,skip,skip,fail,fail,,,17,0.2.0-draft,2026-08-04
lenshub.ai,1,0,Absent,,fail,fail,fail,fail,skip,skip,skip,fail,fail,,,25,0.2.0-draft,2026-08-04
lenz.io,1,85,Connectable,,fail,fail,pass,pass,pass,fail,skip,pass,pass,,modern,18,0.2.0-draft,2026-08-04
leocelis.com,1,0,Absent,,fail,fail,fail,fail,skip,skip,skip,fail,fail,,,25,0.2.0-draft,2026-08-04
leor.cn,1,15,Text-only,,fail,fail,fail,fail,skip,skip,skip,pass,pass,,,15,0.2.0-draft,2026-08-04
letmediff.it,1,0,Absent,,fail,fail,fail,fail,skip,skip,skip,fail,fail,,,14,0.2.0-draft,2026-08-04
letsvibe.love,1,0,Absent,,fail,fail,fail,fail,skip,skip,skip,fail,fail,,,29,0.2.0-draft,2026-08-04
letta.com,1,10,Text-only,,fail,fail,fail,fail,skip,skip,skip,pass,fail,,,28,0.2.0-draft,2026-08-04
lexbase.pt,1,50,Discoverable,,pass,fail,fail,fail,skip,skip,skip,pass,pass,mcp-json,,13,0.2.0-draft,2026-08-04
lexguard-mcp.vercel.app,1,0,Absent,,fail,fail,fail,fail,skip,skip,skip,fail,fail,,,27,0.2.0-draft,2026-08-04
lexia-pro.workers.dev,1,0,Absent,,error,fail,fail,error,skip,skip,skip,fail,fail,,,6,0.2.0-draft,2026-08-04
lexsocket.ai,1,0,Absent,,error,fail,fail,error,skip,skip,skip,fail,fail,,,46,0.2.0-draft,2026-08-04
lexvector.eu,1,0,Absent,,fail,fail,fail,fail,skip,skip,skip,fail,fail,,,23,0.2.0-draft,2026-08-04
lianban.net,1,100,Agent-ready,,fail,fail,pass,fail,pass,pass,pass,pass,pass,,legacy,19,0.2.0-draft,2026-08-04
liberated.site,1,45,Discoverable,,pass,fail,fail,fail,fail,skip,skip,pass,fail,ai-catalog,,17,0.2.0-draft,2026-08-04
liberdade.sampa.br,1,100,Agent-ready,,pass,fail,pass,fail,pass,pass,pass,pass,pass,mcp-json,legacy,21,0.2.0-draft,2026-08-04
libers.ai,1,45,Discoverable,,fail,fail,fail,pass,skip,skip,skip,pass,fail,,,10,0.2.0-draft,2026-08-04
librarymcp.vercel.app,1,0,Absent,,fail,fail,fail,fail,skip,skip,skip,fail,fail,,,27,0.2.0-draft,2026-08-04
librejustice.fr,1,50,Discoverable,,fail,fail,fail,pass,skip,skip,skip,pass,pass,,,14,0.2.0-draft,2026-08-04
licensy.ai,1,10,Text-only,,fail,fail,fail,fail,skip,skip,skip,pass,fail,,,30,0.2.0-draft,2026-08-04
licium.ai,1,45,Discoverable,,pass,fail,fail,fail,fail,skip,skip,pass,fail,ai-catalog,,31,0.2.0-draft,2026-08-04
liedetectortest.com,1,0,Absent,,fail,fail,fail,fail,skip,skip,skip,fail,fail,,,22,0.2.0-draft,2026-08-04
liepin.com,1,0,Absent,,fail,fail,fail,fail,skip,skip,skip,fail,fail,,,32,0.2.0-draft,2026-08-04
lifeisagame.ai,1,5,Text-only,,fail,fail,fail,fail,skip,skip,skip,fail,pass,,,15,0.2.0-draft,2026-08-04
lifelongedge.com,1,100,Agent-ready,,fail,fail,pass,fail,pass,pass,pass,pass,pass,,legacy,19,0.2.0-draft,2026-08-04
lifescored.com,1,95,Agent-ready,,fail,fail,pass,fail,pass,pass,pass,pass,fail,,legacy,19,0.2.0-draft,2026-08-04
liftli-strategist-mcp.onrender.com,1,35,Discoverable,,fail,fail,fail,pass,skip,skip,skip,fail,fail,,,27,0.2.0-draft,2026-08-04
liftmcp.com,1,80,Connectable,,pass,fail,fail,pass,pass,fail,skip,pass,fail,mcp-json|mcp-server-card-json,legacy,20,0.2.0-draft,2026-08-04
lightbringer.com,1,15,Text-only,,fail,fail,fail,fail,skip,skip,skip,pass,pass,,,16,0.2.0-draft,2026-08-04
lightgen.app,1,45,Discoverable,,fail,fail,fail,pass,skip,skip,skip,pass,fail,,,17,0.2.0-draft,2026-08-04
lightpaper.org,1,50,Discoverable,,pass,fail,fail,fail,skip,skip,skip,pass,pass,mcp-server-card-json,,14,0.2.0-draft,2026-08-04
lightres.com,1,0,Absent,,fail,fail,fail,fail,skip,skip,skip,fail,fail,,,27,0.2.0-draft,2026-08-04
lightsyncpro.com,1,45,Discoverable,,fail,fail,fail,pass,skip,skip,skip,pass,fail,,,18,0.2.0-draft,2026-08-04
lighttune.com.au,1,0,Absent,,fail,fail,fail,fail,skip,skip,skip,fail,fail,,,14,0.2.0-draft,2026-08-04
lightyear.build,1,85,Connectable,,fail,fail,pass,fail,pass,pass,pass,fail,fail,,legacy,24,0.2.0-draft,2026-08-04
likarika.se,1,45,Discoverable,,pass,fail,fail,fail,skip,skip,skip,pass,fail,mcp-server-card-json,,16,0.2.0-draft,2026-08-04
lilaonthegrid.com,1,0,Absent,,error,fail,fail,error,skip,skip,skip,fail,fail,,,26,0.2.0-draft,2026-08-04
lilo.property,1,0,Absent,,fail,fail,fail,fail,skip,skip,skip,fail,fail,,,17,0.2.0-draft,2026-08-04
limeflight.com,1,0,Absent,,fail,fail,fail,fail,skip,skip,skip,fail,fail,,,22,0.2.0-draft,2026-08-04
liminary.io,1,0,Absent,,fail,fail,fail,fail,skip,skip,skip,fail,fail,,,15,0.2.0-draft,2026-08-04
limitguard.ai,1,5,Text-only,,fail,fail,fail,fail,skip,skip,skip,fail,pass,,,19,0.2.0-draft,2026-08-04
limner.us,1,0,Absent,,error,fail,fail,error,skip,skip,skip,fail,fail,,,5,0.2.0-draft,2026-08-04
limzo.com,1,10,Text-only,,fail,fail,fail,fail,skip,skip,skip,pass,fail,,,13,0.2.0-draft,2026-08-04
linatora.com,1,50,Discoverable,,pass,fail,fail,fail,skip,skip,skip,pass,pass,mcp-json|mcp-server-card-json,,15,0.2.0-draft,2026-08-04
lindo.ai,1,80,Connectable,,pass,fail,pass,pass,pass,fail,skip,pass,fail,mcp-server-card-json,modern,23,0.2.0-draft,2026-08-04
linear-broker-mcp.vercel.app,1,0,Absent,,fail,fail,fail,fail,skip,skip,skip,fail,fail,,,27,0.2.0-draft,2026-08-04
linear.app,1,10,Text-only,,fail,fail,fail,fail,skip,skip,skip,pass,fail,,,15,0.2.0-draft,2026-08-04
lingo.dev,1,15,Text-only,,fail,fail,fail,fail,skip,skip,skip,pass,pass,,,26,0.2.0-draft,2026-08-04
linkbreakers.com,1,10,Text-only,,fail,fail,fail,fail,skip,skip,skip,pass,fail,,,17,0.2.0-draft,2026-08-04
linkdeal.ai,1,70,Connectable,,pass,fail,fail,fail,pass,fail,skip,fail,fail,mcp-json,modern,34,0.2.0-draft,2026-08-04
linkedmash.com,1,80,Connectable,,pass,fail,pass,fail,pass,fail,skip,pass,fail,mcp-json,legacy,36,0.2.0-draft,2026-08-04
linkguard.ai,1,5,Text-only,,fail,fail,fail,fail,skip,skip,skip,fail,pass,,,13,0.2.0-draft,2026-08-04
linklist.io,1,80,Connectable,,fail,fail,pass,fail,pass,fail,skip,pass,fail,,modern,18,0.2.0-draft,2026-08-04
linklore.io,1,10,Text-only,,fail,fail,fail,fail,skip,skip,skip,pass,fail,,,15,0.2.0-draft,2026-08-04
linklyhq.com,1,10,Text-only,,fail,fail,fail,fail,skip,skip,skip,pass,fail,,,18,0.2.0-draft,2026-08-04
linkmcp.io,1,50,Discoverable,,pass,fail,fail,pass,fail,skip,skip,pass,pass,mcp-server-card-json,,27,0.2.0-draft,2026-08-04
linkpulse-neon.vercel.app,1,45,Discoverable,,pass,fail,fail,fail,skip,skip,skip,pass,fail,mcp-json,,28,0.2.0-draft,2026-08-04
linkup.so,1,10,Text-only,,fail,fail,fail,fail,skip,skip,skip,pass,fail,,,26,0.2.0-draft,2026-08-04
linxule.workers.dev,1,0,Absent,,error,fail,fail,error,skip,skip,skip,fail,fail,,,6,0.2.0-draft,2026-08-04
lionmaster-operations.workers.dev,1,0,Absent,,error,fail,fail,error,skip,skip,skip,fail,fail,,,6,0.2.0-draft,2026-08-04
lionx402.com,1,15,Text-only,,fail,fail,fail,fail,skip,skip,skip,pass,pass,,,14,0.2.0-draft,2026-08-04
liqaa.io,1,15,Text-only,,fail,fail,fail,fail,skip,skip,skip,pass,pass,,,16,0.2.0-draft,2026-08-04
liquidation-oracle-x402-production.up.railway.app,1,0,Absent,,fail,fail,fail,fail,skip,skip,skip,fail,fail,,,27,0.2.0-draft,2026-08-04
liquilens.in,1,15,Text-only,,fail,fail,fail,fail,skip,skip,skip,pass,pass,,,15,0.2.0-draft,2026-08-04
listentosadhu.app,1,0,Absent,,fail,fail,fail,fail,skip,skip,skip,fail,fail,,,16,0.2.0-draft,2026-08-04
lithtrix.ai,1,10,Text-only,,fail,fail,fail,fail,skip,skip,skip,pass,fail,,,15,0.2.0-draft,2026-08-04
lity.club,1,0,Absent,,fail,fail,fail,fail,skip,skip,skip,fail,fail,,,27,0.2.0-draft,2026-08-04
liveability.jp,1,35,Discoverable,,pass,fail,fail,fail,skip,skip,skip,fail,fail,mcp-server-card-json,,14,0.2.0-draft,2026-08-04
livebustimes.org,1,15,Text-only,,fail,fail,fail,fail,skip,skip,skip,pass,pass,,,10,0.2.0-draft,2026-08-04
livedatalink.ai,1,85,Connectable,,pass,fail,fail,fail,pass,fail,skip,pass,pass,mcp-server-card-json,legacy,18,0.2.0-draft,2026-08-04
livetennisapi.com,1,85,Connectable,,fail,fail,pass,fail,pass,fail,skip,pass,pass,,legacy,33,0.2.0-draft,2026-08-04
livetraintimes.org,1,15,Text-only,,fail,fail,fail,fail,skip,skip,skip,pass,pass,,,10,0.2.0-draft,2026-08-04
livingmeta.ai,1,15,Text-only,,fail,fail,fail,fail,skip,skip,skip,pass,pass,,,14,0.2.0-draft,2026-08-04
livtakt.app,1,35,Discoverable,,fail,fail,fail,pass,skip,skip,skip,fail,fail,,,27,0.2.0-draft,2026-08-04
llamanotes.ai,1,80,Connectable,,fail,fail,pass,pass,pass,fail,skip,pass,fail,,modern,21,0.2.0-draft,2026-08-04
llm-bus.com,1,35,Discoverable,,fail,fail,fail,pass,skip,skip,skip,fail,fail,,,16,0.2.0-draft,2026-08-04
llmabacus.com,1,15,Text-only,,fail,fail,fail,fail,skip,skip,skip,pass,pass,,,27,0.2.0-draft,2026-08-04
llmemory.xyz,1,35,Discoverable,,fail,fail,pass,fail,fail,skip,skip,pass,pass,,,22,0.2.0-draft,2026-08-04
llmhosting.ai,1,85,Connectable,,fail,fail,pass,fail,pass,fail,skip,pass,pass,,legacy,19,0.2.0-draft,2026-08-04
llmintel.ai,1,35,Discoverable,,pass,fail,fail,fail,skip,skip,skip,fail,fail,mcp-server-card-json,,13,0.2.0-draft,2026-08-04
llmlatency.dev,1,100,Agent-ready,,pass,fail,pass,fail,pass,pass,pass,pass,pass,mcp-server-card-json,legacy,19,0.2.0-draft,2026-08-04
llmotions.com,1,5,Text-only,,fail,fail,fail,fail,skip,skip,skip,fail,pass,,,14,0.2.0-draft,2026-08-04
llmpulse.ai,1,45,Discoverable,,pass,fail,fail,pass,fail,skip,skip,pass,fail,ai-catalog,,14,0.2.0-draft,2026-08-04
llmref.org,1,5,Text-only,,fail,fail,fail,fail,skip,skip,skip,fail,pass,,,15,0.2.0-draft,2026-08-04
llmse.ai,1,15,Text-only,,fail,fail,fail,fail,skip,skip,skip,pass,pass,,,14,0.2.0-draft,2026-08-04
llmsmap.me,1,15,Text-only,,fail,fail,fail,fail,skip,skip,skip,pass,pass,,,14,0.2.0-draft,2026-08-04
lmgram.com,1,45,Discoverable,,pass,fail,fail,fail,fail,skip,skip,pass,fail,ai-catalog,,18,0.2.0-draft,2026-08-04
lmk.today,1,15,Text-only,,fail,fail,fail,fail,skip,skip,skip,pass,pass,,,15,0.2.0-draft,2026-08-04
lmxcloud.io,1,0,Absent,,fail,fail,fail,fail,skip,skip,skip,fail,fail,,,30,0.2.0-draft,2026-08-04
lnk.bio,1,15,Text-only,,fail,fail,fail,fail,skip,skip,skip,pass,pass,,,24,0.2.0-draft,2026-08-04
loacare.com,1,50,Discoverable,,pass,fail,fail,pass,skip,skip,skip,pass,pass,mcp-json,,26,0.2.0-draft,2026-08-04
loadbay.xyz,1,85,Connectable,,fail,fail,pass,fail,pass,fail,skip,pass,pass,,legacy,23,0.2.0-draft,2026-08-04
loadingmcp.com,1,15,Text-only,,fail,fail,fail,fail,skip,skip,skip,pass,pass,,,16,0.2.0-draft,2026-08-04
lobbyvoices.com,1,45,Discoverable,,pass,fail,fail,fail,fail,skip,skip,pass,fail,mcp-json,,14,0.2.0-draft,2026-08-04
lobu.ai,1,45,Discoverable,,pass,fail,fail,pass,skip,skip,skip,pass,fail,mcp-server-card-json,,15,0.2.0-draft,2026-08-04
loc8n.com,1,0,Absent,,error,fail,fail,error,skip,skip,skip,fail,fail,,,3,0.2.0-draft,2026-08-04
local-mcp.com,1,45,Discoverable,,pass,fail,fail,pass,skip,skip,skip,pass,fail,mcp-json|mcp-server-card-json,,18,0.2.0-draft,2026-08-04
local-model-suitability-mcp-production.up.railway.app,1,35,Discoverable,,pass,fail,fail,fail,skip,skip,skip,fail,fail,mcp-server-card-json,,27,0.2.0-draft,2026-08-04
localgov.jp,1,15,Text-only,,fail,fail,fail,fail,skip,skip,skip,pass,pass,,,14,0.2.0-draft,2026-08-04
localize.io,1,0,Absent,,fail,fail,fail,fail,skip,skip,skip,fail,fail,,,14,0.2.0-draft,2026-08-04
localkiagent.com,1,0,Absent,,fail,fail,fail,fail,skip,skip,skip,fail,fail,,,35,0.2.0-draft,2026-08-04
localpro.dev,1,0,Absent,,fail,fail,fail,fail,skip,skip,skip,fail,fail,,,16,0.2.0-draft,2026-08-04
locationledger.com,1,10,Text-only,,fail,fail,fail,fail,skip,skip,skip,pass,fail,,,14,0.2.0-draft,2026-08-04
locize.app,1,70,Connectable,,fail,fail,pass,pass,pass,fail,skip,fail,fail,,modern,21,0.2.0-draft,2026-08-04
lockally.com,1,5,Text-only,,fail,fail,fail,fail,skip,skip,skip,fail,pass,,,17,0.2.0-draft,2026-08-04
lockinplanner.com,1,0,Absent,,fail,fail,fail,fail,skip,skip,skip,fail,fail,,,14,0.2.0-draft,2026-08-04
lodekeep.com,1,50,Discoverable,,pass,fail,fail,pass,skip,skip,skip,pass,pass,mcp-server-card-json,,13,0.2.0-draft,2026-08-04
lodgedeck.vercel.app,1,15,Text-only,,fail,fail,fail,fail,skip,skip,skip,pass,pass,,,27,0.2.0-draft,2026-08-04
lodikidsactivities.com,1,45,Discoverable,,pass,fail,fail,pass,fail,skip,skip,pass,fail,mcp-server-card-json,,17,0.2.0-draft,2026-08-04
logicnodes.io,1,5,Text-only,,fail,fail,fail,fail,skip,skip,skip,fail,pass,,,19,0.2.0-draft,2026-08-04
logisticflow-mcp.vercel.app,1,0,Absent,,fail,fail,fail,fail,skip,skip,skip,fail,fail,,,27,0.2.0-draft,2026-08-04
logobaker.pro,1,15,Text-only,,fail,fail,fail,fail,skip,skip,skip,pass,pass,,,15,0.2.0-draft,2026-08-04
logokit.com,1,10,Text-only,,fail,fail,fail,fail,skip,skip,skip,pass,fail,,,14,0.2.0-draft,2026-08-04
logoscout-mcp.vercel.app,1,0,Absent,,fail,fail,fail,fail,skip,skip,skip,fail,fail,,,27,0.2.0-draft,2026-08-04
logospell.com,1,45,Discoverable,,pass,fail,fail,fail,skip,skip,skip,pass,fail,mcp-server-card-json,,17,0.2.0-draft,2026-08-04
logsentinel-mcp.vercel.app,1,0,Absent,,fail,fail,fail,fail,skip,skip,skip,fail,fail,,,27,0.2.0-draft,2026-08-04
lolipop.jp,1,5,Text-only,,fail,fail,fail,fail,skip,skip,skip,fail,pass,,,31,0.2.0-draft,2026-08-04
lona.agency,1,15,Text-only,,fail,fail,fail,fail,skip,skip,skip,pass,pass,,,32,0.2.0-draft,2026-08-04
lonestaroracle.xyz,1,85,Connectable,,fail,fail,pass,fail,pass,fail,skip,pass,pass,,legacy,22,0.2.0-draft,2026-08-04
longbridge.com,1,10,Text-only,,fail,fail,fail,fail,skip,skip,skip,pass,fail,,,20,0.2.0-draft,2026-08-04
longwatch.dev,1,80,Connectable,,fail,fail,pass,fail,pass,fail,skip,pass,fail,,legacy,19,0.2.0-draft,2026-08-04
loop-mcp-production-13cf.up.railway.app,1,0,Absent,,fail,fail,fail,fail,skip,skip,skip,fail,fail,,,27,0.2.0-draft,2026-08-04
loopgolf.co,1,0,Absent,,fail,fail,fail,fail,skip,skip,skip,fail,fail,,,43,0.2.0-draft,2026-08-04
looptool.dev,1,5,Text-only,,fail,fail,fail,fail,skip,skip,skip,fail,pass,,,19,0.2.0-draft,2026-08-04
loopwise.com,1,0,Absent,,fail,fail,fail,fail,skip,skip,skip,fail,fail,,,17,0.2.0-draft,2026-08-04
loopxxi.com,1,10,Text-only,,fail,fail,fail,fail,skip,skip,skip,pass,fail,,,17,0.2.0-draft,2026-08-04
loppee.com,1,85,Connectable,,fail,fail,pass,fail,pass,fail,skip,pass,pass,,legacy,19,0.2.0-draft,2026-08-04
lorem-ipsum-production-efa3.up.railway.app,1,0,Absent,,fail,fail,fail,fail,skip,skip,skip,fail,fail,,,27,0.2.0-draft,2026-08-04
lorem-ipsum-x402-production.up.railway.app,1,0,Absent,,fail,fail,fail,fail,skip,skip,skip,fail,fail,,,27,0.2.0-draft,2026-08-04
lorensaisolutions.com,1,0,Absent,,fail,fail,fail,fail,skip,skip,skip,fail,fail,,,14,0.2.0-draft,2026-08-04
lorg.ai,1,15,Text-only,,fail,fail,fail,fail,skip,skip,skip,pass,pass,,,28,0.2.0-draft,2026-08-04
lovable.dev,1,85,Connectable,,fail,fail,pass,pass,pass,fail,skip,pass,pass,,modern,22,0.2.0-draft,2026-08-04
loveoracle.app,1,15,Text-only,,fail,fail,fail,fail,skip,skip,skip,pass,pass,,,28,0.2.0-draft,2026-08-04
lovie.co,1,50,Discoverable,,pass,fail,fail,pass,fail,skip,skip,pass,pass,mcp-server-card-json,,40,0.2.0-draft,2026-08-04
lowtoxgear.com,1,45,Discoverable,,fail,fail,fail,pass,skip,skip,skip,pass,fail,,,16,0.2.0-draft,2026-08-04
lowvyn.com,1,15,Text-only,,fail,fail,fail,fail,skip,skip,skip,pass,pass,,,14,0.2.0-draft,2026-08-04
loxoneai.com,1,0,Absent,,fail,fail,fail,fail,skip,skip,skip,fail,fail,,,13,0.2.0-draft,2026-08-04
loyaltyvip.com,1,85,Connectable,,pass,fail,fail,pass,pass,pass,fail,pass,pass,mcp-bare|mcp-server-card-json,legacy,17,0.2.0-draft,2026-08-04
lqwdclaw.bot,1,5,Text-only,,fail,fail,fail,fail,skip,skip,skip,fail,pass,,,16,0.2.0-draft,2026-08-04
lrlabs.ai,1,50,Discoverable,,pass,fail,fail,fail,fail,skip,skip,pass,pass,mcp-json,,16,0.2.0-draft,2026-08-04
lrqkraglvppygtmwwsie.supabase.co,1,0,Absent,,fail,fail,fail,fail,skip,skip,skip,fail,fail,,,14,0.2.0-draft,2026-08-04
lsadecrypt.online,1,45,Discoverable,,pass,fail,fail,fail,fail,skip,skip,pass,fail,mcp-server-card-json,,18,0.2.0-draft,2026-08-04
lsoatzzwpltpydwyfqqv.supabase.co,1,0,Absent,,fail,fail,fail,fail,skip,skip,skip,fail,fail,,,14,0.2.0-draft,2026-08-04
lucasandersen.ai,1,80,Connectable,,fail,fail,pass,fail,pass,pass,fail,pass,fail,,legacy,21,0.2.0-draft,2026-08-04
lucid.app,0,,,skipped_by_robots,skip,fail,skip,skip,skip,skip,skip,skip,fail,,,3,0.2.0-draft,2026-08-04
lucidnest.io,1,85,Connectable,,fail,fail,pass,fail,pass,fail,skip,pass,pass,,modern,30,0.2.0-draft,2026-08-04
luckmeai.com,1,0,Absent,,skip,fail,fail,skip,skip,skip,skip,fail,fail,,,11,0.2.0-draft,2026-08-04
ludo.ai,1,0,Absent,,fail,fail,fail,fail,skip,skip,skip,fail,fail,,,17,0.2.0-draft,2026-08-04
lukija.app,1,45,Discoverable,,pass,fail,fail,pass,skip,skip,skip,pass,fail,mcp-server-card-json,,17,0.2.0-draft,2026-08-04
lumabill.ch,1,15,Text-only,,fail,fail,fail,fail,skip,skip,skip,pass,pass,,,16,0.2.0-draft,2026-08-04
lume.living,1,5,Text-only,,fail,fail,fail,fail,skip,skip,skip,fail,pass,,,16,0.2.0-draft,2026-08-04
lumethic.com,1,10,Text-only,,fail,fail,fail,fail,skip,skip,skip,pass,fail,,,29,0.2.0-draft,2026-08-04
lumify.ai,1,15,Text-only,,fail,fail,fail,fail,skip,skip,skip,pass,pass,,,13,0.2.0-draft,2026-08-04
lumind.io,1,15,Text-only,,fail,fail,fail,fail,skip,skip,skip,pass,pass,,,15,0.2.0-draft,2026-08-04
luneresearch.com,1,15,Text-only,,fail,fail,fail,fail,skip,skip,skip,pass,pass,,,15,0.2.0-draft,2026-08-04
luniumpay.com,1,80,Connectable,,fail,fail,pass,fail,pass,fail,skip,pass,fail,,legacy,21,0.2.0-draft,2026-08-04
lunoo.com,1,100,Agent-ready,,fail,fail,pass,fail,pass,pass,pass,pass,pass,,legacy,31,0.2.0-draft,2026-08-04
lusha.com,1,5,Text-only,,fail,fail,fail,fail,skip,skip,skip,fail,pass,,,18,0.2.0-draft,2026-08-04
lusrodri.workers.dev,1,0,Absent,,error,fail,fail,error,skip,skip,skip,fail,fail,,,6,0.2.0-draft,2026-08-04
luthersystems.com,1,0,Absent,,fail,fail,fail,fail,skip,skip,skip,fail,fail,,,27,0.2.0-draft,2026-08-04
lutolearn.com,1,0,Absent,,error,fail,fail,error,skip,skip,skip,fail,fail,,,3,0.2.0-draft,2026-08-04
luviner.com,1,0,Absent,,fail,fail,fail,fail,skip,skip,skip,fail,fail,,,16,0.2.0-draft,2026-08-04
luxembourg-mcp.com,1,80,Connectable,,fail,fail,pass,fail,pass,fail,skip,pass,fail,,legacy,22,0.2.0-draft,2026-08-04
luzia.dev,1,50,Discoverable,,pass,fail,fail,fail,skip,skip,skip,pass,pass,mcp-server-card-json,,17,0.2.0-draft,2026-08-04
lvlupauto.com,1,50,Discoverable,,pass,fail,fail,pass,fail,skip,skip,pass,pass,mcp-json|mcp-server-card-json,,14,0.2.0-draft,2026-08-04
lyrenth.com,1,15,Text-only,,fail,fail,fail,fail,skip,skip,skip,pass,pass,,,26,0.2.0-draft,2026-08-04
m-kubriak.workers.dev,1,0,Absent,,error,fail,fail,error,skip,skip,skip,fail,fail,,,6,0.2.0-draft,2026-08-04
m-zikriz.workers.dev,1,0,Absent,,error,fail,fail,error,skip,skip,skip,fail,fail,,,6,0.2.0-draft,2026-08-04
m2ml.ai,1,5,Text-only,,fail,fail,fail,fail,skip,skip,skip,fail,pass,,,16,0.2.0-draft,2026-08-04
ma-workbench-api-303576587005.us-central1.run.app,1,35,Discoverable,,pass,fail,fail,pass,skip,skip,skip,fail,fail,mcp-server-card-json,,27,0.2.0-draft,2026-08-04
mabl.com,1,5,Text-only,,fail,fail,fail,fail,skip,skip,skip,fail,pass,,,29,0.2.0-draft,2026-08-04
macalculatriceenligne.com,1,85,Connectable,,fail,fail,pass,fail,pass,fail,skip,pass,pass,,legacy,19,0.2.0-draft,2026-08-04
macaroonnetwork.com,1,5,Text-only,,fail,fail,fail,fail,skip,skip,skip,fail,pass,,,15,0.2.0-draft,2026-08-04
macfax.com,1,85,Connectable,,pass,fail,pass,fail,pass,pass,fail,pass,pass,mcp-server-card-json,legacy,18,0.2.0-draft,2026-08-04
machfive.io,1,0,Absent,,fail,fail,fail,fail,skip,skip,skip,fail,fail,,,15,0.2.0-draft,2026-08-04
machinegrade.dev,1,0,Absent,,error,fail,fail,error,skip,skip,skip,fail,fail,,,4,0.2.0-draft,2026-08-04
machinesignal.it,1,80,Connectable,,pass,fail,pass,fail,pass,fail,skip,pass,fail,mcp-server-card-json,legacy,25,0.2.0-draft,2026-08-04
machins.co,1,45,Discoverable,,fail,pass,fail,fail,skip,skip,skip,pass,fail,,,16,0.2.0-draft,2026-08-04
machupicchu.org,1,0,Absent,,fail,fail,fail,fail,skip,skip,skip,fail,fail,,,16,0.2.0-draft,2026-08-04
madeinro.eu,1,0,Absent,,fail,fail,fail,fail,skip,skip,skip,fail,fail,,,14,0.2.0-draft,2026-08-04
madtaco.dev,1,95,Agent-ready,,fail,fail,pass,fail,pass,pass,pass,pass,fail,,legacy,21,0.2.0-draft,2026-08-04
maeil.cc,1,100,Agent-ready,,fail,fail,pass,fail,pass,pass,pass,pass,pass,,legacy,23,0.2.0-draft,2026-08-04
mafdet.ai,1,5,Text-only,,fail,fail,fail,fail,skip,skip,skip,fail,pass,,,19,0.2.0-draft,2026-08-04
magellandata.io,1,10,Text-only,,fail,fail,fail,fail,skip,skip,skip,pass,fail,,,15,0.2.0-draft,2026-08-04
maggiegeller.com,1,95,Agent-ready,,pass,fail,pass,pass,pass,pass,pass,pass,fail,mcp-server-card-json,legacy,35,0.2.0-draft,2026-08-04
magicinsights.ai,1,15,Text-only,,fail,fail,fail,fail,skip,skip,skip,pass,pass,,,30,0.2.0-draft,2026-08-04
magicweave.xyz,1,5,Text-only,,fail,fail,fail,fail,skip,skip,skip,fail,pass,,,29,0.2.0-draft,2026-08-04
maguyva.ai,1,50,Discoverable,,pass,fail,fail,fail,skip,skip,skip,pass,pass,mcp-json,,15,0.2.0-draft,2026-08-04
maguyva.tools,1,75,Connectable,,fail,fail,pass,fail,pass,fail,skip,fail,pass,,modern,18,0.2.0-draft,2026-08-04
maha-os.com,1,75,Connectable,,fail,fail,pass,fail,pass,fail,skip,fail,pass,,modern,34,0.2.0-draft,2026-08-04
mahastrategies.com,1,10,Text-only,,fail,fail,fail,fail,skip,skip,skip,pass,fail,,,25,0.2.0-draft,2026-08-04
mailbox.bot,1,50,Discoverable,,pass,fail,fail,pass,fail,skip,skip,pass,pass,ai-catalog|mcp-json|mcp-bare|mcp-server-card-json,,20,0.2.0-draft,2026-08-04
mailbuttons.com,1,10,Text-only,,fail,fail,fail,fail,skip,skip,skip,pass,fail,,,13,0.2.0-draft,2026-08-04
mailfixture.com,1,45,Discoverable,,pass,fail,fail,fail,skip,skip,skip,pass,fail,mcp-server-card-json,,17,0.2.0-draft,2026-08-04
mailjunky.ai,1,0,Absent,,fail,fail,fail,fail,skip,skip,skip,fail,fail,,,16,0.2.0-draft,2026-08-04
mailkite.dev,1,80,Connectable,,fail,fail,pass,pass,pass,fail,skip,pass,fail,,modern,22,0.2.0-draft,2026-08-04
mailopoly.com,1,10,Text-only,,fail,fail,fail,fail,skip,skip,skip,pass,fail,,,32,0.2.0-draft,2026-08-04
mailrith.com,1,80,Connectable,,pass,fail,pass,pass,pass,fail,skip,pass,fail,mcp-json|mcp-server-card-json,legacy,21,0.2.0-draft,2026-08-04
mailstream.app,1,0,Absent,,fail,fail,fail,fail,skip,skip,skip,fail,fail,,,15,0.2.0-draft,2026-08-04
mailtempo.com,1,0,Absent,,fail,fail,fail,fail,skip,skip,skip,fail,fail,,,25,0.2.0-draft,2026-08-04
mailtrap.io,1,10,Text-only,,fail,fail,fail,fail,skip,skip,skip,pass,fail,,,16,0.2.0-draft,2026-08-04
mailverdict.dev,1,85,Connectable,,fail,fail,pass,fail,pass,pass,pass,fail,fail,,legacy,10,0.2.0-draft,2026-08-04
maindex.io,1,45,Discoverable,,pass,fail,fail,pass,skip,skip,skip,pass,fail,mcp-json,,15,0.2.0-draft,2026-08-04
mainline.dev,1,45,Discoverable,,pass,fail,fail,fail,fail,skip,skip,pass,fail,mcp-json,,19,0.2.0-draft,2026-08-04
make.com,1,80,Connectable,,fail,fail,pass,pass,pass,fail,skip,pass,fail,,modern,33,0.2.0-draft,2026-08-04
makefx.app,1,10,Text-only,,fail,fail,fail,fail,skip,skip,skip,pass,fail,,,13,0.2.0-draft,2026-08-04
makeitrun.ai,1,85,Connectable,,pass,fail,fail,pass,pass,fail,skip,pass,pass,mcp-json,modern,22,0.2.0-draft,2026-08-04
makemebetter-ai-backend-59998332584.asia-south1.run.app,1,35,Discoverable,,fail,fail,fail,pass,skip,skip,skip,fail,fail,,,27,0.2.0-draft,2026-08-04
makerreels.com,1,70,Connectable,,fail,fail,pass,fail,pass,fail,skip,fail,fail,,modern,18,0.2.0-draft,2026-08-04
makeup.land,1,50,Discoverable,,pass,fail,fail,pass,skip,skip,skip,pass,pass,mcp-json,,13,0.2.0-draft,2026-08-04
makometrics.com,1,35,Discoverable,,pass,fail,fail,fail,skip,skip,skip,fail,fail,mcp-server-card-json,,14,0.2.0-draft,2026-08-04
malgorath.com,1,5,Text-only,,fail,fail,fail,fail,skip,skip,skip,fail,pass,,,27,0.2.0-draft,2026-08-04
malwarepatrol.net,1,0,Absent,,fail,fail,fail,fail,skip,skip,skip,fail,fail,,,30,0.2.0-draft,2026-08-04
mambabuilt.com,1,0,Absent,,fail,fail,fail,fail,skip,skip,skip,fail,fail,,,14,0.2.0-draft,2026-08-04
mamoie.com,1,80,Connectable,,fail,fail,pass,fail,pass,fail,skip,pass,fail,,legacy,22,0.2.0-draft,2026-08-04
mana.am,1,100,Agent-ready,,pass,fail,fail,pass,pass,pass,pass,pass,pass,mcp-bare|mcp-server-card-json,legacy,20,0.2.0-draft,2026-08-04
managelm.com,1,10,Text-only,,fail,fail,fail,fail,skip,skip,skip,pass,fail,,,14,0.2.0-draft,2026-08-04
managers-backup-dolls-seasons.trycloudflare.com,1,0,Absent,,error,fail,fail,error,skip,skip,skip,fail,fail,,,3,0.2.0-draft,2026-08-04
manageyourloans.com.au,1,15,Text-only,,fail,fail,fail,fail,skip,skip,skip,pass,pass,,,14,0.2.0-draft,2026-08-04
manda.bz,1,85,Connectable,,fail,fail,pass,fail,pass,fail,skip,pass,pass,,legacy,19,0.2.0-draft,2026-08-04
mandateshield.com,1,85,Connectable,,pass,fail,pass,fail,pass,pass,fail,pass,pass,ai-catalog|mcp-server-card-json,modern,18,0.2.0-draft,2026-08-04
manekami.com,1,15,Text-only,,fail,fail,fail,fail,skip,skip,skip,pass,pass,,,14,0.2.0-draft,2026-08-04
mangofolio.com,1,0,Absent,,error,fail,fail,error,skip,skip,skip,fail,fail,,,3,0.2.0-draft,2026-08-04
mangoinventory.com,1,80,Connectable,,fail,fail,pass,pass,pass,fail,skip,pass,fail,,modern,22,0.2.0-draft,2026-08-04
mangrovetraders.com,1,0,Absent,,fail,fail,fail,fail,skip,skip,skip,fail,fail,,,15,0.2.0-draft,2026-08-04
mansaapi.com,1,15,Text-only,,fail,fail,fail,fail,skip,skip,skip,pass,pass,,,13,0.2.0-draft,2026-08-04
mansamarkets.com,1,85,Connectable,,pass,fail,pass,fail,pass,fail,skip,pass,pass,mcp-json,legacy,37,0.2.0-draft,2026-08-04
mantiss.store,1,0,Absent,,fail,fail,fail,fail,skip,skip,skip,fail,fail,,,13,0.2.0-draft,2026-08-04
mantlekit.dev,1,85,Connectable,,fail,fail,pass,fail,pass,fail,skip,pass,pass,,legacy,19,0.2.0-draft,2026-08-04
mapmelon.com,1,85,Connectable,,pass,fail,pass,fail,pass,fail,skip,pass,pass,mcp-server-card-json,legacy,37,0.2.0-draft,2026-08-04
mapnetwork.app,1,95,Agent-ready,,fail,fail,pass,fail,pass,pass,pass,pass,fail,,legacy,21,0.2.0-draft,2026-08-04
mapstools.googleapis.com,1,70,Connectable,,fail,fail,pass,pass,pass,fail,skip,fail,fail,,legacy,32,0.2.0-draft,2026-08-04
maqami.co,1,85,Connectable,,pass,fail,pass,fail,pass,fail,skip,pass,pass,mcp-json,legacy,20,0.2.0-draft,2026-08-04
marbellareport-mcp-production.up.railway.app,1,0,Absent,,fail,fail,fail,fail,skip,skip,skip,fail,fail,,,27,0.2.0-draft,2026-08-04
marchward.ai,1,50,Discoverable,,pass,fail,fail,fail,skip,skip,skip,pass,pass,mcp-server-card-json,,14,0.2.0-draft,2026-08-04
marcora.ai,1,10,Text-only,,fail,fail,fail,fail,skip,skip,skip,pass,fail,,,18,0.2.0-draft,2026-08-04
mareaalcalina.com,1,15,Text-only,,fail,fail,fail,fail,skip,skip,skip,pass,pass,,,18,0.2.0-draft,2026-08-04
marginal.sh,1,10,Text-only,,fail,fail,fail,fail,skip,skip,skip,pass,fail,,,14,0.2.0-draft,2026-08-04
marginofinsight.com,1,50,Discoverable,,pass,fail,fail,fail,skip,skip,skip,pass,pass,mcp-server-card-json,,14,0.2.0-draft,2026-08-04
marian.coach,1,15,Text-only,,fail,fail,fail,fail,skip,skip,skip,pass,pass,,,14,0.2.0-draft,2026-08-04
marigold.page,1,45,Discoverable,,fail,fail,fail,pass,skip,skip,skip,pass,fail,,,16,0.2.0-draft,2026-08-04
marine-356.workers.dev,1,0,Absent,,error,fail,fail,error,skip,skip,skip,fail,fail,,,6,0.2.0-draft,2026-08-04
mark-it.co,1,50,Discoverable,,fail,fail,fail,pass,skip,skip,skip,pass,pass,,,13,0.2.0-draft,2026-08-04
markdown-renderer-production.up.railway.app,1,0,Absent,,fail,fail,fail,fail,skip,skip,skip,fail,fail,,,27,0.2.0-draft,2026-08-04
markdown-renderer-x402-production.up.railway.app,1,0,Absent,,fail,fail,fail,fail,skip,skip,skip,fail,fail,,,27,0.2.0-draft,2026-08-04
markdown-to-html-production-da89.up.railway.app,1,0,Absent,,fail,fail,fail,fail,skip,skip,skip,fail,fail,,,27,0.2.0-draft,2026-08-04
markdown-to-html-x402-production.up.railway.app,1,0,Absent,,fail,fail,fail,fail,skip,skip,skip,fail,fail,,,27,0.2.0-draft,2026-08-04
market-data-mcp-production.up.railway.app,1,0,Absent,,error,fail,fail,error,skip,skip,skip,fail,fail,,,39,0.2.0-draft,2026-08-04
marketcheck.com,1,10,Text-only,,fail,fail,fail,fail,skip,skip,skip,pass,fail,,,22,0.2.0-draft,2026-08-04
marketcore.ai,1,0,Absent,,fail,fail,fail,fail,skip,skip,skip,fail,fail,,,17,0.2.0-draft,2026-08-04
marketeyeslive.com,1,95,Agent-ready,,fail,fail,pass,fail,pass,pass,pass,pass,fail,,legacy,18,0.2.0-draft,2026-08-04
marketgenius.app,1,85,Connectable,,pass,fail,fail,fail,pass,fail,skip,pass,pass,mcp-bare,legacy,18,0.2.0-draft,2026-08-04
marketingskills.directory,1,50,Discoverable,,pass,fail,fail,fail,fail,skip,skip,pass,pass,ai-catalog|mcp-json,,23,0.2.0-draft,2026-08-04
marketintell.ai,1,85,Connectable,,pass,fail,fail,pass,pass,fail,skip,pass,pass,mcp-json|mcp-bare|mcp-server-card-json,modern,18,0.2.0-draft,2026-08-04
marketnow.site,1,50,Discoverable,,pass,fail,fail,fail,skip,skip,skip,pass,pass,mcp-json|mcp-server-card-json,,14,0.2.0-draft,2026-08-04
marketscore.ru,1,10,Text-only,,fail,fail,fail,fail,skip,skip,skip,pass,fail,,,14,0.2.0-draft,2026-08-04
markettrace.ai,1,0,Absent,,fail,fail,fail,fail,skip,skip,skip,fail,fail,,,14,0.2.0-draft,2026-08-04
markifact.com,1,70,Connectable,,fail,fail,pass,pass,pass,fail,skip,fail,fail,,modern,41,0.2.0-draft,2026-08-04
markmesh.com,1,15,Text-only,,fail,fail,fail,fail,skip,skip,skip,pass,pass,,,16,0.2.0-draft,2026-08-04
marksiazon.dev,1,50,Discoverable,,pass,fail,fail,fail,fail,skip,skip,pass,pass,mcp-json,,27,0.2.0-draft,2026-08-04
markustenghamn.com,1,85,Connectable,,fail,fail,pass,fail,pass,fail,skip,pass,pass,,legacy,19,0.2.0-draft,2026-08-04
marmoui.com,1,5,Text-only,,fail,fail,fail,fail,skip,skip,skip,fail,pass,,,27,0.2.0-draft,2026-08-04
marrow.id,1,10,Text-only,,fail,fail,fail,fail,skip,skip,skip,pass,fail,,,19,0.2.0-draft,2026-08-04
mart402.com,1,80,Connectable,,pass,fail,pass,fail,pass,pass,fail,pass,fail,ai-catalog|mcp-json,legacy,19,0.2.0-draft,2026-08-04
martinelli.ch,1,0,Absent,,fail,fail,fail,fail,skip,skip,skip,fail,fail,,,27,0.2.0-draft,2026-08-04
martini.film,1,50,Discoverable,,fail,fail,fail,pass,skip,skip,skip,pass,pass,,,28,0.2.0-draft,2026-08-04
martinsundal.no,1,0,Absent,,fail,fail,fail,fail,skip,skip,skip,fail,fail,,,14,0.2.0-draft,2026-08-04
marywomack.workers.dev,1,0,Absent,,error,fail,fail,error,skip,skip,skip,fail,fail,,,6,0.2.0-draft,2026-08-04
masaro.ai,1,50,Discoverable,,fail,fail,fail,pass,skip,skip,skip,pass,pass,,,13,0.2.0-draft,2026-08-04
mascotlab.io,1,35,Discoverable,,fail,fail,fail,pass,skip,skip,skip,fail,fail,,,12,0.2.0-draft,2026-08-04
mashop.app,1,50,Discoverable,,fail,pass,fail,fail,skip,skip,skip,pass,pass,,,14,0.2.0-draft,2026-08-04
masnavi.ai,1,85,Connectable,,pass,fail,fail,fail,pass,fail,skip,pass,pass,mcp-json,legacy,18,0.2.0-draft,2026-08-04
massdriver.cloud,1,0,Absent,,fail,fail,fail,fail,skip,skip,skip,fail,fail,,,28,0.2.0-draft,2026-08-04
massedcompute.com,1,10,Text-only,,fail,fail,fail,fail,skip,skip,skip,pass,fail,,,19,0.2.0-draft,2026-08-04
mathieuberthet.com,1,100,Agent-ready,,pass,fail,fail,fail,pass,pass,pass,pass,pass,mcp-json|mcp-bare|mcp-server-card-json,legacy,20,0.2.0-draft,2026-08-04
matih.ai,1,15,Text-only,,fail,fail,fail,fail,skip,skip,skip,pass,pass,,,16,0.2.0-draft,2026-08-04
matt-merutech.workers.dev,1,0,Absent,,error,fail,fail,error,skip,skip,skip,fail,fail,,,6,0.2.0-draft,2026-08-04
matterfact.com,1,15,Text-only,,fail,fail,fail,fail,skip,skip,skip,pass,pass,,,22,0.2.0-draft,2026-08-04
mattherbert.ca,1,85,Connectable,,fail,fail,pass,fail,pass,pass,pass,fail,fail,,legacy,38,0.2.0-draft,2026-08-04
max4.live,1,95,Agent-ready,,fail,fail,pass,fail,pass,pass,pass,pass,fail,,legacy,23,0.2.0-draft,2026-08-04
maxcv.ai,1,15,Text-only,,fail,fail,fail,fail,skip,skip,skip,pass,pass,,,13,0.2.0-draft,2026-08-04
maxiaworld.app,1,10,Text-only,,fail,fail,fail,fail,skip,skip,skip,pass,fail,,,14,0.2.0-draft,2026-08-04
maximem.ai,1,15,Text-only,,fail,fail,fail,fail,skip,skip,skip,pass,pass,,,27,0.2.0-draft,2026-08-04
maximumsats.com,1,0,Absent,,fail,fail,fail,fail,skip,skip,skip,fail,fail,,,16,0.2.0-draft,2026-08-04
maxoperf.com,1,10,Text-only,,fail,fail,fail,fail,skip,skip,skip,pass,fail,,,17,0.2.0-draft,2026-08-04
maxrhinehart.workers.dev,1,0,Absent,,error,fail,fail,error,skip,skip,skip,fail,fail,,,6,0.2.0-draft,2026-08-04
maxstat.ru,1,5,Text-only,,fail,fail,fail,fail,skip,skip,skip,fail,pass,,,14,0.2.0-draft,2026-08-04
maxzoa.ru,1,0,Absent,,error,fail,fail,error,skip,skip,skip,fail,fail,,,3,0.2.0-draft,2026-08-04
mc-data-monitor-mcp.vercel.app,1,0,Absent,,fail,fail,fail,fail,skip,skip,skip,fail,fail,,,27,0.2.0-draft,2026-08-04
mcd.cn,1,0,Absent,,skip,fail,fail,skip,skip,skip,skip,skip,fail,,,6,0.2.0-draft,2026-08-04
mcp-assist-memory.replit.app,1,0,Absent,,fail,fail,fail,fail,skip,skip,skip,fail,fail,,,27,0.2.0-draft,2026-08-04
mcp-automations.fly.dev,1,0,Absent,,fail,fail,fail,fail,skip,skip,skip,fail,fail,,,14,0.2.0-draft,2026-08-04
mcp-bizintel-production.up.railway.app,1,0,Absent,,fail,fail,fail,fail,skip,skip,skip,fail,fail,,,27,0.2.0-draft,2026-08-04
mcp-commerce-starter.vercel.app,1,0,Absent,,fail,fail,fail,fail,skip,skip,skip,fail,fail,,,28,0.2.0-draft,2026-08-04
mcp-dmarc.com,1,35,Discoverable,,fail,fail,fail,pass,skip,skip,skip,fail,fail,,,14,0.2.0-draft,2026-08-04
mcp-grantiq-api-production.up.railway.app,1,10,Text-only,,fail,fail,fail,fail,skip,skip,skip,pass,fail,,,28,0.2.0-draft,2026-08-04
mcp-hub.stream,1,35,Discoverable,,fail,fail,fail,pass,skip,skip,skip,fail,fail,,,14,0.2.0-draft,2026-08-04
mcp-javabin-archieve.fly.dev,1,85,Connectable,,fail,fail,pass,fail,pass,pass,pass,fail,fail,,legacy,19,0.2.0-draft,2026-08-04
mcp-judge.onrender.com,1,80,Connectable,,fail,fail,pass,fail,pass,fail,skip,pass,fail,,legacy,32,0.2.0-draft,2026-08-04
mcp-market.ru,1,0,Absent,,fail,fail,fail,fail,skip,skip,skip,fail,fail,,,14,0.2.0-draft,2026-08-04
mcp-marketplace.io,1,15,Text-only,,fail,fail,fail,fail,skip,skip,skip,pass,pass,,,14,0.2.0-draft,2026-08-04
mcp-myl-oov7xgbxua-ts.a.run.app,1,0,Absent,,fail,fail,fail,fail,skip,skip,skip,fail,fail,,,27,0.2.0-draft,2026-08-04
mcp-on-cloudrun-673872727624.us-central1.run.app,1,0,Absent,,fail,fail,fail,fail,skip,skip,skip,fail,fail,,,27,0.2.0-draft,2026-08-04
mcp-patient-ilb-psc-cloudrun-d-673872727624.us-central1.run.app,1,0,Absent,,fail,fail,fail,fail,skip,skip,skip,fail,fail,,,27,0.2.0-draft,2026-08-04
mcp-production-f681.up.railway.app,1,35,Discoverable,,fail,fail,fail,pass,skip,skip,skip,fail,fail,,,27,0.2.0-draft,2026-08-04
mcp-pubrecords-production.up.railway.app,1,0,Absent,,fail,fail,fail,fail,skip,skip,skip,fail,fail,,,28,0.2.0-draft,2026-08-04
mcp-registry-test-server-513943347567.europe-west1.run.app,1,0,Absent,,fail,fail,fail,fail,skip,skip,skip,fail,fail,,,27,0.2.0-draft,2026-08-04
mcp-revenue-empire.com,1,50,Discoverable,,pass,fail,fail,fail,skip,skip,skip,pass,pass,mcp-json,,16,0.2.0-draft,2026-08-04
mcp-server-295985738387.europe-west1.run.app,1,0,Absent,,fail,fail,fail,fail,skip,skip,skip,fail,fail,,,27,0.2.0-draft,2026-08-04
mcp-server-nani-v3-20.up.railway.app,1,70,Connectable,,fail,fail,pass,fail,pass,fail,skip,fail,fail,,legacy,32,0.2.0-draft,2026-08-04
mcp-server-production-38c9.up.railway.app,1,0,Absent,,fail,fail,fail,fail,skip,skip,skip,fail,fail,,,27,0.2.0-draft,2026-08-04
mcp-server-production-5112.up.railway.app,1,0,Absent,,fail,fail,fail,fail,skip,skip,skip,fail,fail,,,27,0.2.0-draft,2026-08-04
mcp-server-production-8f66.up.railway.app,1,0,Absent,,fail,fail,fail,fail,skip,skip,skip,fail,fail,,,27,0.2.0-draft,2026-08-04
mcp-snowy-dew-9447.fly.dev,1,0,Absent,,fail,fail,fail,fail,skip,skip,skip,fail,fail,,,14,0.2.0-draft,2026-08-04
mcp-use.com,1,0,Absent,,fail,fail,fail,fail,skip,skip,skip,fail,fail,,,14,0.2.0-draft,2026-08-04
mcp-x402.onrender.com,1,10,Text-only,,fail,fail,fail,fail,skip,skip,skip,pass,fail,,,27,0.2.0-draft,2026-08-04
mcp.com.ai,1,0,Absent,,fail,fail,fail,fail,skip,skip,skip,fail,fail,,,15,0.2.0-draft,2026-08-04
mcp.sv,1,0,Absent,,error,fail,fail,error,skip,skip,skip,fail,fail,,,51,0.2.0-draft,2026-08-04
mcpanalytics.ai,1,15,Text-only,,fail,fail,fail,fail,skip,skip,skip,pass,pass,,,15,0.2.0-draft,2026-08-04
mcparmory.com,1,15,Text-only,,fail,fail,fail,fail,skip,skip,skip,pass,pass,,,27,0.2.0-draft,2026-08-04
mcpbundles.com,1,10,Text-only,,fail,fail,fail,fail,skip,skip,skip,pass,fail,,,28,0.2.0-draft,2026-08-04
mcpcalc.com,1,0,Absent,,fail,fail,fail,fail,skip,skip,skip,fail,fail,,,13,0.2.0-draft,2026-08-04
mcpcap.ai,1,0,Absent,,fail,fail,fail,fail,skip,skip,skip,fail,fail,,,27,0.2.0-draft,2026-08-04
mcpcensus.com,1,100,Agent-ready,,pass,fail,pass,fail,pass,pass,pass,pass,pass,mcp-json,modern,20,0.2.0-draft,2026-08-04
mcpcentral.io,1,50,Discoverable,,pass,fail,fail,pass,skip,skip,skip,pass,pass,mcp-server-card-json,,14,0.2.0-draft,2026-08-04
mcpcheckup.xyz,1,0,Absent,,fail,fail,fail,fail,skip,skip,skip,fail,fail,,,30,0.2.0-draft,2026-08-04
mcpcut.com,1,35,Discoverable,,fail,fail,fail,pass,skip,skip,skip,fail,fail,,,12,0.2.0-draft,2026-08-04
mcpdomain.ai,1,95,Agent-ready,,pass,fail,pass,fail,pass,pass,pass,pass,fail,mcp-json,legacy,19,0.2.0-draft,2026-08-04
mcpemails.com,1,45,Discoverable,,fail,fail,fail,pass,skip,skip,skip,pass,fail,,,13,0.2.0-draft,2026-08-04
mcpexplorer.com,1,80,Connectable,,fail,fail,pass,fail,pass,fail,skip,pass,fail,,legacy,18,0.2.0-draft,2026-08-04
mcpfinder.dev,1,15,Text-only,,fail,fail,fail,fail,skip,skip,skip,pass,pass,,,14,0.2.0-draft,2026-08-04
mcpgatepro.com,1,0,Absent,,error,fail,fail,error,skip,skip,skip,fail,fail,,,29,0.2.0-draft,2026-08-04
mcpgrade.dev,1,45,Discoverable,,pass,fail,fail,fail,skip,skip,skip,pass,fail,mcp-server-card-json,,14,0.2.0-draft,2026-08-04
mcpindex.ai,1,85,Connectable,,fail,fail,pass,fail,pass,fail,skip,pass,pass,,legacy,23,0.2.0-draft,2026-08-04
mcplint-web.vercel.app,1,70,Connectable,,fail,fail,pass,fail,pass,fail,skip,fail,fail,,legacy,32,0.2.0-draft,2026-08-04
mcploadbudgeter.space,1,80,Connectable,,pass,fail,pass,fail,pass,fail,skip,pass,fail,mcp-server-card-json,modern,17,0.2.0-draft,2026-08-04
mcpmux.com,1,15,Text-only,,fail,fail,fail,fail,skip,skip,skip,pass,pass,,,14,0.2.0-draft,2026-08-04
mcpmyadmin.ai,1,35,Discoverable,,fail,fail,fail,pass,skip,skip,skip,fail,fail,,,14,0.2.0-draft,2026-08-04
mcpqueen.com,1,95,Agent-ready,,fail,fail,pass,fail,pass,pass,pass,pass,fail,,legacy,19,0.2.0-draft,2026-08-04
mcpregistrysearchwilfredleejr.vercel.app,1,0,Absent,,fail,fail,fail,fail,skip,skip,skip,fail,fail,,,27,0.2.0-draft,2026-08-04
mcps.work,1,35,Discoverable,,fail,fail,fail,pass,skip,skip,skip,fail,fail,,,14,0.2.0-draft,2026-08-04
mcpsearchconsole.com,1,10,Text-only,,fail,fail,fail,fail,skip,skip,skip,pass,fail,,,13,0.2.0-draft,2026-08-04
mcpskills.io,1,10,Text-only,,fail,fail,fail,fail,skip,skip,skip,pass,fail,,,14,0.2.0-draft,2026-08-04
mcptoplist.com,1,95,Agent-ready,,fail,fail,pass,fail,pass,pass,pass,pass,fail,,legacy,19,0.2.0-draft,2026-08-04
mcpvillage.com,1,45,Discoverable,,fail,fail,fail,pass,skip,skip,skip,pass,fail,,,17,0.2.0-draft,2026-08-04
mcpvot.xyz,1,50,Discoverable,,pass,fail,fail,fail,skip,skip,skip,pass,pass,mcp-json,,14,0.2.0-draft,2026-08-04
mcpweave.com,1,0,Absent,,fail,fail,fail,fail,skip,skip,skip,fail,fail,,,14,0.2.0-draft,2026-08-04
md-log.com,1,85,Connectable,,fail,fail,pass,fail,pass,fail,skip,pass,pass,,modern,22,0.2.0-draft,2026-08-04
mdedit.ai,1,10,Text-only,,fail,fail,fail,fail,skip,skip,skip,pass,fail,,,17,0.2.0-draft,2026-08-04
mdflow.cz,1,45,Discoverable,,fail,fail,fail,pass,skip,skip,skip,pass,fail,,,34,0.2.0-draft,2026-08-04
mdkit.online,1,85,Connectable,,fail,fail,pass,fail,pass,fail,skip,pass,pass,,legacy,24,0.2.0-draft,2026-08-04
mdmagic.ai,1,5,Text-only,,fail,fail,fail,fail,skip,skip,skip,fail,pass,,,15,0.2.0-draft,2026-08-04
mdtidy.com,1,45,Discoverable,,fail,fail,fail,pass,skip,skip,skip,pass,fail,,,25,0.2.0-draft,2026-08-04
me-qr.com,1,80,Connectable,,fail,fail,pass,pass,pass,fail,skip,pass,fail,,modern,21,0.2.0-draft,2026-08-04
meacheal.ai,1,85,Connectable,,pass,fail,fail,fail,pass,fail,skip,pass,pass,mcp-server-card-json,modern,19,0.2.0-draft,2026-08-04
mearef.dev,1,10,Text-only,,fail,fail,fail,fail,skip,skip,skip,pass,fail,,,15,0.2.0-draft,2026-08-04
measure.events,1,10,Text-only,,fail,fail,fail,fail,skip,skip,skip,pass,fail,,,14,0.2.0-draft,2026-08-04
meatspace.run,1,45,Discoverable,,pass,fail,fail,fail,skip,skip,skip,pass,fail,mcp-json,,14,0.2.0-draft,2026-08-04
mediawork.io,1,85,Connectable,,fail,fail,pass,fail,pass,fail,skip,pass,pass,,legacy,35,0.2.0-draft,2026-08-04
medibillsaver.com,1,50,Discoverable,,pass,fail,fail,fail,skip,skip,skip,pass,pass,mcp-json,,25,0.2.0-draft,2026-08-04
medical-rag-mcp-test-513943347567.europe-west1.run.app,1,0,Absent,,fail,fail,fail,fail,skip,skip,skip,fail,fail,,,27,0.2.0-draft,2026-08-04
mediora.ai,1,100,Agent-ready,,pass,fail,fail,fail,pass,pass,pass,pass,pass,mcp-json,legacy,33,0.2.0-draft,2026-08-04
medplum.com,1,0,Absent,,fail,fail,fail,fail,skip,skip,skip,fail,fail,,,27,0.2.0-draft,2026-08-04
medprice.ai,1,80,Connectable,,fail,fail,pass,fail,pass,fail,skip,pass,fail,,legacy,23,0.2.0-draft,2026-08-04
medrates.fyi,1,15,Text-only,,fail,fail,fail,fail,skip,skip,skip,pass,pass,,,16,0.2.0-draft,2026-08-04
medrecpro.com,1,75,Connectable,,fail,fail,pass,pass,pass,fail,skip,fail,pass,,modern,18,0.2.0-draft,2026-08-04
medseal.app,1,15,Text-only,,fail,fail,fail,fail,skip,skip,skip,pass,pass,,,14,0.2.0-draft,2026-08-04
medusajs.com,1,10,Text-only,,fail,fail,fail,fail,skip,skip,skip,pass,fail,,,16,0.2.0-draft,2026-08-04
meelion.com,1,85,Connectable,,fail,fail,pass,fail,pass,pass,pass,fail,fail,,legacy,21,0.2.0-draft,2026-08-04
meepo.app,1,15,Text-only,,fail,fail,fail,fail,skip,skip,skip,pass,pass,,,25,0.2.0-draft,2026-08-04
meertrack.com,1,80,Connectable,,fail,fail,pass,pass,pass,fail,skip,pass,fail,,modern,21,0.2.0-draft,2026-08-04
meet.bot,1,10,Text-only,,fail,fail,fail,fail,skip,skip,skip,pass,fail,,,19,0.2.0-draft,2026-08-04
meetdewey.com,1,0,Absent,,error,fail,fail,error,skip,skip,skip,fail,fail,,,51,0.2.0-draft,2026-08-04
meetlark.ai,1,10,Text-only,,fail,fail,fail,fail,skip,skip,skip,pass,fail,,,14,0.2.0-draft,2026-08-04
meetmyagent.io,1,50,Discoverable,,fail,fail,fail,pass,skip,skip,skip,pass,pass,,,16,0.2.0-draft,2026-08-04
meetsponsors.com,1,95,Agent-ready,,fail,fail,pass,pass,pass,pass,pass,pass,fail,,modern,23,0.2.0-draft,2026-08-04
meetsquad.ai,1,35,Discoverable,,pass,fail,fail,fail,skip,skip,skip,fail,fail,ai-catalog,,17,0.2.0-draft,2026-08-04
meetvalis.com,1,0,Absent,,fail,fail,fail,fail,skip,skip,skip,fail,fail,,,18,0.2.0-draft,2026-08-04
megachad.xyz,1,85,Connectable,,pass,fail,pass,fail,pass,fail,skip,pass,pass,mcp-json,legacy,19,0.2.0-draft,2026-08-04
megastructure.ai,1,10,Text-only,,fail,fail,fail,fail,skip,skip,skip,pass,fail,,,25,0.2.0-draft,2026-08-04
mehdi-boukenouche.workers.dev,1,0,Absent,,error,fail,fail,error,skip,skip,skip,fail,fail,,,6,0.2.0-draft,2026-08-04
meistertask.com,1,10,Text-only,,fail,fail,fail,fail,skip,skip,skip,pass,fail,,,33,0.2.0-draft,2026-08-04
meliorra.co,1,70,Connectable,,fail,fail,pass,pass,pass,pass,fail,fail,fail,,modern,34,0.2.0-draft,2026-08-04
mellowmountainradio.com,1,70,Connectable,,pass,fail,fail,fail,pass,fail,skip,fail,fail,mcp-json|mcp-server-card-json,legacy,21,0.2.0-draft,2026-08-04
meloncafe.github.io,1,0,Absent,,fail,fail,fail,fail,skip,skip,skip,fail,fail,,,27,0.2.0-draft,2026-08-04
meltema.com,1,10,Text-only,,fail,fail,fail,fail,skip,skip,skip,pass,fail,,,15,0.2.0-draft,2026-08-04
melvea.com,1,15,Text-only,,fail,fail,fail,fail,skip,skip,skip,pass,pass,,,17,0.2.0-draft,2026-08-04
mem0.ai,1,10,Text-only,,fail,fail,fail,fail,skip,skip,skip,pass,fail,,,19,0.2.0-draft,2026-08-04
memberpass.net,1,0,Absent,,fail,fail,fail,fail,skip,skip,skip,fail,fail,,,30,0.2.0-draft,2026-08-04
memebo.at,1,70,Connectable,,fail,fail,pass,fail,pass,fail,skip,fail,fail,,legacy,22,0.2.0-draft,2026-08-04
memesio.com,1,45,Discoverable,,pass,fail,fail,fail,fail,skip,skip,pass,fail,mcp-json|mcp-server-card-json,,14,0.2.0-draft,2026-08-04
memestack.ai,1,100,Agent-ready,,fail,fail,pass,fail,pass,pass,pass,pass,pass,,legacy,21,0.2.0-draft,2026-08-04
memfleet.com,1,0,Absent,,fail,fail,fail,fail,skip,skip,skip,fail,fail,,,14,0.2.0-draft,2026-08-04
meminal.ai,1,5,Text-only,,fail,fail,fail,fail,skip,skip,skip,fail,pass,,,14,0.2.0-draft,2026-08-04
memmizgezgin.workers.dev,1,0,Absent,,error,fail,fail,error,skip,skip,skip,fail,fail,,,6,0.2.0-draft,2026-08-04
memnode.dev,1,85,Connectable,,pass,fail,pass,pass,pass,fail,skip,pass,pass,mcp-server-card-json,modern,20,0.2.0-draft,2026-08-04
memoai.tech,1,80,Connectable,,fail,fail,pass,pass,pass,fail,skip,pass,fail,,modern,22,0.2.0-draft,2026-08-04
memocore.ai,1,50,Discoverable,,fail,fail,fail,pass,skip,skip,skip,pass,pass,,,13,0.2.0-draft,2026-08-04
memoket.ai,1,95,Agent-ready,,fail,fail,pass,pass,pass,pass,pass,pass,fail,,legacy,23,0.2.0-draft,2026-08-04
memol.app,1,50,Discoverable,,fail,fail,fail,pass,skip,skip,skip,pass,pass,,,15,0.2.0-draft,2026-08-04
memoryapi.org,1,80,Connectable,,fail,fail,pass,fail,pass,fail,skip,pass,fail,,legacy,23,0.2.0-draft,2026-08-04
memoryplugin.com,1,45,Discoverable,,fail,fail,fail,pass,skip,skip,skip,pass,fail,,,27,0.2.0-draft,2026-08-04
memorystore.googleapis.com,1,70,Connectable,,fail,fail,pass,pass,pass,fail,skip,fail,fail,,legacy,32,0.2.0-draft,2026-08-04
memotrader.com,1,10,Text-only,,fail,fail,fail,fail,skip,skip,skip,pass,fail,,,14,0.2.0-draft,2026-08-04
memside.com,1,10,Text-only,,fail,fail,fail,fail,skip,skip,skip,pass,fail,,,28,0.2.0-draft,2026-08-04
memsprout.com,1,10,Text-only,,fail,fail,fail,fail,skip,skip,skip,pass,fail,,,16,0.2.0-draft,2026-08-04
memxus.com,1,15,Text-only,,fail,fail,fail,fail,skip,skip,skip,pass,pass,,,30,0.2.0-draft,2026-08-04
mendapi.com,1,10,Text-only,,fail,fail,fail,fail,skip,skip,skip,pass,fail,,,14,0.2.0-draft,2026-08-04
mengram.io,1,40,Discoverable,,pass,fail,fail,pass,skip,skip,skip,fail,pass,mcp-bare|mcp-server-card-json,,14,0.2.0-draft,2026-08-04
meni.ge,1,10,Text-only,,fail,fail,fail,fail,skip,skip,skip,pass,fail,,,17,0.2.0-draft,2026-08-04
menlolabs.dev,1,10,Text-only,,fail,fail,fail,fail,skip,skip,skip,pass,fail,,,27,0.2.0-draft,2026-08-04
menteorama.workers.dev,1,0,Absent,,error,fail,fail,error,skip,skip,skip,fail,fail,,,6,0.2.0-draft,2026-08-04
mentionkit.com,1,10,Text-only,,fail,fail,fail,fail,skip,skip,skip,pass,fail,,,15,0.2.0-draft,2026-08-04
menufresh.jp,1,15,Text-only,,fail,fail,fail,fail,skip,skip,skip,pass,pass,,,17,0.2.0-draft,2026-08-04
mercantry.org,1,85,Connectable,,pass,fail,pass,fail,pass,fail,skip,pass,pass,mcp-json,legacy,32,0.2.0-draft,2026-08-04
merchantwords.com,1,5,Text-only,,fail,fail,fail,fail,skip,skip,skip,fail,pass,,,27,0.2.0-draft,2026-08-04
merchinary.com,1,0,Absent,,fail,fail,fail,fail,skip,skip,skip,fail,fail,,,14,0.2.0-draft,2026-08-04
mercury-hq.com,1,0,Absent,,fail,fail,fail,fail,skip,skip,skip,fail,fail,,,19,0.2.0-draft,2026-08-04
meridianconsensus.com,1,0,Absent,,fail,fail,fail,fail,skip,skip,skip,fail,fail,,,14,0.2.0-draft,2026-08-04
meritvalue.com,1,85,Connectable,,fail,fail,pass,fail,pass,pass,pass,fail,fail,,modern,32,0.2.0-draft,2026-08-04
merlonix.com,1,100,Agent-ready,,pass,fail,pass,fail,pass,pass,pass,pass,pass,mcp-json,legacy,21,0.2.0-draft,2026-08-04
mermaidchart.com,1,70,Connectable,,fail,fail,pass,fail,pass,fail,skip,skip,fail,,legacy,11,0.2.0-draft,2026-08-04
mermail.app,1,45,Discoverable,,pass,fail,fail,pass,skip,skip,skip,pass,fail,mcp-server-card-json,,14,0.2.0-draft,2026-08-04
merx.exchange,1,35,Discoverable,,pass,fail,fail,fail,skip,skip,skip,fail,fail,mcp-bare|mcp-server-card-json,,14,0.2.0-draft,2026-08-04
merxprotocol.eu,1,0,Absent,,fail,fail,fail,fail,skip,skip,skip,fail,fail,,,17,0.2.0-draft,2026-08-04
meseriasi.ro,1,45,Discoverable,,pass,fail,fail,fail,fail,skip,skip,pass,fail,mcp-json,,27,0.2.0-draft,2026-08-04
meshtool.ai,1,0,Absent,,fail,fail,fail,fail,skip,skip,skip,fail,fail,,,15,0.2.0-draft,2026-08-04
mesquared-mcp-server.vercel.app,1,70,Connectable,,fail,fail,pass,fail,pass,fail,skip,fail,fail,,legacy,56,0.2.0-draft,2026-08-04
mess.fyi,1,45,Discoverable,,pass,fail,fail,pass,fail,skip,skip,pass,fail,mcp-json,,14,0.2.0-draft,2026-08-04
messagesbridge.vercel.app,1,35,Discoverable,,fail,fail,fail,pass,skip,skip,skip,fail,fail,,,27,0.2.0-draft,2026-08-04
meta-council.com,1,80,Connectable,,fail,fail,pass,fail,pass,fail,skip,pass,fail,,legacy,18,0.2.0-draft,2026-08-04
meta.com,1,0,Absent,,fail,fail,fail,fail,skip,skip,skip,fail,fail,,,27,0.2.0-draft,2026-08-04
metadock.app,1,10,Text-only,,fail,fail,fail,fail,skip,skip,skip,pass,fail,,,13,0.2.0-draft,2026-08-04
metaengine.eu,1,0,Absent,,fail,fail,fail,fail,skip,skip,skip,fail,fail,,,33,0.2.0-draft,2026-08-04
metagraph.sh,1,80,Connectable,,pass,fail,pass,pass,pass,fail,skip,pass,fail,mcp-json,legacy,21,0.2.0-draft,2026-08-04
metaltakip.com,1,5,Text-only,,fail,fail,fail,fail,skip,skip,skip,fail,pass,,,25,0.2.0-draft,2026-08-04
metamesh-uga.dev,1,15,Text-only,,fail,fail,fail,fail,skip,skip,skip,pass,pass,,,15,0.2.0-draft,2026-08-04
metamodel.app,1,95,Agent-ready,,fail,fail,pass,fail,pass,pass,pass,pass,fail,,legacy,37,0.2.0-draft,2026-08-04
metapartner.ai,1,0,Absent,,fail,fail,fail,fail,skip,skip,skip,fail,fail,,,26,0.2.0-draft,2026-08-04
metarun.dev,1,10,Text-only,,fail,fail,fail,fail,skip,skip,skip,pass,fail,,,22,0.2.0-draft,2026-08-04
metastampv3-production.up.railway.app,1,0,Absent,,fail,fail,fail,fail,skip,skip,skip,fail,fail,,,29,0.2.0-draft,2026-08-04
metatake.net,1,15,Text-only,,fail,fail,fail,fail,skip,skip,skip,pass,pass,,,16,0.2.0-draft,2026-08-04
metavert.io,1,45,Discoverable,,pass,pass,fail,pass,skip,skip,skip,pass,fail,mcp-server-card-json,,14,0.2.0-draft,2026-08-04
meteor.com.co,1,15,Text-only,,fail,fail,fail,fail,skip,skip,skip,pass,pass,,,14,0.2.0-draft,2026-08-04
metricduck.com,1,50,Discoverable,,pass,fail,fail,pass,fail,skip,skip,pass,pass,mcp-json,,27,0.2.0-draft,2026-08-04
metrichub.app,1,0,Absent,,fail,fail,fail,fail,skip,skip,skip,fail,fail,,,14,0.2.0-draft,2026-08-04
metricprovenance.com,1,10,Text-only,,fail,fail,fail,fail,skip,skip,skip,pass,fail,,,27,0.2.0-draft,2026-08-04
metricspot.com,1,15,Text-only,,fail,fail,fail,fail,skip,skip,skip,pass,pass,,,16,0.2.0-draft,2026-08-04
metrifyr.cloud,1,50,Discoverable,,pass,fail,fail,pass,fail,skip,skip,pass,pass,mcp-json|mcp-server-card-json,,28,0.2.0-draft,2026-08-04
meuvelmo.com,1,0,Absent,,fail,fail,fail,fail,skip,skip,skip,fail,fail,,,17,0.2.0-draft,2026-08-04
mfgcalcs.com,1,15,Text-only,,fail,fail,fail,fail,skip,skip,skip,pass,pass,,,28,0.2.0-draft,2026-08-04
mgm-llc.org,1,0,Absent,,fail,fail,fail,fail,skip,skip,skip,fail,fail,,,14,0.2.0-draft,2026-08-04
mgthompo.workers.dev,1,0,Absent,,error,fail,fail,error,skip,skip,skip,fail,fail,,,6,0.2.0-draft,2026-08-04
mhai.app,1,0,Absent,,fail,fail,fail,fail,skip,skip,skip,fail,fail,,,14,0.2.0-draft,2026-08-04
mhsbloom.com,1,15,Text-only,,fail,fail,fail,fail,skip,skip,skip,pass,pass,,,16,0.2.0-draft,2026-08-04
mia-platform.eu,1,10,Text-only,,fail,fail,fail,fail,skip,skip,skip,pass,fail,,,14,0.2.0-draft,2026-08-04
micro.mu,1,35,Discoverable,,fail,fail,fail,pass,skip,skip,skip,fail,fail,,,14,0.2.0-draft,2026-08-04
micropay-test-suite.netlify.app,1,0,Absent,,fail,fail,fail,fail,skip,skip,skip,fail,fail,,,27,0.2.0-draft,2026-08-04
microservices.sh,1,10,Text-only,,fail,fail,fail,fail,skip,skip,skip,pass,fail,,,15,0.2.0-draft,2026-08-04
microsoft.com,1,0,Absent,,fail,fail,fail,fail,skip,skip,skip,fail,fail,,,34,0.2.0-draft,2026-08-04
mid-continental.com,1,85,Connectable,,pass,fail,pass,fail,pass,fail,skip,pass,pass,mcp-server-card-json,legacy,18,0.2.0-draft,2026-08-04
midasflow.ai,1,0,Absent,,fail,fail,fail,fail,skip,skip,skip,fail,fail,,,17,0.2.0-draft,2026-08-04
midasprotocol.org,1,15,Text-only,,fail,fail,fail,fail,skip,skip,skip,pass,pass,,,40,0.2.0-draft,2026-08-04
midax402.com,1,95,Agent-ready,,fail,fail,pass,fail,pass,pass,pass,pass,fail,,legacy,22,0.2.0-draft,2026-08-04
midos.dev,1,0,Absent,,error,fail,fail,error,skip,skip,skip,fail,fail,,,34,0.2.0-draft,2026-08-04
midvash.com,1,0,Absent,,fail,fail,fail,fail,skip,skip,skip,fail,fail,,,16,0.2.0-draft,2026-08-04
mifactory-email.vercel.app,1,0,Absent,,fail,fail,fail,fail,skip,skip,skip,fail,fail,,,27,0.2.0-draft,2026-08-04
mifactory-payments.vercel.app,1,35,Discoverable,,pass,fail,fail,fail,skip,skip,skip,fail,fail,mcp-server-card-json,,27,0.2.0-draft,2026-08-04
mifactory-pdf.vercel.app,1,0,Absent,,fail,fail,fail,fail,skip,skip,skip,fail,fail,,,27,0.2.0-draft,2026-08-04
miinideck.com,1,50,Discoverable,,fail,fail,fail,pass,skip,skip,skip,pass,pass,,,25,0.2.0-draft,2026-08-04
mike-c63.workers.dev,1,0,Absent,,error,fail,fail,error,skip,skip,skip,fail,fail,,,6,0.2.0-draft,2026-08-04
mila.gg,1,0,Absent,,fail,fail,fail,fail,skip,skip,skip,fail,fail,,,17,0.2.0-draft,2026-08-04
milatexai.com,1,10,Text-only,,fail,fail,fail,fail,skip,skip,skip,pass,fail,,,14,0.2.0-draft,2026-08-04
milemaker.com,1,0,Absent,,fail,fail,fail,fail,skip,skip,skip,fail,fail,,,24,0.2.0-draft,2026-08-04
mima.works,1,10,Text-only,,fail,fail,fail,fail,skip,skip,skip,pass,fail,,,14,0.2.0-draft,2026-08-04
mimiqai.com,1,10,Text-only,,fail,fail,fail,fail,skip,skip,skip,pass,fail,,,27,0.2.0-draft,2026-08-04
mimirslab.workers.dev,1,0,Absent,,error,fail,fail,error,skip,skip,skip,fail,fail,,,6,0.2.0-draft,2026-08-04
minddory.com,1,10,Text-only,,fail,fail,fail,fail,skip,skip,skip,pass,fail,,,15,0.2.0-draft,2026-08-04
mindflows.us,1,15,Text-only,,fail,fail,fail,fail,skip,skip,skip,pass,pass,,,22,0.2.0-draft,2026-08-04
mindlify.co,1,45,Discoverable,,fail,fail,fail,pass,skip,skip,skip,pass,fail,,,13,0.2.0-draft,2026-08-04
mindmeister.com,1,0,Absent,,fail,fail,fail,fail,skip,skip,skip,fail,fail,,,27,0.2.0-draft,2026-08-04
mindola.ai,1,10,Text-only,,fail,fail,fail,fail,skip,skip,skip,pass,fail,,,14,0.2.0-draft,2026-08-04
mindset-502113.web.app,1,0,Absent,,fail,fail,fail,fail,skip,skip,skip,fail,fail,,,27,0.2.0-draft,2026-08-04
mindset-mcp-183316982259.europe-west2.run.app,1,0,Absent,,fail,fail,fail,fail,skip,skip,skip,fail,fail,,,27,0.2.0-draft,2026-08-04
mindthegates.uk,1,85,Connectable,,pass,fail,pass,fail,pass,pass,pass,fail,fail,mcp-server-card-json,legacy,19,0.2.0-draft,2026-08-04
mingles.ai,1,15,Text-only,,fail,fail,fail,fail,skip,skip,skip,pass,pass,,,14,0.2.0-draft,2026-08-04
mingxinstorage.xyz,1,50,Discoverable,,pass,fail,fail,fail,fail,skip,skip,pass,pass,mcp-json,,17,0.2.0-draft,2026-08-04
minia2a.uk,1,45,Discoverable,,pass,fail,fail,fail,fail,skip,skip,pass,fail,ai-catalog|mcp-json,,13,0.2.0-draft,2026-08-04
miniaccountant.app,1,0,Absent,,fail,fail,fail,fail,skip,skip,skip,fail,fail,,,17,0.2.0-draft,2026-08-04
miniurl.com,1,15,Text-only,,fail,fail,fail,fail,skip,skip,skip,pass,pass,,,15,0.2.0-draft,2026-08-04
mink.is,1,95,Agent-ready,,pass,fail,fail,pass,pass,pass,pass,pass,fail,mcp-json|mcp-bare,legacy,20,0.2.0-draft,2026-08-04
minnas.io,1,5,Text-only,,skip,fail,fail,skip,skip,skip,skip,skip,pass,,,16,0.2.0-draft,2026-08-04
mino-yakking.com,1,0,Absent,,fail,fail,fail,fail,skip,skip,skip,fail,fail,,,14,0.2.0-draft,2026-08-04
mino.ai,1,0,Absent,,fail,fail,fail,fail,skip,skip,skip,fail,fail,,,14,0.2.0-draft,2026-08-04
mint-mcp-production.up.railway.app,1,0,Absent,,error,fail,fail,error,skip,skip,skip,fail,fail,,,36,0.2.0-draft,2026-08-04
minter.io,1,45,Discoverable,,fail,fail,fail,pass,skip,skip,skip,pass,fail,,,14,0.2.0-draft,2026-08-04
mintmcp.com,1,10,Text-only,,fail,fail,fail,fail,skip,skip,skip,pass,fail,,,27,0.2.0-draft,2026-08-04
mintqa.dev,1,0,Absent,,fail,fail,fail,fail,skip,skip,skip,fail,fail,,,13,0.2.0-draft,2026-08-04
mintverdict.com,1,0,Absent,,error,fail,fail,error,skip,skip,skip,fail,fail,,,4,0.2.0-draft,2026-08-04
minutaia.com.br,1,35,Discoverable,,fail,fail,fail,pass,skip,skip,skip,fail,fail,,,31,0.2.0-draft,2026-08-04
mioffice.ai,1,50,Discoverable,,pass,fail,fail,fail,skip,skip,skip,pass,pass,mcp-json|mcp-server-card-json,,13,0.2.0-draft,2026-08-04
mirabelloconsultancy.com,1,15,Text-only,,fail,fail,fail,fail,skip,skip,skip,pass,pass,,,23,0.2.0-draft,2026-08-04
mirantis.com,1,10,Text-only,,fail,fail,fail,fail,skip,skip,skip,pass,fail,,,27,0.2.0-draft,2026-08-04
mireye.com,1,10,Text-only,,fail,fail,fail,fail,skip,skip,skip,pass,fail,,,30,0.2.0-draft,2026-08-04
miro.com,1,0,Absent,,fail,fail,fail,fail,skip,skip,skip,fail,fail,,,21,0.2.0-draft,2026-08-04
miromiro.app,1,45,Discoverable,,skip,fail,fail,pass,skip,skip,skip,pass,fail,,,16,0.2.0-draft,2026-08-04
misar.blog,1,50,Discoverable,,fail,fail,fail,pass,skip,skip,skip,pass,pass,,,29,0.2.0-draft,2026-08-04
misar.io,1,15,Text-only,,fail,fail,fail,fail,skip,skip,skip,pass,pass,,,30,0.2.0-draft,2026-08-04
misim.ai,1,35,Discoverable,,fail,fail,fail,pass,skip,skip,skip,fail,fail,,,18,0.2.0-draft,2026-08-04
missingmcp.com,1,45,Discoverable,,pass,fail,fail,fail,skip,skip,skip,pass,fail,mcp-server-card-json,,14,0.2.0-draft,2026-08-04
mission-control-six-kohl.vercel.app,1,70,Connectable,,pass,fail,fail,pass,pass,fail,skip,fail,fail,mcp-json,modern,30,0.2.0-draft,2026-08-04
mistaike.ai,1,0,Absent,,error,fail,fail,error,skip,skip,skip,fail,fail,,,5,0.2.0-draft,2026-08-04
mitosislabs.ai,1,100,Agent-ready,,pass,fail,pass,pass,pass,pass,pass,pass,pass,ai-catalog|mcp-json|mcp-bare|mcp-server-card-json,legacy,18,0.2.0-draft,2026-08-04
mixer4ai.com,1,45,Discoverable,,pass,fail,fail,fail,fail,skip,skip,pass,fail,mcp-server-card-json,,14,0.2.0-draft,2026-08-04
mixmake.com,1,10,Text-only,,fail,fail,fail,fail,skip,skip,skip,pass,fail,,,30,0.2.0-draft,2026-08-04
mj-mcp-tools.workers.dev,1,0,Absent,,error,fail,fail,error,skip,skip,skip,fail,fail,,,6,0.2.0-draft,2026-08-04
mkdshare.dev,1,100,Agent-ready,,pass,fail,fail,pass,pass,pass,pass,pass,pass,mcp-json,modern,25,0.2.0-draft,2026-08-04
mkliniki.co.ke,1,5,Text-only,,fail,fail,fail,fail,skip,skip,skip,fail,pass,,,14,0.2.0-draft,2026-08-04
ml.ink,1,0,Absent,,fail,fail,fail,fail,skip,skip,skip,fail,fail,,,17,0.2.0-draft,2026-08-04
mmatinca.eu,1,85,Connectable,,pass,fail,pass,fail,pass,fail,skip,pass,pass,mcp-server-serra|mcp-server-card-json,legacy,19,0.2.0-draft,2026-08-04
mmsebenzi-oracle.workers.dev,1,0,Absent,,error,fail,fail,error,skip,skip,skip,fail,fail,,,6,0.2.0-draft,2026-08-04
mmvdabzadclebfxyzudg.supabase.co,1,0,Absent,,fail,fail,fail,fail,skip,skip,skip,fail,fail,,,14,0.2.0-draft,2026-08-04
mnemolog.com,1,45,Discoverable,,pass,fail,fail,fail,skip,skip,skip,pass,fail,mcp-server-card-json,,14,0.2.0-draft,2026-08-04
mnemolog.pages.dev,1,45,Discoverable,,pass,fail,fail,fail,skip,skip,skip,pass,fail,mcp-server-card-json,,17,0.2.0-draft,2026-08-04
mnemom.ai,1,50,Discoverable,,pass,fail,fail,pass,fail,skip,skip,pass,pass,mcp-server-card-json,,25,0.2.0-draft,2026-08-04
mnemopay.com,1,50,Discoverable,,fail,pass,fail,fail,skip,skip,skip,pass,pass,,,21,0.2.0-draft,2026-08-04
mnemoverse.com,1,15,Text-only,,fail,fail,fail,fail,skip,skip,skip,pass,pass,,,20,0.2.0-draft,2026-08-04
mobbin.com,1,15,Text-only,,fail,fail,fail,fail,skip,skip,skip,pass,pass,,,15,0.2.0-draft,2026-08-04
mobcrm.au,1,0,Absent,,fail,fail,fail,fail,skip,skip,skip,fail,fail,,,27,0.2.0-draft,2026-08-04
mobile-text-alerts.com,1,0,Absent,,fail,fail,fail,fail,skip,skip,skip,fail,fail,,,21,0.2.0-draft,2026-08-04
mobilerun.ai,1,10,Text-only,,fail,fail,fail,fail,skip,skip,skip,pass,fail,,,16,0.2.0-draft,2026-08-04
mochipdf.com,1,70,Connectable,,fail,fail,pass,pass,pass,fail,skip,fail,fail,,modern,18,0.2.0-draft,2026-08-04
mock-server.com,1,15,Text-only,,fail,fail,fail,fail,skip,skip,skip,pass,pass,,,14,0.2.0-draft,2026-08-04
mockbird.workers.dev,1,0,Absent,,error,fail,fail,error,skip,skip,skip,fail,fail,,,6,0.2.0-draft,2026-08-04
mockd.io,1,45,Discoverable,,pass,fail,fail,fail,skip,skip,skip,pass,fail,mcp-server-card-json,,15,0.2.0-draft,2026-08-04
mockhero.dev,1,80,Connectable,,fail,fail,pass,fail,pass,pass,fail,pass,fail,,legacy,18,0.2.0-draft,2026-08-04
mockmcp.io,1,0,Absent,,fail,fail,fail,fail,skip,skip,skip,fail,fail,,,14,0.2.0-draft,2026-08-04
moddable.games,1,100,Agent-ready,,pass,fail,fail,fail,pass,pass,pass,pass,pass,mcp-json,legacy,20,0.2.0-draft,2026-08-04
model.spa,1,80,Connectable,,pass,fail,fail,fail,pass,fail,skip,pass,fail,mcp-json,legacy,18,0.2.0-draft,2026-08-04
modelmeter.xyz,1,95,Agent-ready,,fail,fail,pass,fail,pass,pass,pass,pass,fail,,legacy,19,0.2.0-draft,2026-08-04
modelpricewatch.com,1,10,Text-only,,fail,fail,fail,fail,skip,skip,skip,pass,fail,,,14,0.2.0-draft,2026-08-04
modelrunner.ai,1,15,Text-only,,fail,fail,fail,fail,skip,skip,skip,pass,pass,,,26,0.2.0-draft,2026-08-04
modelrunner.run,1,0,Absent,,fail,fail,fail,fail,skip,skip,skip,fail,fail,,,17,0.2.0-draft,2026-08-04
modelsagree.com,1,100,Agent-ready,,pass,fail,pass,fail,pass,pass,pass,pass,pass,mcp-json,legacy,19,0.2.0-draft,2026-08-04
modulos.ai,1,10,Text-only,,fail,fail,fail,fail,skip,skip,skip,pass,fail,,,25,0.2.0-draft,2026-08-04
moema.sampa.br,1,100,Agent-ready,,pass,fail,pass,fail,pass,pass,pass,pass,pass,mcp-json,legacy,21,0.2.0-draft,2026-08-04
mographr.com,1,85,Connectable,,fail,fail,pass,fail,pass,fail,skip,pass,pass,,legacy,35,0.2.0-draft,2026-08-04
moja.work,1,45,Discoverable,,pass,fail,fail,fail,skip,skip,skip,pass,fail,mcp-json|mcp-server-card-json,,15,0.2.0-draft,2026-08-04
mojalab.com,1,75,Connectable,,fail,fail,pass,fail,pass,fail,skip,fail,pass,,legacy,31,0.2.0-draft,2026-08-04
molt2meet.com,1,50,Discoverable,,pass,fail,fail,fail,fail,skip,skip,pass,pass,mcp-json|mcp-bare|mcp-server-card-json,,22,0.2.0-draft,2026-08-04
moltarch.com,1,0,Absent,,fail,fail,fail,fail,skip,skip,skip,fail,fail,,,21,0.2.0-draft,2026-08-04
moltdj.com,1,0,Absent,,error,fail,fail,error,skip,skip,skip,fail,fail,,,34,0.2.0-draft,2026-08-04
moltjobs.io,1,15,Text-only,,fail,fail,fail,fail,skip,skip,skip,pass,pass,,,14,0.2.0-draft,2026-08-04
moltravel.com,1,10,Text-only,,fail,fail,fail,fail,skip,skip,skip,pass,fail,,,29,0.2.0-draft,2026-08-04
momenticmarketing.com,1,95,Agent-ready,,pass,fail,pass,fail,pass,pass,pass,pass,fail,mcp-server-card-json,legacy,19,0.2.0-draft,2026-08-04
monday.com,1,50,Discoverable,,pass,fail,fail,pass,skip,skip,skip,pass,pass,mcp-json|mcp-server-card-json,,18,0.2.0-draft,2026-08-04
money4k.com,1,40,Discoverable,,fail,fail,fail,pass,skip,skip,skip,fail,pass,,,14,0.2.0-draft,2026-08-04
moneyyoureowed.com,1,75,Connectable,,pass,fail,pass,fail,pass,fail,skip,fail,pass,ai-catalog,legacy,21,0.2.0-draft,2026-08-04
monikaskorykow.com,1,10,Text-only,,fail,fail,fail,fail,skip,skip,skip,pass,fail,,,14,0.2.0-draft,2026-08-04
monitoring.googleapis.com,1,70,Connectable,,fail,fail,pass,pass,pass,fail,skip,fail,fail,,legacy,19,0.2.0-draft,2026-08-04
monnet.ai,1,0,Absent,,fail,fail,fail,fail,skip,skip,skip,fail,fail,,,28,0.2.0-draft,2026-08-04
monopoly-gold.com,1,0,Absent,,fail,fail,fail,fail,skip,skip,skip,fail,fail,,,17,0.2.0-draft,2026-08-04
monthsleft.netlify.app,1,0,Absent,,fail,fail,fail,fail,skip,skip,skip,fail,fail,,,27,0.2.0-draft,2026-08-04
moonlings.ai,1,70,Connectable,,fail,fail,pass,pass,pass,fail,skip,fail,fail,,legacy,22,0.2.0-draft,2026-08-04
moreright.xyz,1,15,Text-only,,fail,fail,fail,fail,skip,skip,skip,pass,pass,,,16,0.2.0-draft,2026-08-04
mosaique.info,1,5,Text-only,,fail,fail,fail,fail,skip,skip,skip,fail,pass,,,26,0.2.0-draft,2026-08-04
moss.land,1,0,Absent,,fail,fail,fail,fail,skip,skip,skip,fail,fail,,,23,0.2.0-draft,2026-08-04
mostrecommendedbooks.com,1,50,Discoverable,,pass,fail,fail,fail,skip,skip,skip,pass,pass,mcp-server-card-json,,13,0.2.0-draft,2026-08-04
motaword.com,1,15,Text-only,,fail,fail,fail,fail,skip,skip,skip,pass,pass,,,30,0.2.0-draft,2026-08-04
mote.network,1,15,Text-only,,fail,fail,fail,fail,skip,skip,skip,pass,pass,,,15,0.2.0-draft,2026-08-04
motecloud.io,1,10,Text-only,,fail,fail,fail,fail,skip,skip,skip,pass,fail,,,14,0.2.0-draft,2026-08-04
motherwise-api.onrender.com,1,70,Connectable,,fail,fail,pass,fail,pass,fail,skip,fail,fail,,legacy,32,0.2.0-draft,2026-08-04
motionspec.dev,1,85,Connectable,,fail,fail,pass,fail,pass,fail,skip,pass,pass,,legacy,21,0.2.0-draft,2026-08-04
motiontext.video,1,85,Connectable,,fail,fail,pass,pass,pass,fail,skip,pass,pass,,legacy,19,0.2.0-draft,2026-08-04
motley.nyc,1,85,Connectable,,fail,fail,pass,fail,pass,fail,skip,pass,pass,,legacy,21,0.2.0-draft,2026-08-04
motomarks.io,1,50,Discoverable,,fail,fail,fail,pass,skip,skip,skip,pass,pass,,,14,0.2.0-draft,2026-08-04
motorloop.com.au,1,5,Text-only,,fail,fail,fail,fail,skip,skip,skip,fail,pass,,,14,0.2.0-draft,2026-08-04
mowgli.ai,1,0,Absent,,fail,fail,fail,fail,skip,skip,skip,fail,fail,,,13,0.2.0-draft,2026-08-04
moxiedocs.com,1,50,Discoverable,,pass,fail,fail,pass,skip,skip,skip,pass,pass,mcp-server-card-json,,13,0.2.0-draft,2026-08-04
moxt.ai,1,5,Text-only,,fail,fail,fail,fail,skip,skip,skip,fail,pass,,,17,0.2.0-draft,2026-08-04
mozaika.design,1,15,Text-only,,fail,fail,fail,fail,skip,skip,skip,pass,pass,,,15,0.2.0-draft,2026-08-04
mozg.sh,1,50,Discoverable,,fail,fail,fail,pass,skip,skip,skip,pass,pass,,,12,0.2.0-draft,2026-08-04
mozonic.com,1,10,Text-only,,fail,fail,fail,fail,skip,skip,skip,pass,fail,,,16,0.2.0-draft,2026-08-04
mpcfintech.com,1,5,Text-only,,fail,fail,fail,fail,skip,skip,skip,fail,pass,,,15,0.2.0-draft,2026-08-04
mr-bridge.com,1,15,Text-only,,fail,fail,fail,fail,skip,skip,skip,pass,pass,,,14,0.2.0-draft,2026-08-04
mrmarket.ai,1,0,Absent,,fail,fail,fail,fail,skip,skip,skip,fail,fail,,,16,0.2.0-draft,2026-08-04
mru-oracle.com,1,15,Text-only,,fail,fail,fail,fail,skip,skip,skip,pass,pass,,,14,0.2.0-draft,2026-08-04
mtcontext.com,1,0,Absent,,fail,fail,fail,fail,skip,skip,skip,fail,fail,,,15,0.2.0-draft,2026-08-04
mtgmon.com,1,70,Connectable,,pass,fail,fail,fail,pass,fail,skip,fail,fail,mcp-json,legacy,17,0.2.0-draft,2026-08-04
mtok.market,1,80,Connectable,,fail,fail,pass,fail,pass,pass,fail,pass,fail,,legacy,19,0.2.0-draft,2026-08-04
mttrly.com,1,80,Connectable,,fail,fail,pass,pass,pass,fail,skip,pass,fail,,modern,19,0.2.0-draft,2026-08-04
mudko.com,1,50,Discoverable,,pass,fail,fail,pass,skip,skip,skip,pass,pass,mcp-server-card-json,,14,0.2.0-draft,2026-08-04
mudrex.com,1,0,Absent,,fail,fail,fail,fail,skip,skip,skip,fail,fail,,,16,0.2.0-draft,2026-08-04
muffed.ai,1,15,Text-only,,fail,fail,fail,fail,skip,skip,skip,pass,pass,,,14,0.2.0-draft,2026-08-04
mukoko.com,1,15,Text-only,,fail,fail,fail,fail,skip,skip,skip,pass,pass,,,32,0.2.0-draft,2026-08-04
mukoko.dev,1,5,Text-only,,fail,fail,fail,fail,skip,skip,skip,fail,pass,,,14,0.2.0-draft,2026-08-04
multi-bridge-mcp.vercel.app,1,0,Absent,,fail,fail,fail,fail,skip,skip,skip,fail,fail,,,26,0.2.0-draft,2026-08-04
multi-turn.ai,1,15,Text-only,,fail,fail,fail,fail,skip,skip,skip,pass,pass,,,27,0.2.0-draft,2026-08-04
multilocale.com,1,10,Text-only,,fail,fail,fail,fail,skip,skip,skip,pass,fail,,,30,0.2.0-draft,2026-08-04
multimail.dev,1,10,Text-only,,fail,fail,fail,fail,skip,skip,skip,pass,fail,,,17,0.2.0-draft,2026-08-04
multinex.ai,1,50,Discoverable,,pass,fail,fail,pass,skip,skip,skip,pass,pass,mcp-server-card-json,,17,0.2.0-draft,2026-08-04
multyplylabs.com,1,0,Absent,,fail,fail,fail,fail,skip,skip,skip,fail,fail,,,27,0.2.0-draft,2026-08-04
mumo.chat,1,10,Text-only,,fail,fail,fail,fail,skip,skip,skip,pass,fail,,,17,0.2.0-draft,2026-08-04
mundane.market,1,0,Absent,,fail,fail,fail,fail,skip,skip,skip,fail,fail,,,15,0.2.0-draft,2026-08-04
muni-dev-cost-mcp.vercel.app,1,0,Absent,,fail,fail,fail,fail,skip,skip,skip,fail,fail,,,25,0.2.0-draft,2026-08-04
munimind.com,1,5,Text-only,,fail,fail,fail,fail,skip,skip,skip,fail,pass,,,16,0.2.0-draft,2026-08-04
muninx.com,1,10,Text-only,,fail,fail,fail,fail,skip,skip,skip,pass,fail,,,17,0.2.0-draft,2026-08-04
munispot.com,1,0,Absent,,fail,fail,fail,fail,skip,skip,skip,fail,fail,,,25,0.2.0-draft,2026-08-04
muntuai.com,1,0,Absent,,fail,fail,fail,fail,skip,skip,skip,fail,fail,,,17,0.2.0-draft,2026-08-04
muovi.com.ar,1,15,Text-only,,fail,fail,fail,fail,skip,skip,skip,pass,pass,,,29,0.2.0-draft,2026-08-04
muralists.nl,1,85,Connectable,,pass,fail,pass,fail,pass,fail,skip,pass,pass,mcp-server-card-json,legacy,21,0.2.0-draft,2026-08-04
muro.chat,1,10,Text-only,,fail,fail,fail,fail,skip,skip,skip,pass,fail,,,13,0.2.0-draft,2026-08-04
murphys-laws.com,1,15,Text-only,,fail,fail,fail,fail,skip,skip,skip,pass,pass,,,13,0.2.0-draft,2026-08-04
musette.cc,1,15,Text-only,,fail,fail,fail,fail,skip,skip,skip,pass,pass,,,32,0.2.0-draft,2026-08-04
mushimushi.dev,1,0,Absent,,error,fail,fail,error,skip,skip,skip,fail,fail,,,3,0.2.0-draft,2026-08-04
music360.com.br,1,40,Discoverable,,pass,fail,fail,pass,skip,skip,skip,fail,pass,mcp-server-card-json,,16,0.2.0-draft,2026-08-04
mustertheforce.com,1,35,Discoverable,,fail,fail,fail,pass,skip,skip,skip,fail,fail,,,27,0.2.0-draft,2026-08-04
muumuu-domain.com,1,85,Connectable,,fail,fail,pass,pass,pass,fail,skip,pass,pass,,modern,25,0.2.0-draft,2026-08-04
mux.com,1,80,Connectable,,fail,fail,pass,pass,pass,fail,skip,pass,fail,,legacy,34,0.2.0-draft,2026-08-04
muzecmo.com,1,15,Text-only,,fail,fail,fail,fail,skip,skip,skip,pass,pass,,,27,0.2.0-draft,2026-08-04
my-tv-channel.com,1,85,Connectable,,fail,fail,pass,fail,pass,pass,fail,pass,pass,,legacy,22,0.2.0-draft,2026-08-04
myagentda.com,1,45,Discoverable,,pass,fail,fail,pass,fail,skip,skip,pass,fail,mcp-server-card-json,,15,0.2.0-draft,2026-08-04
myagentinbox.com,1,0,Absent,,fail,fail,fail,fail,skip,skip,skip,fail,fail,,,12,0.2.0-draft,2026-08-04
myagi.bot,1,10,Text-only,,fail,fail,fail,fail,skip,skip,skip,pass,fail,,,14,0.2.0-draft,2026-08-04
myappstoreranking.com,1,70,Connectable,,fail,fail,pass,pass,pass,fail,skip,fail,fail,,legacy,23,0.2.0-draft,2026-08-04
myarchivist.ai,1,50,Discoverable,,pass,fail,pass,pass,fail,skip,skip,pass,pass,mcp-bare,,33,0.2.0-draft,2026-08-04
mybiblecopilot.com,1,15,Text-only,,fail,fail,fail,fail,skip,skip,skip,pass,pass,,,14,0.2.0-draft,2026-08-04
mycardfolio.com,1,35,Discoverable,,pass,fail,fail,fail,fail,skip,skip,fail,fail,mcp-json,,14,0.2.0-draft,2026-08-04
mycloudclaw.com,1,50,Discoverable,,pass,fail,fail,pass,skip,skip,skip,pass,pass,mcp-json|mcp-server-card-json,,16,0.2.0-draft,2026-08-04
mydatapass.app,1,15,Text-only,,fail,fail,fail,fail,skip,skip,skip,pass,pass,,,16,0.2.0-draft,2026-08-04
mydaughteralya.com,1,80,Connectable,,pass,fail,fail,fail,pass,pass,fail,pass,fail,mcp-json|mcp-server-card-json,legacy,18,0.2.0-draft,2026-08-04
mydriverparis.com,1,50,Discoverable,,pass,fail,fail,pass,skip,skip,skip,pass,pass,mcp-json|mcp-bare,,20,0.2.0-draft,2026-08-04
mydriverparis.workers.dev,1,0,Absent,,error,fail,fail,error,skip,skip,skip,fail,fail,,,6,0.2.0-draft,2026-08-04
myfinance-mcp.com,1,50,Discoverable,,pass,fail,fail,pass,skip,skip,skip,pass,pass,mcp-server-card-json,,13,0.2.0-draft,2026-08-04
myghosts.app,1,70,Connectable,,fail,fail,pass,pass,pass,fail,skip,fail,fail,,modern,18,0.2.0-draft,2026-08-04
myhairmailtools.com,1,5,Text-only,,fail,fail,fail,fail,skip,skip,skip,fail,pass,,,16,0.2.0-draft,2026-08-04
myhuiban.com,1,100,Agent-ready,,pass,fail,pass,fail,pass,pass,pass,pass,pass,mcp-server-card-json,legacy,37,0.2.0-draft,2026-08-04
mylinedchart.com,1,10,Text-only,,fail,fail,fail,fail,skip,skip,skip,pass,fail,,,13,0.2.0-draft,2026-08-04
mylink.center,1,45,Discoverable,,fail,fail,fail,pass,skip,skip,skip,pass,fail,,,16,0.2.0-draft,2026-08-04
mymarky.ai,1,15,Text-only,,fail,fail,fail,fail,skip,skip,skip,pass,pass,,,28,0.2.0-draft,2026-08-04
mymcps.dev,1,0,Absent,,error,fail,fail,error,skip,skip,skip,fail,fail,,,3,0.2.0-draft,2026-08-04
mymcptools.com,1,15,Text-only,,fail,fail,fail,fail,skip,skip,skip,pass,pass,,,13,0.2.0-draft,2026-08-04
mynatapp.cc,1,0,Absent,,error,fail,fail,error,skip,skip,skip,fail,fail,,,31,0.2.0-draft,2026-08-04
mynextadventure.cloud,1,5,Text-only,,fail,fail,fail,fail,skip,skip,skip,fail,pass,,,18,0.2.0-draft,2026-08-04
mynto.no,1,5,Text-only,,fail,fail,fail,fail,skip,skip,skip,fail,pass,,,30,0.2.0-draft,2026-08-04
myoamigo.com,1,10,Text-only,,fail,fail,fail,fail,skip,skip,skip,pass,fail,,,27,0.2.0-draft,2026-08-04
myopc.io,1,35,Discoverable,,fail,fail,fail,pass,skip,skip,skip,fail,fail,,,18,0.2.0-draft,2026-08-04
mypayslip.lk,1,80,Connectable,,pass,fail,pass,fail,pass,fail,skip,pass,fail,mcp-server-card-json,legacy,23,0.2.0-draft,2026-08-04
myplate.food,1,15,Text-only,,fail,fail,fail,fail,skip,skip,skip,pass,pass,,,18,0.2.0-draft,2026-08-04
myriade.ai,1,15,Text-only,,fail,fail,fail,fail,skip,skip,skip,pass,pass,,,30,0.2.0-draft,2026-08-04
myrouteonline.com,1,35,Discoverable,,pass,fail,fail,fail,skip,skip,skip,fail,fail,mcp-json,,25,0.2.0-draft,2026-08-04
mysoma.space,1,0,Absent,,fail,error,fail,fail,skip,skip,skip,fail,fail,,,23,0.2.0-draft,2026-08-04
mysticapi.com,1,80,Connectable,,pass,fail,pass,fail,pass,pass,fail,pass,fail,mcp-json|mcp-bare|mcp-server-card-json,legacy,19,0.2.0-draft,2026-08-04
mystoq.com,1,50,Discoverable,,pass,fail,fail,fail,skip,skip,skip,pass,pass,mcp-json,,17,0.2.0-draft,2026-08-04
mysupermarket.com,1,0,Absent,,error,fail,fail,error,skip,skip,skip,fail,fail,,,31,0.2.0-draft,2026-08-04
mytelescope-orchestrator-mcp-amjjfcdvoa-uc.a.run.app,1,0,Absent,,fail,fail,fail,fail,skip,skip,skip,fail,fail,,,23,0.2.0-draft,2026-08-04
mytesla.io,1,85,Connectable,,pass,fail,fail,pass,pass,fail,skip,pass,pass,mcp-server-card-json,modern,20,0.2.0-draft,2026-08-04
myteslamate.com,1,0,Absent,,fail,fail,fail,fail,skip,skip,skip,fail,fail,,,35,0.2.0-draft,2026-08-04
mythsensus.com,1,15,Text-only,,fail,fail,fail,fail,skip,skip,skip,pass,pass,,,14,0.2.0-draft,2026-08-04
mzizi.dev,1,15,Text-only,,fail,fail,fail,fail,skip,skip,skip,pass,pass,,,14,0.2.0-draft,2026-08-04
n0brains.com,1,15,Text-only,,fail,fail,fail,fail,skip,skip,skip,pass,pass,,,14,0.2.0-draft,2026-08-04
n24q02m.com,1,0,Absent,,error,fail,fail,error,skip,skip,skip,fail,fail,,,5,0.2.0-draft,2026-08-04
n6k96b1ql7.execute-api.us-west-2.amazonaws.com,1,0,Absent,,fail,fail,fail,fail,skip,skip,skip,fail,fail,,,17,0.2.0-draft,2026-08-04
nahook.com,1,70,Connectable,,fail,fail,pass,pass,pass,fail,skip,fail,fail,,modern,24,0.2.0-draft,2026-08-04
naia.today,1,85,Connectable,,pass,fail,fail,pass,pass,fail,skip,pass,pass,mcp-json|mcp-server-card-json,modern,16,0.2.0-draft,2026-08-04
nakodo.dev,1,0,Absent,,fail,fail,fail,fail,skip,skip,skip,fail,fail,,,21,0.2.0-draft,2026-08-04
nalegalu.org,1,15,Text-only,,fail,fail,fail,fail,skip,skip,skip,pass,pass,,,19,0.2.0-draft,2026-08-04
namasteamerica.us,1,85,Connectable,,pass,fail,fail,fail,pass,fail,skip,pass,pass,mcp-json,legacy,26,0.2.0-draft,2026-08-04
namebrewery.com,1,80,Connectable,,pass,fail,fail,pass,pass,fail,skip,pass,fail,mcp-json,modern,26,0.2.0-draft,2026-08-04
namefi.io,1,15,Text-only,,fail,fail,fail,fail,skip,skip,skip,pass,pass,,,22,0.2.0-draft,2026-08-04
nameintel.io,1,50,Discoverable,,pass,fail,fail,fail,skip,skip,skip,pass,pass,mcp-json,,22,0.2.0-draft,2026-08-04
namemy.app,1,50,Discoverable,,pass,fail,fail,pass,skip,skip,skip,pass,pass,mcp-server-card-json,,21,0.2.0-draft,2026-08-04
namesniper.pro,1,30,Text-only,,fail,fail,pass,fail,fail,skip,skip,pass,fail,,,27,0.2.0-draft,2026-08-04
namewhisper.ai,1,50,Discoverable,,pass,fail,fail,pass,skip,skip,skip,pass,pass,mcp-json|mcp-bare|mcp-server-card-json,,22,0.2.0-draft,2026-08-04
namingsignal.com,1,85,Connectable,,fail,fail,pass,fail,pass,fail,skip,pass,pass,,modern,26,0.2.0-draft,2026-08-04
namu.ai.kr,1,0,Absent,,error,fail,fail,error,skip,skip,skip,fail,fail,,,11,0.2.0-draft,2026-08-04
nanami-astro.com,1,0,Absent,,fail,fail,fail,fail,skip,skip,skip,fail,fail,,,22,0.2.0-draft,2026-08-04
nannykeeper.com,1,10,Text-only,,fail,fail,fail,fail,skip,skip,skip,pass,fail,,,32,0.2.0-draft,2026-08-04
nanocart.io,1,0,Absent,,fail,fail,fail,fail,skip,skip,skip,fail,fail,,,22,0.2.0-draft,2026-08-04
nanocorp.app,1,0,Absent,,fail,fail,fail,fail,skip,skip,skip,fail,fail,,,22,0.2.0-draft,2026-08-04
nanostudiopro.com,1,45,Discoverable,,fail,fail,fail,pass,skip,skip,skip,pass,fail,,,24,0.2.0-draft,2026-08-04
nansen.ai,1,70,Connectable,,fail,fail,pass,fail,pass,fail,skip,fail,fail,,legacy,28,0.2.0-draft,2026-08-04
nara-tour.com,1,10,Text-only,,fail,fail,fail,fail,skip,skip,skip,pass,fail,,,21,0.2.0-draft,2026-08-04
narapallc.com,1,0,Absent,,error,fail,fail,error,skip,skip,skip,fail,fail,,,39,0.2.0-draft,2026-08-04
narrowhighway.com,1,80,Connectable,,fail,fail,pass,fail,pass,pass,fail,pass,fail,,legacy,27,0.2.0-draft,2026-08-04
naru.build,1,0,Absent,,fail,fail,fail,fail,skip,skip,skip,fail,fail,,,22,0.2.0-draft,2026-08-04
nashboard.ai,1,0,Absent,,error,fail,fail,error,skip,skip,skip,fail,fail,,,30,0.2.0-draft,2026-08-04
natgaslens.com,1,10,Text-only,,fail,fail,fail,fail,skip,skip,skip,pass,fail,,,21,0.2.0-draft,2026-08-04
nationalevacaturebank.nl,1,70,Connectable,,pass,fail,fail,fail,pass,fail,skip,fail,fail,mcp-json,legacy,35,0.2.0-draft,2026-08-04
nativeads.ai,1,70,Connectable,,fail,fail,pass,pass,pass,fail,skip,fail,fail,,legacy,31,0.2.0-draft,2026-08-04
nativesoil.dev,1,10,Text-only,,fail,fail,fail,fail,skip,skip,skip,pass,fail,,,21,0.2.0-draft,2026-08-04
nauro.ai,1,10,Text-only,,fail,fail,fail,fail,skip,skip,skip,pass,fail,,,21,0.2.0-draft,2026-08-04
nausika.app,1,0,Absent,,fail,fail,fail,fail,skip,skip,skip,fail,fail,,,22,0.2.0-draft,2026-08-04
nautaai.com,1,0,Absent,,fail,fail,fail,fail,skip,skip,skip,fail,fail,,,21,0.2.0-draft,2026-08-04
navigrants.eu,1,45,Discoverable,,pass,fail,fail,fail,skip,skip,skip,pass,fail,mcp-server-card-json,,32,0.2.0-draft,2026-08-04
navmds.com,1,10,Text-only,,fail,fail,fail,fail,skip,skip,skip,pass,fail,,,30,0.2.0-draft,2026-08-04
naxytra.com,1,0,Absent,,fail,fail,fail,fail,skip,skip,skip,fail,fail,,,22,0.2.0-draft,2026-08-04
nda-mcp-production.up.railway.app,1,35,Discoverable,,pass,fail,fail,fail,skip,skip,skip,fail,fail,mcp-bare,,29,0.2.0-draft,2026-08-04
neblla.com,1,45,Discoverable,,fail,fail,fail,pass,skip,skip,skip,pass,fail,,,23,0.2.0-draft,2026-08-04
nebula-labs.online,1,0,Absent,,fail,fail,fail,fail,skip,skip,skip,fail,fail,,,21,0.2.0-draft,2026-08-04
needhuman.ai,1,45,Discoverable,,pass,fail,fail,fail,skip,skip,skip,pass,fail,mcp-server-card-json,,20,0.2.0-draft,2026-08-04
needl.ai,1,0,Absent,,fail,fail,fail,fail,skip,skip,skip,fail,fail,,,22,0.2.0-draft,2026-08-04
needmoar.games,1,95,Agent-ready,,pass,fail,fail,fail,pass,pass,pass,pass,fail,mcp-json,legacy,24,0.2.0-draft,2026-08-04
nefesh.ai,1,10,Text-only,,fail,fail,fail,fail,skip,skip,skip,pass,fail,,,23,0.2.0-draft,2026-08-04
negativeev.com,1,95,Agent-ready,,pass,fail,fail,fail,pass,pass,pass,pass,fail,mcp-server-card-json,modern,23,0.2.0-draft,2026-08-04
negimaru1025.workers.dev,1,0,Absent,,error,fail,fail,error,skip,skip,skip,fail,fail,,,13,0.2.0-draft,2026-08-04
neglect.trade,1,20,Text-only,,fail,fail,pass,fail,fail,skip,skip,fail,fail,,,37,0.2.0-draft,2026-08-04
neighborly-stoat-529.eu-west-1.convex.site,1,35,Discoverable,,fail,fail,fail,pass,skip,skip,skip,fail,fail,,,29,0.2.0-draft,2026-08-04
neilpatelapi.com,1,0,Absent,,error,fail,fail,error,skip,skip,skip,fail,fail,,,28,0.2.0-draft,2026-08-04
neo4j.com,1,45,Discoverable,,pass,fail,fail,fail,fail,skip,skip,pass,fail,mcp-server-card-json,,24,0.2.0-draft,2026-08-04
neonia.io,1,10,Text-only,,fail,fail,fail,fail,skip,skip,skip,pass,fail,,,20,0.2.0-draft,2026-08-04
neosyn.io,1,0,Absent,,fail,fail,fail,fail,skip,skip,skip,fail,fail,,,17,0.2.0-draft,2026-08-04
nerdydata.com,1,0,Absent,,fail,fail,fail,fail,skip,skip,skip,fail,fail,,,20,0.2.0-draft,2026-08-04
nervousmachine.com,1,0,Absent,,fail,fail,fail,fail,skip,skip,skip,fail,fail,,,17,0.2.0-draft,2026-08-04
nesimplicity.com,1,10,Text-only,,fail,fail,fail,fail,skip,skip,skip,pass,fail,,,20,0.2.0-draft,2026-08-04
nestegg.money,1,95,Agent-ready,,pass,fail,fail,fail,pass,pass,pass,pass,fail,mcp-json,legacy,20,0.2.0-draft,2026-08-04
nestr.io,1,45,Discoverable,,pass,fail,fail,pass,skip,skip,skip,pass,fail,mcp-server-card-json,,18,0.2.0-draft,2026-08-04
netbrainis.co.za,1,0,Absent,,error,fail,fail,error,skip,skip,skip,fail,fail,,,37,0.2.0-draft,2026-08-04
netdata.cloud,1,10,Text-only,,fail,fail,fail,fail,skip,skip,skip,pass,fail,,,28,0.2.0-draft,2026-08-04
netentropyscore.com,1,90,Agent-ready,,fail,fail,pass,fail,pass,pass,pass,fail,pass,,legacy,22,0.2.0-draft,2026-08-04
netgrant.ca,1,90,Agent-ready,,pass,fail,pass,fail,pass,pass,pass,fail,pass,mcp-json,legacy,23,0.2.0-draft,2026-08-04
netify.co.uk,1,15,Text-only,,fail,fail,fail,fail,skip,skip,skip,pass,pass,,,16,0.2.0-draft,2026-08-04
netzhandwerker.de,1,15,Text-only,,fail,fail,fail,fail,skip,skip,skip,pass,pass,,,27,0.2.0-draft,2026-08-04
neural-graph-mapper-mcp.vercel.app,1,0,Absent,,fail,fail,fail,fail,skip,skip,skip,fail,fail,,,27,0.2.0-draft,2026-08-04
neuralbrain.ai,1,10,Text-only,,fail,fail,fail,fail,skip,skip,skip,pass,fail,,,27,0.2.0-draft,2026-08-04
neurall.io,1,0,Absent,,fail,fail,fail,fail,skip,skip,skip,fail,fail,,,15,0.2.0-draft,2026-08-04
neurarelay.com,1,10,Text-only,,fail,fail,fail,skip,skip,skip,skip,pass,fail,,,21,0.2.0-draft,2026-08-04
neurodock.org,1,0,Absent,,fail,fail,fail,fail,skip,skip,skip,fail,fail,,,16,0.2.0-draft,2026-08-04
neuroflash.com,1,35,Discoverable,,fail,fail,fail,pass,skip,skip,skip,fail,fail,,,18,0.2.0-draft,2026-08-04
neuron.ng,1,5,Text-only,,fail,fail,fail,fail,skip,skip,skip,fail,pass,,,16,0.2.0-draft,2026-08-04
neuronik.io,1,5,Text-only,,fail,fail,fail,fail,skip,skip,skip,fail,pass,,,14,0.2.0-draft,2026-08-04
neuronsearchlab.com,1,0,Absent,,fail,fail,fail,fail,skip,skip,skip,fail,fail,,,28,0.2.0-draft,2026-08-04
neurorank.app,1,80,Connectable,,pass,fail,pass,fail,pass,fail,skip,pass,fail,mcp-json,legacy,37,0.2.0-draft,2026-08-04
neurostack.sh,1,0,Absent,,fail,fail,fail,fail,skip,skip,skip,fail,fail,,,22,0.2.0-draft,2026-08-04
neus.network,1,15,Text-only,,fail,fail,fail,fail,skip,skip,skip,pass,pass,,,16,0.2.0-draft,2026-08-04
nevent.ai,1,15,Text-only,,fail,fail,fail,fail,skip,skip,skip,pass,pass,,,16,0.2.0-draft,2026-08-04
nevlo.io,1,80,Connectable,,fail,fail,pass,pass,pass,fail,skip,pass,fail,,modern,32,0.2.0-draft,2026-08-04
new.test,1,0,Absent,,error,fail,fail,error,skip,skip,skip,fail,fail,,,3,0.2.0-draft,2026-08-04
newmexicoliteracyproject.org,1,15,Text-only,,fail,fail,fail,fail,skip,skip,skip,pass,pass,,,15,0.2.0-draft,2026-08-04
newrelic.com,1,10,Text-only,,fail,fail,fail,fail,skip,skip,skip,pass,fail,,,17,0.2.0-draft,2026-08-04
newscatcherapi.com,1,10,Text-only,,fail,fail,fail,fail,skip,skip,skip,pass,fail,,,25,0.2.0-draft,2026-08-04
newsflash.sh,1,0,Absent,,error,fail,fail,error,skip,skip,skip,fail,fail,,,29,0.2.0-draft,2026-08-04
newsgurus.ai,1,0,Absent,,fail,fail,fail,fail,skip,skip,skip,fail,fail,,,39,0.2.0-draft,2026-08-04
newsmind.app,1,35,Discoverable,,fail,fail,fail,pass,skip,skip,skip,fail,fail,,,15,0.2.0-draft,2026-08-04
newtqnia.com,1,45,Discoverable,,fail,fail,fail,pass,skip,skip,skip,pass,fail,,,15,0.2.0-draft,2026-08-04
newzai.ai,1,15,Text-only,,fail,fail,fail,fail,skip,skip,skip,pass,pass,,,16,0.2.0-draft,2026-08-04
nexaaly.com,1,10,Text-only,,fail,fail,fail,fail,skip,skip,skip,pass,fail,,,14,0.2.0-draft,2026-08-04
nexalink.co,1,50,Discoverable,,fail,fail,fail,pass,skip,skip,skip,pass,pass,,,13,0.2.0-draft,2026-08-04
nexatron.io,1,50,Discoverable,,fail,fail,fail,pass,skip,skip,skip,pass,pass,,,16,0.2.0-draft,2026-08-04
nexbid.dev,1,85,Connectable,,pass,fail,pass,fail,pass,fail,skip,pass,pass,mcp-json,legacy,23,0.2.0-draft,2026-08-04
nexez.ai,1,5,Text-only,,fail,fail,fail,fail,skip,skip,skip,fail,pass,,,18,0.2.0-draft,2026-08-04
nexez.app,1,50,Discoverable,,pass,fail,fail,fail,skip,skip,skip,pass,pass,mcp-json,,14,0.2.0-draft,2026-08-04
nexly.to,1,80,Connectable,,fail,fail,pass,pass,pass,fail,skip,pass,fail,,modern,19,0.2.0-draft,2026-08-04
nexsus.com.au,1,0,Absent,,error,fail,fail,error,skip,skip,skip,fail,fail,,,37,0.2.0-draft,2026-08-04
nexterait.com.br,1,0,Absent,,error,fail,fail,error,skip,skip,skip,fail,fail,,,6,0.2.0-draft,2026-08-04
nextjobz.com.bd,1,70,Connectable,,fail,fail,pass,fail,pass,fail,skip,fail,fail,,legacy,22,0.2.0-draft,2026-08-04
nextrole.site,1,10,Text-only,,fail,fail,fail,fail,skip,skip,skip,pass,fail,,,13,0.2.0-draft,2026-08-04
nexus-api-lab.com,1,0,Absent,,fail,fail,fail,fail,skip,skip,skip,fail,fail,,,15,0.2.0-draft,2026-08-04
nexus-zero.xyz,1,0,Absent,,error,fail,fail,error,skip,skip,skip,fail,fail,,,26,0.2.0-draft,2026-08-04
nexusforge.tools,1,15,Text-only,,fail,fail,fail,fail,skip,skip,skip,pass,pass,,,15,0.2.0-draft,2026-08-04
nexusquantum.legal,1,15,Text-only,,fail,fail,fail,fail,skip,skip,skip,pass,pass,,,17,0.2.0-draft,2026-08-04
nexustoken.ai,1,0,Absent,,fail,fail,fail,fail,skip,skip,skip,fail,fail,,,17,0.2.0-draft,2026-08-04
nflmcp.com,1,10,Text-only,,skip,fail,fail,skip,skip,skip,skip,pass,fail,,,15,0.2.0-draft,2026-08-04
nft-floor-x402-production.up.railway.app,1,0,Absent,,fail,fail,fail,fail,skip,skip,skip,fail,fail,,,27,0.2.0-draft,2026-08-04
nft-metadata-production.up.railway.app,1,0,Absent,,fail,fail,fail,fail,skip,skip,skip,fail,fail,,,27,0.2.0-draft,2026-08-04
nft-metadata-x402-production.up.railway.app,1,0,Absent,,fail,fail,fail,fail,skip,skip,skip,fail,fail,,,27,0.2.0-draft,2026-08-04
nhaultcoeur.workers.dev,1,0,Absent,,error,fail,fail,error,skip,skip,skip,fail,fail,,,6,0.2.0-draft,2026-08-04
nicheangle.com,1,100,Agent-ready,,pass,fail,pass,pass,pass,pass,pass,pass,pass,mcp-json,legacy,20,0.2.0-draft,2026-08-04
nichedata.dev,1,80,Connectable,,pass,fail,fail,fail,pass,fail,skip,pass,fail,mcp-json,legacy,21,0.2.0-draft,2026-08-04
nifra.dev,1,10,Text-only,,fail,fail,fail,fail,skip,skip,skip,pass,fail,,,17,0.2.0-draft,2026-08-04
niftypm.com,1,15,Text-only,,fail,fail,fail,fail,skip,skip,skip,pass,pass,,,17,0.2.0-draft,2026-08-04
nightwatch-v1-api.onrender.com,1,95,Agent-ready,,fail,fail,pass,fail,pass,pass,pass,pass,fail,,legacy,32,0.2.0-draft,2026-08-04
nikhilkulkarni1755.com,1,5,Text-only,,fail,fail,fail,fail,skip,skip,skip,fail,pass,,,16,0.2.0-draft,2026-08-04
nimistu.ee,1,45,Discoverable,,pass,fail,fail,fail,skip,skip,skip,pass,fail,mcp-server-card-json,,13,0.2.0-draft,2026-08-04
ninar.ai,1,0,Absent,,error,fail,fail,error,skip,skip,skip,fail,fail,,,3,0.2.0-draft,2026-08-04
ninelayer.in,1,15,Text-only,,fail,fail,fail,fail,skip,skip,skip,pass,pass,,,21,0.2.0-draft,2026-08-04
nineoneninetwo.com.br,1,0,Absent,,error,error,fail,error,skip,skip,skip,fail,fail,,,26,0.2.0-draft,2026-08-04
ninox.com.ar,1,10,Text-only,,fail,fail,fail,fail,skip,skip,skip,pass,fail,,,30,0.2.0-draft,2026-08-04
nip.io,1,0,Absent,,fail,fail,fail,fail,skip,skip,skip,fail,fail,,,14,0.2.0-draft,2026-08-04
nippy.host,1,10,Text-only,,fail,fail,fail,fail,skip,skip,skip,pass,fail,,,15,0.2.0-draft,2026-08-04
nipregon.pl,1,15,Text-only,,fail,fail,fail,fail,skip,skip,skip,pass,pass,,,14,0.2.0-draft,2026-08-04
nirvanahq.com,1,70,Connectable,,pass,fail,pass,pass,pass,fail,skip,fail,fail,mcp-server-card-json,modern,34,0.2.0-draft,2026-08-04
nitrosend.com,1,45,Discoverable,,fail,pass,fail,fail,skip,skip,skip,pass,fail,,,17,0.2.0-draft,2026-08-04
nivelrisk.com,1,10,Text-only,,fail,fail,fail,fail,skip,skip,skip,pass,fail,,,29,0.2.0-draft,2026-08-04
nlarqk54pr464oxhmozxd2sc6e0pkdrd.lambda-url.eu-central-1.on.aws,1,0,Absent,,fail,fail,fail,fail,skip,skip,skip,fail,fail,,,27,0.2.0-draft,2026-08-04
nlqdb.com,1,50,Discoverable,,pass,fail,fail,fail,skip,skip,skip,pass,pass,ai-catalog,,16,0.2.0-draft,2026-08-04
no-shell-agent-architect-mcp.vercel.app,1,80,Connectable,,fail,fail,pass,fail,pass,fail,skip,pass,fail,,legacy,32,0.2.0-draft,2026-08-04
nobleblocks.com,1,15,Text-only,,fail,fail,fail,fail,skip,skip,skip,pass,pass,,,16,0.2.0-draft,2026-08-04
nocrash.io,1,10,Text-only,,fail,fail,fail,fail,skip,skip,skip,pass,fail,,,17,0.2.0-draft,2026-08-04
nocticas.com,1,0,Absent,,fail,fail,fail,fail,skip,skip,skip,fail,fail,,,14,0.2.0-draft,2026-08-04
nocturnus.ai,1,0,Absent,,fail,fail,fail,fail,skip,skip,skip,fail,fail,,,14,0.2.0-draft,2026-08-04
node-core-firstlineaiis.replit.app,1,0,Absent,,fail,fail,fail,fail,skip,skip,skip,fail,fail,,,27,0.2.0-draft,2026-08-04
nodecel.com,1,40,Discoverable,,fail,fail,fail,pass,skip,skip,skip,fail,pass,,,17,0.2.0-draft,2026-08-04
nodeproxy-production.up.railway.app,1,35,Discoverable,,pass,fail,fail,fail,skip,skip,skip,fail,fail,mcp-json,,27,0.2.0-draft,2026-08-04
noderooms.com,1,80,Connectable,,pass,fail,pass,fail,pass,fail,skip,pass,fail,mcp-json,legacy,19,0.2.0-draft,2026-08-04
noemic.app,1,80,Connectable,,fail,fail,pass,fail,pass,fail,skip,pass,fail,,legacy,19,0.2.0-draft,2026-08-04
noesisapi.dev,1,15,Text-only,,fail,fail,fail,fail,skip,skip,skip,pass,pass,,,14,0.2.0-draft,2026-08-04
nohumans.directory,1,95,Agent-ready,,fail,fail,pass,fail,pass,pass,pass,pass,fail,,legacy,20,0.2.0-draft,2026-08-04
nohumans.shop,1,45,Discoverable,,fail,fail,fail,pass,skip,skip,skip,pass,fail,,,14,0.2.0-draft,2026-08-04
nomadforecast.com,1,50,Discoverable,,pass,fail,fail,pass,skip,skip,skip,pass,pass,mcp-json,,15,0.2.0-draft,2026-08-04
nomado24.de,1,15,Text-only,,fail,fail,fail,fail,skip,skip,skip,pass,pass,,,26,0.2.0-draft,2026-08-04
nomadstays.com,1,5,Text-only,,fail,fail,fail,fail,skip,skip,skip,fail,pass,,,28,0.2.0-draft,2026-08-04
nombrio.com,1,85,Connectable,,fail,fail,pass,fail,pass,fail,skip,pass,pass,,legacy,22,0.2.0-draft,2026-08-04
nomnaviet.com,1,70,Connectable,,fail,fail,pass,fail,pass,fail,skip,fail,fail,,legacy,20,0.2.0-draft,2026-08-04
non-blockscholes.com,1,0,Absent,,error,fail,fail,error,skip,skip,skip,fail,fail,,,3,0.2.0-draft,2026-08-04
noogat.app,1,15,Text-only,,fail,fail,fail,fail,skip,skip,skip,pass,pass,,,15,0.2.0-draft,2026-08-04
noon-ai.dyndns-server.com,1,35,Discoverable,,pass,fail,fail,pass,skip,skip,skip,fail,fail,mcp-server-card-json,,14,0.2.0-draft,2026-08-04
noonbarbari.xyz,1,95,Agent-ready,,fail,fail,pass,fail,pass,pass,pass,pass,fail,,legacy,20,0.2.0-draft,2026-08-04
nordax.ai,1,50,Discoverable,,pass,fail,pass,fail,fail,skip,skip,pass,pass,mcp-json,,34,0.2.0-draft,2026-08-04
nordic-data-mcp-production.up.railway.app,1,0,Absent,,fail,fail,fail,fail,skip,skip,skip,fail,fail,,,27,0.2.0-draft,2026-08-04
nordicdata.cloud,1,10,Text-only,,fail,fail,fail,fail,skip,skip,skip,pass,fail,,,15,0.2.0-draft,2026-08-04
nordsynk.se,1,15,Text-only,,fail,fail,fail,fail,skip,skip,skip,pass,pass,,,16,0.2.0-draft,2026-08-04
norman.finance,1,10,Text-only,,fail,fail,fail,fail,skip,skip,skip,pass,fail,,,17,0.2.0-draft,2026-08-04
normatia.com,1,0,Absent,,fail,fail,fail,fail,skip,skip,skip,fail,fail,,,19,0.2.0-draft,2026-08-04
normhyra.ai,1,85,Connectable,,fail,fail,pass,fail,pass,fail,skip,pass,pass,,legacy,21,0.2.0-draft,2026-08-04
norric.io,1,0,Absent,,fail,fail,fail,fail,skip,skip,skip,fail,fail,,,17,0.2.0-draft,2026-08-04
northtide.workers.dev,1,0,Absent,,error,fail,fail,error,skip,skip,skip,fail,fail,,,6,0.2.0-draft,2026-08-04
northwestern.edu,1,0,Absent,,fail,fail,fail,fail,skip,skip,skip,fail,fail,,,27,0.2.0-draft,2026-08-04
norvstar.com,1,5,Text-only,,fail,fail,fail,fail,skip,skip,skip,fail,pass,,,25,0.2.0-draft,2026-08-04
norynta-mcp.vercel.app,1,0,Absent,,fail,fail,fail,fail,skip,skip,skip,fail,fail,,,26,0.2.0-draft,2026-08-04
norynta.com,1,45,Discoverable,,fail,fail,fail,pass,skip,skip,skip,pass,fail,,,16,0.2.0-draft,2026-08-04
noseforleads.com,1,80,Connectable,,pass,fail,fail,pass,pass,fail,skip,pass,fail,mcp-json,modern,32,0.2.0-draft,2026-08-04
nostos.market,1,100,Agent-ready,,fail,fail,pass,fail,pass,pass,pass,pass,pass,,legacy,21,0.2.0-draft,2026-08-04
notcve.org,1,40,Discoverable,,fail,fail,fail,pass,skip,skip,skip,fail,pass,,,13,0.2.0-draft,2026-08-04
note-mcp.vercel.app,1,0,Absent,,fail,fail,fail,fail,skip,skip,skip,fail,fail,,,26,0.2.0-draft,2026-08-04
noteboxd.com,1,85,Connectable,,fail,fail,pass,pass,pass,fail,skip,pass,pass,,modern,34,0.2.0-draft,2026-08-04
noteit-mcp.com,1,40,Discoverable,,fail,fail,fail,pass,skip,skip,skip,fail,pass,,,28,0.2.0-draft,2026-08-04
notepad.page,1,50,Discoverable,,pass,fail,fail,pass,skip,skip,skip,pass,pass,mcp-server-card-json,,17,0.2.0-draft,2026-08-04
notesbridge.vercel.app,1,35,Discoverable,,fail,fail,fail,pass,skip,skip,skip,fail,fail,,,26,0.2.0-draft,2026-08-04
notfair.co,1,50,Discoverable,,fail,fail,fail,pass,skip,skip,skip,pass,pass,,,14,0.2.0-draft,2026-08-04
nothumansearch.ai,1,50,Discoverable,,pass,fail,fail,fail,skip,skip,skip,pass,pass,mcp-json,,14,0.2.0-draft,2026-08-04
notion.com,1,85,Connectable,,pass,fail,fail,pass,pass,fail,skip,pass,pass,mcp-json,modern,34,0.2.0-draft,2026-08-04
notsy.com.mx,1,0,Absent,,fail,fail,fail,fail,skip,skip,skip,fail,fail,,,17,0.2.0-draft,2026-08-04
nourishvedha.com,1,45,Discoverable,,fail,fail,fail,pass,skip,skip,skip,pass,fail,,,14,0.2.0-draft,2026-08-04
nousulabs.workers.dev,1,0,Absent,,error,fail,fail,error,skip,skip,skip,fail,fail,,,6,0.2.0-draft,2026-08-04
novacal.io,1,10,Text-only,,fail,fail,fail,fail,skip,skip,skip,pass,fail,,,17,0.2.0-draft,2026-08-04
novelmcp.top,1,0,Absent,,fail,fail,fail,fail,skip,skip,skip,fail,fail,,,14,0.2.0-draft,2026-08-04
novence.ai,1,15,Text-only,,fail,fail,fail,fail,skip,skip,skip,pass,pass,,,17,0.2.0-draft,2026-08-04
novtriq.tech,1,85,Connectable,,fail,fail,pass,fail,pass,pass,fail,pass,pass,,legacy,23,0.2.0-draft,2026-08-04
novumos.app,1,10,Text-only,,fail,fail,fail,fail,skip,skip,skip,pass,fail,,,14,0.2.0-draft,2026-08-04
nowah.xyz,1,5,Text-only,,fail,error,fail,fail,skip,skip,skip,fail,pass,,,11,0.2.0-draft,2026-08-04
nowen.ai,1,10,Text-only,,fail,fail,fail,fail,skip,skip,skip,pass,fail,,,16,0.2.0-draft,2026-08-04
nowline.io,1,0,Absent,,fail,fail,fail,fail,skip,skip,skip,fail,fail,,,15,0.2.0-draft,2026-08-04
nowpattern.com,1,50,Discoverable,,pass,fail,fail,fail,skip,skip,skip,pass,pass,ai-catalog|mcp-json,,16,0.2.0-draft,2026-08-04
npledger.com,1,50,Discoverable,,fail,fail,fail,pass,skip,skip,skip,pass,pass,,,17,0.2.0-draft,2026-08-04
npm-package-ws-has-241560546-w-production.up.railway.app,1,0,Absent,,fail,fail,fail,fail,skip,skip,skip,fail,fail,,,26,0.2.0-draft,2026-08-04
npmscan.com,1,10,Text-only,,fail,fail,fail,fail,skip,skip,skip,pass,fail,,,13,0.2.0-draft,2026-08-04
nsgoods.org,1,0,Absent,,error,fail,fail,error,skip,skip,skip,fail,fail,,,3,0.2.0-draft,2026-08-04
nslookup.io,1,80,Connectable,,fail,fail,pass,pass,pass,fail,skip,pass,fail,,legacy,36,0.2.0-draft,2026-08-04
ntop.com,1,0,Absent,,fail,fail,fail,fail,skip,skip,skip,fail,fail,,,27,0.2.0-draft,2026-08-04
nttzen.cloud,1,0,Absent,,error,fail,fail,error,skip,skip,skip,fail,fail,,,3,0.2.0-draft,2026-08-04
nublson.com,1,85,Connectable,,pass,fail,pass,fail,pass,pass,fail,pass,pass,mcp-json|mcp-server-card-json,modern,18,0.2.0-draft,2026-08-04
nuboohub.com,1,50,Discoverable,,pass,fail,fail,fail,skip,skip,skip,pass,pass,mcp-server-card-json,,18,0.2.0-draft,2026-08-04
nucleusos.dev,1,5,Text-only,,fail,fail,fail,fail,skip,skip,skip,fail,pass,,,14,0.2.0-draft,2026-08-04
nudg3.ai,1,15,Text-only,,fail,fail,fail,fail,skip,skip,skip,pass,pass,,,28,0.2.0-draft,2026-08-04
nuepeople.com,1,10,Text-only,,fail,fail,fail,fail,skip,skip,skip,pass,fail,,,25,0.2.0-draft,2026-08-04
nukez.xyz,1,0,Absent,,fail,fail,fail,fail,skip,skip,skip,fail,fail,,,17,0.2.0-draft,2026-08-04
nullary.ai,1,85,Connectable,,fail,fail,pass,fail,pass,fail,skip,pass,pass,,legacy,22,0.2.0-draft,2026-08-04
nullcone.ai,1,0,Absent,,fail,fail,fail,fail,skip,skip,skip,fail,fail,,,16,0.2.0-draft,2026-08-04
nullpath.com,1,0,Absent,,fail,fail,fail,fail,skip,skip,skip,fail,fail,,,14,0.2.0-draft,2026-08-04
numbers-counseling-sub-emperor.trycloudflare.com,1,0,Absent,,error,fail,fail,error,skip,skip,skip,fail,fail,,,3,0.2.0-draft,2026-08-04
numbers.online,1,10,Text-only,,fail,fail,fail,fail,skip,skip,skip,pass,fail,,,17,0.2.0-draft,2026-08-04
numbru.com,1,15,Text-only,,fail,fail,fail,fail,skip,skip,skip,pass,pass,,,13,0.2.0-draft,2026-08-04
numbru.workers.dev,1,0,Absent,,error,fail,fail,error,skip,skip,skip,fail,fail,,,6,0.2.0-draft,2026-08-04
numeratica.com,1,70,Connectable,,fail,fail,pass,fail,pass,pass,fail,fail,fail,,legacy,34,0.2.0-draft,2026-08-04
numertel.pl,1,15,Text-only,,fail,fail,fail,fail,skip,skip,skip,pass,pass,,,13,0.2.0-draft,2026-08-04
numproof.com,1,0,Absent,,fail,fail,fail,fail,skip,skip,skip,fail,fail,,,14,0.2.0-draft,2026-08-04
nuria.one,1,15,Text-only,,fail,fail,fail,fail,skip,skip,skip,pass,pass,,,17,0.2.0-draft,2026-08-04
nursinghomedatabase.com,1,5,Text-only,,fail,fail,fail,fail,skip,skip,skip,fail,pass,,,30,0.2.0-draft,2026-08-04
nusii.com,1,10,Text-only,,fail,fail,fail,fail,skip,skip,skip,pass,fail,,,14,0.2.0-draft,2026-08-04
nutrition-mcp.com,1,45,Discoverable,,fail,fail,fail,pass,skip,skip,skip,pass,fail,,,12,0.2.0-draft,2026-08-04
nuzur.com,1,15,Text-only,,fail,fail,fail,fail,skip,skip,skip,pass,pass,,,18,0.2.0-draft,2026-08-04
nvidia.com,1,15,Text-only,,fail,fail,fail,fail,skip,skip,skip,pass,pass,,,31,0.2.0-draft,2026-08-04
nvoip.com.br,1,10,Text-only,,fail,fail,fail,fail,skip,skip,skip,pass,fail,,,27,0.2.0-draft,2026-08-04
nyc-property-intel-production.up.railway.app,1,0,Absent,,fail,fail,fail,fail,skip,skip,skip,fail,fail,,,26,0.2.0-draft,2026-08-04
nycrestaurantweek.app,1,80,Connectable,,fail,fail,pass,fail,pass,fail,skip,pass,fail,,legacy,22,0.2.0-draft,2026-08-04
nymbo.net,1,0,Absent,,fail,fail,fail,fail,skip,skip,skip,fail,fail,,,15,0.2.0-draft,2026-08-04
nyu.edu,1,5,Text-only,,fail,fail,fail,fail,skip,skip,skip,fail,pass,,,29,0.2.0-draft,2026-08-04
nyuchi.com,1,50,Discoverable,,pass,fail,fail,fail,skip,skip,skip,pass,pass,mcp-server-card-json,,31,0.2.0-draft,2026-08-04
nyx-intelligence.com,1,0,Absent,,fail,fail,fail,fail,skip,skip,skip,fail,fail,,,13,0.2.0-draft,2026-08-04
nyxory.com,1,10,Text-only,,fail,fail,fail,fail,skip,skip,skip,pass,fail,,,21,0.2.0-draft,2026-08-04
nzxplorer.co.nz,1,15,Text-only,,fail,fail,fail,error,skip,skip,skip,pass,pass,,,21,0.2.0-draft,2026-08-04
o11r.com,1,0,Absent,,fail,fail,fail,fail,skip,skip,skip,fail,fail,,,14,0.2.0-draft,2026-08-04
oakallow.io,1,15,Text-only,,fail,fail,fail,fail,skip,skip,skip,pass,pass,,,27,0.2.0-draft,2026-08-04
oasdiff.com,1,95,Agent-ready,,fail,fail,pass,fail,pass,pass,pass,pass,fail,,modern,35,0.2.0-draft,2026-08-04
oathlayer.com,1,5,Text-only,,fail,fail,fail,fail,skip,skip,skip,fail,pass,,,17,0.2.0-draft,2026-08-04
oathready.ca,1,80,Connectable,,fail,fail,pass,fail,pass,fail,skip,pass,fail,,legacy,25,0.2.0-draft,2026-08-04
obaron.ai,1,0,Absent,,error,fail,fail,error,skip,skip,skip,fail,fail,,,5,0.2.0-draft,2026-08-04
obfus.link,1,10,Text-only,,fail,fail,fail,fail,skip,skip,skip,pass,fail,,,16,0.2.0-draft,2026-08-04
objekt.sh,1,80,Connectable,,fail,fail,pass,fail,pass,fail,skip,pass,fail,,modern,23,0.2.0-draft,2026-08-04
obligationsign.com,1,75,Connectable,,pass,fail,pass,fail,pass,fail,skip,fail,pass,mcp-server-card-json,modern,22,0.2.0-draft,2026-08-04
oblique.markets,1,10,Text-only,,error,fail,fail,fail,skip,skip,skip,pass,fail,,,31,0.2.0-draft,2026-08-04
obol-mcp.fly.dev,1,0,Absent,,error,fail,fail,error,skip,skip,skip,fail,fail,,,5,0.2.0-draft,2026-08-04
obol-x402.fly.dev,1,0,Absent,,error,fail,fail,error,skip,skip,skip,fail,fail,,,5,0.2.0-draft,2026-08-04
obolpay.xyz,1,0,Absent,,error,fail,fail,error,skip,skip,skip,fail,fail,,,5,0.2.0-draft,2026-08-04
obot.ai,1,10,Text-only,,fail,fail,fail,fail,skip,skip,skip,pass,fail,,,23,0.2.0-draft,2026-08-04
obris.ai,1,0,Absent,,fail,fail,fail,fail,skip,skip,skip,fail,fail,,,16,0.2.0-draft,2026-08-04
obriym-crm.com,1,95,Agent-ready,,fail,fail,pass,pass,pass,pass,pass,pass,fail,,modern,22,0.2.0-draft,2026-08-04
obsideo.io,1,10,Text-only,,fail,fail,fail,fail,skip,skip,skip,pass,fail,,,16,0.2.0-draft,2026-08-04
obsidianri.com,1,10,Text-only,,fail,fail,fail,fail,skip,skip,skip,pass,fail,,,18,0.2.0-draft,2026-08-04
obsmetrics.com,1,0,Absent,,fail,fail,fail,fail,skip,skip,skip,fail,fail,,,15,0.2.0-draft,2026-08-04
obto.co,1,35,Discoverable,,fail,fail,fail,pass,skip,skip,skip,fail,fail,,,23,0.2.0-draft,2026-08-04
occam.fit,1,15,Text-only,,fail,fail,fail,fail,skip,skip,skip,pass,pass,,,15,0.2.0-draft,2026-08-04
ochinimus.app,1,0,Absent,,fail,fail,fail,fail,skip,skip,skip,fail,fail,,,15,0.2.0-draft,2026-08-04
ocr-extract-x402-production.up.railway.app,1,0,Absent,,fail,fail,fail,fail,skip,skip,skip,fail,fail,,,28,0.2.0-draft,2026-08-04
octo-dock.com,1,0,Absent,,fail,fail,fail,fail,skip,skip,skip,fail,fail,,,15,0.2.0-draft,2026-08-04
octodamus.com,1,15,Text-only,,fail,fail,fail,fail,skip,skip,skip,pass,pass,,,29,0.2.0-draft,2026-08-04
octolens.com,1,50,Discoverable,,pass,fail,fail,fail,skip,skip,skip,pass,pass,mcp-json,,20,0.2.0-draft,2026-08-04
octopad.app,1,0,Absent,,fail,fail,fail,fail,skip,skip,skip,fail,fail,,,29,0.2.0-draft,2026-08-04
octoparse.com,1,10,Text-only,,fail,fail,fail,fail,skip,skip,skip,pass,fail,,,31,0.2.0-draft,2026-08-04
octoperf.com,1,0,Absent,,fail,fail,fail,fail,skip,skip,skip,fail,fail,,,16,0.2.0-draft,2026-08-04
octotrip.app,1,70,Connectable,,pass,fail,fail,fail,pass,fail,skip,fail,fail,mcp-json,legacy,24,0.2.0-draft,2026-08-04
oddsockets.ai,1,0,Absent,,fail,fail,fail,fail,skip,skip,skip,fail,fail,,,22,0.2.0-draft,2026-08-04
odei.ai,1,85,Connectable,,fail,fail,pass,fail,pass,pass,fail,pass,pass,,legacy,22,0.2.0-draft,2026-08-04
odyssey365.app,1,0,Absent,,fail,fail,fail,fail,skip,skip,skip,fail,fail,,,15,0.2.0-draft,2026-08-04
oecd-mcp-server.onrender.com,1,0,Absent,,fail,fail,fail,fail,skip,skip,skip,fail,fail,,,51,0.2.0-draft,2026-08-04
oeradio.at,1,15,Text-only,,fail,fail,fail,fail,skip,skip,skip,pass,pass,,,18,0.2.0-draft,2026-08-04
offensive360.com,1,15,Text-only,,fail,fail,fail,fail,skip,skip,skip,pass,pass,,,14,0.2.0-draft,2026-08-04
offerhopper.ai,1,80,Connectable,,pass,fail,pass,fail,pass,fail,skip,pass,fail,mcp-json,legacy,23,0.2.0-draft,2026-08-04
offnadir-delta.com,1,50,Discoverable,,fail,fail,fail,pass,skip,skip,skip,pass,pass,,,13,0.2.0-draft,2026-08-04
offsite.ee,1,10,Text-only,,fail,fail,fail,fail,skip,skip,skip,pass,fail,,,16,0.2.0-draft,2026-08-04
ofia.app,1,80,Connectable,,fail,fail,pass,fail,pass,fail,skip,pass,fail,,modern,18,0.2.0-draft,2026-08-04
ofixio.es,1,5,Text-only,,fail,fail,fail,fail,skip,skip,skip,fail,pass,,,27,0.2.0-draft,2026-08-04
oga-mcp.onrender.com,1,0,Absent,,fail,fail,fail,fail,skip,skip,skip,fail,fail,,,27,0.2.0-draft,2026-08-04
ohio-business-storefront.onrender.com,1,10,Text-only,,fail,fail,fail,fail,skip,skip,skip,pass,fail,,,27,0.2.0-draft,2026-08-04
ohmyfin.ai,1,15,Text-only,,fail,fail,fail,fail,skip,skip,skip,pass,pass,,,16,0.2.0-draft,2026-08-04
ohmyposh.dev,1,100,Agent-ready,,pass,fail,fail,fail,pass,pass,pass,pass,pass,mcp-json,legacy,18,0.2.0-draft,2026-08-04
ohmywind.fr,1,0,Absent,,fail,fail,fail,fail,skip,skip,skip,fail,fail,,,16,0.2.0-draft,2026-08-04
oioioi.ai,1,70,Connectable,,fail,fail,pass,pass,pass,fail,skip,fail,fail,,modern,33,0.2.0-draft,2026-08-04
okahu.co,1,0,Absent,,fail,fail,fail,fail,skip,skip,skip,fail,fail,,,18,0.2.0-draft,2026-08-04
okareo.com,1,50,Discoverable,,pass,fail,fail,fail,skip,skip,skip,pass,pass,mcp-json,,15,0.2.0-draft,2026-08-04
okdocai.com,1,45,Discoverable,,fail,fail,fail,pass,skip,skip,skip,pass,fail,,,26,0.2.0-draft,2026-08-04
okrstud.io,1,15,Text-only,,fail,fail,fail,fail,skip,skip,skip,pass,pass,,,15,0.2.0-draft,2026-08-04
oksigenia.com,1,10,Text-only,,fail,fail,fail,fail,skip,skip,skip,pass,fail,,,14,0.2.0-draft,2026-08-04
oktopus.lat,1,85,Connectable,,pass,fail,pass,pass,pass,fail,skip,pass,pass,mcp-json,modern,36,0.2.0-draft,2026-08-04
okunkoneosa.fi,1,85,Connectable,,pass,fail,pass,fail,pass,fail,skip,pass,pass,mcp-json|mcp-server-card-json,legacy,18,0.2.0-draft,2026-08-04
olane.com,1,0,Absent,,fail,fail,fail,fail,skip,skip,skip,fail,fail,,,15,0.2.0-draft,2026-08-04
oldcarsdata.com,1,10,Text-only,,fail,fail,fail,fail,skip,skip,skip,pass,fail,,,15,0.2.0-draft,2026-08-04
oleander.dev,1,45,Discoverable,,fail,fail,fail,pass,skip,skip,skip,pass,fail,,,14,0.2.0-draft,2026-08-04
olefutebol.com.br,1,100,Agent-ready,,pass,fail,pass,fail,pass,pass,pass,pass,pass,mcp-json,legacy,38,0.2.0-draft,2026-08-04
olympus-bets.com,1,50,Discoverable,,pass,fail,fail,fail,skip,skip,skip,pass,pass,mcp-json|mcp-server-card-json,,25,0.2.0-draft,2026-08-04
olyport.com,1,5,Text-only,,fail,fail,fail,fail,skip,skip,skip,fail,pass,,,17,0.2.0-draft,2026-08-04
omardev.xyz,1,15,Text-only,,fail,fail,fail,fail,skip,skip,skip,pass,pass,,,17,0.2.0-draft,2026-08-04
omfang.io,1,0,Absent,,fail,fail,fail,fail,skip,skip,skip,fail,fail,,,15,0.2.0-draft,2026-08-04
omnarai.vercel.app,1,100,Agent-ready,,fail,fail,pass,fail,pass,pass,pass,pass,pass,,legacy,32,0.2.0-draft,2026-08-04
omnidim.io,1,80,Connectable,,pass,fail,pass,pass,pass,fail,skip,pass,fail,mcp-bare|mcp-server-card-json,modern,20,0.2.0-draft,2026-08-04
omniology-engine.fly.dev,1,0,Absent,,fail,fail,fail,fail,skip,skip,skip,fail,fail,,,14,0.2.0-draft,2026-08-04
omnioracle.workers.dev,1,0,Absent,,error,fail,fail,error,skip,skip,skip,fail,fail,,,6,0.2.0-draft,2026-08-04
omnys.com,1,0,Absent,,error,fail,fail,error,skip,skip,skip,fail,fail,,,38,0.2.0-draft,2026-08-04
onboard.io,1,10,Text-only,,fail,fail,fail,fail,skip,skip,skip,pass,fail,,,15,0.2.0-draft,2026-08-04
onbrightsite.com,1,45,Discoverable,,fail,fail,fail,pass,skip,skip,skip,pass,fail,,,16,0.2.0-draft,2026-08-04
onchain-ai.xyz,1,0,Absent,,fail,fail,fail,fail,skip,skip,skip,fail,fail,,,30,0.2.0-draft,2026-08-04
onchainagentintel.io,1,10,Text-only,,fail,fail,fail,fail,skip,skip,skip,pass,fail,,,15,0.2.0-draft,2026-08-04
onchainalphamcp.link,1,0,Absent,,error,fail,fail,error,skip,skip,skip,fail,fail,,,5,0.2.0-draft,2026-08-04
onchaindiligence.com,1,70,Connectable,,fail,fail,pass,fail,pass,fail,skip,fail,fail,,legacy,23,0.2.0-draft,2026-08-04
oncofiles.com,1,15,Text-only,,fail,fail,fail,fail,skip,skip,skip,pass,pass,,,25,0.2.0-draft,2026-08-04
onehaus.app,1,45,Discoverable,,pass,fail,fail,fail,skip,skip,skip,pass,fail,ai-catalog,,17,0.2.0-draft,2026-08-04
oneheartesim.com,1,10,Text-only,,fail,fail,fail,fail,skip,skip,skip,pass,fail,,,17,0.2.0-draft,2026-08-04
onekash.org,1,35,Discoverable,,fail,pass,fail,fail,skip,skip,skip,fail,fail,,,14,0.2.0-draft,2026-08-04
onelasso.com,1,0,Absent,,fail,fail,fail,fail,skip,skip,skip,fail,fail,,,14,0.2.0-draft,2026-08-04
onelens.cloud,1,0,Absent,,error,fail,fail,error,skip,skip,skip,fail,fail,,,6,0.2.0-draft,2026-08-04
onelore.ai,1,35,Discoverable,,fail,fail,fail,pass,skip,skip,skip,fail,fail,,,18,0.2.0-draft,2026-08-04
onepagecrm.com,1,0,Absent,,fail,fail,fail,fail,skip,skip,skip,fail,fail,,,26,0.2.0-draft,2026-08-04
oneprism.io,1,15,Text-only,,fail,fail,fail,fail,skip,skip,skip,pass,pass,,,14,0.2.0-draft,2026-08-04
oneqaz.com,1,0,Absent,,fail,fail,fail,fail,skip,skip,skip,fail,fail,,,15,0.2.0-draft,2026-08-04
oneschema.co,1,10,Text-only,,fail,fail,fail,fail,skip,skip,skip,pass,fail,,,29,0.2.0-draft,2026-08-04
oneshotpacks.com,1,10,Text-only,,fail,fail,fail,fail,skip,skip,skip,pass,fail,,,14,0.2.0-draft,2026-08-04
onesource.io,1,80,Connectable,,fail,fail,pass,fail,pass,fail,skip,pass,fail,,legacy,22,0.2.0-draft,2026-08-04
onikora.com,1,0,Absent,,fail,fail,fail,fail,skip,skip,skip,fail,fail,,,14,0.2.0-draft,2026-08-04
onkernel.com,1,0,Absent,,fail,fail,fail,fail,skip,skip,skip,fail,fail,,,18,0.2.0-draft,2026-08-04
onlineshippingcalculator.com,1,95,Agent-ready,,fail,fail,pass,fail,pass,pass,pass,pass,fail,,legacy,16,0.2.0-draft,2026-08-04
onlyharness.com,1,70,Connectable,,fail,fail,pass,fail,pass,fail,skip,fail,fail,,legacy,19,0.2.0-draft,2026-08-04
onlyoffice.com,1,0,Absent,,fail,fail,fail,fail,skip,skip,skip,fail,fail,,,17,0.2.0-draft,2026-08-04
onlyworlds.com,1,75,Connectable,,fail,fail,pass,fail,pass,fail,skip,fail,pass,,legacy,36,0.2.0-draft,2026-08-04
onplana.com,1,15,Text-only,,fail,fail,fail,fail,skip,skip,skip,pass,pass,,,15,0.2.0-draft,2026-08-04
ontarioprotocol.com,1,50,Discoverable,,pass,fail,fail,fail,fail,skip,skip,pass,pass,mcp-json|mcp-server-card-json,,16,0.2.0-draft,2026-08-04
ontoramp-decision-intelligence.fly.dev,1,70,Connectable,,pass,fail,pass,fail,pass,fail,skip,fail,fail,mcp-server-card-json,modern,18,0.2.0-draft,2026-08-04
ontoramp-graph-query.fly.dev,1,70,Connectable,,pass,fail,pass,fail,pass,fail,skip,fail,fail,mcp-server-card-json,modern,18,0.2.0-draft,2026-08-04
ontoramp-knowledge-cartographer.fly.dev,1,70,Connectable,,pass,fail,pass,fail,pass,fail,skip,fail,fail,mcp-server-card-json,modern,18,0.2.0-draft,2026-08-04
ontoramp-transformation-radar.fly.dev,1,0,Absent,,error,fail,fail,error,skip,skip,skip,fail,fail,,,37,0.2.0-draft,2026-08-04
ontoramp.com,1,80,Connectable,,pass,fail,pass,fail,pass,fail,skip,pass,fail,mcp-json,modern,22,0.2.0-draft,2026-08-04
onvibe.run,1,70,Connectable,,fail,fail,pass,pass,pass,fail,skip,fail,fail,,legacy,22,0.2.0-draft,2026-08-04
onyx-actions.onrender.com,1,45,Discoverable,,fail,fail,fail,pass,skip,skip,skip,pass,fail,,,28,0.2.0-draft,2026-08-04
onzero.ai,1,70,Connectable,,fail,fail,pass,pass,pass,fail,skip,fail,fail,,modern,30,0.2.0-draft,2026-08-04
oobeprotocol.ai,1,0,Absent,,fail,fail,fail,fail,skip,skip,skip,fail,fail,,,25,0.2.0-draft,2026-08-04
ootworacle.com,1,50,Discoverable,,pass,fail,fail,fail,skip,skip,skip,pass,pass,mcp-json,,27,0.2.0-draft,2026-08-04
op0.workers.dev,1,0,Absent,,error,fail,fail,error,skip,skip,skip,fail,fail,,,6,0.2.0-draft,2026-08-04
opchain.dev,1,80,Connectable,,pass,fail,pass,fail,pass,pass,fail,pass,fail,ai-catalog|mcp-json,legacy,18,0.2.0-draft,2026-08-04
opedd.com,1,15,Text-only,,fail,fail,fail,fail,skip,skip,skip,pass,pass,,,17,0.2.0-draft,2026-08-04
open-and-async.com,1,10,Text-only,,fail,fail,fail,fail,skip,skip,skip,pass,fail,,,14,0.2.0-draft,2026-08-04
open.video,1,0,Absent,,fail,fail,fail,fail,skip,skip,skip,fail,fail,,,16,0.2.0-draft,2026-08-04
openaccountants.com,1,0,Absent,,error,fail,fail,error,skip,skip,skip,fail,fail,,,38,0.2.0-draft,2026-08-04
openaeo.dev,1,15,Text-only,,fail,fail,fail,fail,skip,skip,skip,pass,pass,,,13,0.2.0-draft,2026-08-04
openaffiliate.dev,1,10,Text-only,,fail,fail,fail,fail,skip,skip,skip,pass,fail,,,13,0.2.0-draft,2026-08-04
openagenda.com,1,70,Connectable,,fail,fail,pass,pass,pass,fail,skip,fail,fail,,modern,29,0.2.0-draft,2026-08-04
openagreements.ai,1,95,Agent-ready,,pass,fail,pass,fail,pass,pass,pass,pass,fail,mcp-json|mcp-bare|mcp-server-card-json,legacy,40,0.2.0-draft,2026-08-04
openagreements.org,1,95,Agent-ready,,pass,fail,pass,fail,pass,pass,pass,pass,fail,mcp-json|mcp-bare|mcp-server-card-json,legacy,22,0.2.0-draft,2026-08-04
openai.com,1,0,Absent,,fail,fail,fail,fail,skip,skip,skip,fail,fail,,,15,0.2.0-draft,2026-08-04
openakashic.com,1,0,Absent,,fail,fail,fail,fail,skip,skip,skip,fail,fail,,,15,0.2.0-draft,2026-08-04
openalpha.app,1,0,Absent,,skip,fail,fail,skip,skip,skip,skip,skip,fail,,,6,0.2.0-draft,2026-08-04
openarchieven.nl,1,0,Absent,,fail,fail,fail,fail,skip,skip,skip,fail,fail,,,31,0.2.0-draft,2026-08-04
openarx.ai,1,0,Absent,,fail,fail,fail,fail,skip,skip,skip,fail,fail,,,17,0.2.0-draft,2026-08-04
openaso.ai,1,10,Text-only,,fail,fail,fail,fail,skip,skip,skip,pass,fail,,,16,0.2.0-draft,2026-08-04
openbrowser.me,1,0,Absent,,fail,fail,fail,fail,skip,skip,skip,fail,fail,,,14,0.2.0-draft,2026-08-04
openbsp.dev,1,0,Absent,,fail,fail,fail,fail,skip,skip,skip,fail,fail,,,14,0.2.0-draft,2026-08-04
openbudget.sh,1,10,Text-only,,fail,fail,fail,fail,skip,skip,skip,pass,fail,,,27,0.2.0-draft,2026-08-04
opencapital.sh,1,10,Text-only,,skip,fail,fail,skip,skip,skip,skip,pass,fail,,,14,0.2.0-draft,2026-08-04
opencaselaw.ch,1,15,Text-only,,fail,fail,fail,fail,skip,skip,skip,pass,pass,,,17,0.2.0-draft,2026-08-04
openchainbench.com,1,15,Text-only,,fail,fail,fail,fail,skip,skip,skip,pass,pass,,,17,0.2.0-draft,2026-08-04
openclaw.direct,1,80,Connectable,,pass,fail,pass,pass,pass,fail,skip,pass,fail,server-card-endpoint-relative|mcp-json|mcp-server-card-json,modern,21,0.2.0-draft,2026-08-04
openclip.app,1,80,Connectable,,pass,fail,fail,pass,pass,fail,skip,pass,fail,mcp-json|mcp-server-card-json,modern,16,0.2.0-draft,2026-08-04
opencovenant.org,1,80,Connectable,,fail,fail,pass,fail,pass,fail,skip,pass,fail,,legacy,22,0.2.0-draft,2026-08-04
opencrater.to,1,95,Agent-ready,,fail,fail,pass,fail,pass,pass,pass,pass,fail,,legacy,19,0.2.0-draft,2026-08-04
opendata.cat,1,45,Discoverable,,pass,fail,fail,fail,skip,skip,skip,pass,fail,mcp-server-card-json,,16,0.2.0-draft,2026-08-04
opendealer.app,1,50,Discoverable,,pass,fail,fail,fail,skip,skip,skip,pass,pass,mcp-bare,,17,0.2.0-draft,2026-08-04
openfab-22100483453.us-central1.run.app,1,80,Connectable,,pass,fail,fail,fail,pass,fail,skip,pass,fail,ai-catalog|mcp-json,legacy,32,0.2.0-draft,2026-08-04
openfeature.dev,1,0,Absent,,fail,fail,fail,fail,skip,skip,skip,fail,fail,,,14,0.2.0-draft,2026-08-04
openhelm.ai,1,15,Text-only,,fail,fail,fail,fail,skip,skip,skip,pass,pass,,,16,0.2.0-draft,2026-08-04
openheritage.online,1,40,Discoverable,,pass,fail,fail,fail,skip,skip,skip,fail,pass,mcp-server-card-json,,14,0.2.0-draft,2026-08-04
openhousecopilot.com,1,15,Text-only,,fail,fail,fail,fail,skip,skip,skip,pass,pass,,,17,0.2.0-draft,2026-08-04
openlmnp.fr,1,0,Absent,,fail,fail,fail,fail,skip,skip,skip,fail,fail,,,14,0.2.0-draft,2026-08-04
openmandate.ai,1,10,Text-only,,fail,fail,fail,fail,skip,skip,skip,pass,fail,,,17,0.2.0-draft,2026-08-04
openmedici.com,1,80,Connectable,,pass,fail,pass,fail,pass,fail,skip,pass,fail,mcp-server-card-json,legacy,19,0.2.0-draft,2026-08-04
openpost.social,1,5,Text-only,,fail,fail,fail,fail,skip,skip,skip,fail,pass,,,14,0.2.0-draft,2026-08-04
openqr.uk,1,95,Agent-ready,,fail,fail,pass,fail,pass,pass,pass,pass,fail,,legacy,19,0.2.0-draft,2026-08-04
openshorts.app,1,85,Connectable,,fail,fail,pass,fail,pass,fail,skip,pass,pass,,modern,35,0.2.0-draft,2026-08-04
openstanding.org,1,80,Connectable,,pass,fail,fail,fail,pass,fail,skip,pass,fail,mcp-json,legacy,18,0.2.0-draft,2026-08-04
openswissdata.com,1,0,Absent,,fail,fail,fail,fail,skip,skip,skip,fail,fail,,,31,0.2.0-draft,2026-08-04
opentweet.io,1,85,Connectable,,pass,fail,pass,fail,pass,fail,skip,pass,pass,mcp-json,modern,20,0.2.0-draft,2026-08-04
openunfurl.vercel.app,1,85,Connectable,,fail,fail,pass,fail,pass,pass,pass,fail,fail,,legacy,32,0.2.0-draft,2026-08-04
openvan.camp,1,50,Discoverable,,pass,fail,fail,pass,skip,skip,skip,pass,pass,mcp-server-card-json,,14,0.2.0-draft,2026-08-04
openworkdays.vercel.app,1,85,Connectable,,fail,fail,pass,fail,pass,pass,pass,fail,fail,,legacy,32,0.2.0-draft,2026-08-04
operandi.cc,1,10,Text-only,,fail,fail,fail,fail,skip,skip,skip,pass,fail,,,15,0.2.0-draft,2026-08-04
ophis.fi,1,100,Agent-ready,,pass,fail,fail,fail,pass,pass,pass,pass,pass,mcp-json,legacy,23,0.2.0-draft,2026-08-04
opinly.ai,1,10,Text-only,,fail,fail,fail,fail,skip,skip,skip,pass,fail,,,16,0.2.0-draft,2026-08-04
opneclaw.cn,1,50,Discoverable,,pass,fail,fail,fail,fail,skip,skip,pass,pass,mcp-json|mcp-server-card-json,,20,0.2.0-draft,2026-08-04
opplevagent.no,1,50,Discoverable,,pass,fail,fail,fail,skip,skip,skip,pass,pass,mcp-json|mcp-server-card-json,,15,0.2.0-draft,2026-08-04
opsera.dev,1,0,Absent,,error,fail,fail,error,skip,skip,skip,fail,fail,,,3,0.2.0-draft,2026-08-04
opsera.io,1,0,Absent,,fail,fail,fail,fail,skip,skip,skip,fail,fail,,,16,0.2.0-draft,2026-08-04
opslevel.com,1,10,Text-only,,fail,fail,fail,fail,skip,skip,skip,pass,fail,,,22,0.2.0-draft,2026-08-04
opsmill.com,1,10,Text-only,,fail,fail,fail,fail,skip,skip,skip,pass,fail,,,14,0.2.0-draft,2026-08-04
optiai.me,1,85,Connectable,,fail,fail,pass,pass,pass,fail,skip,pass,pass,,modern,18,0.2.0-draft,2026-08-04
optimly.ai,1,15,Text-only,,fail,fail,fail,fail,skip,skip,skip,pass,pass,,,15,0.2.0-draft,2026-08-04
optionsahoy.com,1,50,Discoverable,,pass,fail,fail,fail,skip,skip,skip,pass,pass,mcp-json,,15,0.2.0-draft,2026-08-04
optionsanalysissuite.com,1,0,Absent,,fail,fail,fail,fail,skip,skip,skip,fail,fail,,,40,0.2.0-draft,2026-08-04
optionsbell.com,1,80,Connectable,,pass,fail,pass,pass,pass,fail,skip,pass,fail,mcp-server-card-json,legacy,18,0.2.0-draft,2026-08-04
opula.io,1,50,Discoverable,,fail,fail,fail,pass,skip,skip,skip,pass,pass,,,14,0.2.0-draft,2026-08-04
opus-growth.com,1,80,Connectable,,fail,fail,pass,pass,pass,fail,skip,pass,fail,,modern,19,0.2.0-draft,2026-08-04
opus.pro,1,80,Connectable,,pass,fail,pass,pass,pass,fail,skip,pass,fail,ai-catalog,modern,35,0.2.0-draft,2026-08-04
opuslog.vercel.app,1,35,Discoverable,,fail,fail,fail,pass,skip,skip,skip,fail,fail,,,26,0.2.0-draft,2026-08-04
opzyai.com,1,10,Text-only,,fail,fail,fail,fail,skip,skip,skip,pass,fail,,,25,0.2.0-draft,2026-08-04
oracle.com,1,0,Absent,,fail,fail,fail,fail,skip,skip,skip,fail,fail,,,27,0.2.0-draft,2026-08-04
oracles-production.up.railway.app,1,80,Connectable,,fail,fail,pass,fail,pass,fail,skip,pass,fail,,legacy,32,0.2.0-draft,2026-08-04
orangepeel.to,1,50,Discoverable,,pass,fail,fail,fail,fail,skip,skip,pass,pass,mcp-json|mcp-server-card-json,,14,0.2.0-draft,2026-08-04
orangepro.ai,1,0,Absent,,fail,fail,fail,fail,skip,skip,skip,fail,fail,,,16,0.2.0-draft,2026-08-04
oravan.org,1,10,Text-only,,fail,fail,fail,fail,skip,skip,skip,pass,fail,,,16,0.2.0-draft,2026-08-04
orbator.io,1,10,Text-only,,fail,fail,fail,fail,skip,skip,skip,pass,fail,,,22,0.2.0-draft,2026-08-04
orbiads.com,1,15,Text-only,,fail,fail,fail,fail,skip,skip,skip,pass,pass,,,16,0.2.0-draft,2026-08-04
orbisapi.com,1,0,Absent,,fail,fail,fail,fail,skip,skip,skip,fail,fail,,,27,0.2.0-draft,2026-08-04
orbismo.com,1,10,Text-only,,fail,fail,fail,fail,skip,skip,skip,pass,fail,,,14,0.2.0-draft,2026-08-04
orbit-zero-9.workers.dev,1,0,Absent,,error,fail,fail,error,skip,skip,skip,fail,fail,,,6,0.2.0-draft,2026-08-04
orbiteos.cloud,1,5,Text-only,,fail,fail,fail,fail,skip,skip,skip,fail,pass,,,29,0.2.0-draft,2026-08-04
orbt.finance,1,35,Discoverable,,fail,pass,fail,fail,skip,skip,skip,fail,fail,,,14,0.2.0-draft,2026-08-04
orbuc.io,1,5,Text-only,,fail,fail,fail,fail,skip,skip,skip,fail,pass,,,16,0.2.0-draft,2026-08-04
orchardagentic.workers.dev,1,0,Absent,,error,fail,fail,error,skip,skip,skip,fail,fail,,,6,0.2.0-draft,2026-08-04
orcool.com,1,0,Absent,,fail,fail,fail,fail,skip,skip,skip,fail,fail,,,17,0.2.0-draft,2026-08-04
orderbook-depth-x402-production.up.railway.app,1,0,Absent,,fail,fail,fail,fail,skip,skip,skip,fail,fail,,,27,0.2.0-draft,2026-08-04
oreilly.com,1,15,Text-only,,fail,fail,fail,fail,skip,skip,skip,pass,pass,,,28,0.2.0-draft,2026-08-04
organic-text-mcp.vercel.app,1,0,Absent,,fail,fail,fail,fail,skip,skip,skip,fail,fail,,,27,0.2.0-draft,2026-08-04
organicwebchecker.com,1,0,Absent,,error,fail,fail,error,skip,skip,skip,fail,fail,,,26,0.2.0-draft,2026-08-04
organikpi.com,1,50,Discoverable,,pass,fail,fail,fail,skip,skip,skip,pass,pass,mcp-server-card-json,,16,0.2.0-draft,2026-08-04
orggen.ai,1,15,Text-only,,fail,fail,fail,fail,skip,skip,skip,pass,pass,,,22,0.2.0-draft,2026-08-04
orgsdk.ai,1,0,Absent,,fail,fail,fail,fail,skip,skip,skip,fail,fail,,,14,0.2.0-draft,2026-08-04
origami-entreprises.fr,1,15,Text-only,,fail,fail,fail,fail,skip,skip,skip,pass,pass,,,17,0.2.0-draft,2026-08-04
origineparis.com,1,80,Connectable,,fail,fail,pass,pass,pass,fail,skip,pass,fail,,legacy,22,0.2.0-draft,2026-08-04
origingrid.net,1,70,Connectable,,fail,fail,pass,fail,pass,pass,fail,fail,fail,,modern,35,0.2.0-draft,2026-08-04
orionlabsone.cc,1,0,Absent,,error,fail,fail,error,skip,skip,skip,fail,fail,,,38,0.2.0-draft,2026-08-04
orioralabs.com,1,15,Text-only,,fail,fail,fail,fail,skip,skip,skip,pass,pass,,,15,0.2.0-draft,2026-08-04
orisha-data.com,1,10,Text-only,,fail,fail,fail,fail,skip,skip,skip,pass,fail,,,19,0.2.0-draft,2026-08-04
orivox.org,1,5,Text-only,,fail,fail,fail,fail,skip,skip,skip,fail,pass,,,15,0.2.0-draft,2026-08-04
orkes.io,1,0,Absent,,fail,fail,fail,fail,skip,skip,skip,fail,fail,,,16,0.2.0-draft,2026-08-04
oro-intel.com,1,10,Text-only,,fail,error,fail,fail,skip,skip,skip,pass,fail,,,15,0.2.0-draft,2026-08-04
orsf.sk,1,15,Text-only,,fail,fail,fail,fail,skip,skip,skip,pass,pass,,,15,0.2.0-draft,2026-08-04
orshot.com,1,80,Connectable,,pass,fail,fail,pass,pass,fail,skip,pass,fail,mcp-json|mcp-bare|mcp-server-card-json,modern,21,0.2.0-draft,2026-08-04
orthotomeo.app,1,10,Text-only,,fail,fail,fail,fail,skip,skip,skip,pass,fail,,,13,0.2.0-draft,2026-08-04
osamahassouna.com,1,0,Absent,,fail,fail,fail,fail,skip,skip,skip,fail,fail,,,17,0.2.0-draft,2026-08-04
osf-master-server.com,1,0,Absent,,fail,fail,fail,fail,skip,skip,skip,fail,fail,,,15,0.2.0-draft,2026-08-04
oss-intel-mcp-production.up.railway.app,1,0,Absent,,error,fail,fail,error,skip,skip,skip,fail,fail,,,39,0.2.0-draft,2026-08-04
othmen-mohammadi.workers.dev,1,0,Absent,,error,fail,fail,error,skip,skip,skip,fail,fail,,,6,0.2.0-draft,2026-08-04
ottasia.com,1,15,Text-only,,fail,fail,fail,fail,skip,skip,skip,pass,pass,,,13,0.2.0-draft,2026-08-04
ottodata.app,1,0,Absent,,fail,fail,fail,fail,skip,skip,skip,fail,fail,,,15,0.2.0-draft,2026-08-04
ottotheagent.com,1,0,Absent,,fail,fail,fail,fail,skip,skip,skip,fail,fail,,,22,0.2.0-draft,2026-08-04
ou-reports.com,1,15,Text-only,,fail,fail,fail,fail,skip,skip,skip,pass,pass,,,15,0.2.0-draft,2026-08-04
outagedeck.com,1,95,Agent-ready,,pass,fail,pass,pass,pass,pass,pass,pass,fail,mcp-json,legacy,19,0.2.0-draft,2026-08-04
outdoorithm.com,1,85,Connectable,,fail,fail,pass,fail,pass,fail,skip,pass,pass,,legacy,42,0.2.0-draft,2026-08-04
outlit.ai,1,50,Discoverable,,pass,fail,fail,fail,fail,skip,skip,pass,pass,ai-catalog,,32,0.2.0-draft,2026-08-04
outliyr.com,1,50,Discoverable,,fail,fail,fail,pass,skip,skip,skip,pass,pass,,,16,0.2.0-draft,2026-08-04
outris.com,1,5,Text-only,,fail,fail,fail,fail,skip,skip,skip,fail,pass,,,30,0.2.0-draft,2026-08-04
outscraper.com,1,70,Connectable,,fail,fail,pass,fail,pass,fail,skip,fail,fail,,modern,24,0.2.0-draft,2026-08-04
outset.ai,1,10,Text-only,,fail,fail,fail,fail,skip,skip,skip,pass,fail,,,15,0.2.0-draft,2026-08-04
overcomestress.io,1,0,Absent,,error,fail,fail,error,skip,skip,skip,fail,fail,,,34,0.2.0-draft,2026-08-04
overlayqa.com,1,15,Text-only,,fail,fail,fail,fail,skip,skip,skip,pass,pass,,,15,0.2.0-draft,2026-08-04
ovhcloud.com,1,0,Absent,,fail,fail,fail,fail,skip,skip,skip,fail,fail,,,27,0.2.0-draft,2026-08-04
ovrsea.com,1,0,Absent,,fail,fail,fail,fail,skip,skip,skip,fail,fail,,,27,0.2.0-draft,2026-08-04
owlgrouptrading.com,1,100,Agent-ready,,pass,fail,pass,fail,pass,pass,pass,pass,pass,mcp-json,legacy,19,0.2.0-draft,2026-08-04
owlx.app,1,90,Agent-ready,,fail,fail,pass,fail,pass,pass,pass,fail,pass,,legacy,18,0.2.0-draft,2026-08-04
ownership-provenance-protocol.replit.app,1,0,Absent,,fail,fail,fail,fail,skip,skip,skip,fail,fail,,,27,0.2.0-draft,2026-08-04
oxylabs.io,1,10,Text-only,,fail,fail,fail,fail,skip,skip,skip,pass,fail,,,17,0.2.0-draft,2026-08-04
oyosihxkecspjkiligga.supabase.co,1,0,Absent,,fail,fail,fail,fail,skip,skip,skip,fail,fail,,,14,0.2.0-draft,2026-08-04
ozma.app,1,15,Text-only,,fail,fail,fail,fail,skip,skip,skip,pass,pass,,,18,0.2.0-draft,2026-08-04
ozor.ai,1,10,Text-only,,fail,fail,fail,fail,skip,skip,skip,pass,fail,,,27,0.2.0-draft,2026-08-04
p7n.tech,1,70,Connectable,,fail,fail,pass,pass,pass,fail,skip,fail,fail,,modern,20,0.2.0-draft,2026-08-04
pabs.co.nz,1,35,Discoverable,,fail,fail,fail,pass,skip,skip,skip,fail,fail,,,27,0.2.0-draft,2026-08-04
packageguard-k4s4.onrender.com,1,70,Connectable,,fail,fail,pass,fail,pass,fail,skip,fail,fail,,legacy,32,0.2.0-draft,2026-08-04
packagento.com,1,85,Connectable,,pass,fail,pass,pass,pass,fail,skip,pass,pass,mcp-json|mcp-bare|mcp-server-card-json,modern,21,0.2.0-draft,2026-08-04
packagesmcp-perception-production.up.railway.app,1,0,Absent,,fail,fail,fail,fail,skip,skip,skip,fail,fail,,,27,0.2.0-draft,2026-08-04
packmind.ai,1,0,Absent,,error,fail,fail,error,skip,skip,skip,fail,fail,,,38,0.2.0-draft,2026-08-04
packrift.com,1,80,Connectable,,pass,fail,fail,pass,pass,pass,fail,pass,fail,mcp-json,legacy,24,0.2.0-draft,2026-08-04
packzoo.com,1,15,Text-only,,fail,fail,fail,fail,skip,skip,skip,pass,pass,,,16,0.2.0-draft,2026-08-04
pactlayer.io,1,10,Text-only,,fail,fail,fail,fail,skip,skip,skip,pass,fail,,,14,0.2.0-draft,2026-08-04
pactlio.com,1,15,Text-only,,fail,fail,fail,fail,skip,skip,skip,pass,pass,,,25,0.2.0-draft,2026-08-04
padel.how,1,15,Text-only,,fail,fail,fail,fail,skip,skip,skip,pass,pass,,,14,0.2.0-draft,2026-08-04
pagecrawl.io,1,85,Connectable,,fail,fail,pass,pass,pass,fail,skip,pass,pass,,modern,18,0.2.0-draft,2026-08-04
pagelens.dev,1,0,Absent,,fail,fail,fail,fail,skip,skip,skip,fail,fail,,,16,0.2.0-draft,2026-08-04
pagelensai.com,1,50,Discoverable,,fail,fail,fail,pass,skip,skip,skip,pass,pass,,,26,0.2.0-draft,2026-08-04
pagelive.io,1,45,Discoverable,,fail,fail,fail,pass,skip,skip,skip,pass,fail,,,13,0.2.0-draft,2026-08-04
paichart.app,1,45,Discoverable,,pass,fail,fail,pass,skip,skip,skip,pass,fail,mcp-json,,14,0.2.0-draft,2026-08-04
paidsync.ai,1,50,Discoverable,,pass,fail,fail,pass,skip,skip,skip,pass,pass,mcp-json|mcp-server-card-json,,17,0.2.0-draft,2026-08-04
painspotter.ai,1,15,Text-only,,fail,fail,fail,fail,skip,skip,skip,pass,pass,,,14,0.2.0-draft,2026-08-04
pairgora.com,1,0,Absent,,fail,fail,fail,fail,skip,skip,skip,fail,fail,,,13,0.2.0-draft,2026-08-04
pairoa.com,1,45,Discoverable,,fail,fail,fail,pass,skip,skip,skip,pass,fail,,,15,0.2.0-draft,2026-08-04
pak-labs.com,1,70,Connectable,,fail,fail,pass,fail,pass,pass,fail,fail,fail,,legacy,22,0.2.0-draft,2026-08-04
paladinfi.com,1,0,Absent,,fail,fail,fail,fail,skip,skip,skip,fail,fail,,,14,0.2.0-draft,2026-08-04
palatemcp.com,1,15,Text-only,,fail,fail,fail,fail,skip,skip,skip,pass,pass,,,15,0.2.0-draft,2026-08-04
palisade.email,1,15,Text-only,,fail,fail,fail,fail,skip,skip,skip,pass,pass,,,28,0.2.0-draft,2026-08-04
palmyr.ai,1,75,Connectable,,fail,fail,pass,fail,pass,fail,skip,fail,pass,,legacy,19,0.2.0-draft,2026-08-04
pandadoc.com,1,5,Text-only,,fail,fail,fail,fail,skip,skip,skip,fail,pass,,,29,0.2.0-draft,2026-08-04
pandev-metrics.com,1,10,Text-only,,fail,fail,fail,fail,skip,skip,skip,pass,fail,,,14,0.2.0-draft,2026-08-04
pangolinfo.com,1,10,Text-only,,fail,fail,fail,fail,skip,skip,skip,pass,fail,,,22,0.2.0-draft,2026-08-04
pantheon.run,1,10,Text-only,,fail,fail,fail,fail,skip,skip,skip,pass,fail,,,17,0.2.0-draft,2026-08-04
pantryaide.com,1,70,Connectable,,fail,fail,pass,pass,pass,fail,skip,fail,fail,,modern,17,0.2.0-draft,2026-08-04
pantrypersona.com,1,50,Discoverable,,pass,fail,fail,pass,skip,skip,skip,pass,pass,mcp-json|mcp-server-card-json,,28,0.2.0-draft,2026-08-04
pantts.com,1,40,Discoverable,,pass,fail,fail,pass,fail,skip,skip,fail,pass,mcp-server-card-json,,13,0.2.0-draft,2026-08-04
panya.health,1,0,Absent,,fail,fail,fail,fail,skip,skip,skip,fail,fail,,,14,0.2.0-draft,2026-08-04
papacasper.com,1,10,Text-only,,fail,fail,fail,fail,skip,skip,skip,pass,fail,,,15,0.2.0-draft,2026-08-04
papayapay.com,1,0,Absent,,fail,fail,fail,fail,skip,skip,skip,fail,fail,,,14,0.2.0-draft,2026-08-04
paperdock.dev,1,0,Absent,,fail,fail,fail,fail,skip,skip,skip,fail,fail,,,15,0.2.0-draft,2026-08-04
paperee.co.kr,1,5,Text-only,,fail,fail,fail,fail,skip,skip,skip,fail,pass,,,15,0.2.0-draft,2026-08-04
paperlantern.ai,1,0,Absent,,fail,fail,fail,fail,skip,skip,skip,fail,fail,,,30,0.2.0-draft,2026-08-04
paperlink.online,1,15,Text-only,,fail,fail,fail,fail,skip,skip,skip,pass,pass,,,32,0.2.0-draft,2026-08-04
papersflow.ai,1,15,Text-only,,skip,fail,fail,skip,skip,skip,skip,pass,pass,,,8,0.2.0-draft,2026-08-04
papertext.app,1,0,Absent,,error,fail,fail,error,skip,skip,skip,fail,fail,,,3,0.2.0-draft,2026-08-04
paraiso.sampa.br,1,100,Agent-ready,,pass,fail,pass,fail,pass,pass,pass,pass,pass,mcp-json,legacy,21,0.2.0-draft,2026-08-04
paralelo.bo,1,15,Text-only,,fail,fail,fail,fail,skip,skip,skip,pass,pass,,,15,0.2.0-draft,2026-08-04
parallaxvinc.com,1,15,Text-only,,fail,fail,fail,fail,skip,skip,skip,pass,pass,,,13,0.2.0-draft,2026-08-04
parallect.ai,1,80,Connectable,,fail,fail,pass,pass,pass,fail,skip,pass,fail,,modern,22,0.2.0-draft,2026-08-04
parallel.ai,1,0,Absent,,fail,fail,fail,fail,skip,skip,skip,fail,fail,,,17,0.2.0-draft,2026-08-04
parceled.ai,1,80,Connectable,,pass,fail,fail,pass,pass,fail,skip,pass,fail,mcp-json,modern,31,0.2.0-draft,2026-08-04
parcellaunch.com,1,100,Agent-ready,,pass,fail,pass,fail,pass,pass,pass,pass,pass,mcp-json,legacy,19,0.2.0-draft,2026-08-04
parkinzi.com,1,50,Discoverable,,pass,fail,fail,fail,skip,skip,skip,pass,pass,mcp-json,,14,0.2.0-draft,2026-08-04
parlay.run,1,10,Text-only,,fail,fail,fail,fail,skip,skip,skip,pass,fail,,,27,0.2.0-draft,2026-08-04
parse.gl,1,5,Text-only,,fail,fail,fail,fail,skip,skip,skip,fail,pass,,,15,0.2.0-draft,2026-08-04
parsebounce.com,1,10,Text-only,,fail,fail,fail,fail,skip,skip,skip,pass,fail,,,14,0.2.0-draft,2026-08-04
parsley.id,1,15,Text-only,,fail,fail,fail,fail,skip,skip,skip,pass,pass,,,25,0.2.0-draft,2026-08-04
parsons.ai,1,5,Text-only,,fail,fail,fail,fail,skip,skip,skip,fail,pass,,,14,0.2.0-draft,2026-08-04
partglyph.com,1,0,Absent,,fail,fail,fail,fail,skip,skip,skip,fail,fail,,,14,0.2.0-draft,2026-08-04
particle.pro,1,85,Connectable,,pass,fail,fail,pass,pass,fail,skip,pass,pass,mcp-server-card-json,modern,20,0.2.0-draft,2026-08-04
partreel.com,1,100,Agent-ready,,fail,fail,pass,fail,pass,pass,pass,pass,pass,,legacy,22,0.2.0-draft,2026-08-04
partstable.com,1,15,Text-only,,fail,fail,fail,fail,skip,skip,skip,pass,pass,,,18,0.2.0-draft,2026-08-04
pasal.id,1,15,Text-only,,fail,fail,fail,fail,skip,skip,skip,pass,pass,,,17,0.2.0-draft,2026-08-04
password-strength-x402-production.up.railway.app,1,0,Absent,,fail,fail,fail,fail,skip,skip,skip,fail,fail,,,27,0.2.0-draft,2026-08-04
pasteapp.io,1,10,Text-only,,fail,fail,fail,fail,skip,skip,skip,pass,fail,,,17,0.2.0-draft,2026-08-04
pastehtml.dev,1,80,Connectable,,pass,fail,fail,pass,pass,fail,skip,pass,fail,mcp-server-card-json,modern,19,0.2.0-draft,2026-08-04
pastemd.io,1,85,Connectable,,fail,fail,pass,pass,pass,fail,skip,pass,pass,,modern,19,0.2.0-draft,2026-08-04
pastepile.com,1,10,Text-only,,fail,fail,fail,fail,skip,skip,skip,pass,fail,,,25,0.2.0-draft,2026-08-04
pastesheet.com,1,50,Discoverable,,fail,fail,fail,pass,skip,skip,skip,pass,pass,,,12,0.2.0-draft,2026-08-04
pastml.com,1,35,Discoverable,,pass,fail,fail,pass,skip,skip,skip,fail,fail,mcp-server-card-json,,17,0.2.0-draft,2026-08-04
patchistry-mcp-server.vercel.app,1,35,Discoverable,,pass,fail,fail,fail,skip,skip,skip,fail,fail,mcp-json,,27,0.2.0-draft,2026-08-04
patchrooms.com,1,10,Text-only,,fail,fail,fail,fail,skip,skip,skip,pass,fail,,,14,0.2.0-draft,2026-08-04
patent-intel-mcp-production.up.railway.app,1,0,Absent,,error,fail,fail,error,skip,skip,skip,fail,fail,,,39,0.2.0-draft,2026-08-04
patent.dev,1,35,Discoverable,,fail,fail,fail,pass,skip,skip,skip,fail,fail,,,30,0.2.0-draft,2026-08-04
patentprecheck.com,1,100,Agent-ready,,fail,fail,pass,fail,pass,pass,pass,pass,pass,,legacy,19,0.2.0-draft,2026-08-04
pathbound.ai,1,10,Text-only,,fail,fail,fail,fail,skip,skip,skip,pass,fail,,,15,0.2.0-draft,2026-08-04
pathcoursehealth.com,1,0,Absent,,fail,fail,fail,fail,skip,skip,skip,fail,fail,,,15,0.2.0-draft,2026-08-04
pathin.me,1,0,Absent,,fail,fail,fail,fail,skip,skip,skip,fail,fail,,,27,0.2.0-draft,2026-08-04
pathrule.io,1,50,Discoverable,,pass,fail,fail,pass,skip,skip,skip,pass,pass,mcp-server-card-json,,30,0.2.0-draft,2026-08-04
patsnap.com,1,0,Absent,,fail,fail,fail,fail,skip,skip,skip,fail,fail,,,27,0.2.0-draft,2026-08-04
patternfetch.com,1,85,Connectable,,pass,fail,fail,pass,pass,fail,skip,pass,pass,mcp-bare,legacy,18,0.2.0-draft,2026-08-04
pawlisty.com,1,5,Text-only,,fail,fail,fail,fail,skip,skip,skip,fail,pass,,,14,0.2.0-draft,2026-08-04
paxai.app,1,10,Text-only,,fail,fail,fail,fail,skip,skip,skip,pass,fail,,,14,0.2.0-draft,2026-08-04
paycrow-app.fly.dev,1,45,Discoverable,,pass,fail,fail,fail,skip,skip,skip,pass,fail,mcp-server-card-json,,14,0.2.0-draft,2026-08-04
payflowagent.net,1,10,Text-only,,fail,fail,fail,fail,skip,skip,skip,pass,fail,,,14,0.2.0-draft,2026-08-04
payments.ai,1,15,Text-only,,fail,fail,fail,fail,skip,skip,skip,pass,pass,,,15,0.2.0-draft,2026-08-04
payotte.workers.dev,1,0,Absent,,error,fail,fail,error,skip,skip,skip,fail,fail,,,6,0.2.0-draft,2026-08-04
paypal.com,1,10,Text-only,,fail,fail,fail,fail,skip,skip,skip,pass,fail,,,32,0.2.0-draft,2026-08-04
payperbyte.io,1,10,Text-only,,fail,fail,fail,fail,skip,skip,skip,pass,fail,,,30,0.2.0-draft,2026-08-04
payram.com,1,85,Connectable,,pass,fail,pass,fail,pass,fail,skip,pass,pass,mcp-server-card-json,legacy,35,0.2.0-draft,2026-08-04
paysafe-agent.com,1,10,Text-only,,fail,fail,fail,fail,skip,skip,skip,pass,fail,,,14,0.2.0-draft,2026-08-04
pcghrrzwqshejvifoxjq.supabase.co,1,0,Absent,,fail,fail,fail,fail,skip,skip,skip,fail,fail,,,14,0.2.0-draft,2026-08-04
pdf-generator-x402-production.up.railway.app,1,0,Absent,,fail,fail,fail,fail,skip,skip,skip,fail,fail,,,27,0.2.0-draft,2026-08-04
pdf-redaction.com,1,0,Absent,,fail,fail,fail,fail,skip,skip,skip,fail,fail,,,17,0.2.0-draft,2026-08-04
pdf-tables-mcp.vercel.app,1,70,Connectable,,pass,fail,fail,fail,pass,fail,skip,fail,fail,mcp-server-card-json,modern,30,0.2.0-draft,2026-08-04
pdf2md.dev,1,50,Discoverable,,pass,fail,fail,fail,skip,skip,skip,pass,pass,mcp-json,,14,0.2.0-draft,2026-08-04
pdf4me.com,1,0,Absent,,fail,fail,fail,fail,skip,skip,skip,fail,fail,,,17,0.2.0-draft,2026-08-04
pdfassistant.ai,1,10,Text-only,,fail,fail,fail,fail,skip,skip,skip,pass,fail,,,14,0.2.0-draft,2026-08-04
pdfgate.com,1,0,Absent,,fail,fail,fail,fail,skip,skip,skip,fail,fail,,,15,0.2.0-draft,2026-08-04
pdfhaul.com,1,10,Text-only,,fail,fail,fail,fail,skip,skip,skip,pass,fail,,,27,0.2.0-draft,2026-08-04
pdfinvoiceapi.com,1,0,Absent,,skip,fail,fail,skip,skip,skip,skip,skip,fail,,,3,0.2.0-draft,2026-08-04
pdfmakerapi.com,1,0,Absent,,error,fail,fail,error,skip,skip,skip,fail,fail,,,3,0.2.0-draft,2026-08-04
pdfops.dev,1,15,Text-only,,fail,fail,fail,fail,skip,skip,skip,pass,pass,,,14,0.2.0-draft,2026-08-04
pdfrender.dev,1,85,Connectable,,fail,fail,pass,fail,pass,fail,skip,pass,pass,,legacy,24,0.2.0-draft,2026-08-04
pdfzen.site,1,15,Text-only,,fail,fail,fail,fail,skip,skip,skip,pass,pass,,,14,0.2.0-draft,2026-08-04
pearl.com,1,5,Text-only,,fail,fail,fail,fail,skip,skip,skip,fail,pass,,,30,0.2.0-draft,2026-08-04
peek.com,1,0,Absent,,fail,fail,fail,fail,skip,skip,skip,fail,fail,,,30,0.2.0-draft,2026-08-04
peeptrend.com,1,15,Text-only,,fail,fail,fail,fail,skip,skip,skip,pass,pass,,,15,0.2.0-draft,2026-08-04
peerlytics.xyz,1,15,Text-only,,fail,fail,fail,fail,skip,skip,skip,pass,pass,,,14,0.2.0-draft,2026-08-04
peerpush.com,1,50,Discoverable,,pass,fail,fail,fail,skip,skip,skip,pass,pass,mcp-server-card-json,,14,0.2.0-draft,2026-08-04
peil.app,1,15,Text-only,,fail,fail,fail,fail,skip,skip,skip,pass,pass,,,15,0.2.0-draft,2026-08-04
penantiaglobal.workers.dev,1,0,Absent,,error,fail,fail,error,skip,skip,skip,fail,fail,,,6,0.2.0-draft,2026-08-04
pencil.ink,1,0,Absent,,fail,fail,fail,fail,skip,skip,skip,fail,fail,,,19,0.2.0-draft,2026-08-04
pendia-community.workers.dev,1,0,Absent,,error,fail,fail,error,skip,skip,skip,fail,fail,,,6,0.2.0-draft,2026-08-04
penfield.app,1,5,Text-only,,fail,fail,fail,fail,skip,skip,skip,fail,pass,,,29,0.2.0-draft,2026-08-04
penlog.app,1,10,Text-only,,fail,fail,fail,fail,skip,skip,skip,pass,fail,,,16,0.2.0-draft,2026-08-04
pensiata.me,1,0,Absent,,fail,fail,fail,fail,skip,skip,skip,fail,fail,,,17,0.2.0-draft,2026-08-04
pentatrail.co,1,15,Text-only,,fail,fail,fail,fail,skip,skip,skip,pass,pass,,,15,0.2.0-draft,2026-08-04
pentest-tools.com,1,10,Text-only,,fail,fail,fail,fail,skip,skip,skip,pass,fail,,,17,0.2.0-draft,2026-08-04
pentonym.com,1,0,Absent,,fail,fail,fail,fail,skip,skip,skip,fail,fail,,,17,0.2.0-draft,2026-08-04
pepesto.com,1,70,Connectable,,fail,fail,pass,fail,pass,fail,skip,fail,fail,,legacy,34,0.2.0-draft,2026-08-04
pepita.dev,1,0,Absent,,fail,fail,fail,fail,skip,skip,skip,fail,fail,,,17,0.2.0-draft,2026-08-04
pepys.co,1,45,Discoverable,,fail,fail,fail,pass,skip,skip,skip,pass,fail,,,13,0.2.0-draft,2026-08-04
perceptdot.com,1,15,Text-only,,fail,fail,fail,fail,skip,skip,skip,pass,pass,,,17,0.2.0-draft,2026-08-04
perception.to,1,85,Connectable,,pass,fail,pass,pass,pass,fail,skip,pass,pass,mcp-json,modern,22,0.2.0-draft,2026-08-04
perch-app.workers.dev,1,0,Absent,,error,fail,fail,error,skip,skip,skip,fail,fail,,,6,0.2.0-draft,2026-08-04
percher.app,1,85,Connectable,,fail,fail,pass,pass,pass,fail,skip,pass,pass,,modern,20,0.2.0-draft,2026-08-04
perigeetides.com,1,85,Connectable,,fail,fail,pass,skip,pass,fail,skip,pass,pass,,legacy,14,0.2.0-draft,2026-08-04
periodfinder.com,1,15,Text-only,,fail,fail,fail,fail,skip,skip,skip,pass,pass,,,25,0.2.0-draft,2026-08-04
periodix.net,1,5,Text-only,,fail,fail,fail,fail,skip,skip,skip,fail,pass,,,14,0.2.0-draft,2026-08-04
periskop.ai,1,45,Discoverable,,pass,fail,fail,fail,skip,skip,skip,pass,fail,mcp-server-card-json,,16,0.2.0-draft,2026-08-04
permit-api-production-7375.up.railway.app,1,10,Text-only,,fail,fail,fail,fail,skip,skip,skip,pass,fail,,,27,0.2.0-draft,2026-08-04
perplexity.ai,1,5,Text-only,,fail,fail,fail,fail,skip,skip,skip,fail,pass,,,28,0.2.0-draft,2026-08-04
perpvue.xyz,1,70,Connectable,,fail,fail,pass,pass,pass,fail,skip,fail,fail,,modern,20,0.2.0-draft,2026-08-04
persimmonhq.com,1,100,Agent-ready,,fail,fail,pass,fail,pass,pass,pass,pass,pass,,legacy,22,0.2.0-draft,2026-08-04
persnickety.bot,1,80,Connectable,,fail,fail,pass,fail,pass,fail,skip,pass,fail,,legacy,32,0.2.0-draft,2026-08-04
person-enrichment-x402-production.up.railway.app,1,0,Absent,,fail,fail,fail,fail,skip,skip,skip,fail,fail,,,27,0.2.0-draft,2026-08-04
persona-mcp-server.onrender.com,1,0,Absent,,fail,fail,fail,fail,skip,skip,skip,fail,fail,,,27,0.2.0-draft,2026-08-04
persuadioai.com,1,75,Connectable,,fail,fail,pass,pass,pass,pass,fail,fail,pass,,legacy,21,0.2.0-draft,2026-08-04
pestprocrm.com,1,40,Discoverable,,fail,fail,fail,pass,skip,skip,skip,fail,pass,,,25,0.2.0-draft,2026-08-04
petabloom.com,1,0,Absent,,error,fail,fail,error,skip,skip,skip,fail,fail,,,3,0.2.0-draft,2026-08-04
petal.build,1,10,Text-only,,fail,fail,fail,fail,skip,skip,skip,pass,fail,,,17,0.2.0-draft,2026-08-04
petforai.com,1,15,Text-only,,fail,fail,fail,fail,skip,skip,skip,pass,pass,,,15,0.2.0-draft,2026-08-04
petraport.ai,1,0,Absent,,fail,fail,fail,fail,skip,skip,skip,fail,fail,,,17,0.2.0-draft,2026-08-04
pfx.ch,1,35,Discoverable,,fail,pass,fail,fail,skip,skip,skip,fail,fail,,,16,0.2.0-draft,2026-08-04
pga.com,1,70,Connectable,,fail,fail,pass,pass,pass,fail,skip,fail,fail,,legacy,37,0.2.0-draft,2026-08-04
phano.ai,1,50,Discoverable,,pass,fail,fail,fail,fail,skip,skip,pass,pass,mcp-server-card-json,,16,0.2.0-draft,2026-08-04
pharaoh.so,1,50,Discoverable,,pass,fail,fail,fail,skip,skip,skip,pass,pass,mcp-json,,17,0.2.0-draft,2026-08-04
phasefolio.com,1,45,Discoverable,,pass,fail,fail,fail,fail,skip,skip,pass,fail,mcp-json,,25,0.2.0-draft,2026-08-04
philadelphiarestoration.org,1,100,Agent-ready,,pass,fail,fail,fail,pass,pass,pass,pass,pass,mcp-json,legacy,21,0.2.0-draft,2026-08-04
philidor.io,1,85,Connectable,,fail,fail,pass,fail,pass,fail,skip,pass,pass,,legacy,21,0.2.0-draft,2026-08-04
philongevity.com,1,80,Connectable,,fail,fail,pass,fail,pass,fail,skip,pass,fail,,legacy,18,0.2.0-draft,2026-08-04
phishunt.io,1,45,Discoverable,,pass,fail,fail,fail,skip,skip,skip,pass,fail,mcp-server-card-json,,19,0.2.0-draft,2026-08-04
phone-mcp.com,1,35,Discoverable,,fail,fail,fail,pass,skip,skip,skip,fail,fail,,,15,0.2.0-draft,2026-08-04
phone-validation-x402-production.up.railway.app,1,0,Absent,,fail,fail,fail,fail,skip,skip,skip,fail,fail,,,27,0.2.0-draft,2026-08-04
phoslabs.io,1,5,Text-only,,fail,fail,fail,fail,skip,skip,skip,fail,pass,,,16,0.2.0-draft,2026-08-04
phronesisintel.com,1,15,Text-only,,fail,fail,fail,fail,skip,skip,skip,pass,pass,,,15,0.2.0-draft,2026-08-04
physea.ai,1,85,Connectable,,pass,fail,fail,pass,pass,fail,skip,pass,pass,mcp-server-card-json,modern,22,0.2.0-draft,2026-08-04
pi22by7.me,1,5,Text-only,,fail,fail,fail,fail,skip,skip,skip,fail,pass,,,14,0.2.0-draft,2026-08-04
picaos.com,1,5,Text-only,,fail,fail,fail,fail,skip,skip,skip,fail,pass,,,17,0.2.0-draft,2026-08-04
picdefense.io,1,10,Text-only,,fail,fail,fail,fail,skip,skip,skip,pass,fail,,,15,0.2.0-draft,2026-08-04
pickanagency.com,1,15,Text-only,,fail,fail,fail,fail,skip,skip,skip,pass,pass,,,25,0.2.0-draft,2026-08-04
pickleball3.com,1,85,Connectable,,pass,fail,fail,fail,pass,fail,skip,pass,pass,mcp-json,legacy,18,0.2.0-draft,2026-08-04
pickrate.io,1,50,Discoverable,,pass,fail,fail,pass,fail,skip,skip,pass,pass,ai-catalog|mcp-server-card-json,,14,0.2.0-draft,2026-08-04
picoads.xyz,1,85,Connectable,,pass,pass,pass,pass,pass,fail,skip,pass,pass,mcp-json|mcp-server-card-json,legacy,19,0.2.0-draft,2026-08-04
picsart.com,1,10,Text-only,,fail,fail,fail,fail,skip,skip,skip,pass,fail,,,16,0.2.0-draft,2026-08-04
picsee.io,1,100,Agent-ready,,fail,fail,pass,pass,pass,pass,pass,pass,pass,,legacy,20,0.2.0-draft,2026-08-04
pictify.io,1,0,Absent,,fail,fail,fail,fail,skip,skip,skip,fail,fail,,,16,0.2.0-draft,2026-08-04
pictomancer.ai,1,45,Discoverable,,pass,fail,fail,fail,skip,skip,skip,pass,fail,mcp-json,,20,0.2.0-draft,2026-08-04
pieterpost.com,1,35,Discoverable,,fail,fail,fail,pass,skip,skip,skip,fail,fail,,,14,0.2.0-draft,2026-08-04
pifini.net,1,0,Absent,,fail,fail,fail,fail,skip,skip,skip,fail,fail,,,13,0.2.0-draft,2026-08-04
pii-detector-x402-production.up.railway.app,1,0,Absent,,fail,fail,fail,fail,skip,skip,skip,fail,fail,,,27,0.2.0-draft,2026-08-04
pikasim.com,1,80,Connectable,,pass,fail,pass,fail,pass,fail,skip,pass,fail,mcp-json,legacy,18,0.2.0-draft,2026-08-04
pillargtm.com,1,15,Text-only,,fail,fail,fail,fail,skip,skip,skip,pass,pass,,,14,0.2.0-draft,2026-08-04
pilotgentic.com,1,0,Absent,,fail,fail,fail,fail,skip,skip,skip,fail,fail,,,13,0.2.0-draft,2026-08-04
pimea.ai,1,0,Absent,,fail,fail,fail,fail,skip,skip,skip,fail,fail,,,18,0.2.0-draft,2026-08-04
pinappai.com,1,85,Connectable,,fail,fail,pass,pass,pass,fail,skip,pass,pass,,modern,22,0.2.0-draft,2026-08-04
pinchwork.dev,1,0,Absent,,error,fail,fail,error,skip,skip,skip,fail,fail,,,51,0.2.0-draft,2026-08-04
pinelabs.com,1,15,Text-only,,fail,fail,fail,fail,skip,skip,skip,pass,pass,,,32,0.2.0-draft,2026-08-04
pinescript-mcp.fly.dev,1,35,Discoverable,,pass,fail,fail,fail,skip,skip,skip,fail,fail,mcp-server-card-json,,14,0.2.0-draft,2026-08-04
pingfyr.com,1,0,Absent,,fail,fail,fail,fail,skip,skip,skip,fail,fail,,,15,0.2.0-draft,2026-08-04
pingram.io,1,15,Text-only,,fail,fail,fail,fail,skip,skip,skip,pass,pass,,,24,0.2.0-draft,2026-08-04
pingvalid.com,1,80,Connectable,,pass,fail,pass,pass,pass,fail,skip,pass,fail,ai-catalog|mcp-server-card-json,modern,19,0.2.0-draft,2026-08-04
pingvera.com,1,10,Text-only,,fail,fail,fail,fail,skip,skip,skip,pass,fail,,,13,0.2.0-draft,2026-08-04
pingwa.dev,1,45,Discoverable,,pass,fail,fail,fail,skip,skip,skip,pass,fail,mcp-server-card-json,,14,0.2.0-draft,2026-08-04
pingzen.dev,1,45,Discoverable,,pass,fail,fail,fail,skip,skip,skip,pass,fail,mcp-server-card-json,,18,0.2.0-draft,2026-08-04
pinheiros.sampa.br,1,100,Agent-ready,,pass,fail,pass,fail,pass,pass,pass,pass,pass,mcp-json,legacy,21,0.2.0-draft,2026-08-04
pinnacleblooms.org,1,0,Absent,,fail,fail,fail,fail,skip,skip,skip,fail,fail,,,26,0.2.0-draft,2026-08-04
pinsuite.app,1,50,Discoverable,,fail,fail,fail,pass,skip,skip,skip,pass,pass,,,15,0.2.0-draft,2026-08-04
pipe2.ai,1,15,Text-only,,fail,fail,fail,fail,skip,skip,skip,pass,pass,,,17,0.2.0-draft,2026-08-04
pipeboard.co,1,50,Discoverable,,fail,fail,fail,pass,skip,skip,skip,pass,pass,,,13,0.2.0-draft,2026-08-04
pipehero.app,1,80,Connectable,,fail,fail,pass,pass,pass,pass,fail,pass,fail,,legacy,23,0.2.0-draft,2026-08-04
piqod.it,1,15,Text-only,,fail,fail,fail,fail,skip,skip,skip,pass,pass,,,16,0.2.0-draft,2026-08-04
piranha-api.onrender.com,1,0,Absent,,fail,fail,fail,fail,skip,skip,skip,fail,fail,,,27,0.2.0-draft,2026-08-04
piranha-ghcr.onrender.com,1,35,Discoverable,,pass,fail,fail,fail,skip,skip,skip,fail,fail,mcp-server-card-json,,28,0.2.0-draft,2026-08-04
pirchjobs.com,1,95,Agent-ready,,fail,fail,pass,fail,pass,pass,pass,pass,fail,,legacy,19,0.2.0-draft,2026-08-04
piszczek.pl,1,15,Text-only,,fail,fail,fail,fail,skip,skip,skip,pass,pass,,,14,0.2.0-draft,2026-08-04
pitbridge.com,1,10,Text-only,,fail,fail,fail,fail,skip,skip,skip,pass,fail,,,14,0.2.0-draft,2026-08-04
pitchcentric.com,1,75,Connectable,,fail,fail,pass,pass,pass,fail,skip,fail,pass,,modern,18,0.2.0-draft,2026-08-04
pitchdeck-auto-mcp.vercel.app,1,0,Absent,,fail,fail,fail,fail,skip,skip,skip,fail,fail,,,27,0.2.0-draft,2026-08-04
pitchghost.com,1,0,Absent,,fail,fail,fail,fail,skip,skip,skip,fail,fail,,,17,0.2.0-draft,2026-08-04
pitchiq-mcp-production.up.railway.app,1,70,Connectable,,pass,fail,fail,fail,pass,fail,skip,fail,fail,mcp-json|mcp-bare,legacy,31,0.2.0-draft,2026-08-04
piu-copy-mcp-production.up.railway.app,1,70,Connectable,,fail,fail,pass,pass,pass,fail,skip,fail,fail,,modern,31,0.2.0-draft,2026-08-04
pixeldrive.pro,1,10,Text-only,,fail,fail,fail,fail,skip,skip,skip,pass,fail,,,26,0.2.0-draft,2026-08-04
pixelgust.com,1,95,Agent-ready,,fail,fail,pass,fail,pass,pass,pass,pass,fail,,legacy,19,0.2.0-draft,2026-08-04
pixelixe.com,1,15,Text-only,,fail,fail,fail,fail,skip,skip,skip,pass,pass,,,14,0.2.0-draft,2026-08-04
pixelvault.dev,1,50,Discoverable,,pass,fail,fail,fail,skip,skip,skip,pass,pass,mcp-server-card-json,,17,0.2.0-draft,2026-08-04
pixie-vacations-mcp-production.up.railway.app,1,0,Absent,,fail,fail,fail,fail,skip,skip,skip,fail,fail,,,27,0.2.0-draft,2026-08-04
pixserp.com,1,15,Text-only,,fail,fail,fail,fail,skip,skip,skip,pass,pass,,,13,0.2.0-draft,2026-08-04
pjq.life,1,10,Text-only,,fail,fail,fail,fail,skip,skip,skip,pass,fail,,,13,0.2.0-draft,2026-08-04
pkgseek.com,1,85,Connectable,,fail,fail,pass,fail,pass,fail,skip,pass,pass,,legacy,21,0.2.0-draft,2026-08-04
placepack.top,1,85,Connectable,,pass,fail,pass,fail,pass,fail,skip,pass,pass,mcp-server-card-json,legacy,22,0.2.0-draft,2026-08-04
plainquery.in,1,0,Absent,,fail,fail,fail,fail,skip,skip,skip,fail,fail,,,16,0.2.0-draft,2026-08-04
plainsight.pro,1,15,Text-only,,fail,fail,fail,fail,skip,skip,skip,pass,pass,,,25,0.2.0-draft,2026-08-04
planable.io,1,70,Connectable,,fail,fail,pass,pass,pass,fail,skip,fail,fail,,modern,22,0.2.0-draft,2026-08-04
planexe.org,1,10,Text-only,,fail,fail,fail,fail,skip,skip,skip,pass,fail,,,16,0.2.0-draft,2026-08-04
planitprima.com,1,0,Absent,,fail,fail,fail,fail,skip,skip,skip,fail,fail,,,36,0.2.0-draft,2026-08-04
planningcenter.com,1,0,Absent,,fail,fail,fail,fail,skip,skip,skip,fail,fail,,,27,0.2.0-draft,2026-08-04
planningcenteronline.com,1,0,Absent,,skip,fail,fail,skip,skip,skip,skip,skip,fail,,,7,0.2.0-draft,2026-08-04
plantrip.io,1,100,Agent-ready,,fail,fail,pass,fail,pass,pass,pass,pass,pass,,legacy,19,0.2.0-draft,2026-08-04
planwright.tools,1,15,Text-only,,fail,fail,fail,fail,skip,skip,skip,pass,pass,,,15,0.2.0-draft,2026-08-04
plataform-connect.workers.dev,1,0,Absent,,error,fail,fail,error,skip,skip,skip,fail,fail,,,6,0.2.0-draft,2026-08-04
plate.to,1,70,Connectable,,pass,fail,fail,pass,pass,fail,skip,fail,fail,mcp-json,modern,17,0.2.0-draft,2026-08-04
plates-spread-materials-optimum.trycloudflare.com,1,0,Absent,,error,fail,fail,error,skip,skip,skip,fail,fail,,,3,0.2.0-draft,2026-08-04
platfone.com,1,10,Text-only,,fail,fail,fail,fail,skip,skip,skip,pass,fail,,,17,0.2.0-draft,2026-08-04
platform.uno,1,10,Text-only,,fail,fail,fail,fail,skip,skip,skip,pass,fail,,,28,0.2.0-draft,2026-08-04
plati.market,1,5,Text-only,,fail,fail,fail,fail,skip,skip,skip,fail,pass,,,30,0.2.0-draft,2026-08-04
playbykey.com,1,5,Text-only,,fail,fail,fail,fail,skip,skip,skip,fail,pass,,,14,0.2.0-draft,2026-08-04
playcallerapp.com,1,15,Text-only,,fail,fail,fail,fail,skip,skip,skip,pass,pass,,,14,0.2.0-draft,2026-08-04
playfrog.games,1,5,Text-only,,fail,fail,fail,fail,skip,skip,skip,fail,pass,,,17,0.2.0-draft,2026-08-04
pleaseremind.com,1,5,Text-only,,fail,fail,fail,fail,skip,skip,skip,fail,pass,,,14,0.2.0-draft,2026-08-04
plentopasto.com,1,15,Text-only,,fail,fail,fail,fail,skip,skip,skip,pass,pass,,,15,0.2.0-draft,2026-08-04
plero.ai,1,45,Discoverable,,fail,fail,skip,pass,skip,skip,skip,pass,fail,,,18,0.2.0-draft,2026-08-04
plith.ai,1,15,Text-only,,fail,fail,fail,fail,skip,skip,skip,pass,pass,,,13,0.2.0-draft,2026-08-04
plixana.com,1,45,Discoverable,,fail,fail,fail,pass,skip,skip,skip,pass,fail,,,15,0.2.0-draft,2026-08-04
ploi.cloud,1,80,Connectable,,fail,fail,pass,pass,pass,fail,skip,pass,fail,,modern,24,0.2.0-draft,2026-08-04
plori.ai,1,85,Connectable,,pass,fail,fail,pass,pass,fail,skip,pass,pass,mcp-server-card-json,modern,21,0.2.0-draft,2026-08-04
plugrail.dev,1,0,Absent,,fail,fail,fail,fail,skip,skip,skip,fail,fail,,,14,0.2.0-draft,2026-08-04
plurality.network,1,5,Text-only,,fail,fail,fail,fail,skip,skip,skip,fail,pass,,,15,0.2.0-draft,2026-08-04
plyrium.com,1,0,Absent,,fail,fail,fail,fail,skip,skip,skip,fail,fail,,,17,0.2.0-draft,2026-08-04
plyto.ai,1,45,Discoverable,,pass,fail,fail,fail,skip,skip,skip,pass,fail,mcp-server-card-json,,13,0.2.0-draft,2026-08-04
pm-33.io,1,0,Absent,,fail,fail,fail,fail,skip,skip,skip,fail,fail,,,14,0.2.0-draft,2026-08-04
pnllabs.com,1,95,Agent-ready,,fail,fail,pass,fail,pass,pass,pass,pass,fail,,legacy,21,0.2.0-draft,2026-08-04
pntr.dev,1,10,Text-only,,fail,fail,fail,fail,skip,skip,skip,pass,fail,,,14,0.2.0-draft,2026-08-04
po6.com,1,40,Discoverable,,pass,fail,fail,fail,skip,skip,skip,fail,pass,mcp-json,,17,0.2.0-draft,2026-08-04
pocketdrives.ai,1,85,Connectable,,fail,fail,pass,fail,pass,fail,skip,pass,pass,,legacy,18,0.2.0-draft,2026-08-04
podcast-shorts-a2a-production.up.railway.app,1,10,Text-only,,fail,fail,fail,fail,skip,skip,skip,pass,fail,,,28,0.2.0-draft,2026-08-04
podkitapp.com,1,0,Absent,,fail,fail,fail,fail,skip,skip,skip,fail,fail,,,14,0.2.0-draft,2026-08-04
podpast.ai,1,85,Connectable,,fail,fail,pass,pass,pass,fail,skip,pass,pass,,modern,21,0.2.0-draft,2026-08-04
podstow.app,1,0,Absent,,fail,fail,fail,fail,skip,skip,skip,fail,fail,,,16,0.2.0-draft,2026-08-04
pody.io,1,50,Discoverable,,pass,fail,fail,fail,skip,skip,skip,pass,pass,mcp-json,,14,0.2.0-draft,2026-08-04
pointifytravels.com,1,15,Text-only,,fail,fail,fail,fail,skip,skip,skip,pass,pass,,,18,0.2.0-draft,2026-08-04
pokeka.xyz,1,100,Agent-ready,,pass,fail,pass,fail,pass,pass,pass,pass,pass,mcp-json,legacy,18,0.2.0-draft,2026-08-04
pokes.dev,1,0,Absent,,fail,fail,fail,fail,skip,skip,skip,fail,fail,,,14,0.2.0-draft,2026-08-04
policyforge.co,1,45,Discoverable,,fail,fail,fail,pass,skip,skip,skip,pass,fail,,,13,0.2.0-draft,2026-08-04
policylayer.com,1,80,Connectable,,fail,fail,pass,fail,pass,fail,skip,pass,fail,,legacy,24,0.2.0-draft,2026-08-04
politicalcomms.com,1,85,Connectable,,pass,fail,pass,fail,pass,fail,skip,pass,pass,ai-catalog|mcp-json|mcp-server-card-json,legacy,28,0.2.0-draft,2026-08-04
politikdata.dk,1,70,Connectable,,fail,fail,pass,fail,pass,fail,skip,fail,fail,,legacy,23,0.2.0-draft,2026-08-04
pollar.news,1,85,Connectable,,fail,fail,pass,fail,pass,pass,fail,pass,pass,,legacy,24,0.2.0-draft,2026-08-04
pollbolt.com,1,0,Absent,,fail,fail,fail,fail,skip,skip,skip,fail,fail,,,17,0.2.0-draft,2026-08-04
polsia.app,1,0,Absent,,error,fail,fail,error,skip,skip,skip,fail,fail,,,6,0.2.0-draft,2026-08-04
polybridge.ai,1,10,Text-only,,fail,fail,fail,fail,skip,skip,skip,pass,fail,,,19,0.2.0-draft,2026-08-04
polydoc.tech,1,10,Text-only,,fail,fail,fail,fail,skip,skip,skip,pass,fail,,,20,0.2.0-draft,2026-08-04
polyglot-debugger-mcp.vercel.app,1,0,Absent,,fail,fail,fail,fail,skip,skip,skip,fail,fail,,,27,0.2.0-draft,2026-08-04
polygraph.so,1,45,Discoverable,,pass,fail,fail,fail,skip,skip,skip,pass,fail,mcp-server-card-json,,25,0.2.0-draft,2026-08-04
polymarket-intel-production.up.railway.app,1,35,Discoverable,,pass,fail,fail,fail,skip,skip,skip,fail,fail,mcp-server-card-json,,28,0.2.0-draft,2026-08-04
polystrike.xyz,1,10,Text-only,,fail,fail,fail,fail,skip,skip,skip,pass,fail,,,14,0.2.0-draft,2026-08-04
ponito.com,1,85,Connectable,,fail,fail,pass,fail,pass,pass,pass,fail,fail,,legacy,37,0.2.0-draft,2026-08-04
ponlo.ai,1,45,Discoverable,,fail,fail,fail,pass,skip,skip,skip,pass,fail,,,13,0.2.0-draft,2026-08-04
poolparty.io,1,80,Connectable,,pass,fail,pass,fail,pass,fail,skip,pass,fail,mcp-server-card-json,legacy,37,0.2.0-draft,2026-08-04
popdot.ai,1,100,Agent-ready,,pass,fail,pass,fail,pass,pass,pass,pass,pass,ai-catalog,legacy,24,0.2.0-draft,2026-08-04
pops4.com,1,100,Agent-ready,,pass,fail,pass,fail,pass,pass,pass,pass,pass,mcp-json,legacy,23,0.2.0-draft,2026-08-04
port-scanner-x402-production.up.railway.app,1,0,Absent,,fail,fail,fail,fail,skip,skip,skip,fail,fail,,,27,0.2.0-draft,2026-08-04
port.io,1,15,Text-only,,fail,fail,fail,fail,skip,skip,skip,pass,pass,,,24,0.2.0-draft,2026-08-04
portfolio-signals-mcp.fly.dev,1,0,Absent,,error,fail,fail,error,skip,skip,skip,fail,fail,,,38,0.2.0-draft,2026-08-04
portfolio.fit,1,0,Absent,,fail,fail,fail,fail,skip,skip,skip,fail,fail,,,23,0.2.0-draft,2026-08-04
portlandmaps-mcp.vercel.app,1,70,Connectable,,fail,fail,pass,fail,pass,fail,skip,fail,fail,,legacy,32,0.2.0-draft,2026-08-04
portscan.com,1,10,Text-only,,fail,fail,fail,fail,skip,skip,skip,pass,fail,,,16,0.2.0-draft,2026-08-04
pos.do,1,85,Connectable,,pass,fail,pass,fail,pass,pass,fail,pass,pass,mcp-json|mcp-server-card-json,legacy,23,0.2.0-draft,2026-08-04
poshkan.com,1,0,Absent,,fail,fail,fail,fail,skip,skip,skip,fail,fail,,,25,0.2.0-draft,2026-08-04
positif.ai,1,10,Text-only,,fail,fail,fail,fail,skip,skip,skip,pass,fail,,,14,0.2.0-draft,2026-08-04
post-bridge.com,1,35,Discoverable,,fail,fail,fail,pass,skip,skip,skip,fail,fail,,,35,0.2.0-draft,2026-08-04
post-pulse.com,1,15,Text-only,,fail,fail,fail,fail,skip,skip,skip,pass,pass,,,17,0.2.0-draft,2026-08-04
postagent.sh,1,70,Connectable,,pass,fail,fail,fail,pass,fail,skip,fail,fail,ai-catalog,legacy,20,0.2.0-draft,2026-08-04
postapp.win,1,95,Agent-ready,,fail,fail,pass,fail,pass,pass,pass,pass,fail,,legacy,21,0.2.0-draft,2026-08-04
postari.io,1,45,Discoverable,,fail,fail,fail,pass,skip,skip,skip,pass,fail,,,17,0.2.0-draft,2026-08-04
postassembly.com,1,15,Text-only,,fail,fail,fail,fail,skip,skip,skip,pass,pass,,,15,0.2.0-draft,2026-08-04
postcodeproperty.ai,1,50,Discoverable,,pass,fail,fail,fail,skip,skip,skip,pass,pass,ai-catalog,,13,0.2.0-draft,2026-08-04
postcopilot.ai,1,80,Connectable,,pass,fail,pass,fail,pass,fail,skip,pass,fail,mcp-json,legacy,19,0.2.0-draft,2026-08-04
poster.ly,1,45,Discoverable,,fail,fail,fail,pass,skip,skip,skip,pass,fail,,,38,0.2.0-draft,2026-08-04
posteverywhere.ai,1,50,Discoverable,,pass,fail,fail,pass,skip,skip,skip,pass,pass,mcp-json|mcp-server-card-json,,15,0.2.0-draft,2026-08-04
postgate-ai.com,1,0,Absent,,fail,fail,fail,fail,skip,skip,skip,fail,fail,,,16,0.2.0-draft,2026-08-04
posthell.com,1,15,Text-only,,fail,fail,fail,fail,skip,skip,skip,pass,pass,,,25,0.2.0-draft,2026-08-04
posthog.com,1,15,Text-only,,fail,fail,fail,fail,skip,skip,skip,pass,pass,,,17,0.2.0-draft,2026-08-04
postking.app,1,10,Text-only,,fail,fail,fail,fail,skip,skip,skip,pass,fail,,,15,0.2.0-draft,2026-08-04
postlake.dev,1,10,Text-only,,fail,fail,fail,fail,skip,skip,skip,pass,fail,,,14,0.2.0-draft,2026-08-04
postlia.com,1,10,Text-only,,fail,fail,fail,fail,skip,skip,skip,pass,fail,,,13,0.2.0-draft,2026-08-04
postman.com,1,80,Connectable,,pass,fail,pass,pass,pass,fail,skip,pass,fail,mcp-json,modern,34,0.2.0-draft,2026-08-04
postproxy.dev,1,80,Connectable,,pass,fail,fail,pass,pass,fail,skip,pass,fail,mcp-server-card-json,modern,20,0.2.0-draft,2026-08-04
postrippl.com,1,80,Connectable,,pass,fail,fail,pass,pass,fail,skip,pass,fail,mcp-server-card-json,modern,20,0.2.0-draft,2026-08-04
potarix.com,1,15,Text-only,,fail,fail,fail,fail,skip,skip,skip,pass,pass,,,28,0.2.0-draft,2026-08-04
potomacledger.com,1,50,Discoverable,,pass,fail,fail,fail,skip,skip,skip,pass,pass,mcp-json,,14,0.2.0-draft,2026-08-04
potto.app,1,35,Discoverable,,fail,fail,fail,pass,skip,skip,skip,fail,fail,,,14,0.2.0-draft,2026-08-04
powerdmarc.com,1,35,Discoverable,,fail,fail,fail,pass,skip,skip,skip,fail,fail,,,20,0.2.0-draft,2026-08-04
powerline.ai,1,0,Absent,,fail,fail,fail,fail,skip,skip,skip,fail,fail,,,15,0.2.0-draft,2026-08-04
powerpointengine.io,1,45,Discoverable,,fail,fail,fail,pass,skip,skip,skip,pass,fail,,,20,0.2.0-draft,2026-08-04
powerstationplatform.com,1,0,Absent,,fail,fail,fail,fail,skip,skip,skip,fail,fail,,,21,0.2.0-draft,2026-08-04
powersun.vip,1,15,Text-only,,fail,fail,fail,fail,skip,skip,skip,pass,pass,,,13,0.2.0-draft,2026-08-04
ppn-hub.com,1,10,Text-only,,fail,fail,fail,fail,skip,skip,skip,pass,fail,,,18,0.2.0-draft,2026-08-04
pptogo.com,1,45,Discoverable,,fail,fail,fail,pass,skip,skip,skip,pass,fail,,,14,0.2.0-draft,2026-08-04
praatmetjeboekhouding.nl,1,15,Text-only,,fail,fail,fail,fail,skip,skip,skip,pass,pass,,,14,0.2.0-draft,2026-08-04
precis.finance,1,70,Connectable,,fail,fail,pass,fail,pass,pass,fail,fail,fail,,legacy,22,0.2.0-draft,2026-08-04
preclick.ai,1,75,Connectable,,fail,fail,pass,fail,pass,fail,skip,fail,pass,,legacy,21,0.2.0-draft,2026-08-04
prediction-markets-production-3e07.up.railway.app,1,0,Absent,,fail,fail,fail,fail,skip,skip,skip,fail,fail,,,27,0.2.0-draft,2026-08-04
prediction-markets-x402-production.up.railway.app,1,0,Absent,,fail,fail,fail,fail,skip,skip,skip,fail,fail,,,27,0.2.0-draft,2026-08-04
prediction-router-chi.vercel.app,1,0,Absent,,fail,fail,fail,fail,skip,skip,skip,fail,fail,,,26,0.2.0-draft,2026-08-04
predictionmarketspicks.com,1,15,Text-only,,fail,fail,fail,fail,skip,skip,skip,pass,pass,,,13,0.2.0-draft,2026-08-04
predictleads.com,1,45,Discoverable,,fail,fail,fail,pass,skip,skip,skip,pass,fail,,,16,0.2.0-draft,2026-08-04
prediohq.com,1,10,Text-only,,fail,fail,fail,fail,skip,skip,skip,pass,fail,,,15,0.2.0-draft,2026-08-04
predixsport.com,1,15,Text-only,,fail,fail,fail,fail,skip,skip,skip,pass,pass,,,28,0.2.0-draft,2026-08-04
predmcp.com,1,80,Connectable,,pass,fail,fail,pass,pass,fail,skip,pass,fail,mcp-json,modern,16,0.2.0-draft,2026-08-04
predme.com,1,0,Absent,,fail,fail,fail,fail,skip,skip,skip,fail,fail,,,14,0.2.0-draft,2026-08-04
preflyte.xyz,1,0,Absent,,error,fail,fail,error,skip,skip,skip,fail,fail,,,6,0.2.0-draft,2026-08-04
prelim.chat,1,15,Text-only,,fail,fail,fail,fail,skip,skip,skip,pass,pass,,,30,0.2.0-draft,2026-08-04
prelude.co.nz,1,45,Discoverable,,fail,pass,fail,fail,skip,skip,skip,pass,fail,,,14,0.2.0-draft,2026-08-04
prereason.com,1,85,Connectable,,pass,fail,pass,fail,pass,fail,skip,pass,pass,mcp-server-card-json,legacy,34,0.2.0-draft,2026-08-04
presentations.ai,1,10,Text-only,,fail,fail,fail,fail,skip,skip,skip,pass,fail,,,24,0.2.0-draft,2026-08-04
presenterprep.com,1,15,Text-only,,fail,fail,fail,fail,skip,skip,skip,pass,pass,,,16,0.2.0-draft,2026-08-04
presio.xyz,1,85,Connectable,,pass,fail,pass,fail,pass,fail,skip,pass,pass,mcp-json,legacy,22,0.2.0-draft,2026-08-04
pressbooks.ch,1,0,Absent,,fail,fail,fail,fail,skip,skip,skip,fail,fail,,,24,0.2.0-draft,2026-08-04
presso.now,1,10,Text-only,,fail,fail,fail,fail,skip,skip,skip,pass,fail,,,16,0.2.0-draft,2026-08-04
preuve.ai,1,85,Connectable,,fail,fail,pass,pass,pass,fail,skip,pass,pass,,modern,20,0.2.0-draft,2026-08-04
pricefeed.online,1,10,Text-only,,fail,fail,fail,fail,skip,skip,skip,pass,fail,,,14,0.2.0-draft,2026-08-04
priceparse.com,1,0,Absent,,fail,fail,fail,fail,skip,skip,skip,fail,fail,,,16,0.2.0-draft,2026-08-04
pricepilot-mcp.onrender.com,1,35,Discoverable,,pass,fail,fail,fail,skip,skip,skip,fail,fail,mcp-server-card-json,,27,0.2.0-draft,2026-08-04
pricetik.com,1,0,Absent,,fail,fail,fail,fail,skip,skip,skip,fail,fail,,,38,0.2.0-draft,2026-08-04
pricewatcha.com,1,10,Text-only,,fail,fail,fail,fail,skip,skip,skip,pass,fail,,,15,0.2.0-draft,2026-08-04
primateintelligence.ai,1,85,Connectable,,fail,fail,pass,pass,pass,fail,skip,pass,pass,,modern,20,0.2.0-draft,2026-08-04
primerfp.com,1,15,Text-only,,fail,fail,fail,fail,skip,skip,skip,pass,pass,,,12,0.2.0-draft,2026-08-04
primeta.ai,1,45,Discoverable,,pass,fail,fail,pass,skip,skip,skip,pass,fail,mcp-json,,13,0.2.0-draft,2026-08-04
primitive.dev,1,50,Discoverable,,pass,fail,fail,pass,fail,skip,skip,pass,pass,ai-catalog|mcp-json|mcp-bare|mcp-server-card-json,,23,0.2.0-draft,2026-08-04
prince.cloud,1,45,Discoverable,,pass,fail,fail,fail,skip,skip,skip,pass,fail,mcp-json,,14,0.2.0-draft,2026-08-04
print.one,1,0,Absent,,fail,fail,fail,fail,skip,skip,skip,fail,fail,,,19,0.2.0-draft,2026-08-04
printinglabs.com,1,85,Connectable,,fail,fail,pass,fail,pass,fail,skip,pass,pass,,legacy,19,0.2.0-draft,2026-08-04
printmoneylab.com,1,0,Absent,,fail,fail,fail,fail,skip,skip,skip,fail,fail,,,30,0.2.0-draft,2026-08-04
printyourduck.com,1,80,Connectable,,fail,fail,pass,fail,pass,fail,skip,pass,fail,,legacy,22,0.2.0-draft,2026-08-04
priorify.app,1,40,Discoverable,,fail,fail,fail,pass,skip,skip,skip,fail,pass,,,14,0.2.0-draft,2026-08-04
prisma.io,1,80,Connectable,,pass,fail,fail,pass,pass,fail,skip,pass,fail,mcp-json|mcp-bare|mcp-server-card-json,modern,34,0.2.0-draft,2026-08-04
prismclip.com,1,70,Connectable,,pass,fail,fail,pass,pass,fail,skip,fail,fail,mcp-server-card-json,modern,16,0.2.0-draft,2026-08-04
prismfact.com,1,80,Connectable,,pass,fail,pass,fail,pass,pass,fail,pass,fail,ai-catalog,modern,18,0.2.0-draft,2026-08-04
prismism.dev,1,0,Absent,,fail,fail,fail,fail,skip,skip,skip,fail,fail,,,14,0.2.0-draft,2026-08-04
prismix.dev,1,15,Text-only,,fail,fail,fail,fail,skip,skip,skip,pass,pass,,,14,0.2.0-draft,2026-08-04
prismsplit.tech,1,35,Discoverable,,fail,fail,fail,pass,skip,skip,skip,fail,fail,,,29,0.2.0-draft,2026-08-04
private.law,1,10,Text-only,,fail,fail,fail,fail,skip,skip,skip,pass,fail,,,24,0.2.0-draft,2026-08-04
privateluke4444.workers.dev,1,0,Absent,,error,fail,fail,error,skip,skip,skip,fail,fail,,,6,0.2.0-draft,2026-08-04
prizmad.com,1,45,Discoverable,,pass,fail,fail,pass,skip,skip,skip,pass,fail,mcp-server-card-json,,20,0.2.0-draft,2026-08-04
pro.makeup,1,100,Agent-ready,,pass,fail,pass,fail,pass,pass,pass,pass,pass,mcp-bare|mcp-server-card-json,legacy,19,0.2.0-draft,2026-08-04
proagentstore.online,1,15,Text-only,,fail,fail,fail,fail,skip,skip,skip,pass,pass,,,17,0.2.0-draft,2026-08-04
probability-everyday-petroleum-herald.trycloudflare.com,1,0,Absent,,error,fail,fail,error,skip,skip,skip,fail,fail,,,3,0.2.0-draft,2026-08-04
probitylabs.ai,1,85,Connectable,,fail,fail,pass,pass,pass,fail,skip,pass,pass,,modern,34,0.2.0-draft,2026-08-04
procureradar.com,1,50,Discoverable,,fail,fail,fail,pass,skip,skip,skip,pass,pass,,,38,0.2.0-draft,2026-08-04
prodapi.live,1,70,Connectable,,fail,fail,pass,fail,pass,fail,skip,fail,fail,,modern,17,0.2.0-draft,2026-08-04
prodpoke.com,1,0,Absent,,fail,fail,fail,fail,skip,skip,skip,fail,fail,,,13,0.2.0-draft,2026-08-04
productclank.com,1,5,Text-only,,fail,fail,fail,fail,skip,skip,skip,fail,pass,,,28,0.2.0-draft,2026-08-04
productnow-prod.com,1,0,Absent,,error,fail,fail,error,skip,skip,skip,fail,fail,,,4,0.2.0-draft,2026-08-04
productnow.ai,1,5,Text-only,,fail,fail,fail,fail,skip,skip,skip,fail,pass,,,17,0.2.0-draft,2026-08-04
productsource.io,1,0,Absent,,fail,fail,fail,fail,skip,skip,skip,fail,fail,,,16,0.2.0-draft,2026-08-04
produktly.com,1,10,Text-only,,fail,fail,fail,fail,skip,skip,skip,pass,fail,,,15,0.2.0-draft,2026-08-04
prodxsolution.com,1,15,Text-only,,fail,fail,fail,fail,skip,skip,skip,pass,pass,,,25,0.2.0-draft,2026-08-04
profitelligence.com,1,0,Absent,,fail,fail,fail,fail,skip,skip,skip,fail,fail,,,16,0.2.0-draft,2026-08-04
profitpather.com,1,50,Discoverable,,pass,fail,fail,pass,skip,skip,skip,pass,pass,mcp-json|mcp-server-card-json,,13,0.2.0-draft,2026-08-04
proflightsearch.com,1,100,Agent-ready,,pass,fail,fail,fail,pass,pass,pass,pass,pass,mcp-server-card-json,legacy,17,0.2.0-draft,2026-08-04
progenly.com,1,80,Connectable,,pass,fail,pass,fail,pass,pass,fail,pass,fail,mcp-json,legacy,18,0.2.0-draft,2026-08-04
programacionsiemens.com,1,15,Text-only,,fail,fail,fail,fail,skip,skip,skip,pass,pass,,,14,0.2.0-draft,2026-08-04
programmes.net,1,100,Agent-ready,,fail,fail,pass,fail,pass,pass,pass,pass,pass,,legacy,19,0.2.0-draft,2026-08-04
projectpaced.com,1,15,Text-only,,fail,fail,fail,fail,skip,skip,skip,pass,pass,,,16,0.2.0-draft,2026-08-04
prometheus.sv,1,0,Absent,,error,fail,fail,error,skip,skip,skip,fail,fail,,,11,0.2.0-draft,2026-08-04
promolink-mcp.onrender.com,1,35,Discoverable,,fail,fail,fail,pass,skip,skip,skip,fail,fail,,,27,0.2.0-draft,2026-08-04
promplate.dev,1,0,Absent,,fail,fail,fail,fail,skip,skip,skip,fail,fail,,,14,0.2.0-draft,2026-08-04
promplate.github.io,1,0,Absent,,fail,fail,fail,fail,skip,skip,skip,fail,fail,,,27,0.2.0-draft,2026-08-04
prompt-refiner-mcp.vercel.app,1,0,Absent,,fail,fail,fail,fail,skip,skip,skip,fail,fail,,,27,0.2.0-draft,2026-08-04
promptarch.ai,1,10,Text-only,,fail,fail,fail,fail,skip,skip,skip,pass,fail,,,23,0.2.0-draft,2026-08-04
promptdna.org,1,70,Connectable,,pass,fail,fail,pass,pass,fail,skip,fail,fail,mcp-json,legacy,21,0.2.0-draft,2026-08-04
promptfax.app,1,10,Text-only,,skip,fail,fail,skip,skip,skip,skip,pass,fail,,,7,0.2.0-draft,2026-08-04
promptguard.co,1,10,Text-only,,fail,fail,fail,fail,skip,skip,skip,pass,fail,,,16,0.2.0-draft,2026-08-04
promptguardscan.space,1,80,Connectable,,pass,fail,pass,fail,pass,fail,skip,pass,fail,mcp-server-card-json,modern,18,0.2.0-draft,2026-08-04
promptibus.com,1,0,Absent,,fail,fail,fail,fail,skip,skip,skip,fail,fail,,,13,0.2.0-draft,2026-08-04
promptot.com,1,50,Discoverable,,fail,pass,fail,fail,skip,skip,skip,pass,pass,,,30,0.2.0-draft,2026-08-04
promptqualityscore.com,1,15,Text-only,,fail,fail,fail,fail,skip,skip,skip,pass,pass,,,14,0.2.0-draft,2026-08-04
prompts.chat,1,0,Absent,,fail,fail,fail,fail,skip,skip,skip,fail,fail,,,13,0.2.0-draft,2026-08-04
promptscan.dev,1,0,Absent,,fail,fail,fail,fail,skip,skip,skip,fail,fail,,,14,0.2.0-draft,2026-08-04
promptsharp.ai,1,10,Text-only,,fail,fail,fail,fail,skip,skip,skip,pass,fail,,,14,0.2.0-draft,2026-08-04
promptster.dev,1,50,Discoverable,,fail,fail,fail,pass,skip,skip,skip,pass,pass,,,25,0.2.0-draft,2026-08-04
promtlabs.ru,1,0,Absent,,error,fail,fail,error,skip,skip,skip,fail,fail,,,34,0.2.0-draft,2026-08-04
prontohq.com,1,0,Absent,,fail,fail,fail,fail,skip,skip,skip,fail,fail,,,16,0.2.0-draft,2026-08-04
proofetch-vektoris-ai-workflows.vercel.app,1,0,Absent,,fail,fail,fail,fail,skip,skip,skip,fail,fail,,,26,0.2.0-draft,2026-08-04
prooflayered.com,1,95,Agent-ready,,fail,fail,pass,fail,pass,pass,pass,pass,fail,,legacy,18,0.2.0-draft,2026-08-04
proofslip.ai,1,45,Discoverable,,pass,fail,fail,fail,skip,skip,skip,pass,fail,mcp-json,,14,0.2.0-draft,2026-08-04
proofx-mcp.fly.dev,1,70,Connectable,,pass,fail,pass,pass,pass,fail,skip,fail,fail,mcp-server-card-json,legacy,19,0.2.0-draft,2026-08-04
proompteng.ai,1,0,Absent,,fail,fail,fail,fail,skip,skip,skip,fail,fail,,,17,0.2.0-draft,2026-08-04
propbar.co.uk,1,15,Text-only,,fail,fail,fail,fail,skip,skip,skip,pass,pass,,,17,0.2.0-draft,2026-08-04
propelagent.studio,1,35,Discoverable,,fail,fail,fail,pass,skip,skip,skip,fail,fail,,,13,0.2.0-draft,2026-08-04
property-shared.fly.dev,1,70,Connectable,,pass,fail,pass,fail,pass,fail,skip,fail,fail,mcp-server-card-json,legacy,19,0.2.0-draft,2026-08-04
propertylist.es,1,50,Discoverable,,pass,fail,fail,pass,fail,skip,skip,pass,pass,ai-catalog|mcp-json,,22,0.2.0-draft,2026-08-04
propertyscoop.us,1,0,Absent,,skip,fail,fail,skip,skip,skip,skip,skip,fail,,,18,0.2.0-draft,2026-08-04
proppely.com,1,45,Discoverable,,pass,fail,fail,pass,fail,skip,skip,pass,fail,mcp-server-serra|mcp-json|mcp-server-card-json,,27,0.2.0-draft,2026-08-04
propraven.com,1,35,Discoverable,,fail,fail,fail,pass,skip,skip,skip,fail,fail,,,16,0.2.0-draft,2026-08-04
propswot.com,1,35,Discoverable,,pass,fail,fail,fail,skip,skip,skip,fail,fail,mcp-json,,30,0.2.0-draft,2026-08-04
propzapi.com,1,85,Connectable,,pass,fail,pass,pass,pass,pass,fail,pass,pass,mcp-server-card-json,legacy,21,0.2.0-draft,2026-08-04
prose.coach,1,15,Text-only,,fail,fail,fail,fail,skip,skip,skip,pass,pass,,,36,0.2.0-draft,2026-08-04
prospeo.io,1,0,Absent,,fail,fail,fail,fail,skip,skip,skip,fail,fail,,,16,0.2.0-draft,2026-08-04
protonote.io,1,45,Discoverable,,fail,fail,fail,pass,skip,skip,skip,pass,fail,,,16,0.2.0-draft,2026-08-04
provenio.art,1,75,Connectable,,pass,fail,fail,fail,pass,fail,skip,fail,pass,mcp-json,legacy,18,0.2.0-draft,2026-08-04
providersignal.com,1,10,Text-only,,fail,fail,fail,fail,skip,skip,skip,pass,fail,,,14,0.2.0-draft,2026-08-04
provinglab.dev,1,95,Agent-ready,,pass,fail,pass,pass,pass,pass,pass,pass,fail,mcp-json|mcp-server-card-json,legacy,20,0.2.0-draft,2026-08-04
provision-stack.com,1,0,Absent,,error,fail,fail,error,skip,skip,skip,fail,fail,,,3,0.2.0-draft,2026-08-04
prowl.chat,1,45,Discoverable,,fail,fail,fail,pass,skip,skip,skip,pass,fail,,,14,0.2.0-draft,2026-08-04
prowlo.com,1,5,Text-only,,fail,fail,fail,fail,skip,skip,skip,fail,pass,,,14,0.2.0-draft,2026-08-04
proworker-hosted.onrender.com,1,45,Discoverable,,fail,fail,fail,pass,skip,skip,skip,pass,fail,,,25,0.2.0-draft,2026-08-04
proximens.nl,1,15,Text-only,,fail,fail,fail,fail,skip,skip,skip,pass,pass,,,25,0.2.0-draft,2026-08-04
proxygate.ai,1,15,Text-only,,fail,fail,fail,fail,skip,skip,skip,pass,pass,,,19,0.2.0-draft,2026-08-04
proxykey.org,1,10,Text-only,,fail,fail,fail,fail,skip,skip,skip,pass,fail,,,14,0.2.0-draft,2026-08-04
proxylink-mcp.com,1,0,Absent,,fail,fail,fail,fail,skip,skip,skip,fail,fail,,,17,0.2.0-draft,2026-08-04
proxyllm.ai,1,15,Text-only,,fail,fail,fail,fail,skip,skip,skip,pass,pass,,,15,0.2.0-draft,2026-08-04
prxhub.com,1,45,Discoverable,,pass,fail,fail,fail,skip,skip,skip,pass,fail,mcp-json,,16,0.2.0-draft,2026-08-04
pscale.dev,1,0,Absent,,fail,fail,fail,fail,skip,skip,skip,fail,fail,,,16,0.2.0-draft,2026-08-04
psychiatryforkids.com,1,100,Agent-ready,,pass,fail,fail,fail,pass,pass,pass,pass,pass,mcp-json|mcp-bare|mcp-server-card-json,modern,17,0.2.0-draft,2026-08-04
psychopathia.ai,1,70,Connectable,,fail,fail,pass,fail,pass,fail,skip,fail,fail,,legacy,37,0.2.0-draft,2026-08-04
ptyagiegnyte.github.io,1,0,Absent,,fail,fail,fail,fail,skip,skip,skip,fail,fail,,,25,0.2.0-draft,2026-08-04
pubfi.ai,1,85,Connectable,,pass,fail,pass,fail,pass,pass,fail,pass,pass,mcp-json|mcp-server-card-json,modern,20,0.2.0-draft,2026-08-04
publicdataoracle.com,1,0,Absent,,error,fail,fail,error,skip,skip,skip,fail,fail,,,33,0.2.0-draft,2026-08-04
publicmcp.org,1,10,Text-only,,fail,fail,fail,fail,skip,skip,skip,pass,fail,,,17,0.2.0-draft,2026-08-04
publifye.pro,1,0,Absent,,error,fail,fail,error,skip,skip,skip,fail,fail,,,3,0.2.0-draft,2026-08-04
publishwith.ai,1,45,Discoverable,,pass,fail,fail,pass,skip,skip,skip,pass,fail,mcp-server-card-json,,13,0.2.0-draft,2026-08-04
publora.com,1,10,Text-only,,fail,fail,fail,fail,skip,skip,skip,pass,fail,,,17,0.2.0-draft,2026-08-04
pubscope.org,1,10,Text-only,,fail,fail,fail,fail,skip,skip,skip,pass,fail,,,13,0.2.0-draft,2026-08-04
puckapi.com,1,10,Text-only,,fail,fail,fail,fail,skip,skip,skip,pass,fail,,,16,0.2.0-draft,2026-08-04
pullboard.dev,1,80,Connectable,,fail,fail,pass,pass,pass,fail,skip,pass,fail,,modern,18,0.2.0-draft,2026-08-04
pullpush.ai,1,80,Connectable,,fail,fail,pass,pass,pass,fail,skip,pass,fail,,modern,20,0.2.0-draft,2026-08-04
pulltrader.app,1,90,Agent-ready,,fail,fail,pass,fail,pass,pass,pass,fail,pass,,legacy,23,0.2.0-draft,2026-08-04
pulsai.me,1,10,Text-only,,fail,fail,fail,fail,skip,skip,skip,pass,fail,,,15,0.2.0-draft,2026-08-04
pulseem.com,1,0,Absent,,fail,fail,fail,fail,skip,skip,skip,fail,fail,,,22,0.2.0-draft,2026-08-04
pulsefeed.dev,1,10,Text-only,,fail,fail,fail,fail,skip,skip,skip,pass,fail,,,14,0.2.0-draft,2026-08-04
pulsemcp.com,1,5,Text-only,,fail,fail,fail,fail,skip,skip,skip,fail,pass,,,15,0.2.0-draft,2026-08-04
puppetry.com,1,15,Text-only,,fail,fail,fail,fail,skip,skip,skip,pass,pass,,,30,0.2.0-draft,2026-08-04
purchaseiq.io,1,85,Connectable,,fail,fail,pass,fail,pass,pass,pass,fail,fail,,legacy,19,0.2.0-draft,2026-08-04
pure-report.fly.dev,1,10,Text-only,,fail,fail,fail,fail,skip,skip,skip,pass,fail,,,13,0.2.0-draft,2026-08-04
pure.report,1,10,Text-only,,fail,fail,fail,fail,skip,skip,skip,pass,fail,,,14,0.2.0-draft,2026-08-04
purplegrain.com,1,15,Text-only,,fail,fail,fail,fail,skip,skip,skip,pass,pass,,,16,0.2.0-draft,2026-08-04
pushary.com,1,15,Text-only,,fail,fail,fail,fail,skip,skip,skip,pass,pass,,,16,0.2.0-draft,2026-08-04
pushinpay.com.br,1,0,Absent,,fail,fail,fail,fail,skip,skip,skip,fail,fail,,,17,0.2.0-draft,2026-08-04
pushrealm.com,1,95,Agent-ready,,fail,fail,pass,fail,pass,pass,pass,pass,fail,,legacy,33,0.2.0-draft,2026-08-04
puter.com,1,0,Absent,,fail,fail,fail,fail,skip,skip,skip,fail,fail,,,28,0.2.0-draft,2026-08-04
putput.io,1,15,Text-only,,fail,fail,fail,fail,skip,skip,skip,pass,pass,,,13,0.2.0-draft,2026-08-04
pvpwire.com,1,15,Text-only,,fail,fail,fail,fail,skip,skip,skip,pass,pass,,,14,0.2.0-draft,2026-08-04
pyrimid.ai,1,100,Agent-ready,,pass,fail,fail,fail,pass,pass,pass,pass,pass,mcp-json|mcp-server-card-json,legacy,18,0.2.0-draft,2026-08-04
pyth.network,1,70,Connectable,,fail,fail,pass,fail,pass,fail,skip,fail,fail,,legacy,35,0.2.0-draft,2026-08-04
q2bot.com,1,0,Absent,,skip,fail,fail,skip,skip,skip,skip,skip,fail,,,3,0.2.0-draft,2026-08-04
qacat.workers.dev,1,0,Absent,,error,fail,fail,error,skip,skip,skip,fail,fail,,,6,0.2.0-draft,2026-08-04
qafetzoqccqafbbspjcp.supabase.co,1,0,Absent,,fail,fail,fail,fail,skip,skip,skip,fail,fail,,,14,0.2.0-draft,2026-08-04
qahxbracftdyarpzplzf.supabase.co,1,0,Absent,,fail,fail,fail,fail,skip,skip,skip,fail,fail,,,14,0.2.0-draft,2026-08-04
qarera.com,1,15,Text-only,,fail,fail,fail,fail,skip,skip,skip,pass,pass,,,30,0.2.0-draft,2026-08-04
qase.io,1,10,Text-only,,fail,fail,fail,fail,skip,skip,skip,pass,fail,,,30,0.2.0-draft,2026-08-04
qasper.ai,1,50,Discoverable,,pass,fail,fail,fail,skip,skip,skip,pass,pass,mcp-json,,13,0.2.0-draft,2026-08-04
qeaas.eu,1,85,Connectable,,fail,fail,pass,fail,pass,pass,fail,pass,pass,,legacy,20,0.2.0-draft,2026-08-04
qencode.com,1,0,Absent,,fail,fail,fail,fail,skip,skip,skip,fail,fail,,,30,0.2.0-draft,2026-08-04
qinisolabs.workers.dev,1,0,Absent,,error,fail,fail,error,skip,skip,skip,fail,fail,,,6,0.2.0-draft,2026-08-04
qmailing.com,1,35,Discoverable,,fail,fail,fail,pass,skip,skip,skip,fail,fail,,,17,0.2.0-draft,2026-08-04
qnevt.com,1,0,Absent,,fail,fail,fail,fail,skip,skip,skip,fail,fail,,,14,0.2.0-draft,2026-08-04
qoory.ai,1,45,Discoverable,,fail,fail,fail,pass,skip,skip,skip,pass,fail,,,26,0.2.0-draft,2026-08-04
qorenext.com,1,10,Text-only,,error,fail,fail,error,skip,skip,skip,pass,fail,,,28,0.2.0-draft,2026-08-04
qovery.com,1,15,Text-only,,fail,fail,fail,fail,skip,skip,skip,pass,pass,,,30,0.2.0-draft,2026-08-04
qr-code-x402-production.up.railway.app,1,0,Absent,,fail,fail,fail,fail,skip,skip,skip,fail,fail,,,23,0.2.0-draft,2026-08-04
qr-manager.ai,1,0,Absent,,fail,fail,fail,fail,skip,skip,skip,fail,fail,,,16,0.2.0-draft,2026-08-04
qrcodly.de,1,0,Absent,,fail,fail,fail,fail,skip,skip,skip,fail,fail,,,28,0.2.0-draft,2026-08-04
qretro.com,1,85,Connectable,,fail,fail,pass,pass,pass,pass,pass,fail,fail,,modern,17,0.2.0-draft,2026-08-04
qronoplay.com,1,15,Text-only,,fail,fail,fail,fail,skip,skip,skip,pass,pass,,,16,0.2.0-draft,2026-08-04
qronoplay.fr,1,0,Absent,,fail,fail,fail,fail,skip,skip,skip,fail,fail,,,20,0.2.0-draft,2026-08-04
qrrapido.site,1,0,Absent,,fail,fail,fail,fail,skip,skip,skip,fail,fail,,,14,0.2.0-draft,2026-08-04
qrstuff.ai,1,0,Absent,,error,fail,fail,error,skip,skip,skip,fail,fail,,,5,0.2.0-draft,2026-08-04
qrverloz.com,1,10,Text-only,,fail,fail,fail,fail,skip,skip,skip,pass,fail,,,14,0.2.0-draft,2026-08-04
qsearch.pro,1,5,Text-only,,fail,fail,fail,fail,skip,skip,skip,fail,pass,,,14,0.2.0-draft,2026-08-04
qsimhealth.com,1,0,Absent,,fail,fail,fail,fail,skip,skip,skip,fail,fail,,,17,0.2.0-draft,2026-08-04
qt.io,1,0,Absent,,fail,fail,fail,fail,skip,skip,skip,fail,fail,,,33,0.2.0-draft,2026-08-04
quackr.io,1,5,Text-only,,fail,fail,fail,fail,skip,skip,skip,fail,pass,,,22,0.2.0-draft,2026-08-04
quadframe.work,1,0,Absent,,fail,fail,fail,fail,skip,skip,skip,fail,fail,,,23,0.2.0-draft,2026-08-04
quadratichq.com,1,0,Absent,,fail,fail,fail,fail,skip,skip,skip,fail,fail,,,35,0.2.0-draft,2026-08-04
quadratikmcp-production.up.railway.app,1,0,Absent,,fail,fail,fail,fail,skip,skip,skip,fail,fail,,,22,0.2.0-draft,2026-08-04
qualequest.com,1,35,Discoverable,,fail,fail,fail,pass,skip,skip,skip,fail,fail,,,22,0.2.0-draft,2026-08-04
quality-qr.app,1,50,Discoverable,,pass,fail,fail,fail,fail,skip,skip,pass,pass,mcp-server-card-json,,22,0.2.0-draft,2026-08-04
qualityclouds.com,1,0,Absent,,fail,fail,fail,fail,skip,skip,skip,fail,fail,,,22,0.2.0-draft,2026-08-04
qualityscreener.io,1,0,Absent,,fail,fail,fail,fail,skip,skip,skip,fail,fail,,,22,0.2.0-draft,2026-08-04
quallaa.com,1,45,Discoverable,,fail,fail,fail,pass,skip,skip,skip,pass,fail,,,33,0.2.0-draft,2026-08-04
qualyhq.com,1,15,Text-only,,fail,fail,fail,fail,skip,skip,skip,pass,pass,,,22,0.2.0-draft,2026-08-04
quant-m2m.xyz,1,0,Absent,,error,error,fail,error,skip,skip,skip,fail,fail,,,29,0.2.0-draft,2026-08-04
quantakrypto.com,1,95,Agent-ready,,fail,fail,pass,pass,pass,pass,pass,pass,fail,,modern,23,0.2.0-draft,2026-08-04
quantdata.uk,1,10,Text-only,,fail,fail,fail,fail,skip,skip,skip,pass,fail,,,22,0.2.0-draft,2026-08-04
quantech.services,1,5,Text-only,,fail,fail,fail,fail,skip,skip,skip,fail,pass,,,22,0.2.0-draft,2026-08-04
quanti.io,1,0,Absent,,fail,fail,fail,fail,skip,skip,skip,fail,fail,,,32,0.2.0-draft,2026-08-04
quantifyme.ai,1,10,Text-only,,fail,fail,fail,fail,skip,skip,skip,pass,fail,,,23,0.2.0-draft,2026-08-04
quantrisk.dev,1,0,Absent,,fail,fail,fail,fail,skip,skip,skip,fail,fail,,,22,0.2.0-draft,2026-08-04
quantrisk.workers.dev,1,0,Absent,,error,fail,fail,error,skip,skip,skip,fail,fail,,,14,0.2.0-draft,2026-08-04
quantsynth.net,1,0,Absent,,fail,fail,fail,fail,skip,skip,skip,fail,fail,,,23,0.2.0-draft,2026-08-04
quanttogo.com,1,0,Absent,,error,fail,fail,error,skip,skip,skip,fail,fail,,,37,0.2.0-draft,2026-08-04
quantum-expectations.com,1,10,Text-only,,fail,fail,fail,fail,skip,skip,skip,pass,fail,,,32,0.2.0-draft,2026-08-04
quantum-shield-mcp.vercel.app,1,0,Absent,,error,fail,fail,error,skip,skip,skip,fail,fail,,,34,0.2.0-draft,2026-08-04
quantum-suitability-validator-mcp-production.up.railway.app,1,0,Absent,,error,fail,fail,error,skip,skip,skip,fail,fail,,,34,0.2.0-draft,2026-08-04
quantumscan.io,1,10,Text-only,,fail,fail,fail,fail,skip,skip,skip,pass,fail,,,25,0.2.0-draft,2026-08-04
quantustik.com,1,45,Discoverable,,pass,fail,fail,fail,skip,skip,skip,pass,fail,mcp-json,,22,0.2.0-draft,2026-08-04
qubitsok.com,1,0,Absent,,error,fail,fail,error,skip,skip,skip,fail,fail,,,34,0.2.0-draft,2026-08-04
quelvio.com,1,10,Text-only,,fail,fail,fail,fail,skip,skip,skip,pass,fail,,,22,0.2.0-draft,2026-08-04
query-forge-mcp.vercel.app,1,0,Absent,,fail,fail,fail,fail,skip,skip,skip,fail,fail,,,23,0.2.0-draft,2026-08-04
querybear.com,1,10,Text-only,,fail,fail,fail,fail,skip,skip,skip,pass,fail,,,21,0.2.0-draft,2026-08-04
querylines.com,1,10,Text-only,,fail,fail,fail,fail,skip,skip,skip,pass,fail,,,22,0.2.0-draft,2026-08-04
queryomega.com,1,0,Absent,,fail,fail,fail,fail,skip,skip,skip,fail,fail,,,22,0.2.0-draft,2026-08-04
queryquarry.com,1,45,Discoverable,,pass,fail,fail,pass,skip,skip,skip,pass,fail,mcp-server-card-json,,21,0.2.0-draft,2026-08-04
queuesim.com,1,0,Absent,,fail,fail,fail,fail,skip,skip,skip,fail,fail,,,20,0.2.0-draft,2026-08-04
quicknode.com,1,80,Connectable,,pass,fail,pass,pass,pass,fail,skip,pass,fail,mcp-server-card-json,modern,36,0.2.0-draft,2026-08-04
quicksign.pro,1,35,Discoverable,,pass,fail,fail,pass,skip,skip,skip,fail,fail,mcp-json|mcp-server-card-json,,20,0.2.0-draft,2026-08-04
quicktiny.cn,1,10,Text-only,,error,fail,fail,error,skip,skip,skip,pass,fail,,,32,0.2.0-draft,2026-08-04
quicky.page,1,10,Text-only,,fail,fail,fail,fail,skip,skip,skip,pass,fail,,,20,0.2.0-draft,2026-08-04
quillcaddie.com,1,0,Absent,,fail,fail,fail,fail,skip,skip,skip,fail,fail,,,31,0.2.0-draft,2026-08-04
quillen.xyz,1,10,Text-only,,fail,fail,fail,fail,skip,skip,skip,pass,fail,,,20,0.2.0-draft,2026-08-04
quintadb.com,1,35,Discoverable,,fail,fail,fail,pass,skip,skip,skip,fail,fail,,,22,0.2.0-draft,2026-08-04
quintadb.com.ua,1,35,Discoverable,,fail,fail,fail,pass,skip,skip,skip,fail,fail,,,22,0.2.0-draft,2026-08-04
quintadb.ru,1,35,Discoverable,,fail,fail,fail,pass,skip,skip,skip,fail,fail,,,22,0.2.0-draft,2026-08-04
quiver-production-c3a8.up.railway.app,1,10,Text-only,,error,fail,fail,error,skip,skip,skip,pass,fail,,,34,0.2.0-draft,2026-08-04
quiz-factory-mcp.vercel.app,1,0,Absent,,error,fail,fail,fail,skip,skip,skip,fail,fail,,,33,0.2.0-draft,2026-08-04
quiz.video,1,95,Agent-ready,,pass,fail,fail,pass,pass,pass,pass,pass,fail,mcp-server-card-json,legacy,34,0.2.0-draft,2026-08-04
quizforge.ai,1,80,Connectable,,fail,fail,pass,fail,pass,fail,skip,pass,fail,,legacy,26,0.2.0-draft,2026-08-04
quizlar.app,1,10,Text-only,,fail,fail,fail,fail,skip,skip,skip,pass,fail,,,21,0.2.0-draft,2026-08-04
quli1016908036.workers.dev,1,0,Absent,,error,fail,fail,error,skip,skip,skip,fail,fail,,,13,0.2.0-draft,2026-08-04
quorel.onrender.com,1,0,Absent,,error,fail,fail,error,skip,skip,skip,fail,fail,,,33,0.2.0-draft,2026-08-04
quotefirst.ai,1,0,Absent,,fail,fail,fail,fail,skip,skip,skip,fail,fail,,,19,0.2.0-draft,2026-08-04
quotewise.io,1,80,Connectable,,pass,fail,pass,pass,pass,fail,skip,pass,fail,mcp-server-card-json,legacy,26,0.2.0-draft,2026-08-04
quotor.ai,1,10,Text-only,,fail,fail,fail,fail,skip,skip,skip,pass,fail,,,19,0.2.0-draft,2026-08-04
quriovai.com,1,0,Absent,,fail,fail,fail,fail,skip,skip,skip,fail,fail,,,17,0.2.0-draft,2026-08-04
qwady.app,1,0,Absent,,error,fail,fail,error,skip,skip,skip,fail,fail,,,9,0.2.0-draft,2026-08-04
qxie13.workers.dev,1,0,Absent,,error,fail,fail,error,skip,skip,skip,fail,fail,,,11,0.2.0-draft,2026-08-04
r3plica.space,1,10,Text-only,,fail,fail,fail,fail,skip,skip,skip,pass,fail,,,31,0.2.0-draft,2026-08-04
racecalendar.app,1,95,Agent-ready,,pass,fail,pass,fail,pass,pass,pass,pass,fail,mcp-server-card-json,modern,21,0.2.0-draft,2026-08-04
rackspace.com,1,0,Absent,,fail,fail,fail,fail,skip,skip,skip,fail,fail,,,31,0.2.0-draft,2026-08-04
radiusos.ai,1,0,Absent,,fail,fail,fail,fail,skip,skip,skip,fail,fail,,,25,0.2.0-draft,2026-08-04
radix.wiki,1,15,Text-only,,fail,fail,fail,fail,skip,skip,skip,pass,pass,,,13,0.2.0-draft,2026-08-04
radixia.ai,1,100,Agent-ready,,pass,fail,pass,fail,pass,pass,pass,pass,pass,mcp-json|mcp-server-card-json,legacy,36,0.2.0-draft,2026-08-04
radmail.ai,1,45,Discoverable,,pass,fail,fail,fail,skip,skip,skip,pass,fail,mcp-json,,17,0.2.0-draft,2026-08-04
radtask.ai,1,85,Connectable,,pass,fail,fail,fail,pass,pass,fail,pass,pass,mcp-json,legacy,18,0.2.0-draft,2026-08-04
radveo.com,1,50,Discoverable,,pass,fail,fail,fail,fail,skip,skip,pass,pass,mcp-json,,14,0.2.0-draft,2026-08-04
radzen.com,1,45,Discoverable,,pass,fail,fail,fail,skip,skip,skip,pass,fail,mcp-server-card-json,,30,0.2.0-draft,2026-08-04
ragmap-api.web.app,1,0,Absent,,fail,fail,fail,fail,skip,skip,skip,fail,fail,,,42,0.2.0-draft,2026-08-04
ragora.app,1,5,Text-only,,fail,fail,fail,fail,skip,skip,skip,fail,pass,,,19,0.2.0-draft,2026-08-04
raidrunner.net,1,10,Text-only,,fail,fail,fail,fail,skip,skip,skip,pass,fail,,,17,0.2.0-draft,2026-08-04
railway.app,1,0,Absent,,fail,fail,fail,fail,skip,skip,skip,fail,fail,,,19,0.2.0-draft,2026-08-04
railway.com,1,10,Text-only,,fail,fail,fail,fail,skip,skip,skip,pass,fail,,,19,0.2.0-draft,2026-08-04
raisekit.co,1,45,Discoverable,,fail,fail,fail,pass,skip,skip,skip,pass,fail,,,16,0.2.0-draft,2026-08-04
raising-angels.com,1,10,Text-only,,fail,fail,fail,fail,skip,skip,skip,pass,fail,,,34,0.2.0-draft,2026-08-04
raisonn.ai,1,0,Absent,,fail,fail,fail,fail,skip,skip,skip,fail,fail,,,21,0.2.0-draft,2026-08-04
rakentajaoutlet.fi,1,85,Connectable,,pass,fail,pass,fail,pass,fail,skip,pass,pass,mcp-json|mcp-server-card-json,legacy,29,0.2.0-draft,2026-08-04
rally.space,1,0,Absent,,fail,fail,fail,fail,skip,skip,skip,fail,fail,,,22,0.2.0-draft,2026-08-04
rallyprop.ai,1,0,Absent,,fail,fail,fail,fail,skip,skip,skip,fail,fail,,,22,0.2.0-draft,2026-08-04
rallyspace.io,1,0,Absent,,error,fail,fail,error,skip,skip,skip,fail,fail,,,11,0.2.0-draft,2026-08-04
rami.reviews,1,45,Discoverable,,fail,fail,fail,pass,skip,skip,skip,pass,fail,,,21,0.2.0-draft,2026-08-04
rampify.dev,1,45,Discoverable,,fail,fail,fail,pass,skip,skip,skip,pass,fail,,,35,0.2.0-draft,2026-08-04
rams.ai,1,10,Text-only,,fail,fail,fail,fail,skip,skip,skip,pass,fail,,,36,0.2.0-draft,2026-08-04
random-profiles.com,1,10,Text-only,,fail,fail,fail,fail,skip,skip,skip,pass,fail,,,21,0.2.0-draft,2026-08-04
randpaulcovid.org,1,95,Agent-ready,,pass,fail,pass,pass,pass,pass,pass,pass,fail,mcp-bare|mcp-server-card-json,legacy,27,0.2.0-draft,2026-08-04
rankd.dev,1,10,Text-only,,fail,fail,fail,fail,skip,skip,skip,pass,fail,,,21,0.2.0-draft,2026-08-04
rankparse.com,1,10,Text-only,,fail,fail,fail,fail,skip,skip,skip,pass,fail,,,22,0.2.0-draft,2026-08-04
rankworker.com,1,10,Text-only,,fail,fail,fail,fail,skip,skip,skip,pass,fail,,,21,0.2.0-draft,2026-08-04
ranomics.com,1,10,Text-only,,fail,fail,fail,fail,skip,skip,skip,pass,fail,,,36,0.2.0-draft,2026-08-04
rapay.ai,1,15,Text-only,,fail,fail,fail,fail,skip,skip,skip,pass,pass,,,22,0.2.0-draft,2026-08-04
raras.org,1,50,Discoverable,,pass,fail,fail,pass,fail,skip,skip,pass,pass,mcp-bare,,22,0.2.0-draft,2026-08-04
rarefied.earth,1,50,Discoverable,,pass,fail,fail,fail,skip,skip,skip,pass,pass,mcp-server-card-json,,22,0.2.0-draft,2026-08-04
raster.app,1,80,Connectable,,pass,fail,fail,pass,pass,fail,skip,pass,fail,mcp-server-card-json,modern,29,0.2.0-draft,2026-08-04
rate-my-agent.com,1,10,Text-only,,fail,fail,fail,fail,skip,skip,skip,pass,fail,,,33,0.2.0-draft,2026-08-04
rationalbloks.com,1,0,Absent,,fail,fail,fail,fail,skip,skip,skip,fail,fail,,,36,0.2.0-draft,2026-08-04
ravenmcp.ai,1,10,Text-only,,fail,fail,fail,fail,skip,skip,skip,pass,fail,,,25,0.2.0-draft,2026-08-04
raygun.com,1,0,Absent,,fail,fail,fail,fail,skip,skip,skip,fail,fail,,,25,0.2.0-draft,2026-08-04
razegrowth.com,1,95,Agent-ready,,pass,fail,fail,fail,pass,pass,pass,pass,fail,mcp-json,legacy,29,0.2.0-draft,2026-08-04
re-port-flow.com,1,10,Text-only,,fail,fail,fail,fail,skip,skip,skip,pass,fail,,,25,0.2.0-draft,2026-08-04
reachpad.dev,1,10,Text-only,,fail,fail,fail,fail,skip,skip,skip,pass,fail,,,25,0.2.0-draft,2026-08-04
readgzh.site,1,45,Discoverable,,pass,fail,fail,fail,skip,skip,skip,pass,fail,mcp-server-card-json,,25,0.2.0-draft,2026-08-04
readwithleaf.app,1,45,Discoverable,,pass,fail,fail,fail,skip,skip,skip,pass,fail,mcp-server-card-json,,25,0.2.0-draft,2026-08-04
readyapis.com,1,80,Connectable,,pass,fail,fail,fail,pass,fail,skip,pass,fail,mcp-json,legacy,29,0.2.0-draft,2026-08-04
readypermit.ai,1,0,Absent,,fail,fail,fail,fail,skip,skip,skip,fail,fail,,,25,0.2.0-draft,2026-08-04
realastat.ai,1,45,Discoverable,,fail,fail,fail,pass,skip,skip,skip,pass,fail,,,25,0.2.0-draft,2026-08-04
realestate-mcp.jp,1,0,Absent,,fail,fail,fail,fail,skip,skip,skip,fail,fail,,,25,0.2.0-draft,2026-08-04
realestatecapitale.ma,1,45,Discoverable,,pass,fail,fail,pass,fail,skip,skip,pass,fail,ai-catalog|mcp-server-card-json,,28,0.2.0-draft,2026-08-04
realitygraph.dev,1,80,Connectable,,pass,fail,fail,fail,pass,fail,skip,pass,fail,mcp-json|mcp-bare|mcp-server-card-json,legacy,28,0.2.0-draft,2026-08-04
realmint.io,1,45,Discoverable,,pass,fail,fail,fail,skip,skip,skip,pass,fail,mcp-server-card-json,,24,0.2.0-draft,2026-08-04
realopen.app,1,0,Absent,,error,fail,fail,error,skip,skip,skip,fail,fail,,,42,0.2.0-draft,2026-08-04
realping.tw,1,80,Connectable,,pass,fail,fail,pass,pass,fail,skip,pass,fail,mcp-json,modern,29,0.2.0-draft,2026-08-04
realrealgenuine.com,1,35,Discoverable,,pass,fail,fail,pass,skip,skip,skip,fail,fail,mcp-server-card-json,,24,0.2.0-draft,2026-08-04
realtystack-mcp.vercel.app,1,0,Absent,,fail,fail,fail,fail,skip,skip,skip,fail,fail,,,26,0.2.0-draft,2026-08-04
reapx.dev,1,10,Text-only,,fail,fail,fail,fail,skip,skip,skip,pass,fail,,,24,0.2.0-draft,2026-08-04
reassign.app,1,0,Absent,,fail,fail,fail,fail,skip,skip,skip,fail,fail,,,24,0.2.0-draft,2026-08-04
reboot.dev,1,0,Absent,,fail,fail,fail,fail,skip,skip,skip,fail,fail,,,24,0.2.0-draft,2026-08-04
recallmax-mcp.vercel.app,1,0,Absent,,fail,fail,fail,fail,skip,skip,skip,fail,fail,,,27,0.2.0-draft,2026-08-04
recao.app,1,10,Text-only,,fail,fail,fail,fail,skip,skip,skip,pass,fail,,,22,0.2.0-draft,2026-08-04
receipts-mcp.vercel.app,1,35,Discoverable,,fail,fail,fail,pass,skip,skip,skip,fail,fail,,,28,0.2.0-draft,2026-08-04
recipe-clipper.com,1,45,Discoverable,,fail,fail,fail,pass,skip,skip,skip,pass,fail,,,31,0.2.0-draft,2026-08-04
recipemcp.com,1,45,Discoverable,,pass,fail,fail,fail,skip,skip,skip,pass,fail,mcp-json|mcp-server-card-json,,21,0.2.0-draft,2026-08-04
recognitium.com,1,80,Connectable,,fail,fail,pass,pass,pass,fail,skip,pass,fail,,modern,37,0.2.0-draft,2026-08-04
recordo.app,1,0,Absent,,fail,fail,fail,fail,skip,skip,skip,fail,fail,,,33,0.2.0-draft,2026-08-04
recordo.com,1,10,Text-only,,fail,fail,fail,fail,skip,skip,skip,pass,fail,,,28,0.2.0-draft,2026-08-04
recruiterroles.com,1,45,Discoverable,,pass,fail,fail,pass,skip,skip,skip,pass,fail,mcp-server-card-json,,20,0.2.0-draft,2026-08-04
recur.tw,1,10,Text-only,,fail,fail,fail,fail,skip,skip,skip,pass,fail,,,20,0.2.0-draft,2026-08-04
recursive.support,1,45,Discoverable,,pass,fail,fail,fail,skip,skip,skip,pass,fail,mcp-server-card-json,,16,0.2.0-draft,2026-08-04
redditgrow.ai,1,45,Discoverable,,fail,fail,fail,pass,skip,skip,skip,pass,fail,,,19,0.2.0-draft,2026-08-04
redentia.com.br,1,10,Text-only,,fail,fail,fail,fail,skip,skip,skip,pass,fail,,,30,0.2.0-draft,2026-08-04
redhat.com,1,10,Text-only,,fail,fail,fail,fail,skip,skip,skip,pass,fail,,,27,0.2.0-draft,2026-08-04
redirectboss.com,1,0,Absent,,fail,fail,fail,fail,skip,skip,skip,fail,fail,,,34,0.2.0-draft,2026-08-04
redpanda.com,1,10,Text-only,,fail,fail,fail,fail,skip,skip,skip,pass,fail,,,22,0.2.0-draft,2026-08-04
redra.ai,1,10,Text-only,,fail,fail,fail,fail,skip,skip,skip,pass,fail,,,18,0.2.0-draft,2026-08-04
redstringapp.xyz,1,35,Discoverable,,fail,fail,fail,pass,skip,skip,skip,fail,fail,,,25,0.2.0-draft,2026-08-04
redu.cloud,1,45,Discoverable,,fail,pass,fail,fail,skip,skip,skip,pass,fail,,,19,0.2.0-draft,2026-08-04
reeco.eco,1,10,Text-only,,fail,fail,fail,fail,skip,skip,skip,pass,fail,,,16,0.2.0-draft,2026-08-04
reefapi.com,1,10,Text-only,,fail,fail,fail,fail,skip,skip,skip,pass,fail,,,16,0.2.0-draft,2026-08-04
reel25.com,1,0,Absent,,fail,fail,fail,fail,skip,skip,skip,fail,fail,,,19,0.2.0-draft,2026-08-04
reelmint.io,1,15,Text-only,,fail,fail,fail,fail,skip,skip,skip,pass,pass,,,14,0.2.0-draft,2026-08-04
reelrifter.com,1,35,Discoverable,,pass,fail,fail,pass,skip,skip,skip,fail,fail,mcp-json,,27,0.2.0-draft,2026-08-04
ref.tools,1,0,Absent,,fail,fail,fail,fail,skip,skip,skip,fail,fail,,,15,0.2.0-draft,2026-08-04
refd.ai,1,10,Text-only,,fail,fail,fail,fail,skip,skip,skip,pass,fail,,,15,0.2.0-draft,2026-08-04
refero.design,1,15,Text-only,,fail,fail,fail,fail,skip,skip,skip,pass,pass,,,15,0.2.0-draft,2026-08-04
refetch.cloud,1,10,Text-only,,fail,fail,fail,fail,skip,skip,skip,pass,fail,,,16,0.2.0-draft,2026-08-04
reflexmcp.com,1,15,Text-only,,fail,fail,fail,fail,skip,skip,skip,pass,pass,,,13,0.2.0-draft,2026-08-04
refpro.ai,1,85,Connectable,,fail,fail,pass,fail,pass,fail,skip,pass,pass,,legacy,22,0.2.0-draft,2026-08-04
regdatalab.com,1,50,Discoverable,,pass,fail,fail,fail,skip,skip,skip,pass,pass,mcp-json|mcp-server-card-json,,23,0.2.0-draft,2026-08-04
regex-generator-production.up.railway.app,1,0,Absent,,fail,fail,fail,fail,skip,skip,skip,fail,fail,,,27,0.2.0-draft,2026-08-04
regex-generator-x402-production.up.railway.app,1,0,Absent,,fail,fail,fail,fail,skip,skip,skip,fail,fail,,,27,0.2.0-draft,2026-08-04
regfish.com,1,85,Connectable,,fail,fail,pass,pass,pass,fail,skip,pass,pass,,modern,28,0.2.0-draft,2026-08-04
regimeshift.xyz,1,15,Text-only,,fail,fail,fail,fail,skip,skip,skip,pass,pass,,,16,0.2.0-draft,2026-08-04
reglyze.com,1,10,Text-only,,fail,fail,fail,fail,skip,skip,skip,pass,fail,,,20,0.2.0-draft,2026-08-04
regulatoryai.eu,1,15,Text-only,,skip,fail,fail,skip,skip,skip,skip,pass,pass,,,13,0.2.0-draft,2026-08-04
reilize.com,1,15,Text-only,,fail,fail,fail,fail,skip,skip,skip,pass,pass,,,15,0.2.0-draft,2026-08-04
reizer.io,1,10,Text-only,,fail,fail,fail,fail,skip,skip,skip,pass,fail,,,14,0.2.0-draft,2026-08-04
reka.ai,1,5,Text-only,,fail,fail,fail,fail,skip,skip,skip,fail,pass,,,17,0.2.0-draft,2026-08-04
relaystation.ai,1,85,Connectable,,pass,fail,pass,pass,pass,pass,fail,pass,pass,ai-catalog|mcp-json,modern,23,0.2.0-draft,2026-08-04
relayzero.ai,1,85,Connectable,,pass,fail,pass,fail,pass,fail,skip,pass,pass,ai-catalog,legacy,18,0.2.0-draft,2026-08-04
releases.sh,1,95,Agent-ready,,fail,fail,pass,pass,pass,pass,pass,pass,fail,,modern,16,0.2.0-draft,2026-08-04
relentlessidentity.com,1,50,Discoverable,,pass,fail,fail,pass,skip,skip,skip,pass,pass,mcp-server-card-json,,19,0.2.0-draft,2026-08-04
reletter.com,1,15,Text-only,,fail,fail,fail,fail,skip,skip,skip,pass,pass,,,17,0.2.0-draft,2026-08-04
reliasim.com,1,0,Absent,,fail,fail,fail,fail,skip,skip,skip,fail,fail,,,14,0.2.0-draft,2026-08-04
reliastats.com,1,0,Absent,,fail,fail,fail,fail,skip,skip,skip,fail,fail,,,14,0.2.0-draft,2026-08-04
relin.app,1,75,Connectable,,pass,fail,fail,pass,pass,fail,skip,fail,pass,mcp-server-card-json,legacy,24,0.2.0-draft,2026-08-04
relmcrm.com,1,85,Connectable,,pass,fail,pass,pass,pass,pass,fail,pass,pass,mcp-json,legacy,22,0.2.0-draft,2026-08-04
relux.works,1,100,Agent-ready,,pass,fail,pass,pass,pass,pass,pass,pass,pass,ai-catalog|mcp-server-card-json,legacy,21,0.2.0-draft,2026-08-04
remem.me,1,0,Absent,,fail,fail,fail,fail,skip,skip,skip,fail,fail,,,29,0.2.0-draft,2026-08-04
remindersbridge.vercel.app,1,35,Discoverable,,fail,fail,fail,pass,skip,skip,skip,fail,fail,,,27,0.2.0-draft,2026-08-04
remix-it.com,1,0,Absent,,error,fail,fail,error,skip,skip,skip,fail,fail,,,3,0.2.0-draft,2026-08-04
remnus.com,1,50,Discoverable,,fail,fail,fail,pass,skip,skip,skip,pass,pass,,,28,0.2.0-draft,2026-08-04
remode-assistant-mcp.onrender.com,1,70,Connectable,,fail,fail,pass,pass,pass,fail,skip,fail,fail,,legacy,32,0.2.0-draft,2026-08-04
remodeleriq.com,1,50,Discoverable,,pass,fail,fail,fail,fail,skip,skip,pass,pass,ai-catalog|mcp-server-card-json,,16,0.2.0-draft,2026-08-04
remoet.dev,1,80,Connectable,,fail,fail,pass,fail,pass,fail,skip,pass,fail,,modern,33,0.2.0-draft,2026-08-04
remoote.app,1,15,Text-only,,fail,fail,fail,fail,skip,skip,skip,pass,pass,,,13,0.2.0-draft,2026-08-04
remote-mcp.com,1,0,Absent,,fail,fail,fail,fail,skip,skip,skip,fail,fail,,,29,0.2.0-draft,2026-08-04
remotejobscenter.com,1,15,Text-only,,fail,fail,fail,fail,skip,skip,skip,pass,pass,,,14,0.2.0-draft,2026-08-04
renacerpsicologico.com,1,100,Agent-ready,,pass,fail,pass,fail,pass,pass,pass,pass,pass,mcp-server-card-json,legacy,35,0.2.0-draft,2026-08-04
render-stream-mcp.vercel.app,1,0,Absent,,fail,fail,fail,fail,skip,skip,skip,fail,fail,,,27,0.2.0-draft,2026-08-04
rendex.dev,1,15,Text-only,,fail,fail,fail,fail,skip,skip,skip,pass,pass,,,17,0.2.0-draft,2026-08-04
rendley.com,1,0,Absent,,fail,fail,fail,fail,skip,skip,skip,fail,fail,,,19,0.2.0-draft,2026-08-04
rendobar.com,1,15,Text-only,,fail,fail,fail,fail,skip,skip,skip,pass,pass,,,15,0.2.0-draft,2026-08-04
renewly.gg,1,50,Discoverable,,fail,fail,fail,pass,skip,skip,skip,pass,pass,,,13,0.2.0-draft,2026-08-04
renoolab.fr,1,80,Connectable,,pass,fail,fail,pass,pass,fail,skip,pass,fail,mcp-json,modern,21,0.2.0-draft,2026-08-04
renthuman.ru,1,15,Text-only,,fail,fail,fail,fail,skip,skip,skip,pass,pass,,,14,0.2.0-draft,2026-08-04
rentrollapi.com,1,95,Agent-ready,,fail,fail,pass,fail,pass,pass,pass,pass,fail,,modern,17,0.2.0-draft,2026-08-04
rentseek.ing,1,50,Discoverable,,fail,fail,fail,pass,skip,skip,skip,pass,pass,,,13,0.2.0-draft,2026-08-04
renzoprotocol.com,1,0,Absent,,fail,fail,fail,fail,skip,skip,skip,fail,fail,,,21,0.2.0-draft,2026-08-04
reogrid.net,1,10,Text-only,,fail,fail,fail,fail,skip,skip,skip,pass,fail,,,14,0.2.0-draft,2026-08-04
repage.app,1,45,Discoverable,,fail,fail,fail,pass,skip,skip,skip,pass,fail,,,25,0.2.0-draft,2026-08-04
rephonic.com,1,15,Text-only,,fail,fail,fail,fail,skip,skip,skip,pass,pass,,,17,0.2.0-draft,2026-08-04
reply.io,1,80,Connectable,,fail,fail,pass,pass,pass,fail,skip,pass,fail,,modern,28,0.2.0-draft,2026-08-04
replyargus.com,1,50,Discoverable,,fail,fail,fail,pass,skip,skip,skip,pass,pass,,,25,0.2.0-draft,2026-08-04
replynodes.com,1,10,Text-only,,fail,fail,fail,fail,skip,skip,skip,pass,fail,,,15,0.2.0-draft,2026-08-04
replypen.com,1,0,Absent,,fail,fail,fail,fail,skip,skip,skip,fail,fail,,,14,0.2.0-draft,2026-08-04
repo-to-rag-mcp.vercel.app,1,0,Absent,,fail,fail,fail,fail,skip,skip,skip,fail,fail,,,27,0.2.0-draft,2026-08-04
repofold.dev,1,15,Text-only,,fail,fail,fail,fail,skip,skip,skip,pass,pass,,,13,0.2.0-draft,2026-08-04
repopilot.app,1,10,Text-only,,fail,fail,fail,fail,skip,skip,skip,pass,fail,,,13,0.2.0-draft,2026-08-04
reportingninja.com,1,0,Absent,,fail,fail,fail,fail,skip,skip,skip,fail,fail,,,26,0.2.0-draft,2026-08-04
repowise.dev,1,15,Text-only,,fail,fail,fail,fail,skip,skip,skip,pass,pass,,,26,0.2.0-draft,2026-08-04
reprise.design,1,15,Text-only,,fail,fail,fail,fail,skip,skip,skip,pass,pass,,,14,0.2.0-draft,2026-08-04
reprompt.jp,1,0,Absent,,fail,fail,fail,fail,skip,skip,skip,fail,fail,,,15,0.2.0-draft,2026-08-04
repscale.ai,1,15,Text-only,,fail,fail,fail,fail,skip,skip,skip,pass,pass,,,14,0.2.0-draft,2026-08-04
repuestia.cl,1,50,Discoverable,,pass,fail,fail,pass,fail,skip,skip,pass,pass,mcp-json|mcp-server-card-json,,31,0.2.0-draft,2026-08-04
reputemap.com,1,85,Connectable,,fail,fail,pass,fail,pass,fail,skip,pass,pass,,legacy,21,0.2.0-draft,2026-08-04
reqbeat.com,1,10,Text-only,,fail,fail,fail,fail,skip,skip,skip,pass,fail,,,18,0.2.0-draft,2026-08-04
resadock.com,1,70,Connectable,,pass,fail,pass,fail,pass,fail,skip,fail,fail,mcp-json,modern,18,0.2.0-draft,2026-08-04
research-report-x402-production.up.railway.app,1,0,Absent,,fail,fail,fail,fail,skip,skip,skip,fail,fail,,,27,0.2.0-draft,2026-08-04
research-sprint.vercel.app,1,85,Connectable,,pass,fail,fail,fail,pass,pass,pass,fail,fail,mcp-json,legacy,31,0.2.0-draft,2026-08-04
resemble.ai,1,15,Text-only,,fail,fail,fail,fail,skip,skip,skip,pass,pass,,,23,0.2.0-draft,2026-08-04
resent.one,1,50,Discoverable,,fail,fail,fail,pass,skip,skip,skip,pass,pass,,,15,0.2.0-draft,2026-08-04
resistance.dog,1,0,Absent,,error,error,fail,error,skip,skip,skip,fail,fail,,,26,0.2.0-draft,2026-08-04
resolvemesh.com,1,80,Connectable,,fail,fail,pass,fail,pass,fail,skip,pass,fail,,modern,21,0.2.0-draft,2026-08-04
respira.press,1,15,Text-only,,fail,fail,fail,fail,skip,skip,skip,pass,pass,,,25,0.2.0-draft,2026-08-04
responsibleailabs.ai,1,5,Text-only,,fail,fail,fail,fail,skip,skip,skip,fail,pass,,,15,0.2.0-draft,2026-08-04
restplass.no,1,95,Agent-ready,,fail,fail,pass,fail,pass,pass,pass,pass,fail,,legacy,30,0.2.0-draft,2026-08-04
resumequick.app,1,0,Absent,,fail,fail,fail,fail,skip,skip,skip,fail,fail,,,17,0.2.0-draft,2026-08-04
retasc.com,1,85,Connectable,,pass,fail,fail,fail,pass,pass,fail,pass,pass,mcp-json|mcp-server-card-json,legacy,21,0.2.0-draft,2026-08-04
retirecrunch.com,1,85,Connectable,,pass,fail,pass,fail,pass,fail,skip,pass,pass,mcp-json|mcp-server-card-json,legacy,21,0.2.0-draft,2026-08-04
retrieve-jobs-congress-made.trycloudflare.com,1,0,Absent,,error,fail,fail,error,skip,skip,skip,fail,fail,,,3,0.2.0-draft,2026-08-04
retrochatlabs.com,1,0,Absent,,fail,fail,fail,fail,skip,skip,skip,fail,fail,,,14,0.2.0-draft,2026-08-04
retrodiffusion.ai,1,85,Connectable,,fail,fail,pass,fail,pass,fail,skip,pass,pass,,legacy,23,0.2.0-draft,2026-08-04
rettsarkiv-mcp-953525390683.europe-west3.run.app,1,0,Absent,,fail,fail,fail,fail,skip,skip,skip,fail,fail,,,27,0.2.0-draft,2026-08-04
rettsarkiv.no,1,0,Absent,,fail,fail,fail,fail,skip,skip,skip,fail,fail,,,29,0.2.0-draft,2026-08-04
revasserlabs.com,1,0,Absent,,fail,fail,fail,fail,skip,skip,skip,fail,fail,,,16,0.2.0-draft,2026-08-04
revdoku.com,1,15,Text-only,,fail,fail,fail,fail,skip,skip,skip,pass,pass,,,14,0.2.0-draft,2026-08-04
revelata.com,1,0,Absent,,fail,fail,fail,fail,skip,skip,skip,fail,fail,,,28,0.2.0-draft,2026-08-04
revelica.com,1,80,Connectable,,pass,fail,pass,pass,pass,fail,skip,pass,fail,mcp-server-card-json,modern,19,0.2.0-draft,2026-08-04
revensi.com,1,10,Text-only,,fail,fail,fail,fail,skip,skip,skip,pass,fail,,,14,0.2.0-draft,2026-08-04
revenuescope.jp,1,0,Absent,,fail,fail,fail,fail,skip,skip,skip,fail,fail,,,29,0.2.0-draft,2026-08-04
revettr.com,1,10,Text-only,,fail,fail,fail,fail,skip,skip,skip,pass,fail,,,13,0.2.0-draft,2026-08-04
review-mcp-production.up.railway.app,1,10,Text-only,,fail,fail,fail,fail,skip,skip,skip,pass,fail,,,27,0.2.0-draft,2026-08-04
revise.io,1,80,Connectable,,fail,fail,pass,pass,pass,fail,skip,pass,fail,,legacy,24,0.2.0-draft,2026-08-04
revorbit.com,1,0,Absent,,fail,fail,fail,fail,skip,skip,skip,fail,fail,,,14,0.2.0-draft,2026-08-04
revuo.ai,1,80,Connectable,,fail,fail,pass,fail,pass,fail,skip,pass,fail,,legacy,37,0.2.0-draft,2026-08-04
rfix.ai,1,10,Text-only,,fail,fail,fail,fail,skip,skip,skip,pass,fail,,,17,0.2.0-draft,2026-08-04
rfp.ai,1,85,Connectable,,pass,fail,pass,pass,pass,fail,skip,pass,pass,mcp-server-card-json,modern,19,0.2.0-draft,2026-08-04
rhdxm.com,1,0,Absent,,error,fail,fail,error,skip,skip,skip,fail,fail,,,31,0.2.0-draft,2026-08-04
rhobimd.health,1,0,Absent,,fail,fail,fail,fail,skip,skip,skip,fail,fail,,,14,0.2.0-draft,2026-08-04
rhxbt.com,1,80,Connectable,,pass,fail,pass,fail,pass,pass,fail,pass,fail,mcp-json,legacy,18,0.2.0-draft,2026-08-04
richardkemp.uk,1,0,Absent,,fail,fail,fail,fail,skip,skip,skip,fail,fail,,,14,0.2.0-draft,2026-08-04
rides.rs,1,50,Discoverable,,pass,fail,fail,fail,fail,skip,skip,pass,pass,mcp-json|mcp-server-card-json,,17,0.2.0-draft,2026-08-04
ridotaxi.com,1,85,Connectable,,fail,fail,pass,fail,pass,fail,skip,pass,pass,,legacy,19,0.2.0-draft,2026-08-04
rigorloop.com,1,85,Connectable,,fail,fail,pass,fail,pass,pass,fail,pass,pass,,modern,18,0.2.0-draft,2026-08-04
riksdag-regering-ai.onrender.com,1,0,Absent,,fail,fail,fail,fail,skip,skip,skip,fail,fail,,,27,0.2.0-draft,2026-08-04
ripostiq.com,1,5,Text-only,,fail,fail,fail,fail,skip,skip,skip,fail,pass,,,14,0.2.0-draft,2026-08-04
rise2.ai,1,0,Absent,,fail,fail,fail,fail,skip,skip,skip,fail,fail,,,14,0.2.0-draft,2026-08-04
riskmodels.app,1,80,Connectable,,pass,fail,fail,pass,pass,fail,skip,pass,fail,mcp-json,modern,17,0.2.0-draft,2026-08-04
riskstate.ai,1,95,Agent-ready,,fail,fail,pass,fail,pass,pass,pass,pass,fail,,legacy,21,0.2.0-draft,2026-08-04
ritzademo.com,1,0,Absent,,error,fail,fail,error,skip,skip,skip,fail,fail,,,46,0.2.0-draft,2026-08-04
rivalsweeper.com,1,85,Connectable,,pass,fail,pass,pass,pass,fail,skip,pass,pass,mcp-json|mcp-server-card-json,legacy,33,0.2.0-draft,2026-08-04
rmalka06.chatgpt.site,1,0,Absent,,fail,fail,fail,fail,skip,skip,skip,fail,fail,,,17,0.2.0-draft,2026-08-04
rmcp.dev,1,85,Connectable,,pass,fail,pass,pass,pass,pass,fail,pass,pass,mcp-json|mcp-server-card-json,legacy,19,0.2.0-draft,2026-08-04
rnfonkwthefktfvfwypr.supabase.co,1,0,Absent,,fail,fail,fail,fail,skip,skip,skip,fail,fail,,,14,0.2.0-draft,2026-08-04
rnvizion-rnv-color-mcp.hf.space,1,0,Absent,,fail,fail,fail,fail,skip,skip,skip,fail,fail,,,27,0.2.0-draft,2026-08-04
rnwy.com,1,15,Text-only,,fail,fail,fail,fail,skip,skip,skip,pass,pass,,,13,0.2.0-draft,2026-08-04
roadflow.io,1,10,Text-only,,fail,fail,fail,fail,skip,skip,skip,pass,fail,,,14,0.2.0-draft,2026-08-04
roamward.app,1,85,Connectable,,fail,fail,pass,fail,pass,fail,skip,pass,pass,,legacy,37,0.2.0-draft,2026-08-04
roamzy.io,1,50,Discoverable,,pass,fail,fail,pass,skip,skip,skip,pass,pass,mcp-server-card-json,,13,0.2.0-draft,2026-08-04
roastingly-procensorship-audrianna.ngrok-free.dev,1,0,Absent,,error,fail,fail,error,skip,skip,skip,fail,fail,,,50,0.2.0-draft,2026-08-04
robells.io,1,15,Text-only,,fail,fail,fail,fail,skip,skip,skip,pass,pass,,,15,0.2.0-draft,2026-08-04
robinx.io,1,100,Agent-ready,,fail,fail,pass,fail,pass,pass,pass,pass,pass,,legacy,21,0.2.0-draft,2026-08-04
roboflow.com,1,45,Discoverable,,pass,fail,fail,fail,fail,skip,skip,pass,fail,ai-catalog,,22,0.2.0-draft,2026-08-04
robohub.app,1,15,Text-only,,fail,fail,fail,fail,skip,skip,skip,pass,pass,,,13,0.2.0-draft,2026-08-04
robomart.ai,1,0,Absent,,fail,fail,fail,fail,skip,skip,skip,fail,fail,,,28,0.2.0-draft,2026-08-04
roboselect360.com,1,15,Text-only,,fail,fail,fail,fail,skip,skip,skip,pass,pass,,,17,0.2.0-draft,2026-08-04
robotscope.net,1,15,Text-only,,fail,fail,fail,fail,skip,skip,skip,pass,pass,,,16,0.2.0-draft,2026-08-04
robtex.com,1,95,Agent-ready,,pass,fail,fail,fail,pass,pass,pass,pass,fail,mcp-json,legacy,25,0.2.0-draft,2026-08-04
roc-mcp-jvutdol4j-ro-ct-eam.vercel.app,1,0,Absent,,fail,fail,fail,fail,skip,skip,skip,fail,fail,,,27,0.2.0-draft,2026-08-04
roc.ai,1,0,Absent,,fail,fail,fail,fail,skip,skip,skip,fail,fail,,,22,0.2.0-draft,2026-08-04
rocket-core.com,1,15,Text-only,,fail,fail,fail,fail,skip,skip,skip,pass,pass,,,13,0.2.0-draft,2026-08-04
rocketsloth.ai,1,70,Connectable,,fail,fail,pass,fail,pass,fail,skip,fail,fail,,legacy,19,0.2.0-draft,2026-08-04
rockmoon.ai,1,15,Text-only,,fail,fail,fail,fail,skip,skip,skip,pass,pass,,,30,0.2.0-draft,2026-08-04
rodin.fyi,1,85,Connectable,,fail,fail,pass,fail,pass,fail,skip,pass,pass,,legacy,21,0.2.0-draft,2026-08-04
rogerrat.chat,1,0,Absent,,fail,fail,fail,fail,skip,skip,skip,fail,fail,,,27,0.2.0-draft,2026-08-04
rogerthat.chat,1,95,Agent-ready,,pass,fail,pass,fail,pass,pass,pass,pass,fail,mcp-json,legacy,31,0.2.0-draft,2026-08-04
roguefrontiervc.com,1,0,Absent,,fail,fail,fail,fail,skip,skip,skip,fail,fail,,,14,0.2.0-draft,2026-08-04
rohithmariyala.com,1,0,Absent,,fail,fail,fail,fail,skip,skip,skip,fail,fail,,,27,0.2.0-draft,2026-08-04
roic.ai,1,70,Connectable,,fail,fail,pass,pass,pass,fail,skip,fail,fail,,modern,33,0.2.0-draft,2026-08-04
roklabs.dev,1,0,Absent,,error,fail,fail,error,skip,skip,skip,fail,fail,,,38,0.2.0-draft,2026-08-04
rolli.ai,1,15,Text-only,,fail,fail,fail,fail,skip,skip,skip,pass,pass,,,19,0.2.0-draft,2026-08-04
rolnia.com,1,50,Discoverable,,pass,fail,fail,fail,skip,skip,skip,pass,pass,mcp-json|mcp-server-card-json,,13,0.2.0-draft,2026-08-04
rolocache.com,1,0,Absent,,fail,fail,fail,fail,skip,skip,skip,fail,fail,,,27,0.2.0-draft,2026-08-04
roomcomm.xyz,1,10,Text-only,,fail,fail,fail,fail,skip,skip,skip,pass,fail,,,12,0.2.0-draft,2026-08-04
roomnology.com,1,5,Text-only,,fail,fail,fail,fail,skip,skip,skip,fail,pass,,,14,0.2.0-draft,2026-08-04
roomza.com,1,45,Discoverable,,fail,fail,fail,pass,skip,skip,skip,pass,fail,,,25,0.2.0-draft,2026-08-04
roopslaw.ai,1,10,Text-only,,fail,fail,fail,fail,skip,skip,skip,pass,fail,,,16,0.2.0-draft,2026-08-04
rootdata.ai,1,45,Discoverable,,pass,fail,fail,fail,fail,skip,skip,pass,fail,mcp-json|mcp-bare,,14,0.2.0-draft,2026-08-04
rootly.com,1,0,Absent,,fail,fail,fail,fail,skip,skip,skip,fail,fail,,,17,0.2.0-draft,2026-08-04
rootr.io,1,45,Discoverable,,fail,fail,fail,pass,skip,skip,skip,pass,fail,,,15,0.2.0-draft,2026-08-04
rootstuff.io,1,10,Text-only,,fail,fail,fail,fail,skip,skip,skip,pass,fail,,,21,0.2.0-draft,2026-08-04
rootz.global,1,10,Text-only,,fail,fail,fail,fail,skip,skip,skip,pass,fail,,,16,0.2.0-draft,2026-08-04
roryplans.ai,1,35,Discoverable,,fail,fail,fail,pass,skip,skip,skip,fail,fail,,,31,0.2.0-draft,2026-08-04
rossdata.dev,1,10,Text-only,,fail,fail,fail,fail,skip,skip,skip,pass,fail,,,18,0.2.0-draft,2026-08-04
rosterresolve.ai,1,10,Text-only,,fail,fail,fail,fail,skip,skip,skip,pass,fail,,,14,0.2.0-draft,2026-08-04
rostro.dev,1,5,Text-only,,fail,fail,fail,fail,skip,skip,skip,fail,pass,,,20,0.2.0-draft,2026-08-04
roughsketch.app,1,45,Discoverable,,fail,fail,fail,pass,skip,skip,skip,pass,fail,,,13,0.2.0-draft,2026-08-04
roundtable.now,1,10,Text-only,,fail,fail,fail,fail,skip,skip,skip,pass,fail,,,16,0.2.0-draft,2026-08-04
route6.me,1,15,Text-only,,fail,fail,fail,fail,skip,skip,skip,pass,pass,,,15,0.2.0-draft,2026-08-04
router.ai,1,0,Absent,,error,fail,fail,error,skip,skip,skip,fail,fail,,,6,0.2.0-draft,2026-08-04
routescore.io,1,15,Text-only,,fail,fail,fail,fail,skip,skip,skip,pass,pass,,,25,0.2.0-draft,2026-08-04
routheus.xyz,1,95,Agent-ready,,pass,fail,pass,fail,pass,pass,pass,pass,fail,mcp-server-card-json,legacy,19,0.2.0-draft,2026-08-04
rovvafrica.com,1,0,Absent,,fail,fail,fail,fail,skip,skip,skip,fail,fail,,,14,0.2.0-draft,2026-08-04
rowhint.com,1,10,Text-only,,fail,fail,fail,fail,skip,skip,skip,pass,fail,,,15,0.2.0-draft,2026-08-04
roxels.ai,1,0,Absent,,fail,fail,fail,fail,skip,skip,skip,fail,fail,,,15,0.2.0-draft,2026-08-04
roxyapi.com,1,15,Text-only,,fail,fail,fail,fail,skip,skip,skip,pass,pass,,,15,0.2.0-draft,2026-08-04
royalplugins.com,1,10,Text-only,,fail,fail,fail,fail,skip,skip,skip,pass,fail,,,14,0.2.0-draft,2026-08-04
royalty.technology,1,10,Text-only,,fail,fail,fail,fail,skip,skip,skip,pass,fail,,,14,0.2.0-draft,2026-08-04
royashbrook.com,1,15,Text-only,,fail,fail,fail,fail,skip,skip,skip,pass,pass,,,14,0.2.0-draft,2026-08-04
rozetyp.com,1,0,Absent,,fail,fail,fail,fail,skip,skip,skip,fail,fail,,,16,0.2.0-draft,2026-08-04
rpcs1.dev,1,80,Connectable,,pass,fail,pass,pass,pass,fail,skip,pass,fail,mcp-server-card-json,legacy,18,0.2.0-draft,2026-08-04
rrpb2580.workers.dev,1,0,Absent,,error,fail,fail,error,skip,skip,skip,fail,fail,,,6,0.2.0-draft,2026-08-04
rsnc.network,1,15,Text-only,,fail,fail,fail,fail,skip,skip,skip,pass,pass,,,15,0.2.0-draft,2026-08-04
rstechie.in,1,15,Text-only,,fail,fail,fail,fail,skip,skip,skip,pass,pass,,,14,0.2.0-draft,2026-08-04
rtcelwjnrbmfmrywacky.supabase.co,1,0,Absent,,fail,fail,fail,fail,skip,skip,skip,fail,fail,,,14,0.2.0-draft,2026-08-04
rtcstats.com,1,15,Text-only,,fail,fail,fail,fail,skip,skip,skip,pass,pass,,,14,0.2.0-draft,2026-08-04
rti.com,1,0,Absent,,fail,fail,fail,fail,skip,skip,skip,fail,fail,,,27,0.2.0-draft,2026-08-04
rtkmotion.io,1,10,Text-only,,fail,fail,fail,fail,skip,skip,skip,pass,fail,,,15,0.2.0-draft,2026-08-04
rtopacks.com.au,1,5,Text-only,,fail,fail,fail,fail,skip,skip,skip,fail,pass,,,17,0.2.0-draft,2026-08-04
rubenayla.xyz,1,0,Absent,,fail,fail,fail,fail,skip,skip,skip,fail,fail,,,14,0.2.0-draft,2026-08-04
rubin.trade,1,15,Text-only,,fail,fail,fail,fail,skip,skip,skip,pass,pass,,,14,0.2.0-draft,2026-08-04
rubrkit.com,1,35,Discoverable,,fail,fail,fail,pass,skip,skip,skip,fail,fail,,,27,0.2.0-draft,2026-08-04
ruddia.com,1,0,Absent,,fail,fail,fail,fail,skip,skip,skip,fail,fail,,,27,0.2.0-draft,2026-08-04
rudko.site,1,45,Discoverable,,pass,fail,fail,pass,skip,skip,skip,pass,fail,mcp-server-card-json,,13,0.2.0-draft,2026-08-04
rule-porter-mcp.vercel.app,1,0,Absent,,fail,fail,fail,fail,skip,skip,skip,fail,fail,,,27,0.2.0-draft,2026-08-04
rulemesh.com,1,85,Connectable,,pass,fail,fail,pass,pass,fail,skip,pass,pass,mcp-server-card-json,modern,18,0.2.0-draft,2026-08-04
rules-gen-mcp.vercel.app,1,0,Absent,,fail,fail,fail,fail,skip,skip,skip,fail,fail,,,27,0.2.0-draft,2026-08-04
run.googleapis.com,1,70,Connectable,,fail,fail,pass,pass,pass,fail,skip,fail,fail,,legacy,19,0.2.0-draft,2026-08-04
run402.com,1,95,Agent-ready,,fail,fail,pass,fail,pass,pass,pass,pass,fail,,legacy,22,0.2.0-draft,2026-08-04
runapi.ai,1,80,Connectable,,pass,fail,pass,pass,pass,fail,skip,pass,fail,mcp-json|mcp-bare|mcp-server-card-json,modern,21,0.2.0-draft,2026-08-04
runcabin.com,1,50,Discoverable,,fail,fail,fail,pass,skip,skip,skip,pass,pass,,,14,0.2.0-draft,2026-08-04
runcomfy.com,1,0,Absent,,fail,fail,fail,fail,skip,skip,skip,fail,fail,,,29,0.2.0-draft,2026-08-04
runikapp.com,1,35,Discoverable,,pass,fail,fail,pass,fail,skip,skip,fail,fail,mcp-json,,13,0.2.0-draft,2026-08-04
runitonai.com,1,0,Absent,,fail,fail,fail,fail,skip,skip,skip,fail,fail,,,16,0.2.0-draft,2026-08-04
runlane.run,1,5,Text-only,,fail,fail,fail,fail,skip,skip,skip,fail,pass,,,23,0.2.0-draft,2026-08-04
runlayer.com,1,15,Text-only,,fail,fail,fail,fail,skip,skip,skip,pass,pass,,,27,0.2.0-draft,2026-08-04
runlog.org,1,5,Text-only,,fail,fail,fail,fail,skip,skip,skip,fail,pass,,,22,0.2.0-draft,2026-08-04
runmemento.com,1,15,Text-only,,fail,fail,fail,fail,skip,skip,skip,pass,pass,,,14,0.2.0-draft,2026-08-04
runmirrors.com,1,10,Text-only,,fail,fail,fail,fail,skip,skip,skip,pass,fail,,,28,0.2.0-draft,2026-08-04
runoscript.com,1,85,Connectable,,pass,fail,fail,fail,pass,fail,skip,pass,pass,mcp-json|mcp-server-card-json,legacy,20,0.2.0-draft,2026-08-04
runpay-backend-visibility-production.up.railway.app,1,70,Connectable,,pass,fail,fail,fail,pass,pass,fail,fail,fail,mcp-server-card-json,legacy,31,0.2.0-draft,2026-08-04
runpod.io,1,10,Text-only,,fail,fail,fail,fail,skip,skip,skip,pass,fail,,,22,0.2.0-draft,2026-08-04
runrelay.io,1,0,Absent,,fail,fail,fail,fail,skip,skip,skip,fail,fail,,,30,0.2.0-draft,2026-08-04
runriva.com,1,0,Absent,,fail,fail,fail,fail,skip,skip,skip,fail,fail,,,19,0.2.0-draft,2026-08-04
runsynapse.dev,1,0,Absent,,fail,fail,fail,fail,skip,skip,skip,fail,fail,,,17,0.2.0-draft,2026-08-04
runwayleft.netlify.app,1,5,Text-only,,fail,fail,fail,fail,skip,skip,skip,fail,pass,,,27,0.2.0-draft,2026-08-04
ruscrape.com,1,80,Connectable,,pass,fail,fail,fail,pass,fail,skip,pass,fail,mcp-json|mcp-bare,legacy,18,0.2.0-draft,2026-08-04
rv-grid.com,1,15,Text-only,,fail,fail,fail,fail,skip,skip,skip,pass,pass,,,16,0.2.0-draft,2026-08-04
rxmanager.ai,1,100,Agent-ready,,fail,fail,pass,fail,pass,pass,pass,pass,pass,,legacy,22,0.2.0-draft,2026-08-04
rxradar.dev,1,0,Absent,,error,fail,fail,error,skip,skip,skip,fail,fail,,,11,0.2.0-draft,2026-08-04
rxresu.me,1,10,Text-only,,skip,fail,fail,skip,skip,skip,skip,pass,fail,,,10,0.2.0-draft,2026-08-04
rye.dev,1,80,Connectable,,pass,fail,pass,pass,pass,fail,skip,pass,fail,mcp-server-card-json,legacy,18,0.2.0-draft,2026-08-04
ryxell.com,1,35,Discoverable,,pass,fail,fail,fail,skip,skip,skip,fail,fail,mcp-server-card-json,,14,0.2.0-draft,2026-08-04
rzailabs.com,1,100,Agent-ready,,pass,fail,pass,fail,pass,pass,pass,pass,pass,mcp-json|mcp-server-card-json,legacy,19,0.2.0-draft,2026-08-04
s4mcp-prod.azurewebsites.net,1,70,Connectable,,fail,fail,pass,pass,pass,fail,skip,fail,fail,,modern,18,0.2.0-draft,2026-08-04
saagar210.workers.dev,1,0,Absent,,error,fail,fail,error,skip,skip,skip,fail,fail,,,6,0.2.0-draft,2026-08-04
saagarpatel.dev,1,45,Discoverable,,pass,fail,fail,fail,skip,skip,skip,pass,fail,mcp-json,,16,0.2.0-draft,2026-08-04
saas-agents.onrender.com,1,45,Discoverable,,pass,fail,fail,fail,fail,skip,skip,pass,fail,ai-catalog|mcp-json|mcp-server-card-json,,29,0.2.0-draft,2026-08-04
saasbrowser.com,1,40,Discoverable,,pass,fail,fail,fail,skip,skip,skip,fail,pass,mcp-json,,22,0.2.0-draft,2026-08-04
saascloud.ai,1,5,Text-only,,fail,fail,fail,fail,skip,skip,skip,fail,pass,,,14,0.2.0-draft,2026-08-04
saasdossier.com,1,100,Agent-ready,,pass,fail,pass,fail,pass,pass,pass,pass,pass,ai-catalog|mcp-json,legacy,19,0.2.0-draft,2026-08-04
saber.app,1,0,Absent,,fail,fail,fail,fail,skip,skip,skip,fail,fail,,,32,0.2.0-draft,2026-08-04
sadiqoon.uk,1,0,Absent,,fail,fail,fail,fail,skip,skip,skip,fail,fail,,,14,0.2.0-draft,2026-08-04
safe-mcp.com,1,0,Absent,,fail,fail,fail,fail,skip,skip,skip,fail,fail,,,15,0.2.0-draft,2026-08-04
safe.com,1,10,Text-only,,fail,fail,fail,fail,skip,skip,skip,pass,fail,,,20,0.2.0-draft,2026-08-04
safeprompt.dev,1,50,Discoverable,,pass,fail,fail,fail,fail,skip,skip,pass,pass,ai-catalog,,15,0.2.0-draft,2026-08-04
saferagenticai.org,1,70,Connectable,,fail,fail,pass,fail,pass,fail,skip,fail,fail,,legacy,39,0.2.0-draft,2026-08-04
safeship.app,1,70,Connectable,,fail,fail,pass,fail,pass,fail,skip,fail,fail,,modern,22,0.2.0-draft,2026-08-04
saightly.com,1,15,Text-only,,fail,fail,fail,fail,skip,skip,skip,pass,pass,,,14,0.2.0-draft,2026-08-04
sailtix.com,1,80,Connectable,,pass,fail,pass,fail,pass,fail,skip,pass,fail,mcp-json,legacy,18,0.2.0-draft,2026-08-04
sakina-mcp.fly.dev,1,35,Discoverable,,pass,fail,fail,fail,skip,skip,skip,fail,fail,mcp-server-card-json,,16,0.2.0-draft,2026-08-04
salamailer.fi,1,0,Absent,,fail,fail,fail,fail,skip,skip,skip,fail,fail,,,14,0.2.0-draft,2026-08-04
salesbot.cz,1,15,Text-only,,fail,fail,fail,fail,skip,skip,skip,pass,pass,,,14,0.2.0-draft,2026-08-04
salescloser-ai-mcp.vercel.app,1,0,Absent,,fail,fail,fail,fail,skip,skip,skip,fail,fail,,,27,0.2.0-draft,2026-08-04
salesforce.com,1,0,Absent,,fail,fail,fail,fail,skip,skip,skip,fail,fail,,,28,0.2.0-draft,2026-08-04
salestouch.io,1,0,Absent,,skip,fail,fail,skip,skip,skip,skip,fail,fail,,,13,0.2.0-draft,2026-08-04
sallim.app,1,0,Absent,,error,fail,fail,error,skip,skip,skip,fail,fail,,,3,0.2.0-draft,2026-08-04
saltybytes.ai,1,35,Discoverable,,fail,fail,fail,pass,skip,skip,skip,fail,fail,,,13,0.2.0-draft,2026-08-04
salvagesignal.com,1,80,Connectable,,fail,fail,pass,fail,pass,fail,skip,pass,fail,,legacy,19,0.2.0-draft,2026-08-04
sambodh-ias.in,1,15,Text-only,,fail,fail,fail,fail,skip,skip,skip,pass,pass,,,14,0.2.0-draft,2026-08-04
samebits.com,1,5,Text-only,,fail,fail,fail,fail,skip,skip,skip,fail,pass,,,25,0.2.0-draft,2026-08-04
samedaydesk.com,1,5,Text-only,,fail,fail,fail,fail,skip,skip,skip,fail,pass,,,14,0.2.0-draft,2026-08-04
samrum.io,1,15,Text-only,,fail,fail,fail,fail,skip,skip,skip,pass,pass,,,16,0.2.0-draft,2026-08-04
sanbernardorefugio.com,1,50,Discoverable,,pass,fail,fail,fail,skip,skip,skip,pass,pass,mcp-json,,14,0.2.0-draft,2026-08-04
sanctuary-mcp.vercel.app,1,10,Text-only,,fail,fail,fail,fail,skip,skip,skip,pass,fail,,,27,0.2.0-draft,2026-08-04
sand.gallery,1,0,Absent,,fail,fail,fail,fail,skip,skip,skip,fail,fail,,,14,0.2.0-draft,2026-08-04
sandboxapi.dev,1,0,Absent,,fail,fail,fail,fail,skip,skip,skip,fail,fail,,,18,0.2.0-draft,2026-08-04
sander-van-aard.workers.dev,1,0,Absent,,error,fail,fail,error,skip,skip,skip,fail,fail,,,6,0.2.0-draft,2026-08-04
sanity.io,1,80,Connectable,,fail,fail,pass,pass,pass,fail,skip,pass,fail,,modern,28,0.2.0-draft,2026-08-04
santiment.net,1,10,Text-only,,fail,fail,fail,fail,skip,skip,skip,pass,fail,,,15,0.2.0-draft,2026-08-04
santismm.com,1,100,Agent-ready,,fail,fail,pass,fail,pass,pass,pass,pass,pass,,modern,22,0.2.0-draft,2026-08-04
santosautomation.com,1,10,Text-only,,fail,fail,fail,fail,skip,skip,skip,pass,fail,,,18,0.2.0-draft,2026-08-04
sapiensinteticos.com,1,45,Discoverable,,fail,fail,fail,pass,skip,skip,skip,pass,fail,,,25,0.2.0-draft,2026-08-04
sapiom.ai,1,15,Text-only,,fail,fail,fail,fail,skip,skip,skip,pass,pass,,,27,0.2.0-draft,2026-08-04
saraivada.com,1,0,Absent,,fail,fail,fail,fail,skip,skip,skip,fail,fail,,,14,0.2.0-draft,2026-08-04
sarkoa.com,1,75,Connectable,,fail,fail,pass,fail,pass,fail,skip,fail,pass,,legacy,23,0.2.0-draft,2026-08-04
sasame.online,1,0,Absent,,fail,fail,fail,fail,skip,skip,skip,fail,fail,,,17,0.2.0-draft,2026-08-04
sati-search.fly.dev,1,70,Connectable,,fail,fail,pass,fail,pass,fail,skip,fail,fail,,legacy,19,0.2.0-draft,2026-08-04
satohub.ai,1,80,Connectable,,fail,fail,pass,fail,pass,fail,skip,pass,fail,,legacy,22,0.2.0-draft,2026-08-04
satori-aligner-mcp.vercel.app,1,0,Absent,,fail,fail,fail,fail,skip,skip,skip,fail,fail,,,26,0.2.0-draft,2026-08-04
satoshiapi.io,1,35,Discoverable,,fail,pass,fail,fail,skip,skip,skip,fail,fail,,,30,0.2.0-draft,2026-08-04
satoshidata.ai,1,80,Connectable,,pass,fail,fail,fail,pass,pass,fail,pass,fail,mcp-json,modern,18,0.2.0-draft,2026-08-04
satrank.dev,1,0,Absent,,error,fail,fail,error,skip,skip,skip,fail,fail,,,29,0.2.0-draft,2026-08-04
sats4ai.com,1,45,Discoverable,,pass,fail,fail,fail,skip,skip,skip,pass,fail,mcp-bare,,14,0.2.0-draft,2026-08-04
saturation.io,1,85,Connectable,,pass,fail,pass,pass,pass,fail,skip,pass,pass,mcp-json|mcp-server-card-json,modern,22,0.2.0-draft,2026-08-04
savanto.ai,1,0,Absent,,fail,fail,fail,fail,skip,skip,skip,fail,fail,,,16,0.2.0-draft,2026-08-04
savecraft.gg,1,10,Text-only,,fail,fail,fail,fail,skip,skip,skip,pass,fail,,,17,0.2.0-draft,2026-08-04
savedthat.app,1,50,Discoverable,,pass,fail,fail,pass,skip,skip,skip,pass,pass,mcp-server-card-json,,16,0.2.0-draft,2026-08-04
savordish.com,1,85,Connectable,,pass,fail,fail,pass,pass,fail,skip,pass,pass,mcp-json|mcp-server-card-json,modern,16,0.2.0-draft,2026-08-04
savvly.com,1,80,Connectable,,pass,fail,pass,fail,pass,fail,skip,pass,fail,mcp-server-card-json,legacy,29,0.2.0-draft,2026-08-04
sayba.com,1,50,Discoverable,,pass,fail,fail,fail,fail,skip,skip,pass,pass,mcp-server-card-json,,20,0.2.0-draft,2026-08-04
sbomapp.com,1,10,Text-only,,fail,fail,fail,fail,skip,skip,skip,pass,fail,,,35,0.2.0-draft,2026-08-04
scadaminer.com,1,0,Absent,,fail,fail,fail,fail,skip,skip,skip,fail,fail,,,27,0.2.0-draft,2026-08-04
scalix.world,1,10,Text-only,,fail,fail,fail,fail,skip,skip,skip,pass,fail,,,15,0.2.0-draft,2026-08-04
scamcheck.tech,1,15,Text-only,,fail,fail,fail,fail,skip,skip,skip,pass,pass,,,13,0.2.0-draft,2026-08-04
scamverify.ai,1,45,Discoverable,,fail,fail,fail,pass,skip,skip,skip,pass,fail,,,15,0.2.0-draft,2026-08-04
scan.mx,1,10,Text-only,,fail,fail,fail,fail,skip,skip,skip,pass,fail,,,17,0.2.0-draft,2026-08-04
scanbim.app,1,5,Text-only,,fail,fail,fail,fail,skip,skip,skip,fail,pass,,,15,0.2.0-draft,2026-08-04
scanbimlabs.io,1,0,Absent,,fail,fail,fail,fail,skip,skip,skip,fail,fail,,,17,0.2.0-draft,2026-08-04
scanhood.xyz,1,80,Connectable,,fail,fail,pass,fail,pass,fail,skip,pass,fail,,legacy,21,0.2.0-draft,2026-08-04
scania.com,1,0,Absent,,fail,fail,fail,fail,skip,skip,skip,fail,fail,,,28,0.2.0-draft,2026-08-04
scanmalware.com,1,15,Text-only,,fail,fail,fail,fail,skip,skip,skip,pass,pass,,,18,0.2.0-draft,2026-08-04
scannd.com,1,0,Absent,,fail,fail,fail,fail,skip,skip,skip,fail,fail,,,17,0.2.0-draft,2026-08-04
scavio.dev,1,15,Text-only,,fail,fail,fail,fail,skip,skip,skip,pass,pass,,,17,0.2.0-draft,2026-08-04
scb-mcp.onrender.com,1,0,Absent,,fail,fail,fail,fail,skip,skip,skip,fail,fail,,,51,0.2.0-draft,2026-08-04
scfcontrolsplatform.app,1,0,Absent,,error,fail,fail,error,skip,skip,skip,fail,fail,,,5,0.2.0-draft,2026-08-04
schappy.nl,1,5,Text-only,,fail,fail,fail,fail,skip,skip,skip,fail,pass,,,17,0.2.0-draft,2026-08-04
schedchie.com,1,45,Discoverable,,pass,fail,fail,fail,skip,skip,skip,pass,fail,mcp-server-card-json,,30,0.2.0-draft,2026-08-04
schedulala.com,1,45,Discoverable,,fail,fail,fail,pass,skip,skip,skip,pass,fail,,,16,0.2.0-draft,2026-08-04
schedulesmcp.com,1,15,Text-only,,fail,fail,fail,fail,skip,skip,skip,pass,pass,,,17,0.2.0-draft,2026-08-04
schedulin.app,1,10,Text-only,,fail,fail,fail,fail,skip,skip,skip,pass,fail,,,31,0.2.0-draft,2026-08-04
science-oracle-mcp.vercel.app,1,0,Absent,,fail,fail,fail,fail,skip,skip,skip,fail,fail,,,26,0.2.0-draft,2026-08-04
scienceswarm.org,1,0,Absent,,error,fail,fail,error,skip,skip,skip,fail,fail,,,6,0.2.0-draft,2026-08-04
sciencetostartup.com,1,0,Absent,,fail,fail,fail,fail,skip,skip,skip,fail,fail,,,15,0.2.0-draft,2026-08-04
scientificmicroservices.com,1,0,Absent,,fail,fail,fail,fail,skip,skip,skip,fail,fail,,,18,0.2.0-draft,2026-08-04
sciscale.org,1,0,Absent,,fail,fail,fail,fail,skip,skip,skip,fail,fail,,,27,0.2.0-draft,2026-08-04
scispot.io,1,0,Absent,,fail,fail,fail,fail,skip,skip,skip,fail,fail,,,31,0.2.0-draft,2026-08-04
scite.ai,1,85,Connectable,,fail,fail,pass,pass,pass,pass,pass,fail,fail,,legacy,22,0.2.0-draft,2026-08-04
sciweave.com,1,0,Absent,,fail,fail,fail,fail,skip,skip,skip,fail,fail,,,19,0.2.0-draft,2026-08-04
scmodeling.com,1,85,Connectable,,fail,fail,pass,fail,pass,pass,pass,fail,fail,,legacy,20,0.2.0-draft,2026-08-04
scope.bid,1,45,Discoverable,,fail,fail,fail,pass,skip,skip,skip,pass,fail,,,15,0.2.0-draft,2026-08-04
scopeblind.com,1,30,Text-only,,fail,fail,pass,fail,fail,skip,skip,pass,fail,,,21,0.2.0-draft,2026-08-04
scopegate.cloud,1,0,Absent,,error,fail,fail,error,skip,skip,skip,fail,fail,,,5,0.2.0-draft,2026-08-04
scorecard.io,1,10,Text-only,,fail,fail,fail,fail,skip,skip,skip,pass,fail,,,29,0.2.0-draft,2026-08-04
scorecredit.fr,1,45,Discoverable,,pass,fail,fail,fail,fail,skip,skip,pass,fail,mcp-json|mcp-bare|mcp-server-card-json,,17,0.2.0-draft,2026-08-04
scotiasignal.ca,1,70,Connectable,,fail,fail,pass,fail,pass,fail,skip,fail,fail,,legacy,22,0.2.0-draft,2026-08-04
scout.realestate,1,0,Absent,,fail,fail,fail,fail,skip,skip,skip,fail,fail,,,18,0.2.0-draft,2026-08-04
scoutapm.com,1,80,Connectable,,fail,fail,pass,pass,pass,fail,skip,pass,fail,,modern,19,0.2.0-draft,2026-08-04
scrap-autos.com,1,85,Connectable,,pass,fail,pass,pass,pass,pass,fail,pass,pass,mcp-server-card-json,legacy,20,0.2.0-draft,2026-08-04
scrapecheck-mcp.fly.dev,1,70,Connectable,,fail,fail,pass,fail,pass,fail,skip,fail,fail,,legacy,20,0.2.0-draft,2026-08-04
scrapeer.com,1,5,Text-only,,fail,fail,fail,fail,skip,skip,skip,fail,pass,,,28,0.2.0-draft,2026-08-04
scrapenest.dev,1,10,Text-only,,fail,fail,fail,fail,skip,skip,skip,pass,fail,,,16,0.2.0-draft,2026-08-04
scraper-api.com,1,70,Connectable,,fail,fail,pass,pass,pass,fail,skip,fail,fail,,modern,21,0.2.0-draft,2026-08-04
scrapeunblocker.com,1,15,Text-only,,fail,fail,fail,fail,skip,skip,skip,pass,pass,,,31,0.2.0-draft,2026-08-04
scrapfly.io,1,50,Discoverable,,pass,fail,fail,pass,fail,skip,skip,pass,pass,mcp-json|mcp-server-card-json,,29,0.2.0-draft,2026-08-04
scrapi.ai,1,70,Connectable,,pass,fail,pass,fail,pass,fail,skip,fail,fail,mcp-server-card-json,modern,20,0.2.0-draft,2026-08-04
scraping-api-alpha.vercel.app,1,35,Discoverable,,pass,fail,fail,fail,skip,skip,skip,fail,fail,mcp-server-card-json,,28,0.2.0-draft,2026-08-04
scrapingant.com,1,0,Absent,,fail,fail,fail,fail,skip,skip,skip,fail,fail,,,25,0.2.0-draft,2026-08-04
scrappycoco.ai,1,0,Absent,,fail,fail,fail,fail,skip,skip,skip,fail,fail,,,29,0.2.0-draft,2026-08-04
scraps.kitchen,1,0,Absent,,fail,fail,fail,fail,skip,skip,skip,fail,fail,,,16,0.2.0-draft,2026-08-04
scraptik.com,1,50,Discoverable,,pass,fail,fail,fail,skip,skip,skip,pass,pass,mcp-server-card-json,,16,0.2.0-draft,2026-08-04
scratchrun.dev,1,0,Absent,,fail,fail,fail,fail,skip,skip,skip,fail,fail,,,15,0.2.0-draft,2026-08-04
screenshot-pdf-x402-production.up.railway.app,1,0,Absent,,fail,fail,fail,fail,skip,skip,skip,fail,fail,,,27,0.2.0-draft,2026-08-04
screenshotink.com,1,10,Text-only,,fail,fail,fail,fail,skip,skip,skip,pass,fail,,,16,0.2.0-draft,2026-08-04
screenshotscout.com,1,0,Absent,,fail,fail,fail,fail,skip,skip,skip,fail,fail,,,15,0.2.0-draft,2026-08-04
scribe-mail.com,1,85,Connectable,,pass,fail,fail,pass,pass,fail,skip,pass,pass,mcp-server-card-json,modern,34,0.2.0-draft,2026-08-04
scriptivox.com,1,15,Text-only,,fail,fail,fail,fail,skip,skip,skip,pass,pass,,,26,0.2.0-draft,2026-08-04
scrutica.com,1,50,Discoverable,,pass,fail,fail,fail,skip,skip,skip,pass,pass,mcp-bare|mcp-server-card-json,,17,0.2.0-draft,2026-08-04
scvd.store,1,95,Agent-ready,,fail,fail,pass,fail,pass,pass,pass,pass,fail,,legacy,19,0.2.0-draft,2026-08-04
sealsecurity.io,1,70,Connectable,,fail,fail,pass,pass,pass,fail,skip,fail,fail,,modern,22,0.2.0-draft,2026-08-04
seanwinslow.com,1,0,Absent,,fail,fail,fail,fail,skip,skip,skip,fail,fail,,,14,0.2.0-draft,2026-08-04
seaotter.ai,1,15,Text-only,,fail,fail,fail,fail,skip,skip,skip,pass,pass,,,17,0.2.0-draft,2026-08-04
search1api.com,1,45,Discoverable,,pass,fail,fail,pass,skip,skip,skip,pass,fail,mcp-server-card-json,,27,0.2.0-draft,2026-08-04
searchapi.io,1,35,Discoverable,,fail,fail,fail,pass,skip,skip,skip,fail,fail,,,25,0.2.0-draft,2026-08-04
searchcode.com,1,10,Text-only,,fail,fail,fail,fail,skip,skip,skip,pass,fail,,,15,0.2.0-draft,2026-08-04
searchconsole.ai,1,45,Discoverable,,pass,fail,fail,pass,skip,skip,skip,pass,fail,mcp-server-card-json,,14,0.2.0-draft,2026-08-04
searchfragments.com,1,45,Discoverable,,pass,fail,fail,pass,fail,skip,skip,pass,fail,mcp-json,,14,0.2.0-draft,2026-08-04
searchshop.ai,1,50,Discoverable,,pass,fail,fail,fail,skip,skip,skip,pass,pass,mcp-json,,27,0.2.0-draft,2026-08-04
searchstack.dev,1,10,Text-only,,fail,fail,fail,fail,skip,skip,skip,pass,fail,,,17,0.2.0-draft,2026-08-04
seatcanvas.app,1,15,Text-only,,fail,fail,fail,fail,skip,skip,skip,pass,pass,,,25,0.2.0-draft,2026-08-04
seatswiper.com,1,45,Discoverable,,fail,fail,fail,pass,skip,skip,skip,pass,fail,,,30,0.2.0-draft,2026-08-04
seaweb.tech,1,0,Absent,,fail,fail,fail,fail,skip,skip,skip,fail,fail,,,19,0.2.0-draft,2026-08-04
seaworthy.io,1,95,Agent-ready,,pass,fail,pass,pass,pass,pass,pass,pass,fail,ai-catalog|mcp-server-card-json,modern,21,0.2.0-draft,2026-08-04
sec-filings-mcp-1065601264332.us-central1.run.app,1,45,Discoverable,,pass,fail,fail,fail,skip,skip,skip,pass,fail,mcp-json,,27,0.2.0-draft,2026-08-04
secantoutreach.com,1,0,Absent,,fail,fail,fail,error,skip,skip,skip,fail,fail,,,22,0.2.0-draft,2026-08-04
secapi.ai,1,15,Text-only,,fail,fail,fail,fail,skip,skip,skip,pass,pass,,,15,0.2.0-draft,2026-08-04
secdim.com,1,0,Absent,,fail,fail,fail,fail,skip,skip,skip,fail,fail,,,17,0.2.0-draft,2026-08-04
secondbrainbridge.vercel.app,1,35,Discoverable,,fail,fail,fail,pass,skip,skip,skip,fail,fail,,,27,0.2.0-draft,2026-08-04
secondeyesai.com,1,80,Connectable,,pass,fail,fail,fail,pass,pass,fail,pass,fail,mcp-json|mcp-server-card-json,legacy,18,0.2.0-draft,2026-08-04
secondopinionx402.com,1,80,Connectable,,pass,fail,pass,fail,pass,fail,skip,pass,fail,mcp-json,legacy,19,0.2.0-draft,2026-08-04
secretcarousel.com,1,10,Text-only,,fail,fail,fail,fail,skip,skip,skip,pass,fail,,,17,0.2.0-draft,2026-08-04
sectora.io,1,10,Text-only,,fail,fail,fail,fail,skip,skip,skip,pass,fail,,,16,0.2.0-draft,2026-08-04
security-orchestra-orchestrator.onrender.com,1,0,Absent,,fail,fail,fail,fail,skip,skip,skip,fail,fail,,,51,0.2.0-draft,2026-08-04
seedba.se,1,85,Connectable,,pass,fail,pass,fail,pass,pass,pass,fail,fail,mcp-server-card-json,legacy,19,0.2.0-draft,2026-08-04
seedfa.st,1,15,Text-only,,fail,fail,fail,fail,skip,skip,skip,pass,pass,,,14,0.2.0-draft,2026-08-04
seekon.me,1,0,Absent,,fail,fail,fail,fail,skip,skip,skip,fail,fail,,,26,0.2.0-draft,2026-08-04
seekrit.dev,1,10,Text-only,,fail,fail,fail,fail,skip,skip,skip,pass,fail,,,17,0.2.0-draft,2026-08-04
seenthis.kr,1,15,Text-only,,fail,fail,fail,fail,skip,skip,skip,pass,pass,,,27,0.2.0-draft,2026-08-04
seerxo.com,1,70,Connectable,,fail,fail,pass,pass,pass,fail,skip,fail,fail,,modern,31,0.2.0-draft,2026-08-04
seespectral.com,1,15,Text-only,,fail,fail,fail,fail,skip,skip,skip,pass,pass,,,16,0.2.0-draft,2026-08-04
seishorei-wakarukun.com,1,50,Discoverable,,fail,fail,fail,pass,skip,skip,skip,pass,pass,,,16,0.2.0-draft,2026-08-04
sekichi.fly.dev,1,35,Discoverable,,fail,fail,fail,pass,skip,skip,skip,fail,fail,,,14,0.2.0-draft,2026-08-04
selbyventurecap.workers.dev,1,0,Absent,,error,fail,fail,error,skip,skip,skip,fail,fail,,,6,0.2.0-draft,2026-08-04
seldonframe.com,1,80,Connectable,,pass,fail,fail,pass,pass,fail,skip,pass,fail,mcp-server-card-json,modern,32,0.2.0-draft,2026-08-04
selectic.ai,1,35,Discoverable,,fail,fail,fail,pass,skip,skip,skip,fail,fail,,,13,0.2.0-draft,2026-08-04
selis.app,1,0,Absent,,fail,fail,fail,fail,skip,skip,skip,fail,fail,,,19,0.2.0-draft,2026-08-04
selis.dev,1,0,Absent,,fail,fail,fail,fail,skip,skip,skip,fail,fail,,,21,0.2.0-draft,2026-08-04
seliseblocks.com,1,5,Text-only,,fail,fail,fail,fail,skip,skip,skip,fail,pass,,,16,0.2.0-draft,2026-08-04
sellag.vercel.app,1,15,Text-only,,skip,fail,fail,skip,skip,skip,skip,pass,pass,,,19,0.2.0-draft,2026-08-04
selloracle.com,1,100,Agent-ready,,fail,fail,pass,fail,pass,pass,pass,pass,pass,,legacy,19,0.2.0-draft,2026-08-04
seltz.ai,1,0,Absent,,fail,fail,fail,fail,skip,skip,skip,fail,fail,,,19,0.2.0-draft,2026-08-04
selvo.co,1,0,Absent,,fail,fail,fail,fail,skip,skip,skip,fail,fail,,,16,0.2.0-draft,2026-08-04
sema-lang.com,1,45,Discoverable,,pass,fail,fail,fail,fail,skip,skip,pass,fail,ai-catalog,,20,0.2.0-draft,2026-08-04
sematryx.com,1,0,Absent,,fail,fail,fail,fail,skip,skip,skip,fail,fail,,,27,0.2.0-draft,2026-08-04
semidata.dev,1,50,Discoverable,,pass,fail,fail,fail,skip,skip,skip,pass,pass,mcp-server-card-json,,14,0.2.0-draft,2026-08-04
semilattice.ai,1,0,Absent,,fail,fail,fail,fail,skip,skip,skip,skip,fail,,,19,0.2.0-draft,2026-08-04
semiotic-mcp-server-481507046413.us-west1.run.app,1,70,Connectable,,fail,fail,pass,fail,pass,fail,skip,fail,fail,,legacy,32,0.2.0-draft,2026-08-04
send16.com,1,15,Text-only,,fail,fail,fail,fail,skip,skip,skip,pass,pass,,,16,0.2.0-draft,2026-08-04
sendable.me,1,0,Absent,,error,fail,fail,error,skip,skip,skip,fail,fail,,,38,0.2.0-draft,2026-08-04
senderkit.com,1,45,Discoverable,,fail,fail,fail,pass,skip,skip,skip,pass,fail,,,26,0.2.0-draft,2026-08-04
senders.ai,1,50,Discoverable,,fail,fail,fail,pass,skip,skip,skip,pass,pass,,,17,0.2.0-draft,2026-08-04
sendfast.ai,1,0,Absent,,fail,fail,fail,fail,skip,skip,skip,fail,fail,,,14,0.2.0-draft,2026-08-04
sendhey.app,1,85,Connectable,,fail,fail,pass,pass,pass,fail,skip,pass,pass,,modern,17,0.2.0-draft,2026-08-04
sendifai.com,1,45,Discoverable,,pass,fail,fail,pass,skip,skip,skip,pass,fail,mcp-server-card-json,,25,0.2.0-draft,2026-08-04
sendinel.ai,1,45,Discoverable,,fail,fail,fail,pass,skip,skip,skip,pass,fail,,,17,0.2.0-draft,2026-08-04
sendmux.ai,1,80,Connectable,,pass,fail,pass,pass,pass,fail,skip,pass,fail,mcp-server-card-json,modern,23,0.2.0-draft,2026-08-04
sendpageapp.com,1,70,Connectable,,fail,fail,pass,fail,pass,fail,skip,fail,fail,,legacy,18,0.2.0-draft,2026-08-04
sendpulse.com,1,10,Text-only,,fail,fail,fail,fail,skip,skip,skip,pass,fail,,,18,0.2.0-draft,2026-08-04
sendquotenow.com,1,10,Text-only,,fail,fail,fail,fail,skip,skip,skip,pass,fail,,,13,0.2.0-draft,2026-08-04
sendthisfax.com,1,100,Agent-ready,,pass,fail,pass,fail,pass,pass,pass,pass,pass,mcp-json,legacy,35,0.2.0-draft,2026-08-04
sendyouragent.com,1,10,Text-only,,fail,fail,fail,fail,skip,skip,skip,pass,fail,,,14,0.2.0-draft,2026-08-04
seneschal.space,1,10,Text-only,,fail,fail,fail,fail,skip,skip,skip,pass,fail,,,17,0.2.0-draft,2026-08-04
senpi-agent.workers.dev,1,0,Absent,,error,fail,fail,error,skip,skip,skip,fail,fail,,,6,0.2.0-draft,2026-08-04
sense2.com.au,1,100,Agent-ready,,pass,fail,fail,fail,pass,pass,pass,pass,pass,mcp-json,legacy,21,0.2.0-draft,2026-08-04
sentedge.ai,1,75,Connectable,,fail,fail,pass,fail,pass,fail,skip,fail,pass,,legacy,31,0.2.0-draft,2026-08-04
sentimatix-mcp.up.railway.app,1,0,Absent,,fail,fail,fail,fail,skip,skip,skip,fail,fail,,,27,0.2.0-draft,2026-08-04
sentiment-analyzer-x402-production.up.railway.app,1,0,Absent,,fail,fail,fail,fail,skip,skip,skip,fail,fail,,,27,0.2.0-draft,2026-08-04
sentiment-trail-mcp.vercel.app,1,0,Absent,,fail,fail,fail,fail,skip,skip,skip,fail,fail,,,27,0.2.0-draft,2026-08-04
sentinelscan-cloud-mcp.vercel.app,1,0,Absent,,fail,fail,fail,fail,skip,skip,skip,fail,fail,,,27,0.2.0-draft,2026-08-04
sentinelsignal.io,1,85,Connectable,,fail,fail,pass,pass,pass,pass,pass,fail,fail,,legacy,23,0.2.0-draft,2026-08-04
sentinelx.app,1,0,Absent,,fail,fail,fail,fail,skip,skip,skip,fail,fail,,,15,0.2.0-draft,2026-08-04
sentisense.ai,1,15,Text-only,,fail,fail,fail,fail,skip,skip,skip,pass,pass,,,13,0.2.0-draft,2026-08-04
sentrysurface.io,1,5,Text-only,,fail,fail,fail,fail,skip,skip,skip,fail,pass,,,18,0.2.0-draft,2026-08-04
sentvia.ai,1,50,Discoverable,,pass,fail,fail,fail,skip,skip,skip,pass,pass,mcp-server-card-json,,15,0.2.0-draft,2026-08-04
senzii.com,1,35,Discoverable,,fail,fail,fail,pass,skip,skip,skip,fail,fail,,,13,0.2.0-draft,2026-08-04
senzing.com,1,35,Discoverable,,fail,fail,fail,pass,skip,skip,skip,fail,fail,,,18,0.2.0-draft,2026-08-04
seo-analyzer-x402-production.up.railway.app,1,0,Absent,,fail,fail,fail,fail,skip,skip,skip,fail,fail,,,27,0.2.0-draft,2026-08-04
seo-ghost-mcp.vercel.app,1,0,Absent,,fail,fail,fail,fail,skip,skip,skip,fail,fail,,,27,0.2.0-draft,2026-08-04
seoapi.com,1,0,Absent,,fail,fail,fail,fail,skip,skip,skip,fail,fail,,,15,0.2.0-draft,2026-08-04
seob5285.workers.dev,1,0,Absent,,error,fail,fail,error,skip,skip,skip,fail,fail,,,6,0.2.0-draft,2026-08-04
seocrawl.ai,1,10,Text-only,,fail,fail,fail,fail,skip,skip,skip,pass,fail,,,16,0.2.0-draft,2026-08-04
seodesignlab.workers.dev,1,0,Absent,,error,fail,fail,error,skip,skip,skip,fail,fail,,,6,0.2.0-draft,2026-08-04
seoforgpt.io,1,50,Discoverable,,pass,fail,fail,fail,skip,skip,skip,pass,pass,mcp-json|mcp-server-card-json,,27,0.2.0-draft,2026-08-04
seogrep.com,1,0,Absent,,fail,fail,fail,fail,skip,skip,skip,fail,fail,,,16,0.2.0-draft,2026-08-04
seosa.ink,1,0,Absent,,error,fail,fail,error,skip,skip,skip,fail,fail,,,3,0.2.0-draft,2026-08-04
seqbench.com,1,100,Agent-ready,,fail,fail,pass,fail,pass,pass,pass,pass,pass,,legacy,19,0.2.0-draft,2026-08-04
sequel.consulting,1,50,Discoverable,,pass,fail,fail,fail,skip,skip,skip,pass,pass,mcp-server-card-json,,18,0.2.0-draft,2026-08-04
sequentum.com,1,15,Text-only,,fail,fail,fail,fail,skip,skip,skip,pass,pass,,,29,0.2.0-draft,2026-08-04
sequenzy.com,1,45,Discoverable,,pass,fail,fail,pass,skip,skip,skip,pass,fail,mcp-server-card-json,,26,0.2.0-draft,2026-08-04
serac.cloud,1,0,Absent,,fail,fail,fail,fail,skip,skip,skip,fail,fail,,,39,0.2.0-draft,2026-08-04
seranking.com,1,40,Discoverable,,fail,fail,fail,pass,skip,skip,skip,fail,pass,,,16,0.2.0-draft,2026-08-04
serff.ai,1,85,Connectable,,fail,fail,pass,pass,pass,pass,pass,fail,fail,,legacy,28,0.2.0-draft,2026-08-04
serp-agent.com,1,85,Connectable,,fail,fail,pass,pass,pass,fail,skip,pass,pass,,modern,31,0.2.0-draft,2026-08-04
serpapi.com,1,10,Text-only,,fail,fail,fail,fail,skip,skip,skip,pass,fail,,,17,0.2.0-draft,2026-08-04
serpdive.com,1,80,Connectable,,fail,fail,pass,pass,pass,fail,skip,pass,fail,,modern,20,0.2.0-draft,2026-08-04
serpent.cloud,1,10,Text-only,,fail,fail,fail,fail,skip,skip,skip,pass,fail,,,17,0.2.0-draft,2026-08-04
serpjet.io,1,0,Absent,,error,fail,fail,error,skip,skip,skip,fail,fail,,,43,0.2.0-draft,2026-08-04
serpmantics.com,1,0,Absent,,fail,fail,fail,fail,skip,skip,skip,fail,fail,,,14,0.2.0-draft,2026-08-04
serpstat.com,1,10,Text-only,,fail,fail,fail,fail,skip,skip,skip,pass,fail,,,19,0.2.0-draft,2026-08-04
serpzilla.com,1,15,Text-only,,fail,fail,fail,fail,skip,skip,skip,pass,pass,,,21,0.2.0-draft,2026-08-04
server4agent.com,1,45,Discoverable,,fail,fail,fail,pass,skip,skip,skip,pass,fail,,,29,0.2.0-draft,2026-08-04
servercardtrust.space,1,80,Connectable,,pass,fail,pass,fail,pass,fail,skip,pass,fail,mcp-server-card-json,modern,17,0.2.0-draft,2026-08-04
serverless-db-oracle-mcp.vercel.app,1,0,Absent,,fail,fail,fail,fail,skip,skip,skip,fail,fail,,,27,0.2.0-draft,2026-08-04
servicebricks.com,1,5,Text-only,,fail,fail,fail,fail,skip,skip,skip,fail,pass,,,14,0.2.0-draft,2026-08-04
servicegraph.co,1,10,Text-only,,skip,fail,fail,skip,skip,skip,skip,pass,fail,,,7,0.2.0-draft,2026-08-04
servicepal.cloud,1,0,Absent,,fail,fail,fail,fail,skip,skip,skip,fail,fail,,,13,0.2.0-draft,2026-08-04
servicialo.com,1,45,Discoverable,,pass,fail,fail,fail,fail,skip,skip,pass,fail,mcp-json,,24,0.2.0-draft,2026-08-04
servonaut.dev,1,0,Absent,,fail,fail,fail,fail,skip,skip,skip,fail,fail,,,21,0.2.0-draft,2026-08-04
sessionkeeper.ai,1,0,Absent,,fail,fail,fail,fail,skip,skip,skip,fail,fail,,,22,0.2.0-draft,2026-08-04
sessy.do,1,10,Text-only,,fail,fail,fail,fail,skip,skip,skip,pass,fail,,,17,0.2.0-draft,2026-08-04
setfork.com,1,0,Absent,,fail,fail,fail,fail,skip,skip,skip,fail,fail,,,13,0.2.0-draft,2026-08-04
setip.io,1,10,Text-only,,fail,fail,fail,fail,skip,skip,skip,pass,fail,,,17,0.2.0-draft,2026-08-04
setix.com,1,10,Text-only,,fail,fail,fail,fail,skip,skip,skip,pass,fail,,,16,0.2.0-draft,2026-08-04
setix.dev,1,80,Connectable,,pass,fail,fail,fail,pass,fail,skip,pass,fail,mcp-server-serra|mcp-server-card-json,legacy,25,0.2.0-draft,2026-08-04
settlemesh.io,1,50,Discoverable,,pass,fail,fail,fail,skip,skip,skip,pass,pass,mcp-json,,28,0.2.0-draft,2026-08-04
settro.net,1,85,Connectable,,fail,fail,pass,fail,pass,fail,skip,pass,pass,,legacy,23,0.2.0-draft,2026-08-04
seu.pet,1,5,Text-only,,fail,fail,fail,fail,skip,skip,skip,fail,pass,,,13,0.2.0-draft,2026-08-04
sevalla.com,1,0,Absent,,fail,fail,fail,fail,skip,skip,skip,fail,fail,,,19,0.2.0-draft,2026-08-04
sexai.dev,1,15,Text-only,,fail,fail,fail,fail,skip,skip,skip,pass,pass,,,14,0.2.0-draft,2026-08-04
sftunes.com,1,70,Connectable,,fail,fail,pass,fail,pass,fail,skip,fail,fail,,legacy,22,0.2.0-draft,2026-08-04
sgdata.workers.dev,1,0,Absent,,error,fail,fail,error,skip,skip,skip,fail,fail,,,6,0.2.0-draft,2026-08-04
sgpdirectory.com,1,85,Connectable,,fail,fail,pass,fail,pass,fail,skip,pass,pass,,legacy,20,0.2.0-draft,2026-08-04
sgpropertydata.com,1,45,Discoverable,,pass,fail,fail,fail,fail,skip,skip,pass,fail,ai-catalog,,15,0.2.0-draft,2026-08-04
shade.inc,1,0,Absent,,fail,fail,fail,fail,skip,skip,skip,fail,fail,,,17,0.2.0-draft,2026-08-04
shakespeare-monologues.org,1,80,Connectable,,fail,fail,pass,fail,pass,fail,skip,pass,fail,,legacy,35,0.2.0-draft,2026-08-04
shamra-academia.com,1,75,Connectable,,fail,fail,pass,fail,pass,fail,skip,fail,pass,,modern,26,0.2.0-draft,2026-08-04
shaozhengkun.workers.dev,1,0,Absent,,error,fail,fail,error,skip,skip,skip,fail,fail,,,6,0.2.0-draft,2026-08-04
shardlink-control-plane-6phhkg3f2q-ts.a.run.app,1,0,Absent,,fail,fail,fail,fail,skip,skip,skip,fail,fail,,,27,0.2.0-draft,2026-08-04
sharebench.ai,1,80,Connectable,,pass,fail,fail,fail,pass,fail,skip,pass,fail,mcp-json|mcp-bare|mcp-server-card-json,legacy,21,0.2.0-draft,2026-08-04
sharemypage.app,1,45,Discoverable,,pass,fail,fail,pass,fail,skip,skip,pass,fail,mcp-server-card-json,,17,0.2.0-draft,2026-08-04
sharksalesinfo-blip.github.io,1,0,Absent,,fail,fail,fail,fail,skip,skip,skip,fail,fail,,,27,0.2.0-draft,2026-08-04
shawndurrani.ai,1,0,Absent,,fail,fail,fail,fail,skip,skip,skip,fail,fail,,,16,0.2.0-draft,2026-08-04
sheetbest.com,1,30,Text-only,,fail,fail,pass,fail,fail,skip,skip,pass,fail,,,20,0.2.0-draft,2026-08-04
sheetsdata.com,1,0,Absent,,fail,fail,fail,fail,skip,skip,skip,fail,fail,,,15,0.2.0-draft,2026-08-04
sherweb.com,1,0,Absent,,fail,fail,fail,fail,skip,skip,skip,fail,fail,,,30,0.2.0-draft,2026-08-04
shibui.finance,1,15,Text-only,,fail,fail,fail,fail,skip,skip,skip,pass,pass,,,21,0.2.0-draft,2026-08-04
shieldz.cash,1,100,Agent-ready,,fail,fail,pass,fail,pass,pass,pass,pass,pass,,legacy,20,0.2.0-draft,2026-08-04
shiflowai.cloud,1,35,Discoverable,,pass,fail,fail,fail,skip,skip,skip,fail,fail,mcp-server-card-json,,14,0.2.0-draft,2026-08-04
shiftinbits.com,1,0,Absent,,fail,fail,fail,fail,skip,skip,skip,fail,fail,,,14,0.2.0-draft,2026-08-04
shiftyasan.com,1,0,Absent,,fail,fail,fail,fail,skip,skip,skip,fail,fail,,,14,0.2.0-draft,2026-08-04
shimonkolodny.workers.dev,1,0,Absent,,error,fail,fail,error,skip,skip,skip,fail,fail,,,6,0.2.0-draft,2026-08-04
shineup.digital,1,0,Absent,,fail,fail,fail,fail,skip,skip,skip,fail,fail,,,25,0.2.0-draft,2026-08-04
shingou.io,1,10,Text-only,,fail,fail,fail,fail,skip,skip,skip,pass,fail,,,13,0.2.0-draft,2026-08-04
shinobidata.com,1,40,Discoverable,,fail,fail,fail,pass,skip,skip,skip,fail,pass,,,20,0.2.0-draft,2026-08-04
ship24.com,1,0,Absent,,fail,fail,fail,fail,skip,skip,skip,fail,fail,,,27,0.2.0-draft,2026-08-04
shipbook.io,1,0,Absent,,fail,fail,fail,fail,skip,skip,skip,fail,fail,,,36,0.2.0-draft,2026-08-04
shipdapp.com,1,5,Text-only,,fail,fail,fail,fail,skip,skip,skip,fail,pass,,,16,0.2.0-draft,2026-08-04
shipeasy.ai,1,0,Absent,,fail,fail,fail,fail,skip,skip,skip,fail,fail,,,16,0.2.0-draft,2026-08-04
shiplight.ai,1,15,Text-only,,fail,fail,fail,fail,skip,skip,skip,pass,pass,,,26,0.2.0-draft,2026-08-04
shiply.now,1,80,Connectable,,pass,fail,pass,pass,pass,fail,skip,pass,fail,mcp-json,legacy,21,0.2.0-draft,2026-08-04
shipmail.to,1,50,Discoverable,,pass,fail,fail,pass,fail,skip,skip,pass,pass,mcp-server-card-json,,14,0.2.0-draft,2026-08-04
shipmycar.co.uk,1,85,Connectable,,fail,fail,pass,fail,pass,fail,skip,pass,pass,,legacy,35,0.2.0-draft,2026-08-04
shippingrates.org,1,80,Connectable,,fail,fail,pass,fail,pass,fail,skip,pass,fail,,legacy,22,0.2.0-draft,2026-08-04
shippo.com,1,70,Connectable,,fail,fail,pass,pass,pass,fail,skip,fail,fail,,modern,21,0.2.0-draft,2026-08-04
shippp.ai,1,0,Absent,,fail,fail,fail,fail,skip,skip,skip,fail,fail,,,27,0.2.0-draft,2026-08-04
shipstatic.com,1,85,Connectable,,pass,fail,fail,fail,pass,fail,skip,pass,pass,mcp-json,legacy,34,0.2.0-draft,2026-08-04
shipswift.app,1,70,Connectable,,fail,fail,pass,fail,pass,fail,skip,fail,fail,,legacy,21,0.2.0-draft,2026-08-04
shirabe.dev,1,100,Agent-ready,,fail,fail,pass,fail,pass,pass,pass,pass,pass,,legacy,20,0.2.0-draft,2026-08-04
shizu.me,1,0,Absent,,fail,fail,fail,fail,skip,skip,skip,fail,fail,,,14,0.2.0-draft,2026-08-04
shodai.network,1,80,Connectable,,pass,fail,pass,fail,pass,fail,skip,pass,fail,server-card-endpoint-relative|mcp-json|mcp-server-card-json,legacy,22,0.2.0-draft,2026-08-04
shonanfarm.com,1,10,Text-only,,fail,fail,fail,fail,skip,skip,skip,pass,fail,,,17,0.2.0-draft,2026-08-04
shopfront.cloud,1,0,Absent,,fail,fail,fail,fail,skip,skip,skip,fail,fail,,,27,0.2.0-draft,2026-08-04
shopfront.se,1,5,Text-only,,fail,fail,fail,fail,skip,skip,skip,fail,pass,,,14,0.2.0-draft,2026-08-04
shopgraph.dev,1,70,Connectable,,fail,fail,pass,fail,pass,fail,skip,fail,fail,,legacy,22,0.2.0-draft,2026-08-04
shopmcp.net,1,50,Discoverable,,pass,fail,fail,fail,skip,skip,skip,pass,pass,mcp-json,,27,0.2.0-draft,2026-08-04
shoptera.ai,1,35,Discoverable,,pass,fail,fail,fail,skip,skip,skip,fail,fail,mcp-server-card-json,,17,0.2.0-draft,2026-08-04
shortcutsbridge.vercel.app,1,35,Discoverable,,fail,fail,fail,pass,skip,skip,skip,fail,fail,,,27,0.2.0-draft,2026-08-04
shortgenius.com,1,45,Discoverable,,pass,fail,fail,pass,fail,skip,skip,pass,fail,mcp-json|mcp-server-card-json,,19,0.2.0-draft,2026-08-04
shortlist-mcp.vercel.app,1,70,Connectable,,fail,fail,pass,fail,pass,fail,skip,fail,fail,,legacy,32,0.2.0-draft,2026-08-04
shortsmonkey.com,1,85,Connectable,,fail,fail,pass,fail,pass,fail,skip,pass,pass,,modern,34,0.2.0-draft,2026-08-04
shorttext.com,1,95,Agent-ready,,pass,fail,pass,fail,pass,pass,pass,pass,fail,mcp-json,legacy,18,0.2.0-draft,2026-08-04
shotbot.net,1,0,Absent,,fail,fail,fail,fail,skip,skip,skip,fail,fail,,,28,0.2.0-draft,2026-08-04
shots.run,1,50,Discoverable,,pass,fail,fail,pass,skip,skip,skip,pass,pass,mcp-json|mcp-server-card-json,,13,0.2.0-draft,2026-08-04
showmeonmap.com,1,10,Text-only,,fail,fail,fail,fail,skip,skip,skip,pass,fail,,,13,0.2.0-draft,2026-08-04
showmestepbystep.com,1,50,Discoverable,,pass,fail,fail,fail,skip,skip,skip,pass,pass,mcp-json,,28,0.2.0-draft,2026-08-04
shyn.day,1,5,Text-only,,fail,fail,fail,fail,skip,skip,skip,fail,pass,,,14,0.2.0-draft,2026-08-04
sibfly.com,1,85,Connectable,,pass,fail,fail,pass,pass,pass,fail,pass,pass,mcp-bare,legacy,18,0.2.0-draft,2026-08-04
siccodes.co.uk,1,0,Absent,,fail,fail,fail,fail,skip,skip,skip,fail,fail,,,38,0.2.0-draft,2026-08-04
sidai.live,1,40,Discoverable,,pass,fail,fail,pass,skip,skip,skip,fail,pass,mcp-server-card-json,,13,0.2.0-draft,2026-08-04
sidecardata.com,1,0,Absent,,fail,fail,fail,fail,skip,skip,skip,fail,fail,,,27,0.2.0-draft,2026-08-04
sidislab.com,1,40,Discoverable,,pass,fail,fail,pass,skip,skip,skip,fail,pass,mcp-server-card-json,,14,0.2.0-draft,2026-08-04
sidneybissoli.workers.dev,1,0,Absent,,error,fail,fail,error,skip,skip,skip,fail,fail,,,6,0.2.0-draft,2026-08-04
siftdex.com,1,0,Absent,,error,fail,fail,error,skip,skip,skip,fail,fail,,,3,0.2.0-draft,2026-08-04
sifting.io,1,15,Text-only,,fail,fail,fail,fail,skip,skip,skip,pass,pass,,,15,0.2.0-draft,2026-08-04
sig.ai,1,10,Text-only,,fail,fail,fail,fail,skip,skip,skip,pass,fail,,,14,0.2.0-draft,2026-08-04
sigit.si,1,0,Absent,,fail,fail,fail,fail,skip,skip,skip,fail,fail,,,13,0.2.0-draft,2026-08-04
siglume.com,1,0,Absent,,fail,fail,fail,fail,skip,skip,skip,fail,fail,,,24,0.2.0-draft,2026-08-04
sigma-gate-864996675261.us-central1.run.app,1,0,Absent,,fail,fail,fail,fail,skip,skip,skip,fail,fail,,,51,0.2.0-draft,2026-08-04
signado.io,1,10,Text-only,,fail,fail,fail,fail,skip,skip,skip,pass,fail,,,16,0.2.0-draft,2026-08-04
signal8.ai,1,85,Connectable,,fail,fail,pass,pass,pass,fail,skip,pass,pass,,modern,21,0.2.0-draft,2026-08-04
signaldaemon.com,1,15,Text-only,,fail,fail,fail,fail,skip,skip,skip,pass,pass,,,15,0.2.0-draft,2026-08-04
signaliz.com,1,50,Discoverable,,pass,fail,fail,fail,skip,skip,skip,pass,pass,mcp-json,,15,0.2.0-draft,2026-08-04
signalpipe.io,1,10,Text-only,,fail,fail,fail,fail,skip,skip,skip,pass,fail,,,14,0.2.0-draft,2026-08-04
signals.global,1,85,Connectable,,pass,fail,pass,fail,pass,fail,skip,pass,pass,mcp-json|mcp-server-card-json,modern,18,0.2.0-draft,2026-08-04
signatrust.io,1,45,Discoverable,,fail,fail,fail,pass,skip,skip,skip,pass,fail,,,28,0.2.0-draft,2026-08-04
signdocs.com.br,1,5,Text-only,,fail,fail,fail,fail,skip,skip,skip,fail,pass,,,30,0.2.0-draft,2026-08-04
signed.com,1,10,Text-only,,fail,fail,fail,fail,skip,skip,skip,pass,fail,,,17,0.2.0-draft,2026-08-04
signomy.xyz,1,85,Connectable,,pass,fail,fail,fail,pass,fail,skip,pass,pass,mcp-server-card-json,legacy,18,0.2.0-draft,2026-08-04
signvoy.com,1,15,Text-only,,fail,fail,fail,fail,skip,skip,skip,pass,pass,,,26,0.2.0-draft,2026-08-04
sigparser.com,1,0,Absent,,fail,fail,fail,fail,skip,skip,skip,fail,fail,,,22,0.2.0-draft,2026-08-04
sigrunner.workers.dev,1,0,Absent,,error,fail,fail,error,skip,skip,skip,fail,fail,,,6,0.2.0-draft,2026-08-04
siima.online,1,85,Connectable,,pass,fail,pass,fail,pass,fail,skip,pass,pass,mcp-json,legacy,21,0.2.0-draft,2026-08-04
silicann.com,1,5,Text-only,,fail,fail,fail,fail,skip,skip,skip,fail,pass,,,40,0.2.0-draft,2026-08-04
siliconanalysts.com,1,50,Discoverable,,fail,fail,fail,pass,skip,skip,skip,pass,pass,,,13,0.2.0-draft,2026-08-04
siliconbridge.xyz,1,0,Absent,,error,fail,fail,error,skip,skip,skip,fail,fail,,,38,0.2.0-draft,2026-08-04
siliconfriendly.com,1,0,Absent,,fail,fail,fail,fail,skip,skip,skip,fail,fail,,,36,0.2.0-draft,2026-08-04
silverbackmarketing.com,1,15,Text-only,,fail,fail,fail,fail,skip,skip,skip,pass,pass,,,27,0.2.0-draft,2026-08-04
simceptor.com,1,40,Discoverable,,pass,fail,fail,pass,skip,skip,skip,fail,pass,mcp-server-card-json,,14,0.2.0-draft,2026-08-04
simcloud.co.za,1,50,Discoverable,,fail,fail,fail,pass,skip,skip,skip,pass,pass,,,14,0.2.0-draft,2026-08-04
similarity-search-api-production.up.railway.app,1,0,Absent,,fail,fail,fail,fail,skip,skip,skip,fail,fail,,,27,0.2.0-draft,2026-08-04
simoko.workers.dev,1,0,Absent,,error,fail,fail,error,skip,skip,skip,fail,fail,,,6,0.2.0-draft,2026-08-04
simplecohortllc.com,1,10,Text-only,,fail,fail,fail,fail,skip,skip,skip,pass,fail,,,28,0.2.0-draft,2026-08-04
simplefunctions.dev,1,15,Text-only,,fail,fail,fail,fail,skip,skip,skip,pass,pass,,,17,0.2.0-draft,2026-08-04
simplyestate.co.uk,1,80,Connectable,,pass,fail,fail,pass,pass,fail,skip,pass,fail,mcp-json,legacy,20,0.2.0-draft,2026-08-04
simplyprint.io,1,10,Text-only,,fail,fail,fail,fail,skip,skip,skip,pass,fail,,,15,0.2.0-draft,2026-08-04
simplyscan.io,1,15,Text-only,,fail,fail,fail,fail,skip,skip,skip,pass,pass,,,15,0.2.0-draft,2026-08-04
simplywarmup.com,1,0,Absent,,error,fail,fail,error,skip,skip,skip,fail,fail,,,26,0.2.0-draft,2026-08-04
simpson-strong-agent.onrender.com,1,0,Absent,,fail,fail,fail,fail,skip,skip,skip,fail,fail,,,27,0.2.0-draft,2026-08-04
simsense.ai,1,0,Absent,,fail,fail,fail,fail,skip,skip,skip,fail,fail,,,14,0.2.0-draft,2026-08-04
simsima.io,1,50,Discoverable,,pass,fail,fail,pass,skip,skip,skip,pass,pass,mcp-server-card-json,,18,0.2.0-draft,2026-08-04
simstim.ai,1,0,Absent,,fail,fail,fail,fail,skip,skip,skip,fail,fail,,,14,0.2.0-draft,2026-08-04
simulis.io,1,10,Text-only,,fail,fail,fail,fail,skip,skip,skip,pass,fail,,,13,0.2.0-draft,2026-08-04
singaporemobileproxy.com,1,10,Text-only,,fail,fail,fail,fail,skip,skip,skip,pass,fail,,,15,0.2.0-draft,2026-08-04
singchat.org,1,40,Discoverable,,fail,fail,fail,pass,skip,skip,skip,fail,pass,,,20,0.2.0-draft,2026-08-04
singular.net,1,15,Text-only,,fail,fail,fail,fail,skip,skip,skip,pass,pass,,,31,0.2.0-draft,2026-08-04
sinoconnection.com,1,0,Absent,,fail,fail,fail,fail,skip,skip,skip,fail,fail,,,26,0.2.0-draft,2026-08-04
sipflow.dev,1,0,Absent,,fail,fail,fail,fail,skip,skip,skip,fail,fail,,,24,0.2.0-draft,2026-08-04
sipi.bot,1,50,Discoverable,,pass,fail,fail,fail,skip,skip,skip,pass,pass,mcp-json,,13,0.2.0-draft,2026-08-04
sirenic.eu,1,50,Discoverable,,pass,fail,fail,fail,skip,skip,skip,pass,pass,mcp-json,,27,0.2.0-draft,2026-08-04
sirune.tech,1,0,Absent,,fail,fail,fail,fail,skip,skip,skip,fail,fail,,,15,0.2.0-draft,2026-08-04
sistaminuten.se,1,95,Agent-ready,,fail,fail,pass,fail,pass,pass,pass,pass,fail,,legacy,30,0.2.0-draft,2026-08-04
siteglass.io,1,10,Text-only,,fail,fail,fail,fail,skip,skip,skip,pass,fail,,,27,0.2.0-draft,2026-08-04
siteguardian.io,1,10,Text-only,,fail,fail,fail,fail,skip,skip,skip,pass,fail,,,16,0.2.0-draft,2026-08-04
sitelemetry.com,1,45,Discoverable,,pass,fail,fail,pass,skip,skip,skip,pass,fail,mcp-server-card-json,,12,0.2.0-draft,2026-08-04
sitepulsar-mcp.vercel.app,1,85,Connectable,,fail,fail,pass,pass,pass,pass,pass,fail,fail,,modern,31,0.2.0-draft,2026-08-04
sitepulsar.ai,1,100,Agent-ready,,pass,fail,pass,pass,pass,pass,pass,pass,pass,mcp-json,modern,32,0.2.0-draft,2026-08-04
sitesplaced.com,1,50,Discoverable,,fail,fail,fail,pass,skip,skip,skip,pass,pass,,,19,0.2.0-draft,2026-08-04
sitevitals.co.uk,1,45,Discoverable,,pass,fail,fail,pass,skip,skip,skip,pass,fail,ai-catalog|mcp-server-card-json,,27,0.2.0-draft,2026-08-04
situationatlas.com,1,10,Text-only,,fail,fail,fail,fail,skip,skip,skip,pass,fail,,,14,0.2.0-draft,2026-08-04
sivut.co,1,5,Text-only,,fail,fail,fail,fail,skip,skip,skip,fail,pass,,,14,0.2.0-draft,2026-08-04
sixta.ai,1,15,Text-only,,fail,fail,fail,fail,skip,skip,skip,pass,pass,,,15,0.2.0-draft,2026-08-04
skala.io,1,10,Text-only,,fail,fail,fail,fail,skip,skip,skip,pass,fail,,,21,0.2.0-draft,2026-08-04
skanfirmy.pl,1,95,Agent-ready,,fail,fail,pass,fail,pass,pass,pass,pass,fail,,legacy,19,0.2.0-draft,2026-08-04
skedra.xyz,1,50,Discoverable,,fail,fail,fail,pass,skip,skip,skip,pass,pass,,,14,0.2.0-draft,2026-08-04
skew.site,1,50,Discoverable,,pass,fail,fail,pass,fail,skip,skip,pass,pass,mcp-json,,15,0.2.0-draft,2026-08-04
ski-france.com,1,15,Text-only,,fail,fail,fail,fail,skip,skip,skip,pass,pass,,,19,0.2.0-draft,2026-08-04
skilder.ai,1,15,Text-only,,fail,fail,fail,fail,skip,skip,skip,pass,pass,,,25,0.2.0-draft,2026-08-04
skilimone.com,1,50,Discoverable,,pass,fail,fail,fail,fail,skip,skip,pass,pass,ai-catalog,,29,0.2.0-draft,2026-08-04
skill-history.com,1,50,Discoverable,,pass,fail,fail,fail,skip,skip,skip,pass,pass,mcp-json,,14,0.2.0-draft,2026-08-04
skilldb.dev,1,35,Discoverable,,pass,fail,fail,pass,skip,skip,skip,fail,fail,mcp-server-card-json,,16,0.2.0-draft,2026-08-04
skillkit.run,1,0,Absent,,error,fail,fail,error,skip,skip,skip,fail,fail,,,3,0.2.0-draft,2026-08-04
skillrepo.dev,1,50,Discoverable,,pass,fail,fail,pass,fail,skip,skip,pass,pass,mcp-json|mcp-server-card-json,,18,0.2.0-draft,2026-08-04
skills-hub.ai,1,15,Text-only,,fail,fail,fail,fail,skip,skip,skip,pass,pass,,,14,0.2.0-draft,2026-08-04
skillssafe.com,1,100,Agent-ready,,pass,fail,fail,fail,pass,pass,pass,pass,pass,mcp-json,legacy,19,0.2.0-draft,2026-08-04
skim402.com,1,10,Text-only,,fail,fail,fail,fail,skip,skip,skip,pass,fail,,,13,0.2.0-draft,2026-08-04
skingrind.com,1,45,Discoverable,,pass,fail,fail,pass,fail,skip,skip,pass,fail,mcp-json,,28,0.2.0-draft,2026-08-04
skinknowledgebase.com,1,85,Connectable,,fail,fail,pass,fail,pass,fail,skip,pass,pass,,legacy,22,0.2.0-draft,2026-08-04
skiplagged.com,1,85,Connectable,,fail,fail,pass,fail,pass,pass,pass,fail,fail,,legacy,22,0.2.0-draft,2026-08-04
skipodds.com,1,85,Connectable,,fail,fail,pass,fail,pass,pass,pass,fail,fail,,legacy,19,0.2.0-draft,2026-08-04
skipshit.com,1,15,Text-only,,fail,fail,fail,fail,skip,skip,skip,pass,pass,,,16,0.2.0-draft,2026-08-04
skopik.com,1,15,Text-only,,fail,fail,fail,fail,skip,skip,skip,pass,pass,,,28,0.2.0-draft,2026-08-04
skulayer.com,1,80,Connectable,,fail,fail,pass,pass,pass,fail,skip,pass,fail,,modern,17,0.2.0-draft,2026-08-04
skyalo.com,1,10,Text-only,,fail,fail,fail,fail,skip,skip,skip,pass,fail,,,19,0.2.0-draft,2026-08-04
skybridge.tech,1,10,Text-only,,fail,fail,fail,fail,skip,skip,skip,pass,fail,,,27,0.2.0-draft,2026-08-04
skyvern.com,1,10,Text-only,,fail,fail,fail,fail,skip,skip,skip,pass,fail,,,28,0.2.0-draft,2026-08-04
slacking.biz,1,35,Discoverable,,pass,fail,fail,fail,skip,skip,skip,fail,fail,mcp-json|mcp-server-card-json,,14,0.2.0-draft,2026-08-04
sladd.no,1,70,Connectable,,pass,fail,fail,fail,pass,fail,skip,fail,fail,mcp-json,modern,21,0.2.0-draft,2026-08-04
slashr.dev,1,15,Text-only,,fail,fail,fail,fail,skip,skip,skip,pass,pass,,,17,0.2.0-draft,2026-08-04
slatehut.com,1,35,Discoverable,,fail,fail,fail,pass,skip,skip,skip,fail,fail,,,16,0.2.0-draft,2026-08-04
sleekplan.com,1,85,Connectable,,fail,fail,pass,pass,pass,fail,skip,pass,pass,,modern,24,0.2.0-draft,2026-08-04
sleeperhit.studio,1,50,Discoverable,,fail,fail,fail,pass,skip,skip,skip,pass,pass,,,14,0.2.0-draft,2026-08-04
sleepwalker.ai,1,0,Absent,,fail,fail,fail,fail,skip,skip,skip,fail,fail,,,30,0.2.0-draft,2026-08-04
slickfast.com,1,0,Absent,,fail,fail,fail,fail,skip,skip,skip,fail,fail,,,17,0.2.0-draft,2026-08-04
slide-factory-mcp.vercel.app,1,0,Absent,,fail,fail,fail,fail,skip,skip,skip,fail,fail,,,27,0.2.0-draft,2026-08-04
slideforge.dev,1,95,Agent-ready,,fail,fail,pass,pass,pass,pass,pass,pass,fail,,modern,19,0.2.0-draft,2026-08-04
slideless.ai,1,10,Text-only,,fail,fail,fail,fail,skip,skip,skip,pass,fail,,,29,0.2.0-draft,2026-08-04
slidesfly.com,1,50,Discoverable,,pass,fail,fail,fail,skip,skip,skip,pass,pass,mcp-server-card-json,,13,0.2.0-draft,2026-08-04
slidev-mcp.org,1,10,Text-only,,fail,fail,fail,fail,skip,skip,skip,pass,fail,,,22,0.2.0-draft,2026-08-04
slima.ai,1,15,Text-only,,fail,fail,fail,fail,skip,skip,skip,pass,pass,,,17,0.2.0-draft,2026-08-04
slingdata.io,1,10,Text-only,,fail,fail,fail,fail,skip,skip,skip,pass,fail,,,15,0.2.0-draft,2026-08-04
slipstack.dev,1,0,Absent,,error,fail,fail,error,skip,skip,skip,fail,fail,,,3,0.2.0-draft,2026-08-04
slipstream-pi.vercel.app,1,80,Connectable,,fail,fail,pass,fail,pass,fail,skip,pass,fail,,legacy,32,0.2.0-draft,2026-08-04
slug-generator-production.up.railway.app,1,0,Absent,,fail,fail,fail,fail,skip,skip,skip,fail,fail,,,27,0.2.0-draft,2026-08-04
slug-generator-x402-production.up.railway.app,1,0,Absent,,fail,fail,fail,fail,skip,skip,skip,fail,fail,,,27,0.2.0-draft,2026-08-04
smartapex.uk,1,85,Connectable,,pass,fail,pass,fail,pass,fail,skip,pass,pass,mcp-json|mcp-server-card-json,legacy,20,0.2.0-draft,2026-08-04
smartapis.net,1,0,Absent,,skip,fail,fail,skip,skip,skip,skip,skip,fail,,,3,0.2.0-draft,2026-08-04
smartbear.com,1,10,Text-only,,fail,fail,fail,fail,skip,skip,skip,pass,fail,,,19,0.2.0-draft,2026-08-04
smartcrawler.io,1,45,Discoverable,,pass,fail,fail,fail,skip,skip,skip,pass,fail,mcp-json,,16,0.2.0-draft,2026-08-04
smartergpt.dev,1,5,Text-only,,fail,fail,fail,fail,skip,skip,skip,fail,pass,,,14,0.2.0-draft,2026-08-04
smarterweather.com,1,80,Connectable,,fail,fail,pass,pass,pass,fail,skip,pass,fail,,legacy,25,0.2.0-draft,2026-08-04
smarthomeexplorer.com,1,50,Discoverable,,pass,fail,fail,fail,fail,skip,skip,pass,pass,mcp-bare,,30,0.2.0-draft,2026-08-04
smartling.com,1,0,Absent,,fail,fail,fail,fail,skip,skip,skip,fail,fail,,,33,0.2.0-draft,2026-08-04
smartroutes.io,1,10,Text-only,,fail,fail,fail,fail,skip,skip,skip,pass,fail,,,16,0.2.0-draft,2026-08-04
smasher.studio,1,0,Absent,,error,fail,fail,error,skip,skip,skip,fail,fail,,,39,0.2.0-draft,2026-08-04
smiaware.com,1,0,Absent,,fail,fail,fail,fail,skip,skip,skip,fail,fail,,,17,0.2.0-draft,2026-08-04
smirnov.link,1,0,Absent,,error,fail,fail,error,skip,skip,skip,fail,fail,,,11,0.2.0-draft,2026-08-04
smklog.com,1,45,Discoverable,,pass,fail,fail,pass,skip,skip,skip,pass,fail,mcp-server-card-json,,14,0.2.0-draft,2026-08-04
smolanalytics.com,1,15,Text-only,,fail,fail,fail,fail,skip,skip,skip,pass,pass,,,13,0.2.0-draft,2026-08-04
smplkit.com,1,10,Text-only,,fail,fail,fail,fail,skip,skip,skip,pass,fail,,,29,0.2.0-draft,2026-08-04
sms-validator-production.up.railway.app,1,0,Absent,,fail,fail,fail,fail,skip,skip,skip,fail,fail,,,27,0.2.0-draft,2026-08-04
sms-validator-x402-production.up.railway.app,1,0,Absent,,fail,fail,fail,fail,skip,skip,skip,fail,fail,,,27,0.2.0-draft,2026-08-04
smsenmasse.fr,1,0,Absent,,fail,fail,fail,fail,skip,skip,skip,fail,fail,,,28,0.2.0-draft,2026-08-04
snapcall.io,1,35,Discoverable,,fail,pass,fail,fail,skip,skip,skip,fail,fail,,,17,0.2.0-draft,2026-08-04
snapdiff.ai,1,15,Text-only,,fail,fail,fail,fail,skip,skip,skip,pass,pass,,,14,0.2.0-draft,2026-08-04
snapforge.org,1,10,Text-only,,fail,fail,fail,fail,skip,skip,skip,pass,fail,,,15,0.2.0-draft,2026-08-04
snapog.com,1,35,Discoverable,,pass,fail,fail,fail,fail,skip,skip,fail,fail,mcp-server-card-json,,19,0.2.0-draft,2026-08-04
snapshot-site.com,1,45,Discoverable,,fail,fail,pass,pass,fail,skip,skip,pass,fail,,,25,0.2.0-draft,2026-08-04
snapto.link,1,80,Connectable,,fail,fail,pass,pass,pass,fail,skip,pass,fail,,modern,31,0.2.0-draft,2026-08-04
snaptoll.com,1,10,Text-only,,fail,fail,fail,fail,skip,skip,skip,pass,fail,,,15,0.2.0-draft,2026-08-04
sncro.net,1,0,Absent,,error,fail,fail,error,skip,skip,skip,fail,fail,,,34,0.2.0-draft,2026-08-04
sneaker-hub.com,1,15,Text-only,,fail,fail,fail,fail,skip,skip,skip,pass,pass,,,13,0.2.0-draft,2026-08-04
snhp.dev,1,45,Discoverable,,pass,fail,fail,fail,skip,skip,skip,pass,fail,mcp-server-card-json,,17,0.2.0-draft,2026-08-04
sniff.world,1,15,Text-only,,fail,fail,fail,fail,skip,skip,skip,pass,pass,,,17,0.2.0-draft,2026-08-04
snipara.com,1,15,Text-only,,fail,fail,fail,fail,skip,skip,skip,pass,pass,,,26,0.2.0-draft,2026-08-04
snipget.ai,1,45,Discoverable,,pass,fail,fail,fail,fail,skip,skip,pass,fail,ai-catalog|mcp-server-card-json,,21,0.2.0-draft,2026-08-04
snitcher.com,1,15,Text-only,,fail,fail,fail,fail,skip,skip,skip,pass,pass,,,26,0.2.0-draft,2026-08-04
snoooz.ai,1,0,Absent,,fail,fail,fail,fail,skip,skip,skip,fail,fail,,,14,0.2.0-draft,2026-08-04
snooze.domains,1,80,Connectable,,fail,fail,pass,pass,pass,fail,skip,pass,fail,,legacy,21,0.2.0-draft,2026-08-04
snov.io,1,0,Absent,,fail,fail,fail,fail,skip,skip,skip,fail,fail,,,17,0.2.0-draft,2026-08-04
snowdata.ai,1,45,Discoverable,,pass,fail,pass,fail,fail,skip,skip,pass,fail,ai-catalog|mcp-json,,35,0.2.0-draft,2026-08-04
snowsure.ai,1,85,Connectable,,pass,fail,pass,pass,pass,fail,skip,pass,pass,ai-catalog|mcp-json|mcp-server-card-json,legacy,35,0.2.0-draft,2026-08-04
snowy-surf-deec.workers.dev,1,0,Absent,,error,fail,fail,error,skip,skip,skip,fail,fail,,,6,0.2.0-draft,2026-08-04
snugplanner.com,1,0,Absent,,fail,fail,fail,fail,skip,skip,skip,fail,fail,,,15,0.2.0-draft,2026-08-04
snyk.io,1,0,Absent,,fail,fail,fail,fail,skip,skip,skip,fail,fail,,,13,0.2.0-draft,2026-08-04
soapnoteapi.com,1,15,Text-only,,fail,fail,fail,fail,skip,skip,skip,pass,pass,,,17,0.2.0-draft,2026-08-04
socal-business-storefront.onrender.com,1,0,Absent,,fail,fail,fail,fail,skip,skip,skip,fail,fail,,,27,0.2.0-draft,2026-08-04
social-api.ai,1,15,Text-only,,fail,fail,fail,fail,skip,skip,skip,pass,pass,,,16,0.2.0-draft,2026-08-04
social-intel-mcp-production.up.railway.app,1,0,Absent,,error,fail,fail,error,skip,skip,skip,fail,fail,,,36,0.2.0-draft,2026-08-04
social-profile-x402-production.up.railway.app,1,0,Absent,,fail,fail,fail,fail,skip,skip,skip,fail,fail,,,27,0.2.0-draft,2026-08-04
socialai.one,1,50,Discoverable,,fail,fail,fail,pass,skip,skip,skip,pass,pass,,,16,0.2.0-draft,2026-08-04
socialbridge-mcp.vercel.app,1,70,Connectable,,fail,fail,pass,fail,pass,fail,skip,fail,fail,,legacy,31,0.2.0-draft,2026-08-04
socialbu.com,1,35,Discoverable,,fail,fail,fail,pass,skip,skip,skip,fail,fail,,,14,0.2.0-draft,2026-08-04
socialchamp.com,1,50,Discoverable,,pass,fail,fail,pass,skip,skip,skip,pass,pass,mcp-json|mcp-server-card-json,,34,0.2.0-draft,2026-08-04
socialcooks.com,1,45,Discoverable,,pass,fail,fail,fail,fail,skip,skip,pass,fail,mcp-server-card-json,,13,0.2.0-draft,2026-08-04
socialdatax.com,1,10,Text-only,,fail,fail,fail,fail,skip,skip,skip,pass,fail,,,17,0.2.0-draft,2026-08-04
socialfetch.dev,1,80,Connectable,,fail,fail,pass,pass,pass,fail,skip,pass,fail,,legacy,32,0.2.0-draft,2026-08-04
sociality.io,1,10,Text-only,,fail,fail,fail,fail,skip,skip,skip,pass,fail,,,14,0.2.0-draft,2026-08-04
socializioz.com,1,50,Discoverable,,fail,fail,fail,pass,skip,skip,skip,pass,pass,,,16,0.2.0-draft,2026-08-04
socialloop.ai,1,85,Connectable,,pass,fail,fail,pass,pass,fail,skip,pass,pass,mcp-json,modern,19,0.2.0-draft,2026-08-04
socialneuron.com,1,50,Discoverable,,pass,fail,fail,fail,skip,skip,skip,pass,pass,mcp-json,,15,0.2.0-draft,2026-08-04
socialperks.app,1,15,Text-only,,fail,fail,fail,fail,skip,skip,skip,pass,pass,,,14,0.2.0-draft,2026-08-04
socialrainbow.app,1,15,Text-only,,fail,fail,fail,fail,skip,skip,skip,pass,pass,,,14,0.2.0-draft,2026-08-04
socialspool.com,1,85,Connectable,,fail,fail,pass,pass,pass,fail,skip,pass,pass,,modern,20,0.2.0-draft,2026-08-04
socialync-mcp-ntgtgrzanq-ue.a.run.app,1,0,Absent,,skip,fail,fail,skip,skip,skip,skip,skip,fail,,,16,0.2.0-draft,2026-08-04
sociologic.ai,1,85,Connectable,,pass,fail,pass,pass,pass,fail,skip,pass,pass,mcp-server-card-json,modern,31,0.2.0-draft,2026-08-04
sociologicai.com,1,70,Connectable,,fail,fail,pass,pass,pass,fail,skip,fail,fail,,modern,20,0.2.0-draft,2026-08-04
sodax.com,1,85,Connectable,,pass,fail,fail,fail,pass,fail,skip,pass,pass,mcp-server-card-json,legacy,28,0.2.0-draft,2026-08-04
soeru.biz,1,0,Absent,,fail,fail,fail,fail,skip,skip,skip,fail,fail,,,20,0.2.0-draft,2026-08-04
softbowl.co.kr,1,0,Absent,,fail,fail,fail,fail,skip,skip,skip,fail,fail,,,14,0.2.0-draft,2026-08-04
softricks.net,1,0,Absent,,fail,fail,fail,fail,skip,skip,skip,fail,fail,,,21,0.2.0-draft,2026-08-04
sofya.co,1,45,Discoverable,,fail,fail,fail,pass,skip,skip,skip,pass,fail,,,16,0.2.0-draft,2026-08-04
sol-forge-mcp.vercel.app,1,0,Absent,,fail,fail,fail,fail,skip,skip,skip,fail,fail,,,25,0.2.0-draft,2026-08-04
solana-fees-x402-production.up.railway.app,1,0,Absent,,fail,fail,fail,fail,skip,skip,skip,fail,fail,,,25,0.2.0-draft,2026-08-04
solana-launches-x402-production.up.railway.app,1,0,Absent,,fail,fail,fail,fail,skip,skip,skip,fail,fail,,,25,0.2.0-draft,2026-08-04
solana-pools-x402-production.up.railway.app,1,0,Absent,,fail,fail,fail,fail,skip,skip,skip,fail,fail,,,25,0.2.0-draft,2026-08-04
solenium.ai,1,0,Absent,,fail,fail,fail,fail,skip,skip,skip,fail,fail,,,14,0.2.0-draft,2026-08-04
solenrich.com,1,95,Agent-ready,,fail,fail,pass,fail,pass,pass,pass,pass,fail,,legacy,34,0.2.0-draft,2026-08-04
solidus-mcp.fly.dev,1,0,Absent,,error,fail,fail,error,skip,skip,skip,fail,fail,,,3,0.2.0-draft,2026-08-04
solidus-x402.fly.dev,1,0,Absent,,error,fail,fail,error,skip,skip,skip,fail,fail,,,3,0.2.0-draft,2026-08-04
solinkify.com,1,0,Absent,,fail,fail,fail,fail,skip,skip,skip,fail,fail,,,28,0.2.0-draft,2026-08-04
solknife.xyz,1,0,Absent,,fail,fail,fail,fail,skip,skip,skip,fail,fail,,,14,0.2.0-draft,2026-08-04
solo.io,1,10,Text-only,,fail,fail,fail,fail,skip,skip,skip,pass,fail,,,21,0.2.0-draft,2026-08-04
solonai.com,1,35,Discoverable,,fail,pass,fail,fail,skip,skip,skip,fail,fail,,,19,0.2.0-draft,2026-08-04
solvicus.com,1,5,Text-only,,fail,fail,fail,fail,skip,skip,skip,fail,pass,,,17,0.2.0-draft,2026-08-04
sombra.so,1,35,Discoverable,,pass,fail,fail,pass,skip,skip,skip,fail,fail,mcp-bare|mcp-server-card-json,,18,0.2.0-draft,2026-08-04
somdewan.com,1,10,Text-only,,fail,fail,fail,fail,skip,skip,skip,pass,fail,,,14,0.2.0-draft,2026-08-04
somewhere.tech,1,80,Connectable,,fail,fail,pass,pass,pass,fail,skip,pass,fail,,modern,22,0.2.0-draft,2026-08-04
somosmaqui.com,1,10,Text-only,,fail,fail,fail,fail,skip,skip,skip,pass,fail,,,14,0.2.0-draft,2026-08-04
somosvelora.com,1,0,Absent,,fail,fail,fail,fail,skip,skip,skip,fail,fail,,,14,0.2.0-draft,2026-08-04
somvia.app,1,50,Discoverable,,fail,fail,fail,pass,skip,skip,skip,pass,pass,,,14,0.2.0-draft,2026-08-04
sonas.work,1,0,Absent,,fail,fail,fail,fail,skip,skip,skip,fail,fail,,,17,0.2.0-draft,2026-08-04
sonatype.com,1,0,Absent,,fail,fail,fail,fail,skip,skip,skip,fail,fail,,,35,0.2.0-draft,2026-08-04
sonenta.com,1,15,Text-only,,fail,fail,fail,fail,skip,skip,skip,pass,pass,,,15,0.2.0-draft,2026-08-04
songstoyoureyes.com,1,85,Connectable,,fail,fail,pass,fail,pass,pass,pass,fail,fail,,modern,21,0.2.0-draft,2026-08-04
sonlightwindow.com,1,50,Discoverable,,pass,fail,fail,fail,skip,skip,skip,pass,pass,ai-catalog|mcp-bare,,13,0.2.0-draft,2026-08-04
sophon.consulting,1,85,Connectable,,pass,fail,pass,fail,pass,fail,skip,pass,pass,server-card-endpoint-relative|ai-catalog|mcp-server-card-json,legacy,37,0.2.0-draft,2026-08-04
sophymarine.com,1,15,Text-only,,fail,fail,fail,fail,skip,skip,skip,pass,pass,,,15,0.2.0-draft,2026-08-04
soracom.com,1,5,Text-only,,fail,fail,fail,fail,skip,skip,skip,fail,pass,,,14,0.2.0-draft,2026-08-04
sorsa.app,1,15,Text-only,,fail,fail,fail,fail,skip,skip,skip,pass,pass,,,14,0.2.0-draft,2026-08-04
sorted.fast,1,50,Discoverable,,pass,fail,fail,pass,fail,skip,skip,pass,pass,ai-catalog|mcp-json|mcp-server-card-json,,25,0.2.0-draft,2026-08-04
sos-battery.sk,1,85,Connectable,,pass,fail,pass,fail,pass,pass,fail,pass,pass,mcp-json|mcp-server-card-json,legacy,19,0.2.0-draft,2026-08-04
sota.io,1,80,Connectable,,fail,fail,pass,pass,pass,fail,skip,pass,fail,,modern,21,0.2.0-draft,2026-08-04
soulcraftagency.com,1,50,Discoverable,,pass,fail,fail,fail,skip,skip,skip,pass,pass,mcp-server-card-json,,15,0.2.0-draft,2026-08-04
soullight.workers.dev,1,0,Absent,,error,fail,fail,error,skip,skip,skip,fail,fail,,,6,0.2.0-draft,2026-08-04
source.parts,1,85,Connectable,,fail,fail,pass,pass,pass,fail,skip,pass,pass,,modern,24,0.2.0-draft,2026-08-04
sourced.dev,1,0,Absent,,error,fail,fail,error,skip,skip,skip,fail,fail,,,45,0.2.0-draft,2026-08-04
sourcelibrary.org,1,15,Text-only,,fail,fail,fail,fail,skip,skip,skip,pass,pass,,,13,0.2.0-draft,2026-08-04
sourcemill.ai,1,0,Absent,,error,fail,fail,error,skip,skip,skip,fail,fail,,,4,0.2.0-draft,2026-08-04
sourcey.com,1,80,Connectable,,fail,fail,pass,fail,pass,fail,skip,pass,fail,,legacy,25,0.2.0-draft,2026-08-04
southlondonscientific.com,1,0,Absent,,fail,fail,fail,fail,skip,skip,skip,fail,fail,,,36,0.2.0-draft,2026-08-04
sovantica.ai,1,15,Text-only,,fail,fail,fail,fail,skip,skip,skip,pass,pass,,,17,0.2.0-draft,2026-08-04
sovereigntyempire.com,1,0,Absent,,error,fail,fail,error,skip,skip,skip,fail,fail,,,6,0.2.0-draft,2026-08-04
sovgrid.org,1,10,Text-only,,fail,fail,fail,fail,skip,skip,skip,pass,fail,,,20,0.2.0-draft,2026-08-04
spacefast.com,1,80,Connectable,,pass,fail,fail,pass,pass,fail,skip,pass,fail,mcp-server-card-json,modern,22,0.2.0-draft,2026-08-04
spacefrontiers.org,1,80,Connectable,,fail,fail,pass,pass,pass,fail,skip,pass,fail,,legacy,23,0.2.0-draft,2026-08-04
spacemolt.com,1,10,Text-only,,fail,fail,fail,fail,skip,skip,skip,pass,fail,,,23,0.2.0-draft,2026-08-04
spacexploration.com,1,100,Agent-ready,,pass,fail,pass,pass,pass,pass,pass,pass,pass,mcp-server-card-json,legacy,26,0.2.0-draft,2026-08-04
spala.ai,1,85,Connectable,,pass,fail,pass,pass,pass,fail,skip,pass,pass,mcp-json,modern,26,0.2.0-draft,2026-08-04
spanly.com,1,15,Text-only,,fail,fail,fail,fail,skip,skip,skip,pass,pass,,,22,0.2.0-draft,2026-08-04
spannhq.com,1,10,Text-only,,fail,fail,fail,fail,skip,skip,skip,pass,fail,,,21,0.2.0-draft,2026-08-04
sparkforge.sh,1,80,Connectable,,fail,fail,pass,fail,pass,fail,skip,pass,fail,,legacy,26,0.2.0-draft,2026-08-04
sparklingtracks.com,1,15,Text-only,,fail,fail,fail,fail,skip,skip,skip,pass,pass,,,21,0.2.0-draft,2026-08-04
sparkscribe.app,1,15,Text-only,,fail,fail,fail,fail,skip,skip,skip,pass,pass,,,21,0.2.0-draft,2026-08-04
spatialpack.dev,1,10,Text-only,,fail,fail,fail,fail,skip,skip,skip,pass,fail,,,32,0.2.0-draft,2026-08-04
spcsft.com,1,10,Text-only,,fail,fail,fail,fail,skip,skip,skip,pass,fail,,,32,0.2.0-draft,2026-08-04
speak2web.com,1,0,Absent,,fail,fail,fail,fail,skip,skip,skip,fail,fail,,,21,0.2.0-draft,2026-08-04
speakai.co,1,15,Text-only,,fail,fail,fail,fail,skip,skip,skip,pass,pass,,,22,0.2.0-draft,2026-08-04
speakman.ai,1,10,Text-only,,fail,fail,fail,fail,skip,skip,skip,pass,fail,,,21,0.2.0-draft,2026-08-04
spec-api-mcp.vercel.app,1,35,Discoverable,,pass,fail,fail,fail,skip,skip,skip,fail,fail,mcp-server-card-json,,23,0.2.0-draft,2026-08-04
specky.space,1,10,Text-only,,fail,fail,fail,fail,skip,skip,skip,pass,fail,,,31,0.2.0-draft,2026-08-04
specproof.ai,1,0,Absent,,fail,fail,fail,fail,skip,skip,skip,fail,fail,,,20,0.2.0-draft,2026-08-04
specularis-mcp-audit-production.up.railway.app,1,70,Connectable,,fail,fail,pass,fail,pass,fail,skip,fail,fail,,legacy,28,0.2.0-draft,2026-08-04
speedof.me,1,10,Text-only,,fail,fail,fail,fail,skip,skip,skip,pass,fail,,,20,0.2.0-draft,2026-08-04
speedrun-talent-network.com,1,10,Text-only,,fail,fail,fail,fail,skip,skip,skip,pass,fail,,,21,0.2.0-draft,2026-08-04
speedvault.io,1,0,Absent,,fail,fail,fail,fail,skip,skip,skip,fail,fail,,,29,0.2.0-draft,2026-08-04
speeronnext-dev-chat-app.azurewebsites.net,1,0,Absent,,fail,fail,fail,fail,skip,skip,skip,fail,fail,,,37,0.2.0-draft,2026-08-04
speko.ai,1,10,Text-only,,fail,fail,fail,fail,skip,skip,skip,pass,fail,,,21,0.2.0-draft,2026-08-04
spendict.com,1,10,Text-only,,fail,fail,fail,fail,skip,skip,skip,pass,fail,,,29,0.2.0-draft,2026-08-04
spendnod.com,1,0,Absent,,fail,fail,fail,fail,skip,skip,skip,fail,fail,,,30,0.2.0-draft,2026-08-04
spider.cloud,1,10,Text-only,,fail,fail,fail,fail,skip,skip,skip,pass,fail,,,23,0.2.0-draft,2026-08-04
spideriq.ai,1,10,Text-only,,fail,fail,fail,fail,skip,skip,skip,pass,fail,,,19,0.2.0-draft,2026-08-04
spintax.net,1,95,Agent-ready,,pass,fail,fail,fail,pass,pass,pass,pass,fail,mcp-json|mcp-server-card-json,modern,22,0.2.0-draft,2026-08-04
spiralstake.xyz,1,80,Connectable,,pass,fail,fail,fail,pass,fail,skip,pass,fail,mcp-json,legacy,25,0.2.0-draft,2026-08-04
splark.com,1,70,Connectable,,fail,fail,pass,pass,pass,fail,skip,fail,fail,,modern,24,0.2.0-draft,2026-08-04
splidia.com,1,95,Agent-ready,,pass,fail,pass,fail,pass,pass,pass,pass,fail,mcp-json,legacy,29,0.2.0-draft,2026-08-04
spocal.xyz,1,0,Absent,,fail,fail,fail,fail,skip,skip,skip,fail,fail,,,20,0.2.0-draft,2026-08-04
spocont.com,1,45,Discoverable,,pass,fail,fail,pass,skip,skip,skip,pass,fail,mcp-json|mcp-server-card-json,,30,0.2.0-draft,2026-08-04
spoiler.bet,1,10,Text-only,,fail,fail,fail,fail,skip,skip,skip,pass,fail,,,18,0.2.0-draft,2026-08-04
sponsorable.com,1,10,Text-only,,fail,fail,fail,fail,skip,skip,skip,pass,fail,,,17,0.2.0-draft,2026-08-04
sponsorfinder.io,1,0,Absent,,fail,fail,fail,fail,skip,skip,skip,fail,fail,,,30,0.2.0-draft,2026-08-04
spoonjoy.app,1,35,Discoverable,,fail,fail,fail,pass,skip,skip,skip,fail,fail,,,17,0.2.0-draft,2026-08-04
sportwizzard.com,1,80,Connectable,,fail,fail,pass,fail,pass,fail,skip,pass,fail,,modern,25,0.2.0-draft,2026-08-04
spraay.app,1,0,Absent,,fail,fail,fail,fail,skip,skip,skip,fail,fail,,,25,0.2.0-draft,2026-08-04
sprintflint.com,1,80,Connectable,,fail,fail,pass,fail,pass,fail,skip,pass,fail,,legacy,23,0.2.0-draft,2026-08-04
sprintra.io,1,10,Text-only,,fail,fail,fail,fail,skip,skip,skip,pass,fail,,,20,0.2.0-draft,2026-08-04
spritecook.ai,1,80,Connectable,,fail,fail,pass,pass,pass,fail,skip,pass,fail,,modern,35,0.2.0-draft,2026-08-04
sprites.dev,1,35,Discoverable,,fail,fail,fail,pass,skip,skip,skip,fail,fail,,,17,0.2.0-draft,2026-08-04
sprtx.net,1,0,Absent,,fail,fail,fail,fail,skip,skip,skip,fail,fail,,,20,0.2.0-draft,2026-08-04
sprytools.com,1,80,Connectable,,pass,fail,pass,fail,pass,fail,skip,pass,fail,mcp-server-card-json,modern,22,0.2.0-draft,2026-08-04
sptfy-mcp.online,1,0,Absent,,error,fail,fail,error,skip,skip,skip,fail,fail,,,6,0.2.0-draft,2026-08-04
sputnikx.xyz,1,45,Discoverable,,pass,fail,fail,fail,skip,skip,skip,pass,fail,mcp-server-card-json,,26,0.2.0-draft,2026-08-04
spytrend.com,1,45,Discoverable,,pass,fail,fail,pass,fail,skip,skip,pass,fail,ai-catalog|mcp-server-card-json,,26,0.2.0-draft,2026-08-04
sqd.dev,1,45,Discoverable,,pass,fail,fail,fail,skip,skip,skip,pass,fail,mcp-server-card-json,,17,0.2.0-draft,2026-08-04
sqladmin.googleapis.com,1,70,Connectable,,fail,fail,pass,pass,pass,fail,skip,fail,fail,,legacy,33,0.2.0-draft,2026-08-04
sqlai.dev,1,10,Text-only,,fail,fail,fail,fail,skip,skip,skip,pass,fail,,,17,0.2.0-draft,2026-08-04
sqlguard-eqhq.onrender.com,1,0,Absent,,error,fail,fail,error,skip,skip,skip,fail,fail,,,35,0.2.0-draft,2026-08-04
sqlguard-io.fly.dev,1,50,Discoverable,,pass,fail,fail,fail,skip,skip,skip,pass,pass,mcp-json,,14,0.2.0-draft,2026-08-04
sqlguard.io,1,100,Agent-ready,,pass,fail,fail,fail,pass,pass,pass,pass,pass,mcp-json,legacy,18,0.2.0-draft,2026-08-04
squeezeos-api.onrender.com,1,85,Connectable,,pass,fail,fail,error,pass,pass,fail,pass,pass,mcp-json|mcp-server-card-json,legacy,33,0.2.0-draft,2026-08-04
squiredocs.com,1,35,Discoverable,,fail,fail,fail,pass,skip,skip,skip,fail,fail,,,14,0.2.0-draft,2026-08-04
squirrelbrainapp.com,1,15,Text-only,,fail,fail,fail,fail,skip,skip,skip,pass,pass,,,14,0.2.0-draft,2026-08-04
squirrelscan.com,1,80,Connectable,,pass,fail,fail,pass,pass,fail,skip,pass,fail,mcp-server-card-json,modern,21,0.2.0-draft,2026-08-04
srezai.ru,1,15,Text-only,,fail,fail,fail,fail,skip,skip,skip,pass,pass,,,13,0.2.0-draft,2026-08-04
srgplus.com,1,0,Absent,,fail,fail,fail,fail,skip,skip,skip,fail,fail,,,15,0.2.0-draft,2026-08-04
srivastsh.workers.dev,1,0,Absent,,error,fail,fail,error,skip,skip,skip,fail,fail,,,6,0.2.0-draft,2026-08-04
srun66.com,1,5,Text-only,,fail,fail,fail,fail,skip,skip,skip,fail,pass,,,26,0.2.0-draft,2026-08-04
ssemble.com,1,40,Discoverable,,fail,pass,fail,fail,skip,skip,skip,fail,pass,,,30,0.2.0-draft,2026-08-04
ssid.ai,1,15,Text-only,,fail,fail,fail,fail,skip,skip,skip,pass,pass,,,13,0.2.0-draft,2026-08-04
ssl-checker-production-3dda.up.railway.app,1,0,Absent,,fail,fail,fail,fail,skip,skip,skip,fail,fail,,,27,0.2.0-draft,2026-08-04
ssl-checker-x402-production.up.railway.app,1,0,Absent,,fail,fail,fail,fail,skip,skip,skip,fail,fail,,,27,0.2.0-draft,2026-08-04
sslip.io,1,0,Absent,,fail,fail,fail,fail,skip,skip,skip,fail,fail,,,14,0.2.0-draft,2026-08-04
sso-auth-bridge-mcp.vercel.app,1,0,Absent,,fail,fail,fail,fail,skip,skip,skip,fail,fail,,,27,0.2.0-draft,2026-08-04
stablebaseline.io,1,85,Connectable,,pass,fail,fail,pass,pass,fail,skip,pass,pass,mcp-json,modern,19,0.2.0-draft,2026-08-04
stablecoin-payment-gateway-production-3ee2.up.railway.app,1,0,Absent,,fail,fail,fail,fail,skip,skip,skip,fail,fail,,,27,0.2.0-draft,2026-08-04
staccpad.fun,1,0,Absent,,fail,fail,fail,fail,skip,skip,skip,fail,fail,,,30,0.2.0-draft,2026-08-04
stack-trace-medic-mcp.vercel.app,1,0,Absent,,fail,fail,fail,fail,skip,skip,skip,fail,fail,,,27,0.2.0-draft,2026-08-04
stackbilder.com,1,15,Text-only,,fail,fail,fail,fail,skip,skip,skip,pass,pass,,,15,0.2.0-draft,2026-08-04
stackeasy.ai,1,15,Text-only,,fail,fail,fail,fail,skip,skip,skip,pass,pass,,,28,0.2.0-draft,2026-08-04
stackfast.ai,1,50,Discoverable,,pass,fail,fail,pass,fail,skip,skip,pass,pass,mcp-json|mcp-server-card-json,,22,0.2.0-draft,2026-08-04
stackfiesta.dev,1,50,Discoverable,,pass,fail,fail,fail,skip,skip,skip,pass,pass,mcp-server-card-json,,25,0.2.0-draft,2026-08-04
stackhawk.com,1,0,Absent,,fail,fail,fail,fail,skip,skip,skip,fail,fail,,,28,0.2.0-draft,2026-08-04
stacklok.com,1,45,Discoverable,,pass,fail,fail,fail,skip,skip,skip,pass,fail,mcp-json,,14,0.2.0-draft,2026-08-04
stackoverflow.com,1,0,Absent,,fail,fail,fail,fail,skip,skip,skip,fail,fail,,,17,0.2.0-draft,2026-08-04
stackscan.com,1,0,Absent,,fail,fail,fail,fail,skip,skip,skip,fail,fail,,,28,0.2.0-draft,2026-08-04
stackswap.ai,1,10,Text-only,,fail,fail,fail,fail,skip,skip,skip,pass,fail,,,14,0.2.0-draft,2026-08-04
stacktr.ee,1,50,Discoverable,,pass,fail,fail,pass,fail,skip,skip,pass,pass,ai-catalog|mcp-server-card-json,,18,0.2.0-draft,2026-08-04
stackwitness.com,1,10,Text-only,,fail,fail,fail,fail,skip,skip,skip,pass,fail,,,16,0.2.0-draft,2026-08-04
stagenth.com,1,0,Absent,,fail,fail,fail,fail,skip,skip,skip,fail,fail,,,19,0.2.0-draft,2026-08-04
standby.design,1,80,Connectable,,fail,fail,pass,fail,pass,fail,skip,pass,fail,,legacy,22,0.2.0-draft,2026-08-04
standoutmcp.io,1,45,Discoverable,,pass,fail,fail,fail,fail,skip,skip,pass,fail,mcp-server-card-json,,14,0.2.0-draft,2026-08-04
stanislav.garden,1,0,Absent,,fail,fail,fail,fail,skip,skip,skip,fail,fail,,,27,0.2.0-draft,2026-08-04
stanki-chpu.ru,1,5,Text-only,,error,fail,fail,error,skip,skip,skip,fail,pass,,,37,0.2.0-draft,2026-08-04
star-meet.com,1,50,Discoverable,,pass,fail,fail,fail,skip,skip,skip,pass,pass,mcp-server-card-json,,13,0.2.0-draft,2026-08-04
starreview.ch,1,15,Text-only,,fail,fail,fail,fail,skip,skip,skip,pass,pass,,,32,0.2.0-draft,2026-08-04
starsphera.com,1,70,Connectable,,pass,fail,fail,fail,pass,fail,skip,fail,fail,mcp-server-card-json,legacy,21,0.2.0-draft,2026-08-04
startaiming.com,1,10,Text-only,,fail,fail,fail,fail,skip,skip,skip,pass,fail,,,15,0.2.0-draft,2026-08-04
startup.jobs,1,5,Text-only,,fail,fail,fail,fail,skip,skip,skip,fail,pass,,,16,0.2.0-draft,2026-08-04
startupnamegenerator.com,1,10,Text-only,,fail,fail,fail,fail,skip,skip,skip,pass,fail,,,21,0.2.0-draft,2026-08-04
startvest.ai,1,10,Text-only,,fail,fail,fail,fail,skip,skip,skip,pass,fail,,,14,0.2.0-draft,2026-08-04
stas.run,1,50,Discoverable,,pass,fail,fail,pass,skip,skip,skip,pass,pass,mcp-server-card-json,,15,0.2.0-draft,2026-08-04
stat-api.com,1,85,Connectable,,pass,fail,pass,fail,pass,pass,fail,pass,pass,mcp-json,legacy,21,0.2.0-draft,2026-08-04
statcite.com,1,80,Connectable,,fail,fail,pass,fail,pass,fail,skip,pass,fail,,legacy,19,0.2.0-draft,2026-08-04
statelode.dev,1,10,Text-only,,fail,fail,fail,fail,skip,skip,skip,pass,fail,,,15,0.2.0-draft,2026-08-04
statey.ai,1,0,Absent,,fail,fail,fail,fail,skip,skip,skip,fail,fail,,,29,0.2.0-draft,2026-08-04
statis-tir.fr,1,0,Absent,,fail,fail,fail,fail,skip,skip,skip,fail,fail,,,27,0.2.0-draft,2026-08-04
statisticsoftheworld.com,1,15,Text-only,,fail,fail,fail,fail,skip,skip,skip,pass,pass,,,13,0.2.0-draft,2026-08-04
statistikdata.se,1,5,Text-only,,skip,fail,fail,skip,skip,skip,skip,fail,pass,,,9,0.2.0-draft,2026-08-04
statscompass.io,1,0,Absent,,fail,fail,fail,fail,skip,skip,skip,fail,fail,,,16,0.2.0-draft,2026-08-04
statshawk.ai,1,45,Discoverable,,fail,fail,fail,pass,skip,skip,skip,pass,fail,,,27,0.2.0-draft,2026-08-04
statsig.com,1,0,Absent,,fail,fail,fail,fail,skip,skip,skip,fail,fail,,,15,0.2.0-draft,2026-08-04
stayker.com,1,80,Connectable,,fail,fail,pass,fail,pass,fail,skip,pass,fail,,legacy,22,0.2.0-draft,2026-08-04
steady.space,1,0,Absent,,fail,fail,fail,fail,skip,skip,skip,fail,fail,,,14,0.2.0-draft,2026-08-04
steadyfetch-production.up.railway.app,1,0,Absent,,fail,fail,fail,fail,skip,skip,skip,fail,fail,,,26,0.2.0-draft,2026-08-04
steadywrk.app,1,50,Discoverable,,pass,fail,fail,pass,fail,skip,skip,pass,pass,mcp-json|mcp-server-card-json,,15,0.2.0-draft,2026-08-04
steamwebapi.com,1,15,Text-only,,fail,fail,fail,fail,skip,skip,skip,pass,pass,,,17,0.2.0-draft,2026-08-04
steep.app,1,10,Text-only,,fail,fail,fail,fail,skip,skip,skip,pass,fail,,,18,0.2.0-draft,2026-08-04
steeped.icu,1,0,Absent,,error,fail,fail,error,skip,skip,skip,fail,fail,,,3,0.2.0-draft,2026-08-04
stellaroid.tech,1,10,Text-only,,fail,fail,fail,fail,skip,skip,skip,pass,fail,,,13,0.2.0-draft,2026-08-04
stellary.co,1,10,Text-only,,fail,fail,fail,fail,skip,skip,skip,pass,fail,,,19,0.2.0-draft,2026-08-04
steve-12ad36b4.base44.app,1,0,Absent,,skip,fail,fail,skip,skip,skip,skip,skip,fail,,,15,0.2.0-draft,2026-08-04
stewwilli.workers.dev,1,0,Absent,,error,fail,fail,error,skip,skip,skip,fail,fail,,,6,0.2.0-draft,2026-08-04
stimulsoft.com,1,10,Text-only,,fail,fail,fail,fail,skip,skip,skip,pass,fail,,,27,0.2.0-draft,2026-08-04
stipple.sh,1,10,Text-only,,fail,fail,fail,fail,skip,skip,skip,pass,fail,,,30,0.2.0-draft,2026-08-04
stitch.googleapis.com,1,85,Connectable,,fail,fail,pass,pass,pass,pass,pass,fail,fail,,legacy,30,0.2.0-draft,2026-08-04
stitchapi.dev,1,45,Discoverable,,pass,fail,fail,fail,fail,skip,skip,pass,fail,mcp-json,,33,0.2.0-draft,2026-08-04
stobox.io,1,85,Connectable,,fail,fail,pass,pass,pass,pass,fail,pass,pass,,legacy,35,0.2.0-draft,2026-08-04
stock-price-production-3ec1.up.railway.app,1,0,Absent,,fail,fail,fail,fail,skip,skip,skip,fail,fail,,,25,0.2.0-draft,2026-08-04
stock-price-x402-production.up.railway.app,1,0,Absent,,fail,fail,fail,fail,skip,skip,skip,fail,fail,,,25,0.2.0-draft,2026-08-04
stockfilm.com,1,50,Discoverable,,pass,fail,fail,fail,skip,skip,skip,pass,pass,mcp-json,,16,0.2.0-draft,2026-08-04
stocklake.dev,1,45,Discoverable,,fail,fail,fail,pass,skip,skip,skip,pass,fail,,,23,0.2.0-draft,2026-08-04
stocklens.com,1,15,Text-only,,fail,fail,fail,fail,skip,skip,skip,pass,pass,,,19,0.2.0-draft,2026-08-04
stockmarketscan.com,1,15,Text-only,,fail,fail,fail,fail,skip,skip,skip,pass,pass,,,15,0.2.0-draft,2026-08-04
stocksonchain.io,1,100,Agent-ready,,pass,fail,pass,pass,pass,pass,pass,pass,pass,mcp-json|mcp-server-card-json,legacy,19,0.2.0-draft,2026-08-04
stocktrends.com,1,5,Text-only,,fail,fail,fail,fail,skip,skip,skip,fail,pass,,,18,0.2.0-draft,2026-08-04
stompy.ai,1,0,Absent,,fail,fail,fail,fail,skip,skip,skip,fail,fail,,,17,0.2.0-draft,2026-08-04
stoop.workers.dev,1,0,Absent,,error,fail,fail,error,skip,skip,skip,fail,fail,,,6,0.2.0-draft,2026-08-04
stopful.com,1,95,Agent-ready,,fail,fail,pass,fail,pass,pass,pass,pass,fail,,legacy,19,0.2.0-draft,2026-08-04
stopovercity.com,1,85,Connectable,,fail,fail,pass,fail,pass,pass,pass,fail,fail,,legacy,22,0.2.0-draft,2026-08-04
storage.dev,1,0,Absent,,fail,fail,fail,fail,skip,skip,skip,fail,fail,,,20,0.2.0-draft,2026-08-04
storeboard.dev,1,0,Absent,,fail,fail,fail,fail,skip,skip,skip,fail,fail,,,13,0.2.0-draft,2026-08-04
storebridge-mcp.vercel.app,1,70,Connectable,,fail,fail,pass,fail,pass,fail,skip,fail,fail,,legacy,29,0.2.0-draft,2026-08-04
storeinspect.com,1,85,Connectable,,pass,fail,fail,pass,pass,fail,skip,pass,pass,mcp-json|mcp-server-card-json,modern,21,0.2.0-draft,2026-08-04
storiesonboard.com,1,0,Absent,,fail,fail,fail,fail,skip,skip,skip,fail,fail,,,18,0.2.0-draft,2026-08-04
storydoc.com,1,15,Text-only,,fail,fail,fail,fail,skip,skip,skip,pass,pass,,,30,0.2.0-draft,2026-08-04
storyflo.com,1,50,Discoverable,,pass,fail,fail,pass,skip,skip,skip,pass,pass,mcp-json,,28,0.2.0-draft,2026-08-04
storylayer.ai,1,45,Discoverable,,pass,fail,fail,pass,fail,skip,skip,pass,fail,ai-catalog|mcp-json|mcp-server-card-json,,16,0.2.0-draft,2026-08-04
storylenses.app,1,0,Absent,,error,fail,fail,error,skip,skip,skip,fail,fail,,,37,0.2.0-draft,2026-08-04
strajkpolski.org,1,0,Absent,,fail,fail,fail,fail,skip,skip,skip,fail,fail,,,17,0.2.0-draft,2026-08-04
strale.io,1,0,Absent,,fail,fail,fail,fail,skip,skip,skip,fail,fail,,,15,0.2.0-draft,2026-08-04
stratalize.com,1,45,Discoverable,,pass,fail,fail,pass,skip,skip,skip,pass,fail,mcp-json|mcp-server-card-json,,25,0.2.0-draft,2026-08-04
strategyarena.io,1,50,Discoverable,,pass,pass,fail,fail,fail,skip,skip,pass,pass,mcp-json|mcp-bare|mcp-server-card-json,,17,0.2.0-draft,2026-08-04
strategysignals.duckdns.org,1,10,Text-only,,fail,fail,fail,fail,skip,skip,skip,pass,fail,,,24,0.2.0-draft,2026-08-04
stratoforce.workers.dev,1,0,Absent,,error,fail,fail,error,skip,skip,skip,fail,fail,,,6,0.2.0-draft,2026-08-04
stratogenic.ai,1,10,Text-only,,fail,fail,fail,fail,skip,skip,skip,pass,fail,,,14,0.2.0-draft,2026-08-04
streamfront.net,1,0,Absent,,error,fail,fail,error,skip,skip,skip,fail,fail,,,3,0.2.0-draft,2026-08-04
streamlinehq.com,1,0,Absent,,fail,fail,fail,fail,skip,skip,skip,fail,fail,,,46,0.2.0-draft,2026-08-04
streamsapps.com,1,0,Absent,,error,fail,fail,error,skip,skip,skip,fail,fail,,,3,0.2.0-draft,2026-08-04
streamsappsgslbex.com,1,0,Absent,,error,error,fail,error,skip,skip,skip,fail,fail,,,30,0.2.0-draft,2026-08-04
streamscanner.net,1,15,Text-only,,fail,fail,fail,fail,skip,skip,skip,pass,pass,,,13,0.2.0-draft,2026-08-04
streetproof.com,1,15,Text-only,,fail,fail,fail,fail,skip,skip,skip,pass,pass,,,16,0.2.0-draft,2026-08-04
stremai.com,1,50,Discoverable,,pass,fail,fail,pass,fail,skip,skip,pass,pass,mcp-json,,15,0.2.0-draft,2026-08-04
strikemission.app,1,15,Text-only,,fail,fail,fail,fail,skip,skip,skip,pass,pass,,,35,0.2.0-draft,2026-08-04
string-db.org,1,0,Absent,,fail,fail,fail,fail,skip,skip,skip,fail,fail,,,19,0.2.0-draft,2026-08-04
stripe.com,1,10,Text-only,,fail,fail,fail,fail,skip,skip,skip,pass,fail,,,19,0.2.0-draft,2026-08-04
structa.me,1,50,Discoverable,,fail,fail,fail,pass,skip,skip,skip,pass,pass,,,16,0.2.0-draft,2026-08-04
strutterai.com,1,35,Discoverable,,fail,pass,fail,fail,skip,skip,skip,fail,fail,,,19,0.2.0-draft,2026-08-04
studiepoint.ai,1,10,Text-only,,fail,fail,fail,fail,skip,skip,skip,pass,fail,,,17,0.2.0-draft,2026-08-04
studio99.app,1,0,Absent,,fail,fail,fail,fail,skip,skip,skip,fail,fail,,,33,0.2.0-draft,2026-08-04
studiocorsair.com,1,0,Absent,,fail,fail,fail,fail,skip,skip,skip,fail,fail,,,17,0.2.0-draft,2026-08-04
studiolabsc.dedyn.io,1,0,Absent,,error,fail,fail,error,skip,skip,skip,fail,fail,,,6,0.2.0-draft,2026-08-04
studiomcphub.com,1,45,Discoverable,,pass,fail,pass,pass,fail,skip,skip,pass,fail,mcp-json,,21,0.2.0-draft,2026-08-04
studiomeyer.academy,1,50,Discoverable,,pass,fail,fail,fail,skip,skip,skip,pass,pass,mcp-json,,18,0.2.0-draft,2026-08-04
studiomeyer.io,1,50,Discoverable,,pass,fail,fail,fail,fail,skip,skip,pass,pass,mcp-json,,33,0.2.0-draft,2026-08-04
studiosignal.app,1,45,Discoverable,,fail,fail,fail,pass,skip,skip,skip,pass,fail,,,21,0.2.0-draft,2026-08-04
studiosphere.space,1,0,Absent,,error,fail,fail,error,skip,skip,skip,fail,fail,,,31,0.2.0-draft,2026-08-04
stumpy.ai,1,50,Discoverable,,fail,fail,fail,pass,skip,skip,skip,pass,pass,,,21,0.2.0-draft,2026-08-04
stungevents.com,1,5,Text-only,,fail,fail,fail,fail,skip,skip,skip,fail,pass,,,22,0.2.0-draft,2026-08-04
stuntdouble.io,1,0,Absent,,error,fail,fail,error,skip,skip,skip,fail,fail,,,36,0.2.0-draft,2026-08-04
styleforge-ai-mcp.vercel.app,1,0,Absent,,fail,fail,fail,fail,skip,skip,skip,fail,fail,,,22,0.2.0-draft,2026-08-04
styleseed-tokenizer-mcp.vercel.app,1,0,Absent,,fail,fail,fail,fail,skip,skip,skip,fail,fail,,,22,0.2.0-draft,2026-08-04
stytrix.com,1,0,Absent,,error,fail,fail,error,skip,skip,skip,fail,fail,,,36,0.2.0-draft,2026-08-04
subdomain.app,1,0,Absent,,fail,fail,fail,fail,skip,skip,skip,fail,fail,,,22,0.2.0-draft,2026-08-04
subotiz.com,1,0,Absent,,fail,fail,fail,fail,skip,skip,skip,fail,fail,,,30,0.2.0-draft,2026-08-04
sudomock.com,1,15,Text-only,,fail,fail,fail,fail,skip,skip,skip,pass,pass,,,21,0.2.0-draft,2026-08-04
suedeai.ai,1,10,Text-only,,error,fail,fail,error,skip,skip,skip,pass,fail,,,32,0.2.0-draft,2026-08-04
sugra.ai,1,10,Text-only,,error,fail,fail,error,skip,skip,skip,pass,fail,,,32,0.2.0-draft,2026-08-04
suitedforit.com,1,0,Absent,,error,fail,fail,error,skip,skip,skip,fail,fail,,,34,0.2.0-draft,2026-08-04
sukuk.fi,1,10,Text-only,,error,fail,fail,error,skip,skip,skip,pass,fail,,,32,0.2.0-draft,2026-08-04
sulvo.com,1,10,Text-only,,error,fail,fail,error,skip,skip,skip,pass,fail,,,32,0.2.0-draft,2026-08-04
summit53.io,1,0,Absent,,error,fail,fail,error,skip,skip,skip,fail,fail,,,32,0.2.0-draft,2026-08-04
sumvid.app,1,10,Text-only,,error,fail,fail,error,skip,skip,skip,pass,fail,,,32,0.2.0-draft,2026-08-04
sunaivacore.io,1,10,Text-only,,error,fail,fail,error,skip,skip,skip,pass,fail,,,32,0.2.0-draft,2026-08-04
sunex-ai.com,1,0,Absent,,error,fail,fail,error,skip,skip,skip,fail,fail,,,32,0.2.0-draft,2026-08-04
sunex.com,1,45,Discoverable,,error,pass,fail,error,skip,skip,skip,pass,fail,,,32,0.2.0-draft,2026-08-04
sunholo.com,1,0,Absent,,error,fail,fail,error,skip,skip,skip,fail,fail,,,36,0.2.0-draft,2026-08-04
sunrays.dev,1,10,Text-only,,error,fail,fail,error,skip,skip,skip,pass,fail,,,32,0.2.0-draft,2026-08-04
sunshineatlas.com,1,0,Absent,,error,fail,fail,error,skip,skip,skip,fail,fail,,,32,0.2.0-draft,2026-08-04
suorigo.cz,1,10,Text-only,,error,fail,fail,error,skip,skip,skip,pass,fail,,,31,0.2.0-draft,2026-08-04
supabase.com,1,10,Text-only,,error,fail,fail,error,skip,skip,skip,pass,fail,,,31,0.2.0-draft,2026-08-04
superdocs.app,1,10,Text-only,,error,fail,fail,error,skip,skip,skip,pass,fail,,,31,0.2.0-draft,2026-08-04
superfact.ai,1,0,Absent,,error,fail,fail,error,skip,skip,skip,fail,fail,,,31,0.2.0-draft,2026-08-04
superforms.co,1,10,Text-only,,error,fail,fail,error,skip,skip,skip,pass,fail,,,31,0.2.0-draft,2026-08-04
supericons.dev,1,10,Text-only,,error,fail,fail,error,skip,skip,skip,pass,fail,,,31,0.2.0-draft,2026-08-04
superlist.com,1,0,Absent,,error,fail,fail,error,skip,skip,skip,fail,fail,,,35,0.2.0-draft,2026-08-04
superlog.sh,1,10,Text-only,,error,fail,fail,error,skip,skip,skip,pass,fail,,,31,0.2.0-draft,2026-08-04
superpowers.social,1,10,Text-only,,error,fail,fail,fail,skip,skip,skip,pass,fail,,,31,0.2.0-draft,2026-08-04
supersaas.com,1,45,Discoverable,,error,fail,fail,pass,skip,skip,skip,pass,fail,,,31,0.2.0-draft,2026-08-04
supersend.io,1,10,Text-only,,error,fail,fail,fail,skip,skip,skip,pass,fail,,,31,0.2.0-draft,2026-08-04
superserve.ai,1,0,Absent,,error,fail,fail,fail,skip,skip,skip,fail,fail,,,36,0.2.0-draft,2026-08-04
superskill.sh,1,10,Text-only,,error,fail,fail,fail,skip,skip,skip,pass,fail,,,30,0.2.0-draft,2026-08-04
supertours.ru,1,0,Absent,,fail,fail,fail,fail,skip,skip,skip,fail,fail,,,30,0.2.0-draft,2026-08-04
supost.com,1,10,Text-only,,fail,fail,fail,fail,skip,skip,skip,pass,fail,,,30,0.2.0-draft,2026-08-04
supovia.com,1,10,Text-only,,fail,fail,fail,fail,skip,skip,skip,pass,fail,,,36,0.2.0-draft,2026-08-04
supp.support,1,10,Text-only,,fail,fail,fail,fail,skip,skip,skip,pass,fail,,,30,0.2.0-draft,2026-08-04
supplymaven.com,1,10,Text-only,,fail,fail,fail,fail,skip,skip,skip,pass,fail,,,30,0.2.0-draft,2026-08-04
suresms.com,1,10,Text-only,,fail,fail,fail,fail,skip,skip,skip,pass,fail,,,34,0.2.0-draft,2026-08-04
surewhynot.app,1,10,Text-only,,fail,fail,fail,fail,skip,skip,skip,pass,fail,,,30,0.2.0-draft,2026-08-04
surfsessionfinder.com,1,10,Text-only,,fail,fail,fail,fail,skip,skip,skip,pass,fail,,,35,0.2.0-draft,2026-08-04
suzuri.dev,1,0,Absent,,fail,fail,fail,fail,skip,skip,skip,fail,fail,,,29,0.2.0-draft,2026-08-04
suzuri.jp,1,10,Text-only,,fail,fail,fail,fail,skip,skip,skip,pass,fail,,,29,0.2.0-draft,2026-08-04
svelte.dev,1,10,Text-only,,fail,fail,fail,fail,skip,skip,skip,pass,fail,,,29,0.2.0-draft,2026-08-04
svg.farm,1,35,Discoverable,,pass,fail,fail,pass,skip,skip,skip,fail,fail,mcp-server-card-json,,29,0.2.0-draft,2026-08-04
svgator.com,1,35,Discoverable,,fail,pass,fail,fail,skip,skip,skip,fail,fail,,,35,0.2.0-draft,2026-08-04
svgicons.com,1,35,Discoverable,,fail,fail,fail,pass,skip,skip,skip,fail,fail,,,29,0.2.0-draft,2026-08-04
svim.io,1,0,Absent,,fail,fail,fail,fail,skip,skip,skip,fail,fail,,,29,0.2.0-draft,2026-08-04
svodka.news,1,0,Absent,,fail,fail,fail,fail,skip,skip,skip,fail,fail,,,29,0.2.0-draft,2026-08-04
swapp1990.org,1,0,Absent,,fail,fail,fail,fail,skip,skip,skip,fail,fail,,,28,0.2.0-draft,2026-08-04
swaptitan.net,1,45,Discoverable,,pass,fail,fail,fail,skip,skip,skip,pass,fail,mcp-json|mcp-server-card-json,,28,0.2.0-draft,2026-08-04
swapwizard.xyz,1,10,Text-only,,fail,fail,fail,fail,skip,skip,skip,pass,fail,,,27,0.2.0-draft,2026-08-04
swarm-coordinator-mcp.vercel.app,1,0,Absent,,fail,fail,fail,fail,skip,skip,skip,fail,fail,,,27,0.2.0-draft,2026-08-04
swarm.at,1,0,Absent,,fail,fail,fail,fail,skip,skip,skip,fail,fail,,,27,0.2.0-draft,2026-08-04
swarm.tips,1,10,Text-only,,fail,fail,fail,fail,skip,skip,skip,pass,fail,,,27,0.2.0-draft,2026-08-04
swarmsync.ai,1,45,Discoverable,,pass,fail,fail,fail,skip,skip,skip,pass,fail,mcp-json,,27,0.2.0-draft,2026-08-04
swatchdog-mcp-970396648818.us-central1.run.app,1,0,Absent,,fail,fail,fail,fail,skip,skip,skip,fail,fail,,,26,0.2.0-draft,2026-08-04
swatchdog.dev,1,0,Absent,,fail,fail,fail,fail,skip,skip,skip,fail,fail,,,35,0.2.0-draft,2026-08-04
swatgenx.com,1,45,Discoverable,,fail,fail,fail,pass,skip,skip,skip,pass,fail,,,35,0.2.0-draft,2026-08-04
swathapi.com,1,35,Discoverable,,fail,fail,fail,pass,skip,skip,skip,fail,fail,,,26,0.2.0-draft,2026-08-04
swiftsign.ca,1,45,Discoverable,,fail,fail,fail,pass,skip,skip,skip,pass,fail,,,25,0.2.0-draft,2026-08-04
swipa.ru,1,35,Discoverable,,fail,fail,fail,pass,skip,skip,skip,fail,fail,,,25,0.2.0-draft,2026-08-04
swipify.fr,1,10,Text-only,,fail,fail,fail,fail,skip,skip,skip,pass,fail,,,23,0.2.0-draft,2026-08-04
swissdeals.app,1,0,Absent,,fail,fail,fail,fail,skip,skip,skip,fail,fail,,,32,0.2.0-draft,2026-08-04
swisslivingindex.ch,1,45,Discoverable,,pass,fail,fail,fail,skip,skip,skip,pass,fail,mcp-json,,22,0.2.0-draft,2026-08-04
swisstrip.app,1,10,Text-only,,fail,fail,fail,fail,skip,skip,skip,pass,fail,,,29,0.2.0-draft,2026-08-04
swisswhaleintelligence.com,1,0,Absent,,fail,fail,fail,fail,skip,skip,skip,fail,fail,,,20,0.2.0-draft,2026-08-04
switchapp.ai,1,70,Connectable,,fail,fail,pass,pass,pass,fail,skip,fail,fail,,legacy,38,0.2.0-draft,2026-08-04
swonkie.dev,1,50,Discoverable,,pass,fail,fail,fail,skip,skip,skip,pass,pass,mcp-server-card-json,,18,0.2.0-draft,2026-08-04
syenite.ai,1,70,Connectable,,pass,fail,pass,fail,pass,fail,skip,fail,fail,mcp-json,legacy,19,0.2.0-draft,2026-08-04
syftly.vercel.app,1,95,Agent-ready,,fail,fail,pass,fail,pass,pass,pass,pass,fail,,legacy,32,0.2.0-draft,2026-08-04
sygnliq.com,1,15,Text-only,,fail,fail,fail,fail,skip,skip,skip,pass,pass,,,16,0.2.0-draft,2026-08-04
sylin.org,1,10,Text-only,,fail,fail,fail,fail,skip,skip,skip,pass,fail,,,14,0.2.0-draft,2026-08-04
syln.cn,1,15,Text-only,,fail,fail,fail,fail,skip,skip,skip,pass,pass,,,14,0.2.0-draft,2026-08-04
symbols-of-wealth-studio-mcp.vercel.app,1,0,Absent,,fail,fail,fail,fail,skip,skip,skip,fail,fail,,,27,0.2.0-draft,2026-08-04
sympodial-hazel-harvestless.ngrok-free.dev,1,0,Absent,,error,fail,fail,error,skip,skip,skip,fail,fail,,,46,0.2.0-draft,2026-08-04
synaplex.ai,1,5,Text-only,,fail,fail,fail,fail,skip,skip,skip,fail,pass,,,14,0.2.0-draft,2026-08-04
synapse-network.ai,1,0,Absent,,error,fail,fail,error,skip,skip,skip,fail,fail,,,46,0.2.0-draft,2026-08-04
synapselayer.org,1,45,Discoverable,,pass,fail,fail,fail,fail,skip,skip,pass,fail,mcp-json|mcp-server-card-json,,16,0.2.0-draft,2026-08-04
synapze.eu,1,80,Connectable,,pass,fail,fail,fail,pass,fail,skip,pass,fail,mcp-json,legacy,21,0.2.0-draft,2026-08-04
sync-socials.com,1,15,Text-only,,fail,fail,fail,fail,skip,skip,skip,pass,pass,,,14,0.2.0-draft,2026-08-04
synchronex.ai,1,45,Discoverable,,pass,fail,fail,pass,skip,skip,skip,pass,fail,mcp-bare,,14,0.2.0-draft,2026-08-04
synchronity.app,1,15,Text-only,,fail,fail,fail,fail,skip,skip,skip,pass,pass,,,15,0.2.0-draft,2026-08-04
synci.io,1,80,Connectable,,pass,fail,pass,pass,pass,fail,skip,pass,fail,ai-catalog|mcp-server-card-json,legacy,21,0.2.0-draft,2026-08-04
syncline.run,1,5,Text-only,,fail,fail,fail,fail,skip,skip,skip,fail,pass,,,15,0.2.0-draft,2026-08-04
syncmetrics.io,1,10,Text-only,,fail,fail,fail,fail,skip,skip,skip,pass,fail,,,17,0.2.0-draft,2026-08-04
synder.com,1,15,Text-only,,skip,fail,fail,skip,skip,skip,skip,pass,pass,,,14,0.2.0-draft,2026-08-04
syndicatelinks.co,1,50,Discoverable,,pass,fail,fail,pass,skip,skip,skip,pass,pass,mcp-server-card-json,,24,0.2.0-draft,2026-08-04
synergieloc.fr,1,45,Discoverable,,pass,fail,fail,fail,skip,skip,skip,pass,fail,mcp-json,,27,0.2.0-draft,2026-08-04
synlake.ai,1,80,Connectable,,pass,fail,pass,fail,pass,fail,skip,pass,fail,mcp-json|mcp-server-card-json,modern,21,0.2.0-draft,2026-08-04
synligdigital.no,1,45,Discoverable,,pass,fail,fail,fail,skip,skip,skip,pass,fail,mcp-json|mcp-server-card-json,,15,0.2.0-draft,2026-08-04
syntermedia.ai,1,10,Text-only,,fail,fail,fail,fail,skip,skip,skip,pass,fail,,,18,0.2.0-draft,2026-08-04
syntheticbrew.ai,1,45,Discoverable,,pass,fail,fail,pass,skip,skip,skip,pass,fail,mcp-server-card-json,,17,0.2.0-draft,2026-08-04
syntheticuserlab.space,1,70,Connectable,,pass,fail,pass,fail,pass,fail,skip,fail,fail,mcp-server-card-json,modern,17,0.2.0-draft,2026-08-04
synthnet.io,1,15,Text-only,,fail,fail,fail,fail,skip,skip,skip,pass,pass,,,13,0.2.0-draft,2026-08-04
syntitan.ai,1,10,Text-only,,fail,fail,fail,fail,skip,skip,skip,pass,fail,,,15,0.2.0-draft,2026-08-04
systemprompt.io,1,45,Discoverable,,pass,fail,fail,pass,fail,skip,skip,pass,fail,ai-catalog,,18,0.2.0-draft,2026-08-04
systemr.ai,1,15,Text-only,,fail,fail,fail,fail,skip,skip,skip,pass,pass,,,15,0.2.0-draft,2026-08-04
szum.io,1,80,Connectable,,fail,fail,pass,pass,pass,fail,skip,pass,fail,,legacy,21,0.2.0-draft,2026-08-04
tabak-brucker.de,1,85,Connectable,,fail,fail,pass,fail,pass,pass,pass,fail,fail,,legacy,37,0.2.0-draft,2026-08-04
tablacognita.com,1,0,Absent,,error,fail,fail,error,skip,skip,skip,fail,fail,,,3,0.2.0-draft,2026-08-04
tableall.com,1,10,Text-only,,fail,fail,fail,fail,skip,skip,skip,pass,fail,,,34,0.2.0-draft,2026-08-04
tablepredict.com,1,100,Agent-ready,,fail,fail,pass,fail,pass,pass,pass,pass,pass,,modern,18,0.2.0-draft,2026-08-04
tablint.dev,1,0,Absent,,fail,fail,fail,fail,skip,skip,skip,fail,fail,,,14,0.2.0-draft,2026-08-04
tabula.click,1,0,Absent,,fail,fail,fail,fail,skip,skip,skip,fail,fail,,,27,0.2.0-draft,2026-08-04
tabula360.com,1,45,Discoverable,,fail,fail,fail,pass,skip,skip,skip,pass,fail,,,25,0.2.0-draft,2026-08-04
tabularrecipe.com,1,85,Connectable,,pass,fail,pass,fail,pass,pass,fail,pass,pass,ai-catalog|mcp-server-card-json,legacy,21,0.2.0-draft,2026-08-04
tachyo.ai,1,5,Text-only,,fail,fail,fail,fail,skip,skip,skip,fail,pass,,,17,0.2.0-draft,2026-08-04
tacyon.io,1,80,Connectable,,pass,fail,fail,pass,pass,fail,skip,pass,fail,mcp-json,modern,19,0.2.0-draft,2026-08-04
tagit.network,1,0,Absent,,fail,fail,fail,fail,skip,skip,skip,fail,fail,,,26,0.2.0-draft,2026-08-04
tail12fa6b.ts.net,1,0,Absent,,error,fail,fail,error,skip,skip,skip,fail,fail,,,3,0.2.0-draft,2026-08-04
tail177fbd.ts.net,1,0,Absent,,error,fail,fail,error,skip,skip,skip,fail,fail,,,4,0.2.0-draft,2026-08-04
tail66f665.ts.net,1,0,Absent,,error,fail,fail,error,skip,skip,skip,fail,fail,,,3,0.2.0-draft,2026-08-04
taisly.com,1,0,Absent,,fail,fail,fail,fail,skip,skip,skip,fail,fail,,,14,0.2.0-draft,2026-08-04
takehub.app,1,0,Absent,,fail,fail,fail,fail,skip,skip,skip,fail,fail,,,28,0.2.0-draft,2026-08-04
tako.com,1,85,Connectable,,fail,fail,pass,pass,pass,fail,skip,pass,pass,,legacy,23,0.2.0-draft,2026-08-04
talarion.com,1,85,Connectable,,fail,fail,pass,pass,pass,fail,skip,pass,pass,,modern,26,0.2.0-draft,2026-08-04
talivia.com,1,80,Connectable,,fail,fail,pass,pass,pass,fail,skip,pass,fail,,modern,17,0.2.0-draft,2026-08-04
talkamore.com,1,70,Connectable,,fail,fail,pass,fail,pass,fail,skip,fail,fail,,modern,19,0.2.0-draft,2026-08-04
talkarcllc.com,1,0,Absent,,fail,fail,fail,fail,skip,skip,skip,fail,fail,,,14,0.2.0-draft,2026-08-04
talktohumans.app,1,15,Text-only,,fail,fail,fail,fail,skip,skip,skip,pass,pass,,,26,0.2.0-draft,2026-08-04
tallyfy.com,1,45,Discoverable,,pass,fail,fail,fail,skip,skip,skip,pass,fail,mcp-json,,21,0.2.0-draft,2026-08-04
tallymesh.com,1,85,Connectable,,fail,fail,pass,fail,pass,pass,fail,pass,pass,,legacy,26,0.2.0-draft,2026-08-04
tallymeter.com,1,80,Connectable,,fail,fail,pass,fail,pass,fail,skip,pass,fail,,modern,18,0.2.0-draft,2026-08-04
tallyworkout.app,1,15,Text-only,,fail,fail,fail,fail,skip,skip,skip,pass,pass,,,21,0.2.0-draft,2026-08-04
tamgara.com,1,100,Agent-ready,,fail,fail,pass,fail,pass,pass,pass,pass,pass,,legacy,29,0.2.0-draft,2026-08-04
tandem-cc.com,1,0,Absent,,error,fail,fail,error,skip,skip,skip,fail,fail,,,33,0.2.0-draft,2026-08-04
tandem.ac,1,15,Text-only,,fail,fail,fail,fail,skip,skip,skip,pass,pass,,,16,0.2.0-draft,2026-08-04
tango.dev,1,40,Discoverable,,fail,fail,fail,pass,skip,skip,skip,fail,pass,,,14,0.2.0-draft,2026-08-04
tania-29c.workers.dev,1,0,Absent,,error,fail,fail,error,skip,skip,skip,fail,fail,,,6,0.2.0-draft,2026-08-04
tanjiren.app,1,0,Absent,,fail,fail,fail,fail,skip,skip,skip,fail,fail,,,46,0.2.0-draft,2026-08-04
tantra-authority.com,1,15,Text-only,,fail,fail,fail,fail,skip,skip,skip,pass,pass,,,15,0.2.0-draft,2026-08-04
taokeh.my,1,50,Discoverable,,fail,fail,fail,pass,skip,skip,skip,pass,pass,,,13,0.2.0-draft,2026-08-04
taparcelle.ca,1,85,Connectable,,fail,fail,pass,pass,pass,fail,skip,pass,pass,,modern,22,0.2.0-draft,2026-08-04
tapetide.com,1,80,Connectable,,fail,fail,pass,pass,pass,fail,skip,pass,fail,,legacy,21,0.2.0-draft,2026-08-04
taplio.com,1,0,Absent,,fail,fail,fail,fail,skip,skip,skip,fail,fail,,,17,0.2.0-draft,2026-08-04
taproothq.com,1,15,Text-only,,fail,fail,fail,fail,skip,skip,skip,pass,pass,,,13,0.2.0-draft,2026-08-04
taprun.dev,1,10,Text-only,,fail,fail,fail,fail,skip,skip,skip,pass,fail,,,18,0.2.0-draft,2026-08-04
tapwatermap.com,1,10,Text-only,,fail,fail,fail,fail,skip,skip,skip,pass,fail,,,16,0.2.0-draft,2026-08-04
tariff.watch,1,10,Text-only,,fail,fail,fail,fail,skip,skip,skip,pass,fail,,,15,0.2.0-draft,2026-08-04
tarkagrid.com,1,0,Absent,,fail,fail,fail,fail,skip,skip,skip,fail,fail,,,16,0.2.0-draft,2026-08-04
tarteel.ai,1,70,Connectable,,fail,fail,pass,fail,pass,fail,skip,fail,fail,,legacy,24,0.2.0-draft,2026-08-04
tascan-live-event.netlify.app,1,35,Discoverable,,fail,fail,fail,pass,skip,skip,skip,fail,fail,,,32,0.2.0-draft,2026-08-04
task-orchestrator-mcp-three.vercel.app,1,0,Absent,,fail,fail,fail,fail,skip,skip,skip,fail,fail,,,26,0.2.0-draft,2026-08-04
taskforcehq.ai,1,0,Absent,,fail,fail,fail,fail,skip,skip,skip,fail,fail,,,16,0.2.0-draft,2026-08-04
taskfuel.ai,1,10,Text-only,,fail,fail,fail,fail,skip,skip,skip,pass,fail,,,16,0.2.0-draft,2026-08-04
taskhawktech.com,1,10,Text-only,,fail,fail,fail,fail,skip,skip,skip,pass,fail,,,13,0.2.0-draft,2026-08-04
taskive.ai,1,10,Text-only,,fail,fail,fail,fail,skip,skip,skip,pass,fail,,,16,0.2.0-draft,2026-08-04
tasklix.dev,1,50,Discoverable,,pass,fail,fail,pass,fail,skip,skip,pass,pass,ai-catalog|mcp-json|mcp-server-card-json,,17,0.2.0-draft,2026-08-04
taskman.london,1,50,Discoverable,,pass,fail,fail,fail,skip,skip,skip,pass,pass,mcp-server-card-json,,14,0.2.0-draft,2026-08-04
tasktime.pro,1,15,Text-only,,fail,fail,fail,fail,skip,skip,skip,pass,pass,,,14,0.2.0-draft,2026-08-04
tastemakerdev.com,1,0,Absent,,fail,fail,fail,fail,skip,skip,skip,fail,fail,,,12,0.2.0-draft,2026-08-04
tatastu.dev,1,15,Text-only,,fail,fail,fail,fail,skip,skip,skip,pass,pass,,,15,0.2.0-draft,2026-08-04
tatuape.sampa.br,1,100,Agent-ready,,pass,fail,pass,fail,pass,pass,pass,pass,pass,mcp-json,legacy,38,0.2.0-draft,2026-08-04
taufunctions.com,1,0,Absent,,fail,fail,fail,fail,skip,skip,skip,fail,fail,,,17,0.2.0-draft,2026-08-04
tavernfinder.com,1,15,Text-only,,fail,fail,fail,fail,skip,skip,skip,pass,pass,,,17,0.2.0-draft,2026-08-04
taxact.com,1,25,Text-only,,fail,fail,pass,fail,fail,skip,skip,fail,pass,,,37,0.2.0-draft,2026-08-04
taxcompass.it,1,10,Text-only,,fail,fail,fail,fail,skip,skip,skip,pass,fail,,,15,0.2.0-draft,2026-08-04
taxlocus.com,1,5,Text-only,,fail,fail,fail,fail,skip,skip,skip,fail,pass,,,14,0.2.0-draft,2026-08-04
tbit.app,1,15,Text-only,,fail,fail,fail,fail,skip,skip,skip,pass,pass,,,14,0.2.0-draft,2026-08-04
tcgmcp.com,1,95,Agent-ready,,fail,fail,pass,fail,pass,pass,pass,pass,fail,,legacy,22,0.2.0-draft,2026-08-04
tdueqhfxyojmjgactdyc.supabase.co,1,0,Absent,,fail,fail,fail,fail,skip,skip,skip,fail,fail,,,14,0.2.0-draft,2026-08-04
team0.ai,1,15,Text-only,,fail,fail,fail,fail,skip,skip,skip,pass,pass,,,15,0.2.0-draft,2026-08-04
teamdev.com,1,10,Text-only,,fail,fail,fail,fail,skip,skip,skip,pass,fail,,,15,0.2.0-draft,2026-08-04
teamo360.com,1,15,Text-only,,fail,fail,fail,fail,skip,skip,skip,pass,pass,,,15,0.2.0-draft,2026-08-04
teamwork.com,1,85,Connectable,,pass,fail,fail,pass,pass,pass,fail,pass,pass,mcp-json,modern,25,0.2.0-draft,2026-08-04
tech-enrichment-x402-production.up.railway.app,1,0,Absent,,fail,fail,fail,fail,skip,skip,skip,fail,fail,,,25,0.2.0-draft,2026-08-04
tech.eu,1,5,Text-only,,fail,fail,fail,fail,skip,skip,skip,fail,pass,,,14,0.2.0-draft,2026-08-04
techenthus.dev,1,0,Absent,,fail,fail,fail,fail,skip,skip,skip,fail,fail,,,14,0.2.0-draft,2026-08-04
techmanual.ai,1,5,Text-only,,fail,fail,fail,fail,skip,skip,skip,fail,pass,,,19,0.2.0-draft,2026-08-04
teclazo.com,1,50,Discoverable,,fail,fail,fail,pass,skip,skip,skip,pass,pass,,,13,0.2.0-draft,2026-08-04
tedscout.eu,1,35,Discoverable,,pass,fail,fail,fail,skip,skip,skip,fail,fail,mcp-server-card-json,,32,0.2.0-draft,2026-08-04
teenadhd.ai,1,100,Agent-ready,,pass,fail,fail,fail,pass,pass,pass,pass,pass,mcp-json|mcp-bare|mcp-server-card-json,modern,17,0.2.0-draft,2026-08-04
teenanxiety.ai,1,100,Agent-ready,,pass,fail,fail,fail,pass,pass,pass,pass,pass,mcp-json|mcp-bare|mcp-server-card-json,modern,17,0.2.0-draft,2026-08-04
teenpsychiatry.ai,1,100,Agent-ready,,pass,fail,fail,fail,pass,pass,pass,pass,pass,mcp-json|mcp-bare|mcp-server-card-json,modern,17,0.2.0-draft,2026-08-04
teenpsychiatry.com,1,100,Agent-ready,,pass,fail,fail,fail,pass,pass,pass,pass,pass,mcp-json|mcp-bare|mcp-server-card-json,modern,17,0.2.0-draft,2026-08-04
teentherapy.ai,1,100,Agent-ready,,pass,fail,fail,fail,pass,pass,pass,pass,pass,mcp-json|mcp-bare|mcp-server-card-json,modern,17,0.2.0-draft,2026-08-04
tehprof.kz,1,0,Absent,,fail,fail,fail,fail,skip,skip,skip,fail,fail,,,13,0.2.0-draft,2026-08-04
tekboss.ai,1,0,Absent,,fail,fail,fail,fail,skip,skip,skip,fail,fail,,,14,0.2.0-draft,2026-08-04
telawiki.com,1,45,Discoverable,,pass,fail,fail,pass,fail,skip,skip,pass,fail,mcp-json,,15,0.2.0-draft,2026-08-04
telbase.ai,1,15,Text-only,,fail,fail,fail,fail,skip,skip,skip,pass,pass,,,28,0.2.0-draft,2026-08-04
telemost.io,1,10,Text-only,,fail,fail,fail,fail,skip,skip,skip,pass,fail,,,27,0.2.0-draft,2026-08-04
teleprompter.com,1,15,Text-only,,fail,fail,fail,fail,skip,skip,skip,pass,pass,,,21,0.2.0-draft,2026-08-04
telerik.com,1,15,Text-only,,fail,fail,fail,fail,skip,skip,skip,pass,pass,,,30,0.2.0-draft,2026-08-04
temp-mail.io,1,0,Absent,,fail,fail,fail,fail,skip,skip,skip,fail,fail,,,14,0.2.0-draft,2026-08-04
temp.md,1,50,Discoverable,,pass,fail,fail,fail,skip,skip,skip,pass,pass,mcp-json|mcp-server-card-json,,17,0.2.0-draft,2026-08-04
tempguru.co,1,100,Agent-ready,,pass,pass,pass,fail,pass,pass,pass,pass,pass,mcp-json|mcp-server-card-json,modern,20,0.2.0-draft,2026-08-04
template-surfaces-drive-bar.trycloudflare.com,1,0,Absent,,error,fail,fail,error,skip,skip,skip,fail,fail,,,3,0.2.0-draft,2026-08-04
templated.email,1,15,Text-only,,fail,fail,fail,fail,skip,skip,skip,pass,pass,,,13,0.2.0-draft,2026-08-04
temporal-mcp.dev,1,70,Connectable,,fail,fail,pass,fail,pass,pass,fail,fail,fail,,legacy,19,0.2.0-draft,2026-08-04
temporal.io,1,10,Text-only,,fail,fail,fail,fail,skip,skip,skip,pass,fail,,,14,0.2.0-draft,2026-08-04
tempreon.com,1,15,Text-only,,fail,fail,fail,fail,skip,skip,skip,pass,pass,,,14,0.2.0-draft,2026-08-04
temsor.com,1,0,Absent,,fail,fail,fail,fail,skip,skip,skip,fail,fail,,,16,0.2.0-draft,2026-08-04
temway.com,1,10,Text-only,,fail,fail,fail,fail,skip,skip,skip,pass,fail,,,17,0.2.0-draft,2026-08-04
tenantsdb.com,1,0,Absent,,fail,fail,fail,fail,skip,skip,skip,fail,fail,,,15,0.2.0-draft,2026-08-04
tendem.ai,1,75,Connectable,,fail,fail,pass,pass,pass,fail,skip,fail,pass,,modern,22,0.2.0-draft,2026-08-04
tender-mcp-production.up.railway.app,1,35,Discoverable,,pass,fail,fail,fail,skip,skip,skip,fail,fail,mcp-server-card-json,,24,0.2.0-draft,2026-08-04
tenderhunt.ai,1,80,Connectable,,pass,fail,fail,fail,pass,fail,skip,pass,fail,mcp-json|mcp-server-card-json,modern,29,0.2.0-draft,2026-08-04
tenderly.co,1,15,Text-only,,fail,fail,fail,fail,skip,skip,skip,pass,pass,,,32,0.2.0-draft,2026-08-04
tendeta.io,1,70,Connectable,,fail,fail,pass,pass,pass,fail,skip,fail,fail,,modern,23,0.2.0-draft,2026-08-04
tendfeed.eu,1,80,Connectable,,pass,fail,fail,fail,pass,pass,fail,pass,fail,mcp-json,legacy,18,0.2.0-draft,2026-08-04
tenjin.blog,1,85,Connectable,,fail,fail,pass,fail,pass,fail,skip,pass,pass,,legacy,19,0.2.0-draft,2026-08-04
teno-store.com,1,15,Text-only,,fail,fail,fail,fail,skip,skip,skip,pass,pass,,,13,0.2.0-draft,2026-08-04
tenova.io,1,35,Discoverable,,pass,fail,fail,fail,skip,skip,skip,fail,fail,mcp-server-card-json,,18,0.2.0-draft,2026-08-04
tenpace.com,1,10,Text-only,,fail,fail,fail,fail,skip,skip,skip,pass,fail,,,13,0.2.0-draft,2026-08-04
tensorfeed.ai,1,15,Text-only,,fail,fail,fail,fail,skip,skip,skip,pass,pass,,,15,0.2.0-draft,2026-08-04
tenzro.network,1,5,Text-only,,skip,fail,fail,skip,skip,skip,skip,skip,pass,,,7,0.2.0-draft,2026-08-04
tenzro.xyz,1,0,Absent,,fail,fail,fail,fail,skip,skip,skip,fail,fail,,,35,0.2.0-draft,2026-08-04
tepesama-reprise-mcp.hf.space,1,0,Absent,,fail,fail,fail,fail,skip,skip,skip,fail,fail,,,23,0.2.0-draft,2026-08-04
teppek.com,1,50,Discoverable,,pass,fail,fail,pass,skip,skip,skip,pass,pass,mcp-server-card-json,,21,0.2.0-draft,2026-08-04
tereno.xyz,1,10,Text-only,,fail,fail,fail,fail,skip,skip,skip,pass,fail,,,25,0.2.0-draft,2026-08-04
teres.io,1,0,Absent,,error,fail,fail,error,skip,skip,skip,fail,fail,,,46,0.2.0-draft,2026-08-04
terminalfeed.io,1,15,Text-only,,fail,fail,fail,fail,skip,skip,skip,pass,pass,,,13,0.2.0-draft,2026-08-04
tessa.tech,1,10,Text-only,,fail,fail,fail,fail,skip,skip,skip,pass,fail,,,16,0.2.0-draft,2026-08-04
tessen.ai,1,0,Absent,,fail,fail,fail,fail,skip,skip,skip,fail,fail,,,22,0.2.0-draft,2026-08-04
tesseraai.io,1,15,Text-only,,fail,fail,fail,fail,skip,skip,skip,pass,pass,,,14,0.2.0-draft,2026-08-04
tesseralytics.dev,1,85,Connectable,,fail,fail,pass,fail,pass,pass,pass,fail,fail,,legacy,27,0.2.0-draft,2026-08-04
test-blockscholes.com,1,0,Absent,,error,fail,fail,error,skip,skip,skip,fail,fail,,,3,0.2.0-draft,2026-08-04
testiny.io,1,0,Absent,,fail,fail,fail,fail,skip,skip,skip,fail,fail,,,35,0.2.0-draft,2026-08-04
testiv.ai,1,0,Absent,,fail,fail,fail,fail,skip,skip,skip,fail,fail,,,22,0.2.0-draft,2026-08-04
testrigor.com,1,0,Absent,,fail,fail,fail,fail,skip,skip,skip,fail,fail,,,22,0.2.0-draft,2026-08-04
tewdy.com,1,15,Text-only,,fail,error,fail,fail,skip,skip,skip,pass,pass,,,21,0.2.0-draft,2026-08-04
tex-adequate-date-facing.trycloudflare.com,1,0,Absent,,error,fail,fail,error,skip,skip,skip,fail,fail,,,6,0.2.0-draft,2026-08-04
text-classifier-x402-production.up.railway.app,1,0,Absent,,fail,fail,fail,fail,skip,skip,skip,fail,fail,,,22,0.2.0-draft,2026-08-04
text-to-speech-production-0f12.up.railway.app,1,0,Absent,,fail,fail,fail,fail,skip,skip,skip,fail,fail,,,22,0.2.0-draft,2026-08-04
text-to-speech-x402-production.up.railway.app,1,0,Absent,,fail,fail,fail,fail,skip,skip,skip,fail,fail,,,22,0.2.0-draft,2026-08-04
text-translator-x402-production.up.railway.app,1,0,Absent,,fail,fail,fail,fail,skip,skip,skip,fail,fail,,,28,0.2.0-draft,2026-08-04
text2event.com,1,35,Discoverable,,fail,fail,fail,pass,skip,skip,skip,fail,fail,,,21,0.2.0-draft,2026-08-04
textarttools.com,1,85,Connectable,,fail,fail,pass,fail,pass,pass,pass,fail,fail,,legacy,27,0.2.0-draft,2026-08-04
texthumanizer.pro,1,35,Discoverable,,pass,fail,fail,pass,skip,skip,skip,fail,fail,mcp-server-card-json,,21,0.2.0-draft,2026-08-04
textmine.com,1,10,Text-only,,fail,fail,fail,fail,skip,skip,skip,pass,fail,,,22,0.2.0-draft,2026-08-04
texttostl.com,1,0,Absent,,fail,fail,fail,fail,skip,skip,skip,fail,fail,,,27,0.2.0-draft,2026-08-04
tgboard.com,1,80,Connectable,,pass,fail,fail,fail,pass,fail,skip,pass,fail,mcp-json,legacy,25,0.2.0-draft,2026-08-04
tgden.com,1,10,Text-only,,fail,fail,fail,fail,skip,skip,skip,pass,fail,,,21,0.2.0-draft,2026-08-04
thaiapp.com,1,0,Absent,,fail,fail,fail,fail,skip,skip,skip,fail,fail,,,21,0.2.0-draft,2026-08-04
thaibankslip.com,1,80,Connectable,,pass,fail,fail,pass,pass,fail,skip,pass,fail,mcp-json,modern,24,0.2.0-draft,2026-08-04
thaiprocurement.com,1,10,Text-only,,fail,fail,fail,fail,skip,skip,skip,pass,fail,,,22,0.2.0-draft,2026-08-04
thales.report,1,10,Text-only,,fail,fail,fail,fail,skip,skip,skip,pass,fail,,,21,0.2.0-draft,2026-08-04
the-agentcy-production.up.railway.app,1,0,Absent,,fail,fail,fail,fail,skip,skip,skip,fail,fail,,,28,0.2.0-draft,2026-08-04
the-automator.com,1,0,Absent,,fail,fail,fail,fail,skip,skip,skip,fail,fail,,,21,0.2.0-draft,2026-08-04
the-gem-smith-mcp.vercel.app,1,0,Absent,,fail,fail,fail,fail,skip,skip,skip,fail,fail,,,27,0.2.0-draft,2026-08-04
the-lounge-520904066816.us-west1.run.app,1,0,Absent,,fail,fail,fail,fail,skip,skip,skip,fail,fail,,,46,0.2.0-draft,2026-08-04
the-orbit.ch,1,35,Discoverable,,fail,fail,fail,pass,skip,skip,skip,fail,fail,,,22,0.2.0-draft,2026-08-04
the-snip.com,1,45,Discoverable,,fail,fail,fail,pass,skip,skip,skip,pass,fail,,,20,0.2.0-draft,2026-08-04
the-undesirables.com,1,45,Discoverable,,pass,fail,fail,pass,skip,skip,skip,pass,fail,mcp-server-card-json,,21,0.2.0-draft,2026-08-04
the13f.com,1,45,Discoverable,,pass,fail,fail,fail,skip,skip,skip,pass,fail,mcp-server-card-json,,21,0.2.0-draft,2026-08-04
theagenttimes.com,1,95,Agent-ready,,pass,fail,fail,fail,pass,pass,pass,pass,fail,mcp-server-card-json,legacy,25,0.2.0-draft,2026-08-04
theaggregate.ai,1,10,Text-only,,fail,fail,fail,fail,skip,skip,skip,pass,fail,,,20,0.2.0-draft,2026-08-04
theartofservice.com,1,10,Text-only,,fail,fail,fail,fail,skip,skip,skip,pass,fail,,,21,0.2.0-draft,2026-08-04
theaslangroupllc.com,1,0,Absent,,fail,fail,fail,fail,skip,skip,skip,fail,fail,,,39,0.2.0-draft,2026-08-04
thebalancedinvestorclub.com,1,45,Discoverable,,fail,fail,fail,pass,skip,skip,skip,pass,fail,,,20,0.2.0-draft,2026-08-04
theblueprint.xyz,1,0,Absent,,fail,fail,fail,fail,skip,skip,skip,fail,fail,,,25,0.2.0-draft,2026-08-04
thebotwire.com,1,45,Discoverable,,pass,fail,fail,fail,skip,skip,skip,pass,fail,mcp-server-card-json,,22,0.2.0-draft,2026-08-04
thecastlemap.com,1,10,Text-only,,fail,fail,fail,fail,skip,skip,skip,pass,fail,,,20,0.2.0-draft,2026-08-04
thechrisgrey.com,1,85,Connectable,,fail,fail,pass,fail,pass,pass,pass,fail,fail,,legacy,29,0.2.0-draft,2026-08-04
thecoderegistry.com,1,0,Absent,,fail,fail,fail,fail,skip,skip,skip,fail,fail,,,22,0.2.0-draft,2026-08-04
thecodey.com,1,0,Absent,,error,fail,fail,error,skip,skip,skip,fail,fail,,,13,0.2.0-draft,2026-08-04
thecolony.cc,1,45,Discoverable,,pass,fail,fail,pass,skip,skip,skip,pass,fail,mcp-json,,28,0.2.0-draft,2026-08-04
thecompanyatlas.com,1,45,Discoverable,,fail,fail,fail,pass,skip,skip,skip,pass,fail,,,22,0.2.0-draft,2026-08-04
thecontext.company,1,0,Absent,,fail,fail,fail,fail,skip,skip,skip,fail,fail,,,23,0.2.0-draft,2026-08-04
thedailylesson.com,1,45,Discoverable,,pass,fail,fail,fail,skip,skip,skip,pass,fail,ai-catalog|mcp-server-serra|mcp-json|mcp-bare|mcp-server-card-json,,21,0.2.0-draft,2026-08-04
thedailysmark.com,1,10,Text-only,,fail,fail,fail,fail,skip,skip,skip,pass,fail,,,29,0.2.0-draft,2026-08-04
thedeskmonitor.com,1,10,Text-only,,fail,fail,fail,fail,skip,skip,skip,pass,fail,,,20,0.2.0-draft,2026-08-04
thefloor-dashboard-production.up.railway.app,1,10,Text-only,,fail,fail,fail,fail,skip,skip,skip,pass,fail,,,29,0.2.0-draft,2026-08-04
thefusion.studio,1,0,Absent,,fail,fail,fail,fail,skip,skip,skip,fail,fail,,,22,0.2.0-draft,2026-08-04
thehillkinabalu.com,1,0,Absent,,fail,fail,fail,fail,skip,skip,skip,fail,fail,,,20,0.2.0-draft,2026-08-04
thehometeam.io,1,70,Connectable,,fail,fail,pass,fail,pass,fail,skip,fail,fail,,legacy,35,0.2.0-draft,2026-08-04
theirstack.com,1,80,Connectable,,fail,fail,pass,pass,pass,fail,skip,pass,fail,,modern,29,0.2.0-draft,2026-08-04
thekairos.app,1,80,Connectable,,pass,fail,fail,pass,pass,fail,skip,pass,fail,mcp-server-card-json,modern,23,0.2.0-draft,2026-08-04
thelastceo.live,1,10,Text-only,,fail,fail,fail,fail,skip,skip,skip,pass,fail,,,30,0.2.0-draft,2026-08-04
themailx.com,1,80,Connectable,,pass,fail,pass,fail,pass,fail,skip,pass,fail,mcp-json|mcp-server-card-json,legacy,20,0.2.0-draft,2026-08-04
themineworks.com,1,15,Text-only,,fail,fail,fail,fail,skip,skip,skip,pass,pass,,,15,0.2.0-draft,2026-08-04
themonexus.com,1,15,Text-only,,fail,fail,fail,fail,skip,skip,skip,pass,pass,,,13,0.2.0-draft,2026-08-04
thenetworkos.com,1,50,Discoverable,,fail,fail,fail,pass,skip,skip,skip,pass,pass,,,27,0.2.0-draft,2026-08-04
theneuralledger.com,1,5,Text-only,,fail,fail,fail,fail,skip,skip,skip,fail,pass,,,15,0.2.0-draft,2026-08-04
thenextgennexus.com,1,0,Absent,,fail,fail,fail,fail,skip,skip,skip,fail,fail,,,14,0.2.0-draft,2026-08-04
thenightsky.com,1,85,Connectable,,fail,fail,pass,pass,pass,fail,skip,pass,pass,,modern,36,0.2.0-draft,2026-08-04
theopslog.workers.dev,1,0,Absent,,error,fail,fail,error,skip,skip,skip,fail,fail,,,6,0.2.0-draft,2026-08-04
theothers.shop,1,35,Discoverable,,fail,pass,fail,fail,skip,skip,skip,fail,fail,,,16,0.2.0-draft,2026-08-04
theoutdoorsapp.com,1,85,Connectable,,fail,fail,pass,fail,pass,pass,fail,pass,pass,,legacy,31,0.2.0-draft,2026-08-04
theprotocol.cloud,1,0,Absent,,fail,fail,fail,fail,skip,skip,skip,fail,fail,,,20,0.2.0-draft,2026-08-04
thequietprotocol.com,1,45,Discoverable,,pass,fail,fail,fail,skip,skip,skip,pass,fail,mcp-server-card-json,,29,0.2.0-draft,2026-08-04
theserverless.dev,1,0,Absent,,fail,fail,fail,fail,skip,skip,skip,fail,fail,,,16,0.2.0-draft,2026-08-04
thesignup.app,1,70,Connectable,,pass,fail,fail,pass,pass,fail,skip,fail,fail,mcp-bare,modern,18,0.2.0-draft,2026-08-04
thesovereignconsumer.com,1,0,Absent,,error,fail,fail,error,skip,skip,skip,fail,fail,,,50,0.2.0-draft,2026-08-04
thetrustlayer.xyz,1,0,Absent,,fail,fail,fail,fail,skip,skip,skip,fail,fail,,,30,0.2.0-draft,2026-08-04
theusualaccountant.com,1,10,Text-only,,fail,fail,fail,fail,skip,skip,skip,pass,fail,,,20,0.2.0-draft,2026-08-04
thexi.dev,1,0,Absent,,fail,fail,fail,fail,skip,skip,skip,fail,fail,,,16,0.2.0-draft,2026-08-04
thinair.co,1,0,Absent,,fail,fail,fail,fail,skip,skip,skip,fail,fail,,,30,0.2.0-draft,2026-08-04
thingctx.com,1,0,Absent,,fail,fail,fail,fail,skip,skip,skip,fail,fail,,,27,0.2.0-draft,2026-08-04
thinkandautomate.dev,1,0,Absent,,fail,fail,fail,fail,skip,skip,skip,fail,fail,,,27,0.2.0-draft,2026-08-04
thinkneo.ai,1,45,Discoverable,,fail,pass,fail,fail,skip,skip,skip,pass,fail,,,18,0.2.0-draft,2026-08-04
thinkpattern.ai,1,95,Agent-ready,,fail,fail,pass,fail,pass,pass,pass,pass,fail,,legacy,20,0.2.0-draft,2026-08-04
thiri.ai,1,70,Connectable,,fail,fail,pass,pass,pass,fail,skip,fail,fail,,modern,23,0.2.0-draft,2026-08-04
thisdot.co,1,0,Absent,,fail,fail,fail,fail,skip,skip,skip,fail,fail,,,28,0.2.0-draft,2026-08-04
thisispaper.com,1,10,Text-only,,fail,fail,fail,fail,skip,skip,skip,pass,fail,,,21,0.2.0-draft,2026-08-04
thistripbtw.us,1,95,Agent-ready,,pass,fail,pass,fail,pass,pass,pass,pass,fail,mcp-json,legacy,23,0.2.0-draft,2026-08-04
thoth-slr.vercel.app,1,0,Absent,,fail,fail,fail,fail,skip,skip,skip,fail,fail,,,39,0.2.0-draft,2026-08-04
thoughtbox.ai,1,0,Absent,,fail,fail,fail,fail,skip,skip,skip,fail,fail,,,16,0.2.0-draft,2026-08-04
thoughtspot.app,1,0,Absent,,fail,fail,fail,fail,skip,skip,skip,fail,fail,,,15,0.2.0-draft,2026-08-04
thousand-api.com,1,0,Absent,,error,fail,fail,error,skip,skip,skip,fail,fail,,,8,0.2.0-draft,2026-08-04
thousandeyes.com,1,0,Absent,,fail,fail,fail,fail,skip,skip,skip,fail,fail,,,28,0.2.0-draft,2026-08-04
thrain.ai,1,0,Absent,,fail,fail,fail,fail,skip,skip,skip,fail,fail,,,15,0.2.0-draft,2026-08-04
threadlinqs.com,1,45,Discoverable,,pass,fail,fail,pass,fail,skip,skip,pass,fail,mcp-json,,19,0.2.0-draft,2026-08-04
threadminder.ai,1,10,Text-only,,fail,fail,fail,fail,skip,skip,skip,pass,fail,,,18,0.2.0-draft,2026-08-04
threadmine.dev,1,10,Text-only,,fail,fail,fail,fail,skip,skip,skip,pass,fail,,,16,0.2.0-draft,2026-08-04
threejs-weaver-mcp.vercel.app,1,0,Absent,,fail,fail,fail,fail,skip,skip,skip,fail,fail,,,28,0.2.0-draft,2026-08-04
thrivee.ai,1,0,Absent,,error,fail,fail,error,skip,skip,skip,fail,fail,,,7,0.2.0-draft,2026-08-04
thrivestack.ai,1,10,Text-only,,fail,fail,fail,fail,skip,skip,skip,pass,fail,,,27,0.2.0-draft,2026-08-04
thundercompute.com,1,45,Discoverable,,fail,fail,fail,pass,skip,skip,skip,pass,fail,,,28,0.2.0-draft,2026-08-04
tianxiagongchang.com,1,10,Text-only,,fail,fail,fail,fail,skip,skip,skip,pass,fail,,,40,0.2.0-draft,2026-08-04
tick-mcp-production.up.railway.app,1,85,Connectable,,fail,fail,pass,fail,pass,pass,pass,fail,fail,,legacy,33,0.2.0-draft,2026-08-04
tickadoo.com,1,50,Discoverable,,pass,fail,fail,pass,fail,skip,skip,pass,pass,mcp-json|mcp-server-card-json,,25,0.2.0-draft,2026-08-04
tickdb.ai,1,5,Text-only,,fail,fail,fail,fail,skip,skip,skip,fail,pass,,,17,0.2.0-draft,2026-08-04
tickerall.com,1,0,Absent,,fail,fail,fail,fail,skip,skip,skip,fail,fail,,,17,0.2.0-draft,2026-08-04
tickerbot.io,1,10,Text-only,,fail,fail,fail,fail,skip,skip,skip,pass,fail,,,17,0.2.0-draft,2026-08-04
tickerdb.com,1,80,Connectable,,fail,fail,pass,pass,pass,fail,skip,pass,fail,,modern,23,0.2.0-draft,2026-08-04
tickerfacts.com,1,100,Agent-ready,,fail,fail,pass,fail,pass,pass,pass,pass,pass,,legacy,20,0.2.0-draft,2026-08-04
tickerr.ai,1,0,Absent,,fail,fail,fail,fail,skip,skip,skip,fail,fail,,,38,0.2.0-draft,2026-08-04
tickets4pets.org,1,100,Agent-ready,,fail,fail,pass,fail,pass,pass,pass,pass,pass,,legacy,20,0.2.0-draft,2026-08-04
tickettailor.ai,1,0,Absent,,error,fail,fail,error,skip,skip,skip,fail,fail,,,6,0.2.0-draft,2026-08-04
tickstem.dev,1,10,Text-only,,fail,fail,fail,fail,skip,skip,skip,pass,fail,,,18,0.2.0-draft,2026-08-04
ticktape.cc,1,100,Agent-ready,,pass,fail,pass,fail,pass,pass,pass,pass,pass,ai-catalog|mcp-json|mcp-server-card-json,legacy,19,0.2.0-draft,2026-08-04
tide.org,1,70,Connectable,,fail,fail,pass,fail,pass,fail,skip,fail,fail,,legacy,25,0.2.0-draft,2026-08-04
tidesman.dev,1,5,Text-only,,fail,fail,fail,fail,skip,skip,skip,fail,pass,,,14,0.2.0-draft,2026-08-04
tier1.nz,1,20,Text-only,,fail,fail,pass,fail,fail,skip,skip,fail,fail,,,25,0.2.0-draft,2026-08-04
tigera.io,1,45,Discoverable,,fail,fail,fail,pass,skip,skip,skip,pass,fail,,,25,0.2.0-draft,2026-08-04
tigerdata.com,1,10,Text-only,,fail,fail,fail,fail,skip,skip,skip,pass,fail,,,29,0.2.0-draft,2026-08-04
tilwhen.com,1,85,Connectable,,fail,fail,pass,fail,pass,fail,skip,pass,pass,,legacy,23,0.2.0-draft,2026-08-04
timelines.ai,1,15,Text-only,,fail,fail,fail,fail,skip,skip,skip,pass,pass,,,16,0.2.0-draft,2026-08-04
timeml.ai,1,15,Text-only,,fail,fail,fail,fail,skip,skip,skip,pass,pass,,,15,0.2.0-draft,2026-08-04
timeslope.com,1,0,Absent,,fail,fail,fail,fail,skip,skip,skip,fail,fail,,,19,0.2.0-draft,2026-08-04
timesrare.com,1,50,Discoverable,,pass,fail,fail,fail,skip,skip,skip,pass,pass,mcp-json|mcp-bare|mcp-server-card-json,,16,0.2.0-draft,2026-08-04
timezone-converter-production-d3c5.up.railway.app,1,0,Absent,,fail,fail,fail,fail,skip,skip,skip,fail,fail,,,27,0.2.0-draft,2026-08-04
timezone-converter-x402-production.up.railway.app,1,0,Absent,,fail,fail,fail,fail,skip,skip,skip,fail,fail,,,27,0.2.0-draft,2026-08-04
timill.com,1,15,Text-only,,fail,fail,fail,fail,skip,skip,skip,pass,pass,,,14,0.2.0-draft,2026-08-04
timillcloud.com,1,0,Absent,,error,fail,fail,error,skip,skip,skip,fail,fail,,,38,0.2.0-draft,2026-08-04
timix.ai,1,15,Text-only,,fail,fail,fail,fail,skip,skip,skip,pass,pass,,,15,0.2.0-draft,2026-08-04
timothe.ai,1,0,Absent,,fail,fail,fail,fail,skip,skip,skip,fail,fail,,,15,0.2.0-draft,2026-08-04
timothy-walton45.workers.dev,1,0,Absent,,error,fail,fail,error,skip,skip,skip,fail,fail,,,6,0.2.0-draft,2026-08-04
timzinin.com,1,10,Text-only,,fail,fail,fail,fail,skip,skip,skip,pass,fail,,,15,0.2.0-draft,2026-08-04
tinify.ai,1,0,Absent,,fail,fail,fail,fail,skip,skip,skip,fail,fail,,,15,0.2.0-draft,2026-08-04
tinify.dev,1,85,Connectable,,fail,fail,pass,pass,pass,fail,skip,pass,pass,,modern,20,0.2.0-draft,2026-08-04
tinkrr.app,1,0,Absent,,fail,fail,fail,fail,skip,skip,skip,fail,fail,,,14,0.2.0-draft,2026-08-04
tinkrr.workers.dev,1,0,Absent,,error,fail,fail,error,skip,skip,skip,fail,fail,,,6,0.2.0-draft,2026-08-04
tinyapis.dev,1,0,Absent,,error,fail,fail,error,skip,skip,skip,fail,fail,,,51,0.2.0-draft,2026-08-04
tinyassets.io,1,5,Text-only,,fail,fail,fail,fail,skip,skip,skip,fail,pass,,,16,0.2.0-draft,2026-08-04
tinyfish.ai,1,10,Text-only,,fail,fail,fail,fail,skip,skip,skip,pass,fail,,,27,0.2.0-draft,2026-08-04
tinyfn.io,1,15,Text-only,,fail,fail,fail,fail,skip,skip,skip,pass,pass,,,14,0.2.0-draft,2026-08-04
tinygods.dev,1,0,Absent,,fail,fail,fail,fail,skip,skip,skip,fail,fail,,,14,0.2.0-draft,2026-08-04
tinysend.com,1,80,Connectable,,pass,fail,fail,pass,pass,fail,skip,pass,fail,mcp-json,modern,20,0.2.0-draft,2026-08-04
tip4serv.com,1,0,Absent,,fail,fail,fail,fail,skip,skip,skip,fail,fail,,,18,0.2.0-draft,2026-08-04
tipdata.es,1,5,Text-only,,fail,fail,fail,fail,skip,skip,skip,fail,pass,,,13,0.2.0-draft,2026-08-04
tipranks.com,1,10,Text-only,,fail,fail,fail,fail,skip,skip,skip,pass,fail,,,27,0.2.0-draft,2026-08-04
tiza.cc,1,50,Discoverable,,pass,fail,fail,fail,fail,skip,skip,pass,pass,ai-catalog|mcp-json,,19,0.2.0-draft,2026-08-04
tjcjvxibsrxizwuajypz.supabase.co,1,0,Absent,,fail,fail,fail,fail,skip,skip,skip,fail,fail,,,14,0.2.0-draft,2026-08-04
tkawen.com,1,15,Text-only,,fail,fail,fail,fail,skip,skip,skip,pass,pass,,,17,0.2.0-draft,2026-08-04
tkllabs.io,1,0,Absent,,fail,fail,fail,fail,skip,skip,skip,fail,fail,,,15,0.2.0-draft,2026-08-04
tlaloc.sh,1,15,Text-only,,fail,fail,fail,fail,skip,skip,skip,pass,pass,,,27,0.2.0-draft,2026-08-04
tldraw.workers.dev,1,0,Absent,,error,fail,fail,error,skip,skip,skip,fail,fail,,,6,0.2.0-draft,2026-08-04
tlsradar.com,1,50,Discoverable,,fail,fail,fail,pass,skip,skip,skip,pass,pass,,,14,0.2.0-draft,2026-08-04
tmpstate.dev,1,80,Connectable,,fail,fail,pass,fail,pass,fail,skip,pass,fail,,legacy,22,0.2.0-draft,2026-08-04
tmtb-mcp.fly.dev,1,0,Absent,,fail,fail,fail,fail,skip,skip,skip,fail,fail,,,14,0.2.0-draft,2026-08-04
tmtb.io,1,5,Text-only,,fail,fail,fail,fail,skip,skip,skip,fail,pass,,,17,0.2.0-draft,2026-08-04
tnkng.com,1,0,Absent,,error,fail,fail,error,skip,skip,skip,fail,fail,,,38,0.2.0-draft,2026-08-04
tnt-audit.com,1,70,Connectable,,pass,fail,pass,fail,pass,fail,skip,fail,fail,mcp-server-card-json,modern,35,0.2.0-draft,2026-08-04
todo.vu,1,5,Text-only,,fail,fail,fail,fail,skip,skip,skip,fail,pass,,,17,0.2.0-draft,2026-08-04
todoist.net,1,0,Absent,,error,fail,fail,error,skip,skip,skip,fail,fail,,,38,0.2.0-draft,2026-08-04
toffu.ai,1,80,Connectable,,fail,fail,pass,pass,pass,fail,skip,pass,fail,,modern,22,0.2.0-draft,2026-08-04
toflow.ai,1,15,Text-only,,fail,fail,fail,fail,skip,skip,skip,pass,pass,,,16,0.2.0-draft,2026-08-04
tofubofu.com,1,15,Text-only,,fail,fail,fail,fail,skip,skip,skip,pass,pass,,,14,0.2.0-draft,2026-08-04
token-diet-mcp.vercel.app,1,0,Absent,,fail,fail,fail,fail,skip,skip,skip,fail,fail,,,27,0.2.0-draft,2026-08-04
token-holders-x402-production.up.railway.app,1,0,Absent,,fail,fail,fail,fail,skip,skip,skip,fail,fail,,,27,0.2.0-draft,2026-08-04
token-ohlcv-x402-production.up.railway.app,1,0,Absent,,fail,fail,fail,fail,skip,skip,skip,fail,fail,,,27,0.2.0-draft,2026-08-04
token-price-production-f72e.up.railway.app,1,0,Absent,,fail,fail,fail,fail,skip,skip,skip,fail,fail,,,27,0.2.0-draft,2026-08-04
token-price-x402-production.up.railway.app,1,0,Absent,,fail,fail,fail,fail,skip,skip,skip,fail,fail,,,27,0.2.0-draft,2026-08-04
token-safety-x402-production.up.railway.app,1,0,Absent,,fail,fail,fail,fail,skip,skip,skip,fail,fail,,,27,0.2.0-draft,2026-08-04
tokenarcade.ai,1,50,Discoverable,,pass,fail,fail,fail,skip,skip,skip,pass,pass,mcp-server-card-json,,15,0.2.0-draft,2026-08-04
tokenbel.info,1,80,Connectable,,pass,fail,fail,fail,pass,fail,skip,pass,fail,ai-catalog|mcp-server-card-json,legacy,20,0.2.0-draft,2026-08-04
tokenburn-optimizer-mcp.vercel.app,1,0,Absent,,fail,fail,fail,fail,skip,skip,skip,fail,fail,,,27,0.2.0-draft,2026-08-04
tokenofesteem.com,1,15,Text-only,,fail,fail,fail,fail,skip,skip,skip,pass,pass,,,17,0.2.0-draft,2026-08-04
tokenomic-pulse-mcp.vercel.app,1,0,Absent,,fail,fail,fail,fail,skip,skip,skip,fail,fail,,,27,0.2.0-draft,2026-08-04
tokenrip.com,1,50,Discoverable,,pass,fail,fail,pass,skip,skip,skip,pass,pass,mcp-server-card-json,,15,0.2.0-draft,2026-08-04
tokkyo-maru.fly.dev,1,0,Absent,,fail,fail,fail,fail,skip,skip,skip,fail,fail,,,14,0.2.0-draft,2026-08-04
tokonomix.ai,1,45,Discoverable,,fail,fail,fail,pass,skip,skip,skip,pass,fail,,,16,0.2.0-draft,2026-08-04
tolgee.io,1,10,Text-only,,fail,fail,fail,fail,skip,skip,skip,pass,fail,,,29,0.2.0-draft,2026-08-04
tollboothswap.xyz,1,70,Connectable,,fail,fail,pass,fail,pass,fail,skip,fail,fail,,legacy,10,0.2.0-draft,2026-08-04
tollmint.com,1,70,Connectable,,fail,fail,pass,fail,pass,pass,fail,fail,fail,,legacy,21,0.2.0-draft,2026-08-04
tomesphere.com,1,50,Discoverable,,fail,fail,fail,pass,skip,skip,skip,pass,pass,,,15,0.2.0-draft,2026-08-04
tomevault.io,1,85,Connectable,,pass,fail,pass,fail,pass,fail,skip,pass,pass,ai-catalog|mcp-json,legacy,24,0.2.0-draft,2026-08-04
tomi.tel,1,35,Discoverable,,fail,fail,fail,pass,skip,skip,skip,fail,fail,,,16,0.2.0-draft,2026-08-04
tonr.app,1,10,Text-only,,fail,fail,fail,fail,skip,skip,skip,pass,fail,,,25,0.2.0-draft,2026-08-04
tonzar.com,1,100,Agent-ready,,pass,fail,fail,fail,pass,pass,pass,pass,pass,mcp-json,legacy,18,0.2.0-draft,2026-08-04
toofi.app,1,5,Text-only,,fail,fail,fail,fail,skip,skip,skip,fail,pass,,,15,0.2.0-draft,2026-08-04
tool-guardian-mcp.vercel.app,1,0,Absent,,fail,fail,fail,fail,skip,skip,skip,fail,fail,,,27,0.2.0-draft,2026-08-04
toolalize.com,1,80,Connectable,,fail,fail,pass,fail,pass,pass,fail,pass,fail,,legacy,19,0.2.0-draft,2026-08-04
toolapi.org,1,50,Discoverable,,pass,fail,fail,fail,skip,skip,skip,pass,pass,mcp-json|mcp-server-card-json,,14,0.2.0-draft,2026-08-04
toolbelt.ai,1,15,Text-only,,fail,fail,fail,fail,skip,skip,skip,pass,pass,,,17,0.2.0-draft,2026-08-04
toolcall.click,1,95,Agent-ready,,fail,fail,pass,fail,pass,pass,pass,pass,fail,,legacy,19,0.2.0-draft,2026-08-04
tooldirectory.ai,1,95,Agent-ready,,pass,fail,fail,fail,pass,pass,pass,pass,fail,mcp-server-card-json,legacy,18,0.2.0-draft,2026-08-04
toolfeeds.com,1,10,Text-only,,fail,fail,fail,fail,skip,skip,skip,pass,fail,,,15,0.2.0-draft,2026-08-04
toolforest.io,1,0,Absent,,fail,fail,fail,fail,skip,skip,skip,fail,fail,,,29,0.2.0-draft,2026-08-04
toolhail.com,1,15,Text-only,,fail,fail,fail,fail,skip,skip,skip,pass,pass,,,16,0.2.0-draft,2026-08-04
toolora.dev,1,0,Absent,,fail,fail,fail,fail,skip,skip,skip,fail,fail,,,14,0.2.0-draft,2026-08-04
tooloracle.io,1,100,Agent-ready,,pass,fail,fail,pass,pass,pass,pass,pass,pass,mcp-json|mcp-server-card-json,legacy,24,0.2.0-draft,2026-08-04
toolpipe.dev,1,0,Absent,,error,fail,fail,error,skip,skip,skip,fail,fail,,,3,0.2.0-draft,2026-08-04
toolprint.ai,1,5,Text-only,,fail,fail,fail,fail,skip,skip,skip,fail,pass,,,14,0.2.0-draft,2026-08-04
toolsforagents.tools,1,15,Text-only,,fail,fail,fail,fail,skip,skip,skip,pass,pass,,,16,0.2.0-draft,2026-08-04
toolsnap.app,1,5,Text-only,,fail,fail,fail,fail,skip,skip,skip,fail,pass,,,16,0.2.0-draft,2026-08-04
toolvend.dev,1,10,Text-only,,fail,fail,fail,fail,skip,skip,skip,pass,fail,,,14,0.2.0-draft,2026-08-04
toolvn.io.vn,1,0,Absent,,error,fail,fail,error,skip,skip,skip,fail,fail,,,5,0.2.0-draft,2026-08-04
toolweave.dev,1,10,Text-only,,skip,fail,fail,skip,skip,skip,skip,pass,fail,,,7,0.2.0-draft,2026-08-04
toolzy.io,1,15,Text-only,,fail,fail,fail,fail,skip,skip,skip,pass,pass,,,27,0.2.0-draft,2026-08-04
tootie.tv,1,0,Absent,,error,fail,fail,error,skip,skip,skip,fail,fail,,,33,0.2.0-draft,2026-08-04
top-gun-mcp-server.vercel.app,1,0,Absent,,fail,fail,fail,fail,skip,skip,skip,fail,fail,,,27,0.2.0-draft,2026-08-04
topicforge.net,1,45,Discoverable,,pass,fail,fail,fail,skip,skip,skip,pass,fail,mcp-server-card-json,,27,0.2.0-draft,2026-08-04
topmessage.com,1,0,Absent,,fail,fail,fail,fail,skip,skip,skip,fail,fail,,,15,0.2.0-draft,2026-08-04
topness.com,1,0,Absent,,fail,fail,fail,fail,skip,skip,skip,fail,fail,,,14,0.2.0-draft,2026-08-04
torchlyhq.com,1,10,Text-only,,fail,fail,fail,fail,skip,skip,skip,pass,fail,,,17,0.2.0-draft,2026-08-04
toreador.io,1,15,Text-only,,fail,fail,fail,fail,skip,skip,skip,pass,pass,,,13,0.2.0-draft,2026-08-04
toreva.com,1,10,Text-only,,fail,fail,fail,fail,skip,skip,skip,pass,fail,,,21,0.2.0-draft,2026-08-04
torify.dev,1,15,Text-only,,fail,fail,fail,fail,skip,skip,skip,pass,pass,,,14,0.2.0-draft,2026-08-04
torify.workers.dev,1,0,Absent,,error,fail,fail,error,skip,skip,skip,fail,fail,,,6,0.2.0-draft,2026-08-04
toriigate.dev,1,10,Text-only,,fail,fail,fail,fail,skip,skip,skip,pass,fail,,,14,0.2.0-draft,2026-08-04
tos-slayer-mcp.vercel.app,1,0,Absent,,fail,fail,fail,fail,skip,skip,skip,fail,fail,,,27,0.2.0-draft,2026-08-04
tosheroon.com,1,95,Agent-ready,,pass,fail,fail,fail,pass,pass,pass,pass,fail,mcp-json,legacy,21,0.2.0-draft,2026-08-04
totalparks.com.au,1,15,Text-only,,fail,fail,fail,fail,skip,skip,skip,pass,pass,,,16,0.2.0-draft,2026-08-04
totto.org,1,85,Connectable,,fail,fail,pass,fail,pass,pass,pass,fail,fail,,legacy,11,0.2.0-draft,2026-08-04
touchstone.cv,1,85,Connectable,,pass,fail,pass,fail,pass,fail,skip,pass,pass,mcp-json,modern,18,0.2.0-draft,2026-08-04
toughlovesec.win,1,50,Discoverable,,pass,fail,fail,fail,skip,skip,skip,pass,pass,mcp-json,,14,0.2.0-draft,2026-08-04
toughtongueai.com,1,10,Text-only,,fail,fail,fail,fail,skip,skip,skip,pass,fail,,,30,0.2.0-draft,2026-08-04
toui.io,1,45,Discoverable,,fail,fail,fail,pass,skip,skip,skip,pass,fail,,,15,0.2.0-draft,2026-08-04
toutcreer.com,1,10,Text-only,,fail,fail,fail,fail,skip,skip,skip,pass,fail,,,28,0.2.0-draft,2026-08-04
townbrief.com,1,0,Absent,,fail,fail,fail,fail,skip,skip,skip,fail,fail,,,20,0.2.0-draft,2026-08-04
tracea.online,1,0,Absent,,fail,fail,fail,fail,skip,skip,skip,fail,fail,,,16,0.2.0-draft,2026-08-04
tracepass.eu,1,45,Discoverable,,pass,fail,fail,fail,skip,skip,skip,pass,fail,mcp-server-card-json,,27,0.2.0-draft,2026-08-04
trackingmcp.com,1,85,Connectable,,fail,fail,pass,fail,pass,fail,skip,pass,pass,,modern,22,0.2.0-draft,2026-08-04
trackingtime.co,1,10,Text-only,,fail,fail,fail,fail,skip,skip,skip,pass,fail,,,21,0.2.0-draft,2026-08-04
trackordernow.com,1,0,Absent,,fail,fail,fail,fail,skip,skip,skip,fail,fail,,,22,0.2.0-draft,2026-08-04
trackradar.ai,1,50,Discoverable,,fail,fail,fail,pass,skip,skip,skip,pass,pass,,,13,0.2.0-draft,2026-08-04
tradallo.com,1,0,Absent,,error,fail,fail,error,skip,skip,skip,fail,fail,,,3,0.2.0-draft,2026-08-04
tradebasis.ca,1,15,Text-only,,fail,fail,fail,fail,skip,skip,skip,pass,pass,,,13,0.2.0-draft,2026-08-04
tradedashboard.eu,1,10,Text-only,,fail,fail,fail,fail,skip,skip,skip,pass,fail,,,16,0.2.0-draft,2026-08-04
tradego.ai,1,0,Absent,,error,fail,fail,error,skip,skip,skip,fail,fail,,,38,0.2.0-draft,2026-08-04
tradeit.app,1,50,Discoverable,,pass,fail,fail,pass,skip,skip,skip,pass,pass,mcp-bare|mcp-server-card-json,,16,0.2.0-draft,2026-08-04
tradeos.xyz,1,15,Text-only,,fail,fail,fail,fail,skip,skip,skip,pass,pass,,,25,0.2.0-draft,2026-08-04
traderhc.com,1,5,Text-only,,fail,fail,fail,fail,skip,skip,skip,fail,pass,,,28,0.2.0-draft,2026-08-04
traderouter.ai,1,15,Text-only,,fail,fail,fail,fail,skip,skip,skip,pass,pass,,,17,0.2.0-draft,2026-08-04
traderszone.net,1,0,Absent,,skip,fail,fail,skip,skip,skip,skip,skip,fail,,,8,0.2.0-draft,2026-08-04
traderwai.com,1,0,Absent,,fail,fail,fail,fail,skip,skip,skip,fail,fail,,,16,0.2.0-draft,2026-08-04
tradesapi.com,1,10,Text-only,,fail,fail,fail,fail,skip,skip,skip,pass,fail,,,27,0.2.0-draft,2026-08-04
tradesearcher.ai,1,0,Absent,,fail,fail,fail,fail,skip,skip,skip,fail,fail,,,26,0.2.0-draft,2026-08-04
tradeti.me,1,95,Agent-ready,,fail,fail,pass,fail,pass,pass,pass,pass,fail,,legacy,23,0.2.0-draft,2026-08-04
trading-agent-mcp.zeabur.app,1,0,Absent,,fail,fail,fail,fail,skip,skip,skip,fail,fail,,,27,0.2.0-draft,2026-08-04
tradingale.com,1,85,Connectable,,fail,fail,pass,pass,pass,fail,skip,pass,pass,,modern,17,0.2.0-draft,2026-08-04
tradingcalc.io,1,10,Text-only,,fail,fail,fail,fail,skip,skip,skip,pass,fail,,,13,0.2.0-draft,2026-08-04
tradingstrategies.work,1,15,Text-only,,fail,fail,fail,fail,skip,skip,skip,pass,pass,,,13,0.2.0-draft,2026-08-04
traefik.io,1,10,Text-only,,fail,fail,fail,fail,skip,skip,skip,pass,fail,,,15,0.2.0-draft,2026-08-04
trailweights.com,1,0,Absent,,skip,fail,fail,skip,skip,skip,skip,skip,fail,,,3,0.2.0-draft,2026-08-04
trainrouter.com,1,80,Connectable,,fail,fail,pass,fail,pass,fail,skip,pass,fail,,legacy,19,0.2.0-draft,2026-08-04
trakkr.ai,1,50,Discoverable,,pass,fail,fail,fail,skip,skip,skip,pass,pass,mcp-server-card-json,,16,0.2.0-draft,2026-08-04
transcribevideototext.com,1,35,Discoverable,,fail,fail,fail,pass,skip,skip,skip,fail,fail,,,29,0.2.0-draft,2026-08-04
transcriptapi.com,1,70,Connectable,,pass,fail,fail,pass,pass,fail,skip,fail,fail,mcp-server-card-json,modern,17,0.2.0-draft,2026-08-04
transcriptapi.dev,1,5,Text-only,,fail,fail,fail,fail,skip,skip,skip,fail,pass,,,14,0.2.0-draft,2026-08-04
transcriptfetch.com,1,85,Connectable,,pass,fail,pass,pass,pass,fail,skip,pass,pass,mcp-server-card-json,modern,17,0.2.0-draft,2026-08-04
transcriptmagic.com,1,20,Text-only,,fail,fail,pass,fail,fail,skip,skip,fail,fail,,,23,0.2.0-draft,2026-08-04
transcriptmax.com,1,70,Connectable,,fail,fail,pass,fail,pass,fail,skip,fail,fail,,modern,21,0.2.0-draft,2026-08-04
transipal.com,1,40,Discoverable,,fail,fail,fail,pass,skip,skip,skip,fail,pass,,,28,0.2.0-draft,2026-08-04
transita.app,1,15,Text-only,,fail,fail,fail,fail,skip,skip,skip,pass,pass,,,13,0.2.0-draft,2026-08-04
translatesheet.com,1,10,Text-only,,fail,fail,fail,fail,skip,skip,skip,pass,fail,,,29,0.2.0-draft,2026-08-04
translatize.com,1,15,Text-only,,fail,fail,fail,fail,skip,skip,skip,pass,pass,,,16,0.2.0-draft,2026-08-04
transloadit.com,1,10,Text-only,,fail,fail,fail,fail,skip,skip,skip,pass,fail,,,17,0.2.0-draft,2026-08-04
tranthientrong.github.io,1,0,Absent,,fail,fail,fail,fail,skip,skip,skip,fail,fail,,,27,0.2.0-draft,2026-08-04
travel-code.com,1,5,Text-only,,fail,fail,fail,fail,skip,skip,skip,fail,pass,,,17,0.2.0-draft,2026-08-04
travel.art,1,10,Text-only,,fail,fail,fail,fail,skip,skip,skip,pass,fail,,,16,0.2.0-draft,2026-08-04
travelerlocal.ai,1,15,Text-only,,fail,fail,fail,fail,skip,skip,skip,pass,pass,,,27,0.2.0-draft,2026-08-04
travellersgroup.com.au,1,15,Text-only,,fail,fail,fail,fail,skip,skip,skip,pass,pass,,,14,0.2.0-draft,2026-08-04
travelminds.ai,1,40,Discoverable,,pass,fail,fail,pass,skip,skip,skip,fail,pass,mcp-server-card-json,,20,0.2.0-draft,2026-08-04
traveltype.app,1,100,Agent-ready,,fail,fail,pass,fail,pass,pass,pass,pass,pass,,legacy,20,0.2.0-draft,2026-08-04
travolp.com,1,50,Discoverable,,pass,fail,fail,pass,fail,skip,skip,pass,pass,mcp-json,,16,0.2.0-draft,2026-08-04
trayd.ai,1,75,Connectable,,fail,fail,pass,pass,pass,fail,skip,fail,pass,,modern,21,0.2.0-draft,2026-08-04
trazimstan.hr,1,85,Connectable,,pass,fail,pass,fail,pass,fail,skip,pass,pass,mcp-json,legacy,22,0.2.0-draft,2026-08-04
tredict.com,1,10,Text-only,,fail,fail,fail,fail,skip,skip,skip,pass,fail,,,27,0.2.0-draft,2026-08-04
trellistate.com,1,15,Text-only,,fail,fail,fail,fail,skip,skip,skip,pass,pass,,,14,0.2.0-draft,2026-08-04
trenchfu.com,1,0,Absent,,error,fail,fail,error,skip,skip,skip,fail,fail,,,34,0.2.0-draft,2026-08-04
trendsapi.ai,1,85,Connectable,,pass,fail,pass,pass,pass,error,skip,pass,pass,mcp-server-card-json,modern,20,0.2.0-draft,2026-08-04
trendsmcp.ai,1,80,Connectable,,pass,fail,pass,pass,pass,error,skip,pass,fail,mcp-server-card-json,modern,33,0.2.0-draft,2026-08-04
trestlescan.com,1,0,Absent,,fail,fail,fail,fail,skip,skip,skip,fail,fail,,,25,0.2.0-draft,2026-08-04
tria.ro,1,100,Agent-ready,,pass,fail,pass,fail,pass,pass,pass,pass,pass,mcp-json,legacy,21,0.2.0-draft,2026-08-04
triall.ai,1,15,Text-only,,fail,fail,fail,fail,skip,skip,skip,pass,pass,,,15,0.2.0-draft,2026-08-04
tridentchart.com,1,100,Agent-ready,,fail,fail,pass,fail,pass,pass,pass,pass,pass,,legacy,22,0.2.0-draft,2026-08-04
triggercmd.com,1,70,Connectable,,fail,fail,pass,pass,pass,fail,skip,fail,fail,,modern,17,0.2.0-draft,2026-08-04
trillboards.com,1,75,Connectable,,fail,fail,pass,fail,pass,fail,skip,fail,pass,,modern,25,0.2.0-draft,2026-08-04
trilo.chat,1,85,Connectable,,fail,fail,pass,pass,pass,fail,skip,pass,pass,,modern,19,0.2.0-draft,2026-08-04
trimtabist.com,1,10,Text-only,,fail,fail,fail,fail,skip,skip,skip,pass,fail,,,14,0.2.0-draft,2026-08-04
trinh.uk,1,0,Absent,,fail,fail,fail,fail,skip,skip,skip,fail,fail,,,16,0.2.0-draft,2026-08-04
trinity-v2-mcp.fly.dev,1,0,Absent,,fail,fail,fail,fail,skip,skip,skip,fail,fail,,,14,0.2.0-draft,2026-08-04
trip-planner.com.au,1,0,Absent,,error,fail,fail,error,skip,skip,skip,fail,fail,,,3,0.2.0-draft,2026-08-04
trip1.com,1,45,Discoverable,,pass,fail,fail,fail,skip,skip,skip,pass,fail,mcp-json,,14,0.2.0-draft,2026-08-04
trip2g.com,1,10,Text-only,,fail,fail,fail,fail,skip,skip,skip,pass,fail,,,27,0.2.0-draft,2026-08-04
tripitaka-mcp.com,1,10,Text-only,,fail,fail,fail,fail,skip,skip,skip,pass,fail,,,18,0.2.0-draft,2026-08-04
triplogistics.app,1,70,Connectable,,fail,fail,pass,fail,pass,fail,skip,fail,fail,,legacy,21,0.2.0-draft,2026-08-04
trisys.co.uk,1,10,Text-only,,fail,fail,fail,fail,skip,skip,skip,pass,fail,,,29,0.2.0-draft,2026-08-04
trivago.com,1,0,Absent,,fail,fail,fail,fail,skip,skip,skip,fail,fail,,,19,0.2.0-draft,2026-08-04
tronsave.io,1,85,Connectable,,pass,fail,pass,pass,pass,fail,skip,pass,pass,mcp-server-card-json,legacy,23,0.2.0-draft,2026-08-04
troops-submission-what-stays.trycloudflare.com,1,0,Absent,,error,fail,fail,error,skip,skip,skip,fail,fail,,,3,0.2.0-draft,2026-08-04
trovest.io,1,15,Text-only,,fail,fail,fail,fail,skip,skip,skip,pass,pass,,,18,0.2.0-draft,2026-08-04
troystack.ai,1,0,Absent,,fail,fail,fail,fail,skip,skip,skip,fail,fail,,,15,0.2.0-draft,2026-08-04
true402.dev,1,45,Discoverable,,pass,fail,fail,fail,skip,skip,skip,pass,fail,mcp-json,,14,0.2.0-draft,2026-08-04
truealter.com,1,50,Discoverable,,pass,pass,fail,pass,fail,skip,skip,pass,pass,ai-catalog|mcp-json,,17,0.2.0-draft,2026-08-04
truemarkets.co,1,0,Absent,,fail,fail,fail,fail,skip,skip,skip,fail,fail,,,17,0.2.0-draft,2026-08-04
truevaluerankings.com,1,50,Discoverable,,pass,fail,fail,fail,fail,skip,skip,pass,pass,mcp-json|mcp-server-card-json,,16,0.2.0-draft,2026-08-04
truncus.co,1,50,Discoverable,,fail,pass,fail,fail,skip,skip,skip,pass,pass,,,14,0.2.0-draft,2026-08-04
trunk.io,1,15,Text-only,,fail,fail,fail,fail,skip,skip,skip,pass,pass,,,19,0.2.0-draft,2026-08-04
truss-security.com,1,70,Connectable,,fail,fail,pass,pass,pass,fail,skip,fail,fail,,modern,33,0.2.0-draft,2026-08-04
trust-agent.io,1,10,Text-only,,fail,fail,fail,fail,skip,skip,skip,pass,fail,,,14,0.2.0-draft,2026-08-04
trust-gate-mcp.onrender.com,1,35,Discoverable,,pass,fail,fail,fail,skip,skip,skip,fail,fail,mcp-server-card-json,,27,0.2.0-draft,2026-08-04
trust-score-production-ff18.up.railway.app,1,0,Absent,,fail,fail,fail,fail,skip,skip,skip,fail,fail,,,27,0.2.0-draft,2026-08-04
trust-score-x402-production.up.railway.app,1,0,Absent,,fail,fail,fail,fail,skip,skip,skip,fail,fail,,,27,0.2.0-draft,2026-08-04
trust-vision-mcp.vercel.app,1,0,Absent,,fail,fail,fail,fail,skip,skip,skip,fail,fail,,,27,0.2.0-draft,2026-08-04
trustailaw.com,1,15,Text-only,,fail,fail,fail,fail,skip,skip,skip,pass,pass,,,14,0.2.0-draft,2026-08-04
trustbench.io,1,10,Text-only,,fail,fail,fail,fail,skip,skip,skip,pass,fail,,,14,0.2.0-draft,2026-08-04
trustboundarysystems.com,1,95,Agent-ready,,pass,fail,pass,pass,pass,pass,pass,pass,fail,mcp-server-card-json,legacy,35,0.2.0-draft,2026-08-04
trustedvillas.co.uk,1,15,Text-only,,fail,fail,fail,fail,skip,skip,skip,pass,pass,,,28,0.2.0-draft,2026-08-04
trusteed.io,1,15,Text-only,,fail,fail,fail,fail,skip,skip,skip,pass,pass,,,16,0.2.0-draft,2026-08-04
trusteed.xyz,1,50,Discoverable,,pass,fail,pass,pass,fail,skip,skip,pass,pass,mcp-json|mcp-server-card-json,,22,0.2.0-draft,2026-08-04
trustfetch.duckdns.org,1,10,Text-only,,fail,fail,fail,fail,skip,skip,skip,pass,fail,,,28,0.2.0-draft,2026-08-04
trustnotch.com,1,0,Absent,,fail,fail,fail,fail,skip,skip,skip,fail,fail,,,15,0.2.0-draft,2026-08-04
trustrails.app,1,100,Agent-ready,,fail,fail,pass,fail,pass,pass,pass,pass,pass,,legacy,19,0.2.0-draft,2026-08-04
trustydata.app,1,0,Absent,,fail,fail,fail,fail,skip,skip,skip,fail,fail,,,17,0.2.0-draft,2026-08-04
trustysquire.ai,1,10,Text-only,,fail,fail,fail,fail,skip,skip,skip,pass,fail,,,14,0.2.0-draft,2026-08-04
truthifi.com,1,15,Text-only,,fail,fail,fail,fail,skip,skip,skip,pass,pass,,,11,0.2.0-draft,2026-08-04
truthscan.com,1,45,Discoverable,,fail,fail,fail,pass,skip,skip,skip,pass,fail,,,14,0.2.0-draft,2026-08-04
trvaelmind.online,1,0,Absent,,fail,fail,fail,fail,skip,skip,skip,fail,fail,,,21,0.2.0-draft,2026-08-04
tryadlicio.com,1,85,Connectable,,pass,fail,pass,pass,pass,fail,skip,pass,pass,mcp-json,legacy,20,0.2.0-draft,2026-08-04
trycaesar.com,1,0,Absent,,fail,fail,fail,fail,skip,skip,skip,fail,fail,,,29,0.2.0-draft,2026-08-04
trycanonical.ai,1,45,Discoverable,,pass,fail,fail,pass,fail,skip,skip,pass,fail,mcp-json,,13,0.2.0-draft,2026-08-04
trydango.com,1,15,Text-only,,fail,fail,fail,fail,skip,skip,skip,pass,pass,,,15,0.2.0-draft,2026-08-04
trydock.ai,1,50,Discoverable,,pass,fail,fail,pass,fail,skip,skip,pass,pass,mcp-server-card-json,,17,0.2.0-draft,2026-08-04
tryfrisk.dev,1,5,Text-only,,fail,fail,fail,fail,skip,skip,skip,fail,pass,,,15,0.2.0-draft,2026-08-04
tryorcha.com,1,0,Absent,,fail,fail,fail,fail,skip,skip,skip,fail,fail,,,27,0.2.0-draft,2026-08-04
tryreelestate.com,1,10,Text-only,,fail,fail,fail,fail,skip,skip,skip,pass,fail,,,11,0.2.0-draft,2026-08-04
trysonar.app,1,80,Connectable,,pass,fail,pass,fail,pass,fail,skip,pass,fail,mcp-server-card-json,legacy,18,0.2.0-draft,2026-08-04
tryspook.com,1,50,Discoverable,,pass,fail,fail,fail,fail,skip,skip,pass,pass,mcp-json,,30,0.2.0-draft,2026-08-04
trytentra.com,1,45,Discoverable,,pass,fail,fail,fail,skip,skip,skip,pass,fail,mcp-server-card-json,,15,0.2.0-draft,2026-08-04
tryterrarium.com,1,0,Absent,,fail,fail,fail,fail,skip,skip,skip,fail,fail,,,27,0.2.0-draft,2026-08-04
ttrpg.bot,1,10,Text-only,,fail,fail,fail,fail,skip,skip,skip,pass,fail,,,28,0.2.0-draft,2026-08-04
ttw-chat-production.up.railway.app,1,0,Absent,,fail,fail,fail,fail,skip,skip,skip,fail,fail,,,27,0.2.0-draft,2026-08-04
ttwchat.com,1,5,Text-only,,fail,fail,fail,fail,skip,skip,skip,fail,pass,,,14,0.2.0-draft,2026-08-04
tubechop.com,1,95,Agent-ready,,fail,fail,pass,fail,pass,pass,pass,pass,fail,,legacy,19,0.2.0-draft,2026-08-04
tubepull.com,1,45,Discoverable,,pass,fail,fail,pass,skip,skip,skip,pass,fail,mcp-server-card-json,,14,0.2.0-draft,2026-08-04
tubexperto.com,1,0,Absent,,fail,fail,fail,skip,skip,skip,skip,fail,fail,,,13,0.2.0-draft,2026-08-04
tulimoa.com,1,80,Connectable,,fail,fail,pass,pass,pass,pass,fail,pass,fail,,modern,20,0.2.0-draft,2026-08-04
tulugar.com,1,45,Discoverable,,pass,fail,fail,pass,skip,skip,skip,pass,fail,mcp-server-card-json,,19,0.2.0-draft,2026-08-04
tunnelmind.ai,1,45,Discoverable,,pass,fail,fail,fail,skip,skip,skip,pass,fail,mcp-json,,17,0.2.0-draft,2026-08-04
tunnelpowered.com,1,50,Discoverable,,pass,fail,fail,fail,skip,skip,skip,pass,pass,mcp-json,,15,0.2.0-draft,2026-08-04
tunova.ai,1,95,Agent-ready,,pass,fail,fail,fail,pass,pass,pass,pass,fail,mcp-json|mcp-server-card-json,legacy,19,0.2.0-draft,2026-08-04
turaxia.com,1,0,Absent,,fail,fail,fail,fail,skip,skip,skip,fail,fail,,,43,0.2.0-draft,2026-08-04
turbometrics.de,1,0,Absent,,fail,fail,fail,fail,skip,skip,skip,fail,fail,,,17,0.2.0-draft,2026-08-04
turbometrics.io,1,10,Text-only,,fail,fail,fail,fail,skip,skip,skip,pass,fail,,,17,0.2.0-draft,2026-08-04
turnale.app,1,80,Connectable,,fail,fail,pass,fail,pass,fail,skip,pass,fail,,legacy,39,0.2.0-draft,2026-08-04
turrior.com,1,0,Absent,,fail,fail,fail,fail,skip,skip,skip,fail,fail,,,22,0.2.0-draft,2026-08-04
turtlenoir.com,1,100,Agent-ready,,fail,fail,pass,fail,pass,pass,pass,pass,pass,,legacy,18,0.2.0-draft,2026-08-04
turva.dev,1,100,Agent-ready,,pass,fail,pass,pass,pass,pass,pass,pass,pass,ai-catalog|mcp-json|mcp-server-card-json,modern,21,0.2.0-draft,2026-08-04
tuteliq.ai,1,50,Discoverable,,fail,pass,fail,fail,skip,skip,skip,pass,pass,,,14,0.2.0-draft,2026-08-04
tweekit.io,1,0,Absent,,fail,fail,fail,fail,skip,skip,skip,fail,fail,,,16,0.2.0-draft,2026-08-04
tweetfeed.live,1,45,Discoverable,,pass,fail,fail,fail,skip,skip,skip,pass,fail,mcp-server-card-json,,18,0.2.0-draft,2026-08-04
tweetsave.org,1,0,Absent,,fail,fail,fail,fail,skip,skip,skip,fail,fail,,,16,0.2.0-draft,2026-08-04
tweetsmash.com,1,80,Connectable,,fail,fail,pass,fail,pass,fail,skip,pass,fail,,legacy,36,0.2.0-draft,2026-08-04
twelvedata.com,1,80,Connectable,,pass,fail,fail,pass,pass,fail,skip,pass,fail,mcp-json|mcp-server-card-json,modern,19,0.2.0-draft,2026-08-04
twelvelabs.io,1,15,Text-only,,fail,fail,fail,fail,skip,skip,skip,pass,pass,,,30,0.2.0-draft,2026-08-04
twiceshy.app,1,0,Absent,,error,fail,fail,error,skip,skip,skip,fail,fail,,,43,0.2.0-draft,2026-08-04
twitr.sh,1,45,Discoverable,,pass,fail,fail,fail,fail,skip,skip,pass,fail,mcp-json,,27,0.2.0-draft,2026-08-04
twitter-scraper-production-a1e8.up.railway.app,1,0,Absent,,fail,fail,fail,fail,skip,skip,skip,fail,fail,,,27,0.2.0-draft,2026-08-04
twitter-scraper-x402-production.up.railway.app,1,0,Absent,,fail,fail,fail,fail,skip,skip,skip,fail,fail,,,27,0.2.0-draft,2026-08-04
twmarketdata.com,1,15,Text-only,,fail,fail,fail,fail,skip,skip,skip,pass,pass,,,17,0.2.0-draft,2026-08-04
twocents.page,1,85,Connectable,,fail,fail,pass,fail,pass,pass,pass,fail,fail,,legacy,25,0.2.0-draft,2026-08-04
twuluxmoognlwtmaoqgo.supabase.co,1,0,Absent,,fail,fail,fail,fail,skip,skip,skip,fail,fail,,,14,0.2.0-draft,2026-08-04
twzrd.xyz,1,15,Text-only,,fail,fail,fail,fail,skip,skip,skip,pass,pass,,,14,0.2.0-draft,2026-08-04
tycana.com,1,0,Absent,,fail,fail,fail,fail,skip,skip,skip,fail,fail,,,14,0.2.0-draft,2026-08-04
typeui.sh,1,0,Absent,,fail,fail,fail,fail,skip,skip,skip,fail,fail,,,39,0.2.0-draft,2026-08-04
tzilla.live,1,70,Connectable,,fail,fail,pass,pass,pass,fail,skip,fail,fail,,modern,20,0.2.0-draft,2026-08-04
uaejuris.com,1,0,Absent,,fail,fail,fail,fail,skip,skip,skip,fail,fail,,,15,0.2.0-draft,2026-08-04
uber.com,1,0,Absent,,fail,fail,fail,fail,skip,skip,skip,fail,fail,,,28,0.2.0-draft,2026-08-04
ufupdlaxddckqxbgbhwu.supabase.co,1,0,Absent,,fail,fail,fail,fail,skip,skip,skip,fail,fail,,,14,0.2.0-draft,2026-08-04
ugcpocket.com,1,85,Connectable,,fail,fail,pass,fail,pass,pass,fail,pass,pass,,legacy,18,0.2.0-draft,2026-08-04
ui-factory-mcp.vercel.app,1,0,Absent,,fail,fail,fail,fail,skip,skip,skip,fail,fail,,,27,0.2.0-draft,2026-08-04
uicockpit.com,1,15,Text-only,,fail,fail,fail,fail,skip,skip,skip,pass,pass,,,14,0.2.0-draft,2026-08-04
uizze.com,1,85,Connectable,,pass,fail,fail,pass,pass,fail,skip,pass,pass,mcp-json|mcp-server-card-json,modern,18,0.2.0-draft,2026-08-04
uk-due-diligence-mcp.fly.dev,1,35,Discoverable,,pass,fail,fail,fail,skip,skip,skip,fail,fail,mcp-server-card-json,,14,0.2.0-draft,2026-08-04
uk-legal-mcp.fly.dev,1,35,Discoverable,,pass,fail,fail,fail,skip,skip,skip,fail,fail,mcp-server-card-json,,14,0.2.0-draft,2026-08-04
ukdatapi.com,1,0,Absent,,fail,fail,fail,fail,skip,skip,skip,fail,fail,,,14,0.2.0-draft,2026-08-04
ukglobaltalentvisa.org,1,50,Discoverable,,pass,fail,fail,fail,skip,skip,skip,pass,pass,mcp-json,,14,0.2.0-draft,2026-08-04
ukraineborder.com,1,50,Discoverable,,pass,fail,fail,fail,fail,skip,skip,pass,pass,mcp-json,,30,0.2.0-draft,2026-08-04
uldl.sh,1,35,Discoverable,,pass,fail,fail,fail,skip,skip,skip,fail,fail,mcp-json,,22,0.2.0-draft,2026-08-04
ultimate-critic.fly.dev,1,0,Absent,,error,fail,fail,error,skip,skip,skip,fail,fail,,,38,0.2.0-draft,2026-08-04
ultiplace.com,1,15,Text-only,,fail,fail,fail,fail,skip,skip,skip,pass,pass,,,25,0.2.0-draft,2026-08-04
ultramemory.us,1,85,Connectable,,fail,fail,pass,pass,pass,fail,skip,pass,pass,,modern,25,0.2.0-draft,2026-08-04
ultraprompt.co,1,10,Text-only,,fail,fail,fail,fail,skip,skip,skip,pass,fail,,,14,0.2.0-draft,2026-08-04
umtri.io,1,70,Connectable,,fail,fail,pass,fail,pass,fail,skip,fail,fail,,modern,21,0.2.0-draft,2026-08-04
umxgvoxlxznnpdvkgnaj.supabase.co,1,0,Absent,,fail,fail,fail,fail,skip,skip,skip,fail,fail,,,14,0.2.0-draft,2026-08-04
unboxapi.pro,1,0,Absent,,fail,fail,fail,fail,skip,skip,skip,fail,fail,,,27,0.2.0-draft,2026-08-04
undercurrentholdings.com,1,15,Text-only,,fail,fail,fail,fail,skip,skip,skip,pass,pass,,,17,0.2.0-draft,2026-08-04
undisk.app,1,45,Discoverable,,pass,fail,fail,pass,skip,skip,skip,pass,fail,mcp-server-serra|mcp-bare,,26,0.2.0-draft,2026-08-04
uneed.best,1,10,Text-only,,fail,fail,fail,fail,skip,skip,skip,pass,fail,,,31,0.2.0-draft,2026-08-04
unfoldip.com,1,5,Text-only,,fail,fail,fail,fail,skip,skip,skip,fail,pass,,,14,0.2.0-draft,2026-08-04
unibiointelligence.com,1,10,Text-only,,fail,fail,fail,fail,skip,skip,skip,pass,fail,,,17,0.2.0-draft,2026-08-04
unifapi.com,1,0,Absent,,fail,fail,fail,fail,skip,skip,skip,fail,fail,,,41,0.2.0-draft,2026-08-04
unified.to,1,15,Text-only,,fail,fail,fail,fail,skip,skip,skip,pass,pass,,,17,0.2.0-draft,2026-08-04
unifiedoffer.com,1,0,Absent,,error,fail,fail,error,skip,skip,skip,fail,fail,,,38,0.2.0-draft,2026-08-04
unit-converter-production-0b91.up.railway.app,1,0,Absent,,fail,fail,fail,fail,skip,skip,skip,fail,fail,,,27,0.2.0-draft,2026-08-04
unit-converter-x402-production.up.railway.app,1,0,Absent,,fail,fail,fail,fail,skip,skip,skip,fail,fail,,,27,0.2.0-draft,2026-08-04
univercityaiconsult.tech,1,15,Text-only,,fail,fail,fail,fail,skip,skip,skip,pass,pass,,,22,0.2.0-draft,2026-08-04
universal-model-registry-production.up.railway.app,1,0,Absent,,fail,fail,fail,fail,skip,skip,skip,fail,fail,,,27,0.2.0-draft,2026-08-04
unlistedinc.com,1,75,Connectable,,fail,fail,pass,fail,pass,fail,skip,fail,pass,,modern,20,0.2.0-draft,2026-08-04
unlocksaas.com,1,50,Discoverable,,pass,fail,fail,fail,skip,skip,skip,pass,pass,mcp-json,,15,0.2.0-draft,2026-08-04
unmarkdown.com,1,45,Discoverable,,fail,fail,fail,pass,skip,skip,skip,pass,fail,,,14,0.2.0-draft,2026-08-04
unorouter.com,1,85,Connectable,,pass,fail,pass,pass,pass,fail,skip,pass,pass,mcp-json|mcp-server-card-json,legacy,24,0.2.0-draft,2026-08-04
unpaper.ai,1,10,Text-only,,fail,fail,fail,fail,skip,skip,skip,pass,fail,,,27,0.2.0-draft,2026-08-04
unphurl.com,1,100,Agent-ready,,fail,fail,pass,pass,pass,pass,pass,pass,pass,,legacy,25,0.2.0-draft,2026-08-04
unpluggedfeed.workers.dev,1,0,Absent,,error,fail,fail,error,skip,skip,skip,fail,fail,,,6,0.2.0-draft,2026-08-04
unquant.ai,1,15,Text-only,,fail,fail,fail,fail,skip,skip,skip,pass,pass,,,14,0.2.0-draft,2026-08-04
unshift.ai,1,5,Text-only,,fail,fail,fail,fail,skip,skip,skip,fail,pass,,,14,0.2.0-draft,2026-08-04
unstoppabledomains.com,1,10,Text-only,,fail,fail,fail,fail,skip,skip,skip,pass,fail,,,14,0.2.0-draft,2026-08-04
unstructured.io,1,0,Absent,,fail,fail,fail,fail,skip,skip,skip,fail,fail,,,14,0.2.0-draft,2026-08-04
untap.money,1,50,Discoverable,,pass,fail,fail,pass,skip,skip,skip,pass,pass,mcp-server-card-json,,26,0.2.0-draft,2026-08-04
untype.me,1,0,Absent,,error,fail,fail,error,skip,skip,skip,fail,fail,,,3,0.2.0-draft,2026-08-04
unulu.ai,1,45,Discoverable,,pass,fail,fail,fail,skip,skip,skip,pass,fail,mcp-server-card-json,,18,0.2.0-draft,2026-08-04
unyly.org,1,50,Discoverable,,fail,fail,fail,pass,skip,skip,skip,pass,pass,,,15,0.2.0-draft,2026-08-04
upgradeagent.ai,1,50,Discoverable,,pass,fail,fail,pass,fail,skip,skip,pass,pass,ai-catalog|mcp-json|mcp-server-card-json,,29,0.2.0-draft,2026-08-04
uphealth.us,1,15,Text-only,,fail,fail,fail,fail,skip,skip,skip,pass,pass,,,16,0.2.0-draft,2026-08-04
uplink.build,1,10,Text-only,,fail,error,fail,fail,skip,skip,skip,pass,fail,,,16,0.2.0-draft,2026-08-04
upload-post.com,1,85,Connectable,,pass,fail,fail,pass,pass,fail,skip,pass,pass,mcp-server-card-json,modern,35,0.2.0-draft,2026-08-04
uploadcheck.app,1,10,Text-only,,fail,fail,fail,fail,skip,skip,skip,pass,fail,,,15,0.2.0-draft,2026-08-04
upriver.ai,1,75,Connectable,,fail,fail,pass,pass,pass,fail,skip,fail,pass,,modern,21,0.2.0-draft,2026-08-04
uproad.design,1,75,Connectable,,fail,fail,pass,fail,pass,fail,skip,fail,pass,,modern,18,0.2.0-draft,2026-08-04
uptimeify.io,1,85,Connectable,,pass,fail,pass,pass,pass,fail,skip,pass,pass,mcp-json|mcp-server-card-json,legacy,18,0.2.0-draft,2026-08-04
uptimemonitoring.com,1,15,Text-only,,fail,fail,fail,fail,skip,skip,skip,pass,pass,,,17,0.2.0-draft,2026-08-04
uptocode-mcp-1015314816960.us-central1.run.app,1,0,Absent,,fail,fail,fail,fail,skip,skip,skip,fail,fail,,,27,0.2.0-draft,2026-08-04
uq.edu.au,1,0,Absent,,fail,fail,fail,fail,skip,skip,skip,fail,fail,,,19,0.2.0-draft,2026-08-04
urantia.dev,1,80,Connectable,,pass,fail,pass,fail,pass,fail,skip,pass,fail,mcp-bare|mcp-server-card-json,legacy,20,0.2.0-draft,2026-08-04
urbanplayground.xyz,1,0,Absent,,fail,fail,fail,fail,skip,skip,skip,fail,fail,,,17,0.2.0-draft,2026-08-04
urbot.net,1,75,Connectable,,fail,fail,pass,fail,pass,fail,skip,fail,pass,,legacy,19,0.2.0-draft,2026-08-04
urgent-clean-occupied-catalogs.trycloudflare.com,1,0,Absent,,error,fail,fail,error,skip,skip,skip,fail,fail,,,3,0.2.0-draft,2026-08-04
url-safety-validator-mcp-production.up.railway.app,1,35,Discoverable,,pass,fail,fail,fail,skip,skip,skip,fail,fail,mcp-server-card-json,,27,0.2.0-draft,2026-08-04
url-shortener-x402-production.up.railway.app,1,0,Absent,,fail,fail,fail,fail,skip,skip,skip,fail,fail,,,27,0.2.0-draft,2026-08-04
url2image.com,1,50,Discoverable,,pass,fail,fail,pass,skip,skip,skip,pass,pass,mcp-server-card-json,,12,0.2.0-draft,2026-08-04
urlcheck.ai,1,75,Connectable,,fail,fail,pass,fail,pass,fail,skip,fail,pass,,legacy,22,0.2.0-draft,2026-08-04
urlsnap.dev,1,0,Absent,,fail,fail,fail,fail,skip,skip,skip,fail,fail,,,14,0.2.0-draft,2026-08-04
urltopdf.org,1,95,Agent-ready,,fail,fail,pass,fail,pass,pass,pass,pass,fail,,legacy,19,0.2.0-draft,2026-08-04
us-central1-capital-equipment-dev.cloudfunctions.net,1,0,Absent,,fail,fail,fail,fail,skip,skip,skip,fail,fail,,,27,0.2.0-draft,2026-08-04
us-central1-jassguru.cloudfunctions.net,1,0,Absent,,fail,fail,fail,fail,skip,skip,skip,fail,fail,,,27,0.2.0-draft,2026-08-04
us-central1-minoa-roi-firebase.cloudfunctions.net,1,0,Absent,,fail,fail,fail,fail,skip,skip,skip,fail,fail,,,27,0.2.0-draft,2026-08-04
us-central1-philongevity-aiapp-v2.cloudfunctions.net,1,0,Absent,,fail,fail,fail,fail,skip,skip,skip,fail,fail,,,27,0.2.0-draft,2026-08-04
us-central1-sand-gallery-lab.cloudfunctions.net,1,0,Absent,,fail,fail,fail,fail,skip,skip,skip,fail,fail,,,27,0.2.0-draft,2026-08-04
us-law-mcp.vercel.app,1,0,Absent,,fail,fail,fail,fail,skip,skip,skip,fail,fail,,,27,0.2.0-draft,2026-08-04
usaref.dev,1,10,Text-only,,fail,fail,fail,fail,skip,skip,skip,pass,fail,,,15,0.2.0-draft,2026-08-04
usdi-mcp.onrender.com,1,0,Absent,,fail,fail,fail,fail,skip,skip,skip,fail,fail,,,27,0.2.0-draft,2026-08-04
usdvcapital.com,1,15,Text-only,,fail,fail,fail,fail,skip,skip,skip,pass,pass,,,15,0.2.0-draft,2026-08-04
useallowance.com,1,45,Discoverable,,pass,fail,fail,fail,skip,skip,skip,pass,fail,mcp-json,,18,0.2.0-draft,2026-08-04
usealloy.ai,1,15,Text-only,,fail,fail,fail,fail,skip,skip,skip,pass,pass,,,21,0.2.0-draft,2026-08-04
useaxis.dev,1,45,Discoverable,,fail,fail,fail,pass,skip,skip,skip,pass,fail,,,16,0.2.0-draft,2026-08-04
usebleep.com,1,0,Absent,,fail,fail,fail,fail,skip,skip,skip,fail,fail,,,15,0.2.0-draft,2026-08-04
usebrains.app,1,0,Absent,,fail,fail,fail,fail,skip,skip,skip,fail,fail,,,26,0.2.0-draft,2026-08-04
usecarscout.com,1,0,Absent,,fail,fail,fail,fail,skip,skip,skip,fail,fail,,,17,0.2.0-draft,2026-08-04
useclippy.cc,1,100,Agent-ready,,pass,fail,pass,fail,pass,pass,pass,pass,pass,mcp-json,legacy,19,0.2.0-draft,2026-08-04
usecoachai.com,1,0,Absent,,error,fail,fail,error,skip,skip,skip,fail,fail,,,38,0.2.0-draft,2026-08-04
usecoal.xyz,1,0,Absent,,fail,fail,fail,fail,skip,skip,skip,fail,fail,,,28,0.2.0-draft,2026-08-04
usecroma.com,1,15,Text-only,,fail,fail,fail,fail,skip,skip,skip,pass,pass,,,19,0.2.0-draft,2026-08-04
usedailyai.com,1,0,Absent,,fail,fail,fail,fail,skip,skip,skip,fail,fail,,,14,0.2.0-draft,2026-08-04
usefreebox.com,1,45,Discoverable,,fail,fail,fail,pass,skip,skip,skip,pass,fail,,,14,0.2.0-draft,2026-08-04
useful-data-source-for-agents-production.up.railway.app,1,0,Absent,,fail,fail,fail,fail,skip,skip,skip,fail,fail,,,27,0.2.0-draft,2026-08-04
usefulapi.io,1,0,Absent,,fail,fail,fail,fail,skip,skip,skip,fail,fail,,,14,0.2.0-draft,2026-08-04
usehandoff.com.br,1,80,Connectable,,pass,fail,fail,fail,pass,fail,skip,pass,fail,mcp-json,modern,29,0.2.0-draft,2026-08-04
usejig.dev,1,0,Absent,,fail,fail,fail,fail,skip,skip,skip,fail,fail,,,23,0.2.0-draft,2026-08-04
uselamina.ai,1,15,Text-only,,fail,fail,fail,fail,skip,skip,skip,pass,pass,,,14,0.2.0-draft,2026-08-04
usememra.com,1,15,Text-only,,fail,fail,fail,fail,skip,skip,skip,pass,pass,,,15,0.2.0-draft,2026-08-04
usemeridian.us,1,40,Discoverable,,fail,fail,fail,pass,skip,skip,skip,fail,pass,,,16,0.2.0-draft,2026-08-04
usemycontext.ai,1,100,Agent-ready,,fail,fail,pass,pass,pass,pass,pass,pass,pass,,modern,21,0.2.0-draft,2026-08-04
usenotch.ai,1,0,Absent,,fail,fail,fail,fail,skip,skip,skip,fail,fail,,,27,0.2.0-draft,2026-08-04
usenotra.com,1,80,Connectable,,pass,fail,fail,pass,pass,fail,skip,pass,fail,mcp-bare|mcp-server-card-json,legacy,35,0.2.0-draft,2026-08-04
useorgx.com,1,15,Text-only,,fail,fail,fail,fail,skip,skip,skip,pass,pass,,,15,0.2.0-draft,2026-08-04
usepancake.com,1,0,Absent,,fail,fail,fail,fail,skip,skip,skip,fail,fail,,,17,0.2.0-draft,2026-08-04
usepopup.com,1,10,Text-only,,fail,fail,fail,fail,skip,skip,skip,pass,fail,,,16,0.2.0-draft,2026-08-04
user-agent-parser-production.up.railway.app,1,0,Absent,,fail,fail,fail,fail,skip,skip,skip,fail,fail,,,27,0.2.0-draft,2026-08-04
user-agent-parser-x402-production.up.railway.app,1,0,Absent,,fail,fail,fail,fail,skip,skip,skip,fail,fail,,,27,0.2.0-draft,2026-08-04
userbrain.com,1,85,Connectable,,fail,fail,pass,pass,pass,fail,skip,pass,pass,,modern,35,0.2.0-draft,2026-08-04
userguiding.com,1,10,Text-only,,fail,fail,fail,fail,skip,skip,skip,pass,fail,,,14,0.2.0-draft,2026-08-04
usertapes.com,1,10,Text-only,,fail,fail,fail,fail,skip,skip,skip,pass,fail,,,13,0.2.0-draft,2026-08-04
uservane.com,1,10,Text-only,,fail,fail,fail,fail,skip,skip,skip,pass,fail,,,17,0.2.0-draft,2026-08-04
usesideways.com,1,10,Text-only,,fail,fail,fail,fail,skip,skip,skip,pass,fail,,,14,0.2.0-draft,2026-08-04
usestring.ai,1,10,Text-only,,fail,fail,fail,fail,skip,skip,skip,pass,fail,,,15,0.2.0-draft,2026-08-04
usetimebook.com,1,10,Text-only,,skip,fail,fail,skip,skip,skip,skip,pass,fail,,,6,0.2.0-draft,2026-08-04
usetrackly.app,1,5,Text-only,,fail,fail,fail,fail,skip,skip,skip,fail,pass,,,16,0.2.0-draft,2026-08-04
usevyra.com,1,10,Text-only,,fail,fail,fail,fail,skip,skip,skip,pass,fail,,,28,0.2.0-draft,2026-08-04
usewait.com,1,45,Discoverable,,fail,fail,fail,pass,skip,skip,skip,pass,fail,,,13,0.2.0-draft,2026-08-04
usewire.io,1,10,Text-only,,fail,fail,fail,fail,skip,skip,skip,pass,fail,,,16,0.2.0-draft,2026-08-04
ustaxrecords.com,1,10,Text-only,,fail,fail,fail,fail,skip,skip,skip,pass,fail,,,19,0.2.0-draft,2026-08-04
utilia.ink,1,80,Connectable,,fail,fail,pass,fail,pass,fail,skip,pass,fail,,legacy,21,0.2.0-draft,2026-08-04
utilify.io,1,45,Discoverable,,pass,fail,fail,fail,skip,skip,skip,pass,fail,mcp-server-card-json,,14,0.2.0-draft,2026-08-04
utility-converter.onrender.com,1,0,Absent,,fail,fail,fail,fail,skip,skip,skip,fail,fail,,,27,0.2.0-draft,2026-08-04
utility-matrix.com,1,80,Connectable,,fail,fail,pass,fail,pass,fail,skip,pass,fail,,legacy,24,0.2.0-draft,2026-08-04
utilsforagents.com,1,50,Discoverable,,pass,fail,fail,fail,skip,skip,skip,pass,pass,mcp-server-card-json,,14,0.2.0-draft,2026-08-04
utsuroi.today,1,0,Absent,,fail,fail,fail,fail,skip,skip,skip,fail,fail,,,17,0.2.0-draft,2026-08-04
uuid-generator-production.up.railway.app,1,0,Absent,,fail,fail,fail,fail,skip,skip,skip,fail,fail,,,27,0.2.0-draft,2026-08-04
uuid-generator-x402-production.up.railway.app,1,0,Absent,,fail,fail,fail,fail,skip,skip,skip,fail,fail,,,27,0.2.0-draft,2026-08-04
uurl.at,1,85,Connectable,,fail,fail,pass,fail,pass,pass,pass,fail,fail,,legacy,19,0.2.0-draft,2026-08-04
uwear.ai,1,85,Connectable,,fail,fail,pass,pass,pass,fail,skip,pass,pass,,legacy,20,0.2.0-draft,2026-08-04
ux-auditor-pro-mcp.vercel.app,1,0,Absent,,fail,fail,fail,fail,skip,skip,skip,fail,fail,,,27,0.2.0-draft,2026-08-04
uxbert.ai,1,0,Absent,,error,fail,fail,error,skip,skip,skip,fail,fail,,,3,0.2.0-draft,2026-08-04
uxspot.io,1,100,Agent-ready,,fail,fail,pass,fail,pass,pass,pass,pass,pass,,legacy,19,0.2.0-draft,2026-08-04
v-safe.ai,1,0,Absent,,fail,fail,fail,fail,skip,skip,skip,fail,fail,,,17,0.2.0-draft,2026-08-04
v12dfs-production.up.railway.app,1,35,Discoverable,,pass,fail,fail,fail,skip,skip,skip,fail,fail,mcp-bare|mcp-server-card-json,,27,0.2.0-draft,2026-08-04
v3.news,1,15,Text-only,,fail,fail,fail,fail,skip,skip,skip,pass,pass,,,19,0.2.0-draft,2026-08-04
vaadin.com,1,0,Absent,,fail,fail,fail,fail,skip,skip,skip,fail,fail,,,16,0.2.0-draft,2026-08-04
vaaya.ai,1,95,Agent-ready,,pass,fail,fail,pass,pass,pass,pass,pass,fail,mcp-json|mcp-server-card-json,modern,17,0.2.0-draft,2026-08-04
vairetail.com,1,5,Text-only,,fail,fail,fail,fail,skip,skip,skip,fail,pass,,,24,0.2.0-draft,2026-08-04
vairogs.lv,1,95,Agent-ready,,fail,fail,pass,fail,pass,pass,pass,pass,fail,,legacy,19,0.2.0-draft,2026-08-04
vaiz.com,1,10,Text-only,,fail,fail,fail,fail,skip,skip,skip,pass,fail,,,14,0.2.0-draft,2026-08-04
val.town,1,15,Text-only,,fail,fail,fail,fail,skip,skip,skip,pass,pass,,,27,0.2.0-draft,2026-08-04
valid.co,1,70,Connectable,,fail,fail,pass,pass,pass,fail,skip,fail,fail,,modern,41,0.2.0-draft,2026-08-04
validatethat.io,1,15,Text-only,,skip,fail,fail,skip,skip,skip,skip,pass,pass,,,13,0.2.0-draft,2026-08-04
valksor.com,1,0,Absent,,fail,fail,fail,fail,skip,skip,skip,fail,fail,,,16,0.2.0-draft,2026-08-04
valossa.com,1,10,Text-only,,fail,fail,fail,fail,skip,skip,skip,pass,fail,,,17,0.2.0-draft,2026-08-04
valuable-sockeye-14.eu-west-1.convex.site,1,70,Connectable,,fail,fail,pass,fail,pass,fail,skip,fail,fail,,modern,31,0.2.0-draft,2026-08-04
value-pro.ru,1,100,Agent-ready,,pass,fail,pass,fail,pass,pass,pass,pass,pass,mcp-server-card-json,legacy,46,0.2.0-draft,2026-08-04
value.us,1,45,Discoverable,,pass,fail,fail,fail,skip,skip,skip,pass,fail,mcp-server-card-json,,13,0.2.0-draft,2026-08-04
valuein.biz,1,85,Connectable,,pass,fail,pass,pass,pass,fail,skip,pass,pass,mcp-json,legacy,24,0.2.0-draft,2026-08-04
valv.sh,1,5,Text-only,,fail,fail,fail,fail,skip,skip,skip,fail,pass,,,14,0.2.0-draft,2026-08-04
valverideflow.com,1,15,Text-only,,fail,fail,fail,fail,skip,skip,skip,pass,pass,,,14,0.2.0-draft,2026-08-04
vandorla.com,1,80,Connectable,,pass,fail,fail,fail,pass,fail,skip,pass,fail,mcp-json,legacy,18,0.2.0-draft,2026-08-04
vantaj.co,1,100,Agent-ready,,fail,fail,pass,fail,pass,pass,pass,pass,pass,,legacy,21,0.2.0-draft,2026-08-04
vantane.com,1,0,Absent,,fail,fail,fail,fail,skip,skip,skip,fail,fail,,,23,0.2.0-draft,2026-08-04
vanticlabs.ai,1,0,Absent,,error,fail,fail,error,skip,skip,skip,fail,fail,,,38,0.2.0-draft,2026-08-04
vapagent.com,1,10,Text-only,,fail,fail,fail,fail,skip,skip,skip,pass,fail,,,15,0.2.0-draft,2026-08-04
var.gg,1,5,Text-only,,skip,fail,fail,skip,skip,skip,skip,skip,pass,,,4,0.2.0-draft,2026-08-04
variel.ai,1,0,Absent,,fail,fail,fail,fail,skip,skip,skip,fail,fail,,,13,0.2.0-draft,2026-08-04
varoriya.com,1,80,Connectable,,fail,fail,pass,pass,pass,fail,skip,pass,fail,,modern,31,0.2.0-draft,2026-08-04
varosity.ai,1,45,Discoverable,,pass,fail,fail,fail,skip,skip,skip,pass,fail,mcp-server-card-json,,13,0.2.0-draft,2026-08-04
varrd.com,1,15,Text-only,,fail,fail,fail,fail,skip,skip,skip,pass,pass,,,14,0.2.0-draft,2026-08-04
varynforge.com,1,0,Absent,,fail,fail,fail,fail,skip,skip,skip,fail,fail,,,30,0.2.0-draft,2026-08-04
vassiliy-lakhonin.workers.dev,1,0,Absent,,error,fail,fail,error,skip,skip,skip,fail,fail,,,6,0.2.0-draft,2026-08-04
vastlint.org,1,45,Discoverable,,fail,fail,fail,pass,skip,skip,skip,pass,fail,,,14,0.2.0-draft,2026-08-04
vat-validator-mcp-production.up.railway.app,1,35,Discoverable,,pass,fail,fail,fail,skip,skip,skip,fail,fail,mcp-server-card-json,,27,0.2.0-draft,2026-08-04
vaultcrux.com,1,5,Text-only,,fail,fail,fail,fail,skip,skip,skip,fail,pass,,,27,0.2.0-draft,2026-08-04
vaultguard-mcp.vercel.app,1,0,Absent,,fail,fail,fail,fail,skip,skip,skip,fail,fail,,,27,0.2.0-draft,2026-08-04
vayapin.app,1,0,Absent,,fail,fail,fail,fail,skip,skip,skip,fail,fail,,,15,0.2.0-draft,2026-08-04
vdb.ai.kr,1,80,Connectable,,pass,fail,fail,fail,pass,fail,skip,pass,fail,mcp-server-card-json,legacy,19,0.2.0-draft,2026-08-04
vealth.net,1,10,Text-only,,fail,fail,fail,fail,skip,skip,skip,pass,fail,,,14,0.2.0-draft,2026-08-04
vector-search-x402-production.up.railway.app,1,0,Absent,,fail,fail,fail,fail,skip,skip,skip,fail,fail,,,27,0.2.0-draft,2026-08-04
vectoropsai.com,1,0,Absent,,error,fail,fail,error,skip,skip,skip,fail,fail,,,5,0.2.0-draft,2026-08-04
vedavisor.com,1,85,Connectable,,fail,fail,pass,pass,pass,fail,skip,pass,pass,,legacy,31,0.2.0-draft,2026-08-04
vee3.io,1,0,Absent,,fail,fail,fail,fail,skip,skip,skip,fail,fail,,,26,0.2.0-draft,2026-08-04
veecle.ai,1,50,Discoverable,,pass,fail,fail,pass,fail,skip,skip,pass,pass,mcp-server-card-json,,17,0.2.0-draft,2026-08-04
veed.io,1,0,Absent,,fail,fail,fail,fail,skip,skip,skip,fail,fail,,,28,0.2.0-draft,2026-08-04
veezee.io,1,50,Discoverable,,pass,fail,fail,fail,fail,skip,skip,pass,pass,ai-catalog|mcp-json|mcp-server-card-json,,20,0.2.0-draft,2026-08-04
veilpoint.ca,1,100,Agent-ready,,fail,fail,pass,fail,pass,pass,pass,pass,pass,,legacy,21,0.2.0-draft,2026-08-04
velarion-scraper-production.up.railway.app,1,0,Absent,,fail,fail,fail,fail,skip,skip,skip,fail,fail,,,27,0.2.0-draft,2026-08-04
velarion.ai,1,0,Absent,,error,fail,fail,error,skip,skip,skip,fail,fail,,,39,0.2.0-draft,2026-08-04
veles-finance-gateway.fly.dev,1,10,Text-only,,fail,fail,fail,fail,skip,skip,skip,pass,fail,,,14,0.2.0-draft,2026-08-04
velocms.org,1,10,Text-only,,fail,fail,fail,fail,skip,skip,skip,pass,fail,,,16,0.2.0-draft,2026-08-04
velvoite.eu,1,50,Discoverable,,fail,pass,fail,fail,skip,skip,skip,pass,pass,,,30,0.2.0-draft,2026-08-04
vendizap.com,1,10,Text-only,,fail,fail,fail,fail,skip,skip,skip,pass,fail,,,30,0.2.0-draft,2026-08-04
vendo-ai.com,1,15,Text-only,,fail,fail,fail,fail,skip,skip,skip,pass,pass,,,15,0.2.0-draft,2026-08-04
venice-components-track-determination.trycloudflare.com,1,0,Absent,,error,fail,fail,error,skip,skip,skip,fail,fail,,,3,0.2.0-draft,2026-08-04
ventureatlas.org,1,15,Text-only,,fail,fail,fail,fail,skip,skip,skip,pass,pass,,,30,0.2.0-draft,2026-08-04
ventureinsights.com.sa,1,10,Text-only,,fail,fail,fail,fail,skip,skip,skip,pass,fail,,,17,0.2.0-draft,2026-08-04
venturu.com,1,70,Connectable,,fail,fail,pass,pass,pass,fail,skip,fail,fail,,legacy,35,0.2.0-draft,2026-08-04
venumark.com,1,15,Text-only,,fail,fail,fail,fail,skip,skip,skip,pass,pass,,,14,0.2.0-draft,2026-08-04
venunite.com,1,15,Text-only,,fail,fail,fail,fail,skip,skip,skip,pass,pass,,,15,0.2.0-draft,2026-08-04
venuvidya-backend-production.up.railway.app,1,0,Absent,,fail,fail,fail,fail,skip,skip,skip,fail,fail,,,28,0.2.0-draft,2026-08-04
veradata.dev,1,0,Absent,,error,fail,fail,error,skip,skip,skip,fail,fail,,,8,0.2.0-draft,2026-08-04
verant.ai,1,50,Discoverable,,pass,fail,fail,pass,skip,skip,skip,pass,pass,mcp-server-card-json,,13,0.2.0-draft,2026-08-04
verbaterm.com,1,45,Discoverable,,pass,fail,fail,fail,skip,skip,skip,pass,fail,mcp-bare|mcp-server-card-json,,13,0.2.0-draft,2026-08-04
vercel.com,1,10,Text-only,,fail,fail,fail,fail,skip,skip,skip,pass,fail,,,18,0.2.0-draft,2026-08-04
vergio.ai,1,45,Discoverable,,fail,fail,fail,pass,skip,skip,skip,pass,fail,,,13,0.2.0-draft,2026-08-04
veriasia.io,1,0,Absent,,fail,fail,fail,fail,skip,skip,skip,fail,fail,,,29,0.2.0-draft,2026-08-04
verifi.cloud,1,10,Text-only,,fail,fail,fail,fail,skip,skip,skip,pass,fail,,,14,0.2.0-draft,2026-08-04
verificate.ai,1,100,Agent-ready,,fail,fail,pass,fail,pass,pass,pass,pass,pass,,modern,23,0.2.0-draft,2026-08-04
verifieddr.com,1,50,Discoverable,,pass,fail,fail,fail,fail,skip,skip,pass,pass,mcp-json,,15,0.2.0-draft,2026-08-04
verifiedstate.ai,1,10,Text-only,,fail,fail,fail,fail,skip,skip,skip,pass,fail,,,17,0.2.0-draft,2026-08-04
verifiedsupplementdata.com,1,50,Discoverable,,pass,fail,fail,fail,skip,skip,skip,pass,pass,mcp-server-card-json,,14,0.2.0-draft,2026-08-04
verifiedtools.info,1,40,Discoverable,,fail,fail,fail,pass,skip,skip,skip,fail,pass,,,28,0.2.0-draft,2026-08-04
verifier-ma-facture.fr,1,0,Absent,,fail,fail,fail,fail,skip,skip,skip,fail,fail,,,18,0.2.0-draft,2026-08-04
verifly.email,1,15,Text-only,,fail,fail,fail,fail,skip,skip,skip,pass,pass,,,14,0.2.0-draft,2026-08-04
verifox.ai,1,10,Text-only,,fail,fail,fail,fail,skip,skip,skip,pass,fail,,,16,0.2.0-draft,2026-08-04
verifyax.com,1,0,Absent,,fail,fail,fail,fail,skip,skip,skip,fail,fail,,,16,0.2.0-draft,2026-08-04
verifyref.com,1,50,Discoverable,,pass,fail,fail,pass,fail,skip,skip,pass,pass,mcp-bare|mcp-server-card-json,,14,0.2.0-draft,2026-08-04
verifyuk-property-check-production.up.railway.app,1,10,Text-only,,fail,fail,fail,fail,skip,skip,skip,pass,fail,,,27,0.2.0-draft,2026-08-04
verighost-mcp.vercel.app,1,0,Absent,,fail,fail,fail,fail,skip,skip,skip,fail,fail,,,27,0.2.0-draft,2026-08-04
verisgov.com,1,85,Connectable,,fail,fail,pass,pass,pass,pass,fail,pass,pass,,legacy,34,0.2.0-draft,2026-08-04
verityrms.com,1,0,Absent,,fail,fail,fail,fail,skip,skip,skip,fail,fail,,,22,0.2.0-draft,2026-08-04
verityscore.io,1,85,Connectable,,pass,fail,fail,fail,pass,fail,skip,pass,pass,mcp-server-card-json,legacy,23,0.2.0-draft,2026-08-04
verityskills.com,1,85,Connectable,,fail,fail,pass,pass,pass,fail,skip,pass,pass,,modern,22,0.2.0-draft,2026-08-04
verlon.ai,1,10,Text-only,,fail,fail,fail,fail,skip,skip,skip,pass,fail,,,15,0.2.0-draft,2026-08-04
versedb.com,1,35,Discoverable,,fail,fail,fail,pass,skip,skip,skip,fail,fail,,,13,0.2.0-draft,2026-08-04
versionpill.com,1,15,Text-only,,fail,fail,fail,fail,skip,skip,skip,pass,pass,,,19,0.2.0-draft,2026-08-04
versium.com,1,10,Text-only,,fail,fail,fail,fail,skip,skip,skip,pass,fail,,,25,0.2.0-draft,2026-08-04
verychic-mcp.fly.dev,1,0,Absent,,fail,fail,fail,fail,skip,skip,skip,fail,fail,,,14,0.2.0-draft,2026-08-04
vessark.com,1,85,Connectable,,pass,fail,pass,fail,pass,pass,fail,pass,pass,mcp-json,legacy,19,0.2.0-draft,2026-08-04
vetclinic.info,1,10,Text-only,,fail,fail,fail,fail,skip,skip,skip,pass,fail,,,14,0.2.0-draft,2026-08-04
veterans-rights.com,1,85,Connectable,,pass,fail,fail,fail,pass,pass,fail,pass,pass,mcp-json,legacy,32,0.2.0-draft,2026-08-04
vetosql.com,1,15,Text-only,,fail,fail,fail,fail,skip,skip,skip,pass,pass,,,14,0.2.0-draft,2026-08-04
vettedconsumer.com,1,85,Connectable,,pass,fail,pass,fail,pass,fail,skip,pass,pass,mcp-server-card-json,legacy,28,0.2.0-draft,2026-08-04
vevang.com,1,15,Text-only,,fail,fail,fail,fail,skip,skip,skip,pass,pass,,,16,0.2.0-draft,2026-08-04
veynor.xyz,1,0,Absent,,error,fail,fail,error,skip,skip,skip,fail,fail,,,34,0.2.0-draft,2026-08-04
viatsy.com,1,40,Discoverable,,pass,fail,fail,fail,fail,skip,skip,fail,pass,mcp-json,,14,0.2.0-draft,2026-08-04
vibe-bi.ai,1,10,Text-only,,fail,fail,fail,fail,skip,skip,skip,pass,fail,,,29,0.2.0-draft,2026-08-04
vibecom.app,1,35,Discoverable,,pass,fail,fail,pass,skip,skip,skip,fail,fail,mcp-bare|mcp-server-card-json,,14,0.2.0-draft,2026-08-04
vibedeploy.be,1,80,Connectable,,fail,fail,pass,pass,pass,fail,skip,pass,fail,,modern,32,0.2.0-draft,2026-08-04
vibekit.bot,1,80,Connectable,,pass,fail,pass,fail,pass,fail,skip,pass,fail,mcp-server-card-json,legacy,22,0.2.0-draft,2026-08-04
vibeseo.dev,1,80,Connectable,,fail,fail,pass,pass,pass,fail,skip,pass,fail,,modern,22,0.2.0-draft,2026-08-04
vibesprings.net,1,100,Agent-ready,,pass,fail,pass,fail,pass,pass,pass,pass,pass,mcp-json|mcp-server-card-json,legacy,19,0.2.0-draft,2026-08-04
vibevo.io,1,15,Text-only,,fail,fail,fail,fail,skip,skip,skip,pass,pass,,,15,0.2.0-draft,2026-08-04
vibgrate.com,1,15,Text-only,,fail,fail,fail,fail,skip,skip,skip,pass,pass,,,18,0.2.0-draft,2026-08-04
vibrai.com,1,15,Text-only,,fail,fail,fail,fail,skip,skip,skip,pass,pass,,,15,0.2.0-draft,2026-08-04
vibsync.com,1,0,Absent,,fail,fail,fail,fail,skip,skip,skip,fail,fail,,,16,0.2.0-draft,2026-08-04
vicp-registry.org,1,50,Discoverable,,pass,fail,fail,fail,skip,skip,skip,pass,pass,mcp-json|mcp-server-card-json,,27,0.2.0-draft,2026-08-04
vicsee.com,1,10,Text-only,,fail,fail,fail,fail,skip,skip,skip,pass,fail,,,15,0.2.0-draft,2026-08-04
viddler.com,1,85,Connectable,,fail,fail,pass,fail,pass,fail,skip,pass,pass,,legacy,22,0.2.0-draft,2026-08-04
videoloom.studio,1,35,Discoverable,,fail,fail,fail,pass,skip,skip,skip,fail,fail,,,13,0.2.0-draft,2026-08-04
videozero.ai,1,5,Text-only,,fail,fail,fail,fail,skip,skip,skip,fail,pass,,,17,0.2.0-draft,2026-08-04
vidhidev.workers.dev,1,0,Absent,,error,fail,fail,error,skip,skip,skip,fail,fail,,,6,0.2.0-draft,2026-08-04
vidmoat.com,1,45,Discoverable,,fail,fail,fail,pass,skip,skip,skip,pass,fail,,,28,0.2.0-draft,2026-08-04
vidocu.ai,1,10,Text-only,,fail,fail,fail,fail,skip,skip,skip,pass,fail,,,13,0.2.0-draft,2026-08-04
vikenda.com,1,85,Connectable,,pass,fail,fail,fail,pass,fail,skip,pass,pass,mcp-server-card-json,legacy,20,0.2.0-draft,2026-08-04
vilabuarque.sampa.br,1,100,Agent-ready,,pass,fail,pass,fail,pass,pass,pass,pass,pass,mcp-json,legacy,21,0.2.0-draft,2026-08-04
vilamadalena.sampa.br,1,100,Agent-ready,,pass,fail,pass,fail,pass,pass,pass,pass,pass,mcp-json,legacy,21,0.2.0-draft,2026-08-04
vilamariana.sampa.br,1,100,Agent-ready,,pass,fail,pass,fail,pass,pass,pass,pass,pass,mcp-json,legacy,21,0.2.0-draft,2026-08-04
villiers.ai,1,10,Text-only,,fail,fail,fail,fail,skip,skip,skip,pass,fail,,,25,0.2.0-draft,2026-08-04
vincario.com,1,10,Text-only,,fail,fail,fail,fail,skip,skip,skip,pass,fail,,,16,0.2.0-draft,2026-08-04
vindata.workers.dev,1,0,Absent,,error,fail,fail,error,skip,skip,skip,fail,fail,,,6,0.2.0-draft,2026-08-04
vipsallowed.com,1,0,Absent,,fail,fail,fail,fail,skip,skip,skip,fail,fail,,,17,0.2.0-draft,2026-08-04
virajmishratakehome.workers.dev,1,0,Absent,,error,fail,fail,error,skip,skip,skip,fail,fail,,,6,0.2.0-draft,2026-08-04
viralnote.app,1,10,Text-only,,fail,fail,fail,fail,skip,skip,skip,pass,fail,,,28,0.2.0-draft,2026-08-04
viralquery.com,1,80,Connectable,,fail,fail,pass,pass,pass,fail,skip,pass,fail,,modern,19,0.2.0-draft,2026-08-04
viralspin.ai,1,10,Text-only,,fail,fail,fail,fail,skip,skip,skip,pass,fail,,,30,0.2.0-draft,2026-08-04
viridis-security.com,1,0,Absent,,fail,fail,fail,fail,skip,skip,skip,fail,fail,,,16,0.2.0-draft,2026-08-04
virifi.xyz,1,0,Absent,,error,fail,fail,error,skip,skip,skip,fail,fail,,,51,0.2.0-draft,2026-08-04
virlo.ai,1,50,Discoverable,,pass,fail,fail,pass,fail,skip,skip,pass,pass,mcp-server-card-json,,17,0.2.0-draft,2026-08-04
virohanadentalclinic.com,1,10,Text-only,,fail,fail,fail,fail,skip,skip,skip,pass,fail,,,16,0.2.0-draft,2026-08-04
virohanalife.com,1,15,Text-only,,fail,fail,fail,fail,skip,skip,skip,pass,pass,,,30,0.2.0-draft,2026-08-04
virtualflybrain.org,1,0,Absent,,fail,fail,fail,fail,skip,skip,skip,fail,fail,,,23,0.2.0-draft,2026-08-04
virtualsms.io,1,15,Text-only,,fail,fail,fail,fail,skip,skip,skip,pass,pass,,,16,0.2.0-draft,2026-08-04
virus-alert.com,1,80,Connectable,,pass,fail,fail,fail,pass,pass,fail,pass,fail,mcp-json,legacy,18,0.2.0-draft,2026-08-04
visibly-ai.com,1,70,Connectable,,fail,fail,pass,fail,pass,pass,fail,fail,fail,,legacy,35,0.2.0-draft,2026-08-04
visily.ai,1,0,Absent,,fail,fail,fail,fail,skip,skip,skip,fail,fail,,,25,0.2.0-draft,2026-08-04
visitor-awry-mandarin.ngrok-free.dev,1,0,Absent,,error,fail,fail,error,skip,skip,skip,fail,fail,,,51,0.2.0-draft,2026-08-04
vistoya.com,1,50,Discoverable,,pass,fail,fail,fail,skip,skip,skip,pass,pass,mcp-server-card-json,,14,0.2.0-draft,2026-08-04
visuary.ai,1,15,Text-only,,fail,fail,fail,fail,skip,skip,skip,pass,pass,,,16,0.2.0-draft,2026-08-04
vitex.org.nz,1,50,Discoverable,,fail,fail,fail,pass,skip,skip,skip,pass,pass,,,14,0.2.0-draft,2026-08-04
vivesca.org,1,0,Absent,,error,fail,fail,error,skip,skip,skip,fail,fail,,,3,0.2.0-draft,2026-08-04
vivid.money,1,10,Text-only,,fail,fail,fail,fail,skip,skip,skip,pass,fail,,,19,0.2.0-draft,2026-08-04
vividads.com.au,1,45,Discoverable,,fail,fail,fail,pass,skip,skip,skip,pass,fail,,,23,0.2.0-draft,2026-08-04
vivideo.ai,1,85,Connectable,,pass,fail,pass,fail,pass,pass,fail,pass,pass,mcp-server-card-json,legacy,24,0.2.0-draft,2026-08-04
vivioo.io,1,15,Text-only,,fail,fail,fail,fail,skip,skip,skip,pass,pass,,,15,0.2.0-draft,2026-08-04
voc.ai,1,0,Absent,,fail,fail,fail,fail,skip,skip,skip,fail,fail,,,27,0.2.0-draft,2026-08-04
vocci.ai,1,45,Discoverable,,fail,fail,fail,pass,skip,skip,skip,pass,fail,,,16,0.2.0-draft,2026-08-04
voice-intel-mcp.vercel.app,1,0,Absent,,fail,fail,fail,fail,skip,skip,skip,fail,fail,,,27,0.2.0-draft,2026-08-04
voice-quality.com,1,0,Absent,,fail,fail,fail,fail,skip,skip,skip,fail,fail,,,17,0.2.0-draft,2026-08-04
voiceflip.cz,1,10,Text-only,,fail,fail,fail,fail,skip,skip,skip,pass,fail,,,28,0.2.0-draft,2026-08-04
voicelabs.now,1,45,Discoverable,,fail,fail,fail,pass,skip,skip,skip,pass,fail,,,16,0.2.0-draft,2026-08-04
voicelogpro.com,1,50,Discoverable,,pass,fail,fail,fail,fail,skip,skip,pass,pass,mcp-json,,16,0.2.0-draft,2026-08-04
voicemode.dev,1,0,Absent,,fail,fail,fail,fail,skip,skip,skip,fail,fail,,,15,0.2.0-draft,2026-08-04
voltcast.com,1,85,Connectable,,pass,fail,pass,fail,pass,pass,fail,pass,pass,mcp-json,legacy,19,0.2.0-draft,2026-08-04
voltplan.app,1,85,Connectable,,pass,fail,pass,fail,pass,fail,skip,pass,pass,mcp-json,legacy,28,0.2.0-draft,2026-08-04
vonage.dev,1,0,Absent,,fail,fail,fail,fail,skip,skip,skip,fail,fail,,,14,0.2.0-draft,2026-08-04
voris.ai,1,85,Connectable,,pass,fail,pass,pass,pass,fail,skip,pass,pass,mcp-server-card-json,modern,22,0.2.0-draft,2026-08-04
vortexiq.ai,1,0,Absent,,fail,fail,fail,fail,skip,skip,skip,fail,fail,,,28,0.2.0-draft,2026-08-04
votura.app,1,10,Text-only,,fail,fail,fail,fail,skip,skip,skip,pass,fail,,,11,0.2.0-draft,2026-08-04
vouchedpros.com,1,5,Text-only,,fail,fail,fail,fail,skip,skip,skip,fail,pass,,,18,0.2.0-draft,2026-08-04
vouchtrail.com,1,10,Text-only,,fail,fail,fail,fail,skip,skip,skip,pass,fail,,,14,0.2.0-draft,2026-08-04
voxell.ai,1,0,Absent,,fail,fail,fail,fail,skip,skip,skip,fail,fail,,,15,0.2.0-draft,2026-08-04
voxodds.com,1,85,Connectable,,pass,fail,fail,fail,pass,fail,skip,pass,pass,mcp-json,legacy,18,0.2.0-draft,2026-08-04
voxplo.ai,1,85,Connectable,,pass,fail,fail,pass,pass,fail,skip,pass,pass,mcp-json|mcp-server-card-json,modern,32,0.2.0-draft,2026-08-04
voyagier.com,1,10,Text-only,,fail,fail,fail,fail,skip,skip,skip,pass,fail,,,27,0.2.0-draft,2026-08-04
vp0.com,1,85,Connectable,,fail,fail,pass,fail,pass,fail,skip,pass,pass,,legacy,21,0.2.0-draft,2026-08-04
vpn.fail,1,0,Absent,,fail,fail,fail,fail,skip,skip,skip,fail,fail,,,28,0.2.0-draft,2026-08-04
vr.org,1,85,Connectable,,pass,fail,pass,fail,pass,fail,skip,pass,pass,mcp-json|mcp-server-card-json,legacy,23,0.2.0-draft,2026-08-04
vruum.ai,1,10,Text-only,,fail,fail,fail,fail,skip,skip,skip,pass,fail,,,16,0.2.0-draft,2026-08-04
vugolaai.com,1,75,Connectable,,fail,fail,pass,pass,pass,fail,skip,fail,pass,,modern,36,0.2.0-draft,2026-08-04
vulk.dev,1,15,Text-only,,fail,fail,fail,fail,skip,skip,skip,pass,pass,,,15,0.2.0-draft,2026-08-04
vultr.com,1,5,Text-only,,fail,fail,fail,fail,skip,skip,skip,fail,pass,,,27,0.2.0-draft,2026-08-04
vviinn.com,1,70,Connectable,,fail,fail,pass,fail,pass,fail,skip,fail,fail,,modern,20,0.2.0-draft,2026-08-04
vybenetwork.com,1,0,Absent,,fail,fail,fail,fail,skip,skip,skip,fail,fail,,,24,0.2.0-draft,2026-08-04
vybenetwork.xyz,1,0,Absent,,error,fail,fail,error,skip,skip,skip,fail,fail,,,6,0.2.0-draft,2026-08-04
vybit.net,1,35,Discoverable,,fail,fail,fail,pass,skip,skip,skip,fail,fail,,,15,0.2.0-draft,2026-08-04
vynix.in,1,45,Discoverable,,pass,fail,fail,pass,skip,skip,skip,pass,fail,mcp-server-card-json,,27,0.2.0-draft,2026-08-04
wachete.com,1,0,Absent,,fail,fail,fail,fail,skip,skip,skip,fail,fail,,,28,0.2.0-draft,2026-08-04
wadie.workers.dev,1,0,Absent,,error,fail,fail,error,skip,skip,skip,fail,fail,,,6,0.2.0-draft,2026-08-04
wafergraph.com,1,15,Text-only,,fail,fail,fail,fail,skip,skip,skip,pass,pass,,,16,0.2.0-draft,2026-08-04
waggle.zone,1,5,Text-only,,fail,fail,fail,fail,skip,skip,skip,fail,pass,,,14,0.2.0-draft,2026-08-04
waitloop.dev,1,80,Connectable,,fail,fail,pass,fail,pass,fail,skip,pass,fail,,modern,21,0.2.0-draft,2026-08-04
waivern.com,1,0,Absent,,fail,fail,fail,fail,skip,skip,skip,fail,fail,,,27,0.2.0-draft,2026-08-04
wajih-hyder55.workers.dev,1,0,Absent,,error,fail,fail,error,skip,skip,skip,fail,fail,,,6,0.2.0-draft,2026-08-04
walkmyplan.com,1,40,Discoverable,,fail,fail,fail,pass,skip,skip,skip,fail,pass,,,28,0.2.0-draft,2026-08-04
wallet-connectors.com,1,85,Connectable,,fail,fail,pass,fail,pass,pass,pass,fail,fail,,legacy,19,0.2.0-draft,2026-08-04
wallet-hygiene-mcp.vercel.app,1,0,Absent,,fail,fail,fail,fail,skip,skip,skip,fail,fail,,,27,0.2.0-draft,2026-08-04
wallet-portfolio-x402-production.up.railway.app,1,0,Absent,,fail,fail,fail,fail,skip,skip,skip,fail,fail,,,27,0.2.0-draft,2026-08-04
wallstrdev.com,1,15,Text-only,,fail,fail,fail,fail,skip,skip,skip,pass,pass,,,14,0.2.0-draft,2026-08-04
walnai.com,1,80,Connectable,,pass,fail,fail,fail,pass,fail,skip,pass,fail,mcp-json,legacy,18,0.2.0-draft,2026-08-04
walnutinvest.com,1,10,Text-only,,fail,fail,fail,fail,skip,skip,skip,pass,fail,,,13,0.2.0-draft,2026-08-04
walterwrites.ai,1,10,Text-only,,fail,fail,fail,fail,skip,skip,skip,pass,fail,,,15,0.2.0-draft,2026-08-04
wanakahaus.nz,1,85,Connectable,,pass,fail,pass,fail,pass,fail,skip,pass,pass,mcp-json,legacy,19,0.2.0-draft,2026-08-04
warmthengine.com,1,15,Text-only,,fail,fail,fail,fail,skip,skip,skip,pass,pass,,,14,0.2.0-draft,2026-08-04
warmysender.com,1,50,Discoverable,,fail,fail,fail,pass,skip,skip,skip,pass,pass,,,13,0.2.0-draft,2026-08-04
warnfirehose.com,1,50,Discoverable,,pass,fail,fail,fail,fail,skip,skip,pass,pass,mcp-json,,16,0.2.0-draft,2026-08-04
warplink.app,1,15,Text-only,,fail,fail,fail,fail,skip,skip,skip,pass,pass,,,13,0.2.0-draft,2026-08-04
warreandvavasour.com,1,10,Text-only,,fail,fail,fail,fail,skip,skip,skip,pass,fail,,,14,0.2.0-draft,2026-08-04
wasabil.com,1,85,Connectable,,fail,fail,pass,pass,pass,fail,skip,pass,pass,,modern,22,0.2.0-draft,2026-08-04
washinmura.jp,1,15,Text-only,,fail,fail,fail,fail,skip,skip,skip,pass,pass,,,28,0.2.0-draft,2026-08-04
washlib.com,1,15,Text-only,,fail,fail,fail,fail,skip,skip,skip,pass,pass,,,16,0.2.0-draft,2026-08-04
washpulse-mcp.vercel.app,1,0,Absent,,fail,fail,fail,fail,skip,skip,skip,fail,fail,,,27,0.2.0-draft,2026-08-04
wassel.cloud,1,70,Connectable,,fail,fail,pass,pass,pass,fail,skip,fail,fail,,modern,19,0.2.0-draft,2026-08-04
watchtower-api.com,1,80,Connectable,,fail,fail,pass,fail,pass,fail,skip,pass,fail,,legacy,19,0.2.0-draft,2026-08-04
wattcoin.workers.dev,1,0,Absent,,error,fail,fail,error,skip,skip,skip,fail,fail,,,6,0.2.0-draft,2026-08-04
wattgap.com,1,85,Connectable,,fail,fail,pass,fail,pass,fail,skip,pass,pass,,legacy,19,0.2.0-draft,2026-08-04
wauldo.com,1,15,Text-only,,fail,fail,fail,fail,skip,skip,skip,pass,pass,,,14,0.2.0-draft,2026-08-04
wavedash.com,1,80,Connectable,,fail,fail,pass,fail,pass,fail,skip,pass,fail,,legacy,23,0.2.0-draft,2026-08-04
wavehouse.cloud,1,50,Discoverable,,pass,fail,fail,pass,skip,skip,skip,pass,pass,mcp-json|mcp-bare|mcp-server-card-json,,20,0.2.0-draft,2026-08-04
wavix.com,1,10,Text-only,,fail,fail,fail,fail,skip,skip,skip,pass,fail,,,18,0.2.0-draft,2026-08-04
waxberry.dev,1,0,Absent,,fail,fail,fail,fail,skip,skip,skip,fail,fail,,,14,0.2.0-draft,2026-08-04
waxed.market,1,45,Discoverable,,fail,fail,fail,pass,skip,skip,skip,pass,fail,,,17,0.2.0-draft,2026-08-04
waymark.network,1,10,Text-only,,fail,fail,fail,fail,skip,skip,skip,pass,fail,,,16,0.2.0-draft,2026-08-04
waystation.ai,1,70,Connectable,,fail,fail,pass,pass,pass,fail,skip,fail,fail,,modern,26,0.2.0-draft,2026-08-04
waysway.com,1,0,Absent,,error,fail,fail,error,skip,skip,skip,fail,fail,,,4,0.2.0-draft,2026-08-04
wazir-x402.duckdns.org,1,10,Text-only,,fail,fail,fail,fail,skip,skip,skip,pass,fail,,,27,0.2.0-draft,2026-08-04
wcagc.com,1,15,Text-only,,fail,fail,fail,fail,skip,skip,skip,pass,pass,,,16,0.2.0-draft,2026-08-04
we.inc,1,15,Text-only,,fail,fail,fail,fail,skip,skip,skip,pass,pass,,,14,0.2.0-draft,2026-08-04
wealthapi.eu,1,10,Text-only,,fail,fail,fail,fail,skip,skip,skip,pass,fail,,,27,0.2.0-draft,2026-08-04
wealthos.cc,1,85,Connectable,,fail,fail,pass,pass,pass,fail,skip,pass,pass,,modern,20,0.2.0-draft,2026-08-04
wealthville.net,1,15,Text-only,,fail,fail,fail,fail,skip,skip,skip,pass,pass,,,13,0.2.0-draft,2026-08-04
wearewarp.com,1,50,Discoverable,,pass,fail,fail,fail,skip,skip,skip,pass,pass,mcp-json,,28,0.2.0-draft,2026-08-04
wearmu.com,1,80,Connectable,,pass,fail,pass,fail,pass,fail,skip,pass,fail,mcp-json,legacy,22,0.2.0-draft,2026-08-04
weather-api-production-c885.up.railway.app,1,0,Absent,,fail,fail,fail,fail,skip,skip,skip,fail,fail,,,27,0.2.0-draft,2026-08-04
weather-api-x402-production.up.railway.app,1,0,Absent,,fail,fail,fail,fail,skip,skip,skip,fail,fail,,,27,0.2.0-draft,2026-08-04
weather-intel-mcp-production.up.railway.app,1,0,Absent,,error,fail,fail,error,skip,skip,skip,fail,fail,,,39,0.2.0-draft,2026-08-04
weather.com,1,15,Text-only,,fail,fail,fail,fail,skip,skip,skip,pass,pass,,,15,0.2.0-draft,2026-08-04
weavz.io,1,15,Text-only,,fail,fail,fail,fail,skip,skip,skip,pass,pass,,,14,0.2.0-draft,2026-08-04
web-production-18a32.up.railway.app,1,35,Discoverable,,pass,fail,fail,fail,fail,skip,skip,fail,fail,mcp-json,,30,0.2.0-draft,2026-08-04
web-production-30ab5.up.railway.app,1,0,Absent,,fail,fail,fail,fail,skip,skip,skip,fail,fail,,,27,0.2.0-draft,2026-08-04
web-production-44f93.up.railway.app,1,35,Discoverable,,fail,fail,fail,pass,skip,skip,skip,fail,fail,,,27,0.2.0-draft,2026-08-04
web-production-4729.up.railway.app,1,0,Absent,,fail,fail,fail,fail,skip,skip,skip,fail,fail,,,27,0.2.0-draft,2026-08-04
web-production-58d585.up.railway.app,1,0,Absent,,fail,fail,fail,fail,skip,skip,skip,fail,fail,,,27,0.2.0-draft,2026-08-04
web-production-817e2.up.railway.app,1,0,Absent,,fail,fail,fail,fail,skip,skip,skip,fail,fail,,,27,0.2.0-draft,2026-08-04
web-production-842e0.up.railway.app,1,0,Absent,,fail,fail,fail,fail,skip,skip,skip,fail,fail,,,27,0.2.0-draft,2026-08-04
web-production-970ba.up.railway.app,1,0,Absent,,skip,fail,fail,skip,skip,skip,skip,skip,fail,,,16,0.2.0-draft,2026-08-04
web-production-c3cf.up.railway.app,1,0,Absent,,fail,fail,fail,fail,skip,skip,skip,fail,fail,,,27,0.2.0-draft,2026-08-04
web-production-dc74b.up.railway.app,1,0,Absent,,fail,fail,fail,fail,skip,skip,skip,fail,fail,,,27,0.2.0-draft,2026-08-04
web-production-dcbcb.up.railway.app,1,0,Absent,,fail,fail,fail,fail,skip,skip,skip,fail,fail,,,27,0.2.0-draft,2026-08-04
web-production-e9e1f.up.railway.app,1,0,Absent,,fail,fail,fail,fail,skip,skip,skip,fail,fail,,,27,0.2.0-draft,2026-08-04
web-scraper-x402-production.up.railway.app,1,0,Absent,,fail,fail,fail,fail,skip,skip,skip,fail,fail,,,27,0.2.0-draft,2026-08-04
web-search-x402-production.up.railway.app,1,0,Absent,,fail,fail,fail,fail,skip,skip,skip,fail,fail,,,27,0.2.0-draft,2026-08-04
web-ten-alpha-81.vercel.app,1,45,Discoverable,,pass,fail,pass,fail,fail,skip,skip,pass,fail,mcp-json,,35,0.2.0-draft,2026-08-04
web3-sentiment-mcp.vercel.app,1,0,Absent,,fail,fail,fail,fail,skip,skip,skip,fail,fail,,,27,0.2.0-draft,2026-08-04
web3-signals-api-production.up.railway.app,1,45,Discoverable,,pass,fail,fail,fail,skip,skip,skip,pass,fail,mcp-json,,26,0.2.0-draft,2026-08-04
web3.tv,1,15,Text-only,,fail,fail,fail,fail,skip,skip,skip,pass,pass,,,13,0.2.0-draft,2026-08-04
web3auth.io,1,70,Connectable,,fail,fail,pass,fail,pass,fail,skip,fail,fail,,legacy,22,0.2.0-draft,2026-08-04
webanatomy.ai,1,75,Connectable,,fail,fail,pass,fail,pass,fail,skip,fail,pass,,modern,34,0.2.0-draft,2026-08-04
webapp-uat-mcp.vercel.app,1,0,Absent,,fail,fail,fail,fail,skip,skip,skip,fail,fail,,,27,0.2.0-draft,2026-08-04
webbersites.com,1,70,Connectable,,fail,fail,pass,fail,pass,fail,skip,fail,fail,,legacy,21,0.2.0-draft,2026-08-04
webembedding-mcp.vercel.app,1,0,Absent,,fail,fail,fail,fail,skip,skip,skip,fail,fail,,,27,0.2.0-draft,2026-08-04
webflow.com,1,45,Discoverable,,pass,fail,fail,fail,skip,skip,skip,pass,fail,mcp-server-card-json,,17,0.2.0-draft,2026-08-04
webforj.com,1,10,Text-only,,fail,fail,fail,fail,skip,skip,skip,pass,fail,,,16,0.2.0-draft,2026-08-04
webhook-studio.com,1,95,Agent-ready,,fail,fail,pass,fail,pass,pass,pass,pass,fail,,legacy,23,0.2.0-draft,2026-08-04
webhook-tester-production-d9bb.up.railway.app,1,0,Absent,,fail,fail,fail,fail,skip,skip,skip,fail,fail,,,27,0.2.0-draft,2026-08-04
webhook-tester-x402-production.up.railway.app,1,0,Absent,,fail,fail,fail,fail,skip,skip,skip,fail,fail,,,27,0.2.0-draft,2026-08-04
webhook.co,1,10,Text-only,,fail,fail,fail,fail,skip,skip,skip,pass,fail,,,32,0.2.0-draft,2026-08-04
webhooktest.net,1,10,Text-only,,fail,fail,fail,fail,skip,skip,skip,pass,fail,,,21,0.2.0-draft,2026-08-04
webhound.ai,1,80,Connectable,,pass,fail,fail,pass,pass,fail,skip,pass,fail,mcp-server-card-json,modern,30,0.2.0-draft,2026-08-04
weblens.dev,1,0,Absent,,error,fail,fail,error,skip,skip,skip,fail,fail,,,3,0.2.0-draft,2026-08-04
webmatik.ai,1,100,Agent-ready,,pass,fail,pass,fail,pass,pass,pass,pass,pass,mcp-json|mcp-server-card-json,legacy,18,0.2.0-draft,2026-08-04
webotee.com,1,0,Absent,,fail,fail,fail,fail,skip,skip,skip,fail,fail,,,40,0.2.0-draft,2026-08-04
webscrape-mcp.onrender.com,1,0,Absent,,fail,fail,fail,fail,skip,skip,skip,fail,fail,,,27,0.2.0-draft,2026-08-04
website2vat.com,1,50,Discoverable,,pass,fail,fail,pass,skip,skip,skip,pass,pass,mcp-server-card-json,,12,0.2.0-draft,2026-08-04
websiteiq.xyz,1,80,Connectable,,pass,fail,pass,fail,pass,fail,skip,pass,fail,mcp-server-card-json,legacy,19,0.2.0-draft,2026-08-04
websitelaunches.com,1,10,Text-only,,fail,fail,fail,fail,skip,skip,skip,pass,fail,,,14,0.2.0-draft,2026-08-04
websitepublisher.ai,1,10,Text-only,,fail,fail,fail,fail,skip,skip,skip,pass,fail,,,31,0.2.0-draft,2026-08-04
webuplink.ai,1,10,Text-only,,fail,fail,fail,fail,skip,skip,skip,pass,fail,,,22,0.2.0-draft,2026-08-04
webweaver-nexus-mcp.vercel.app,1,0,Absent,,fail,fail,fail,fail,skip,skip,skip,fail,fail,,,27,0.2.0-draft,2026-08-04
webzum.com,1,50,Discoverable,,pass,fail,fail,fail,skip,skip,skip,pass,pass,mcp-bare,,16,0.2.0-draft,2026-08-04
wedding-seat.com,1,85,Connectable,,fail,fail,pass,fail,pass,fail,skip,pass,pass,,modern,20,0.2.0-draft,2026-08-04
weftly.ai,1,50,Discoverable,,pass,fail,fail,fail,fail,skip,skip,pass,pass,mcp-server-card-json,,18,0.2.0-draft,2026-08-04
wegtultrarich.org,1,80,Connectable,,fail,fail,pass,fail,pass,fail,skip,pass,fail,,legacy,21,0.2.0-draft,2026-08-04
wejob.ch,1,100,Agent-ready,,fail,fail,pass,fail,pass,pass,pass,pass,pass,,legacy,21,0.2.0-draft,2026-08-04
well.app,1,0,Absent,,fail,fail,fail,fail,skip,skip,skip,fail,fail,,,17,0.2.0-draft,2026-08-04
wellapp.ai,1,15,Text-only,,fail,fail,fail,fail,skip,skip,skip,pass,pass,,,15,0.2.0-draft,2026-08-04
wellnessatwork.me,1,35,Discoverable,,fail,fail,fail,pass,skip,skip,skip,fail,fail,,,14,0.2.0-draft,2026-08-04
wellnessproject.ai,1,50,Discoverable,,fail,fail,fail,pass,skip,skip,skip,pass,pass,,,13,0.2.0-draft,2026-08-04
wetwetwet.be,1,40,Discoverable,,fail,fail,fail,pass,skip,skip,skip,fail,pass,,,14,0.2.0-draft,2026-08-04
weverlabs.com,1,80,Connectable,,pass,fail,fail,fail,pass,pass,fail,pass,fail,mcp-json,legacy,19,0.2.0-draft,2026-08-04
whaber.ai,1,0,Absent,,error,fail,fail,error,skip,skip,skip,fail,fail,,,3,0.2.0-draft,2026-08-04
whale-alert-x402-production.up.railway.app,1,0,Absent,,fail,fail,fail,fail,skip,skip,skip,fail,fail,,,27,0.2.0-draft,2026-08-04
what2postapp.com,1,0,Absent,,fail,fail,fail,fail,skip,skip,skip,fail,fail,,,13,0.2.0-draft,2026-08-04
what2watch.live,1,0,Absent,,fail,fail,fail,fail,skip,skip,skip,fail,fail,,,14,0.2.0-draft,2026-08-04
whataplan.net,1,15,Text-only,,fail,fail,fail,fail,skip,skip,skip,pass,pass,,,28,0.2.0-draft,2026-08-04
whatcanido.dev,1,15,Text-only,,fail,fail,fail,fail,skip,skip,skip,pass,pass,,,30,0.2.0-draft,2026-08-04
whatic.io,1,0,Absent,,fail,fail,fail,fail,skip,skip,skip,fail,fail,,,14,0.2.0-draft,2026-08-04
whenmeet.me,1,85,Connectable,,fail,fail,pass,fail,pass,pass,fail,pass,pass,,legacy,18,0.2.0-draft,2026-08-04
whenna.com,1,85,Connectable,,fail,fail,pass,fail,pass,pass,fail,pass,pass,,legacy,18,0.2.0-draft,2026-08-04
whensport.com,1,15,Text-only,,fail,fail,fail,fail,skip,skip,skip,pass,pass,,,14,0.2.0-draft,2026-08-04
whentofly.io,1,45,Discoverable,,pass,fail,fail,fail,skip,skip,skip,pass,fail,mcp-json|mcp-server-card-json,,14,0.2.0-draft,2026-08-04
wherobots.com,1,10,Text-only,,fail,fail,fail,fail,skip,skip,skip,pass,fail,,,17,0.2.0-draft,2026-08-04
whichmodel.dev,1,0,Absent,,fail,fail,fail,fail,skip,skip,skip,fail,fail,,,29,0.2.0-draft,2026-08-04
whiskyhunter.net,1,10,Text-only,,fail,fail,fail,fail,skip,skip,skip,pass,fail,,,14,0.2.0-draft,2026-08-04
whisper.security,1,15,Text-only,,fail,fail,fail,fail,skip,skip,skip,pass,pass,,,27,0.2.0-draft,2026-08-04
whoisgeni.us,1,95,Agent-ready,,fail,fail,pass,fail,pass,pass,pass,pass,fail,,legacy,20,0.2.0-draft,2026-08-04
whooing.com,1,0,Absent,,fail,fail,fail,fail,skip,skip,skip,fail,fail,,,14,0.2.0-draft,2026-08-04
whooshly.co,1,10,Text-only,,fail,fail,fail,fail,skip,skip,skip,pass,fail,,,14,0.2.0-draft,2026-08-04
whycantwehaveanagentforthis.com,1,85,Connectable,,fail,fail,pass,pass,pass,fail,skip,pass,pass,,legacy,19,0.2.0-draft,2026-08-04
whyismy.org,1,100,Agent-ready,,pass,fail,fail,fail,pass,pass,pass,pass,pass,mcp-json|mcp-server-card-json,modern,17,0.2.0-draft,2026-08-04
whylingxi.cn,1,45,Discoverable,,pass,fail,fail,fail,fail,skip,skip,pass,fail,mcp-json|mcp-bare,,14,0.2.0-draft,2026-08-04
wickfunded.com,1,45,Discoverable,,fail,fail,fail,pass,skip,skip,skip,pass,fail,,,13,0.2.0-draft,2026-08-04
widgy.co,1,35,Discoverable,,fail,fail,fail,pass,skip,skip,skip,fail,fail,,,28,0.2.0-draft,2026-08-04
wikexa.com,1,95,Agent-ready,,pass,fail,fail,fail,pass,pass,pass,pass,fail,mcp-json|mcp-bare,legacy,18,0.2.0-draft,2026-08-04
wikiprompt.org,1,85,Connectable,,pass,fail,pass,fail,pass,fail,skip,pass,pass,mcp-json,legacy,33,0.2.0-draft,2026-08-04
wikitolica.com,1,95,Agent-ready,,pass,fail,pass,fail,pass,pass,pass,pass,fail,mcp-server-card-json,legacy,35,0.2.0-draft,2026-08-04
wikivibe.ru,1,80,Connectable,,pass,fail,fail,fail,pass,pass,fail,pass,fail,mcp-json,legacy,25,0.2.0-draft,2026-08-04
wild-card.ai,1,0,Absent,,fail,fail,fail,fail,skip,skip,skip,fail,fail,,,14,0.2.0-draft,2026-08-04
wildrunai.com,1,0,Absent,,fail,fail,fail,fail,skip,skip,skip,fail,fail,,,14,0.2.0-draft,2026-08-04
wildwallet.ai,1,70,Connectable,,pass,fail,fail,fail,pass,pass,fail,fail,fail,mcp-json,legacy,18,0.2.0-draft,2026-08-04
willform.ai,1,0,Absent,,error,fail,fail,error,skip,skip,skip,fail,fail,,,3,0.2.0-draft,2026-08-04
wimm.my,1,45,Discoverable,,pass,fail,fail,pass,skip,skip,skip,pass,fail,mcp-bare,,13,0.2.0-draft,2026-08-04
windowsforum.com,1,85,Connectable,,pass,pass,fail,pass,pass,fail,skip,pass,pass,mcp-server-serra|mcp-json|mcp-server-card-json,legacy,21,0.2.0-draft,2026-08-04
windsor.ai,1,50,Discoverable,,fail,fail,fail,pass,skip,skip,skip,pass,pass,,,25,0.2.0-draft,2026-08-04
wingmanprotocol.com,1,50,Discoverable,,pass,error,fail,fail,fail,skip,skip,pass,pass,ai-catalog|mcp-json|mcp-server-card-json,,16,0.2.0-draft,2026-08-04
wiplash.ai,1,85,Connectable,,fail,fail,pass,pass,pass,fail,skip,pass,pass,,legacy,27,0.2.0-draft,2026-08-04
wiremi-marketing-mcp-pqlquijg3q-uk.a.run.app,1,0,Absent,,fail,fail,fail,fail,skip,skip,skip,fail,fail,,,27,0.2.0-draft,2026-08-04
wiremi.ca,1,15,Text-only,,fail,fail,fail,fail,skip,skip,skip,pass,pass,,,14,0.2.0-draft,2026-08-04
wiselyenterprisesllc.com,1,45,Discoverable,,pass,fail,fail,fail,skip,skip,skip,pass,fail,mcp-json,,14,0.2.0-draft,2026-08-04
wisepenny.app,1,35,Discoverable,,pass,fail,fail,pass,fail,skip,skip,fail,fail,mcp-json|mcp-server-card-json,,27,0.2.0-draft,2026-08-04
wisesheets.io,1,0,Absent,,fail,fail,fail,fail,skip,skip,skip,fail,fail,,,30,0.2.0-draft,2026-08-04
wishpool.app,1,10,Text-only,,fail,fail,fail,fail,skip,skip,skip,pass,fail,,,13,0.2.0-draft,2026-08-04
wistia.com,1,35,Discoverable,,pass,fail,fail,pass,skip,skip,skip,fail,fail,mcp-server-card-json,,14,0.2.0-draft,2026-08-04
withfudge.com,1,0,Absent,,error,fail,fail,error,skip,skip,skip,fail,fail,,,4,0.2.0-draft,2026-08-04
withings-mcp.com,1,0,Absent,,skip,fail,fail,skip,skip,skip,skip,fail,fail,,,7,0.2.0-draft,2026-08-04
withresumeai.com,1,15,Text-only,,fail,fail,fail,fail,skip,skip,skip,pass,pass,,,16,0.2.0-draft,2026-08-04
wiv.ai,1,35,Discoverable,,fail,fail,fail,pass,skip,skip,skip,fail,fail,,,18,0.2.0-draft,2026-08-04
wix.com,1,10,Text-only,,fail,fail,fail,fail,skip,skip,skip,pass,fail,,,29,0.2.0-draft,2026-08-04
wizerapi.com,1,0,Absent,,fail,fail,fail,fail,skip,skip,skip,fail,fail,,,16,0.2.0-draft,2026-08-04
wmcp.sh,1,50,Discoverable,,pass,fail,fail,fail,fail,skip,skip,pass,pass,mcp-bare,,14,0.2.0-draft,2026-08-04
woebike.de,1,95,Agent-ready,,fail,fail,pass,fail,pass,pass,pass,pass,fail,,legacy,19,0.2.0-draft,2026-08-04
wogrill.de,1,95,Agent-ready,,fail,fail,pass,fail,pass,pass,pass,pass,fail,,legacy,19,0.2.0-draft,2026-08-04
wohandy.de,1,95,Agent-ready,,fail,fail,pass,fail,pass,pass,pass,pass,fail,,legacy,19,0.2.0-draft,2026-08-04
wokelo.ai,1,80,Connectable,,fail,fail,pass,pass,pass,fail,skip,pass,fail,,modern,34,0.2.0-draft,2026-08-04
wokonsole.de,1,95,Agent-ready,,fail,fail,pass,fail,pass,pass,pass,pass,fail,,legacy,19,0.2.0-draft,2026-08-04
wolaptop.de,1,95,Agent-ready,,fail,fail,pass,fail,pass,pass,pass,pass,fail,,legacy,19,0.2.0-draft,2026-08-04
wolfpack-production.up.railway.app,1,0,Absent,,fail,fail,fail,fail,skip,skip,skip,fail,fail,,,27,0.2.0-draft,2026-08-04
wolfram.com,1,15,Text-only,,fail,fail,fail,fail,skip,skip,skip,pass,pass,,,35,0.2.0-draft,2026-08-04
wontopos.com,1,15,Text-only,,fail,fail,fail,fail,skip,skip,skip,pass,pass,,,15,0.2.0-draft,2026-08-04
woopsocial.com,1,15,Text-only,,fail,fail,fail,fail,skip,skip,skip,pass,pass,,,16,0.2.0-draft,2026-08-04
wopool.de,1,95,Agent-ready,,fail,fail,pass,fail,pass,pass,pass,pass,fail,,legacy,19,0.2.0-draft,2026-08-04
word-cloud.net,1,85,Connectable,,fail,fail,pass,fail,pass,pass,pass,fail,fail,,legacy,19,0.2.0-draft,2026-08-04
word-counter-production.up.railway.app,1,0,Absent,,fail,fail,fail,fail,skip,skip,skip,fail,fail,,,27,0.2.0-draft,2026-08-04
word-counter-x402-production.up.railway.app,1,0,Absent,,fail,fail,fail,fail,skip,skip,skip,fail,fail,,,27,0.2.0-draft,2026-08-04
wordis-bond.com,1,95,Agent-ready,,fail,fail,pass,fail,pass,pass,pass,pass,fail,,legacy,21,0.2.0-draft,2026-08-04
wordlift.io,1,10,Text-only,,fail,fail,fail,fail,skip,skip,skip,pass,fail,,,23,0.2.0-draft,2026-08-04
wordnet.dk,1,0,Absent,,fail,fail,fail,fail,skip,skip,skip,fail,fail,,,27,0.2.0-draft,2026-08-04
wordofclout.ai,1,0,Absent,,fail,fail,fail,fail,skip,skip,skip,fail,fail,,,32,0.2.0-draft,2026-08-04
work-handler.app,1,10,Text-only,,skip,fail,fail,skip,skip,skip,skip,pass,fail,,,4,0.2.0-draft,2026-08-04
work-pick.com,1,5,Text-only,,fail,fail,fail,fail,skip,skip,skip,fail,pass,,,13,0.2.0-draft,2026-08-04
workable.com,1,80,Connectable,,pass,fail,pass,pass,pass,fail,skip,pass,fail,mcp-server-card-json,modern,26,0.2.0-draft,2026-08-04
workers-rights.com,1,50,Discoverable,,pass,fail,fail,fail,fail,skip,skip,pass,pass,ai-catalog|mcp-json|mcp-server-card-json,,33,0.2.0-draft,2026-08-04
workingmemory.ai,1,45,Discoverable,,pass,fail,fail,pass,skip,skip,skip,pass,fail,mcp-server-card-json,,14,0.2.0-draft,2026-08-04
workix.co,1,45,Discoverable,,pass,fail,fail,fail,fail,skip,skip,pass,fail,mcp-json,,16,0.2.0-draft,2026-08-04
workmagic.io,1,0,Absent,,fail,fail,fail,fail,skip,skip,skip,fail,fail,,,29,0.2.0-draft,2026-08-04
workofarttattoo-qulab-mcp.azurewebsites.net,1,0,Absent,,error,fail,fail,error,skip,skip,skip,fail,fail,,,3,0.2.0-draft,2026-08-04
workopia.io,1,0,Absent,,fail,fail,fail,fail,skip,skip,skip,fail,fail,,,38,0.2.0-draft,2026-08-04
workorai.com,1,70,Connectable,,fail,fail,pass,fail,pass,fail,skip,fail,fail,,legacy,19,0.2.0-draft,2026-08-04
workos.com,1,80,Connectable,,fail,fail,pass,pass,pass,fail,skip,pass,fail,,modern,23,0.2.0-draft,2026-08-04
workout-engine-production-5dd7.up.railway.app,1,0,Absent,,fail,fail,fail,fail,skip,skip,skip,fail,fail,,,27,0.2.0-draft,2026-08-04
workprotocol.ai,1,50,Discoverable,,pass,fail,fail,fail,fail,skip,skip,pass,pass,mcp-json,,15,0.2.0-draft,2026-08-04
works-runner.vercel.app,1,70,Connectable,,fail,fail,pass,fail,pass,fail,skip,fail,fail,,legacy,32,0.2.0-draft,2026-08-04
workspace-developer.goog,1,0,Absent,,fail,fail,fail,fail,skip,skip,skip,fail,fail,,,14,0.2.0-draft,2026-08-04
workspaceapi-server-production-f6d7.up.railway.app,1,0,Absent,,fail,fail,fail,fail,skip,skip,skip,fail,fail,,,27,0.2.0-draft,2026-08-04
worldairfares.com,1,70,Connectable,,fail,fail,pass,fail,pass,fail,skip,fail,fail,,legacy,34,0.2.0-draft,2026-08-04
worldcastr.com,1,100,Agent-ready,,pass,fail,fail,fail,pass,pass,pass,pass,pass,mcp-json|mcp-server-card-json,legacy,22,0.2.0-draft,2026-08-04
worldcitisim.com,1,45,Discoverable,,pass,fail,fail,fail,skip,skip,skip,pass,fail,mcp-bare|mcp-server-card-json,,14,0.2.0-draft,2026-08-04
worldclock.pro,1,50,Discoverable,,pass,fail,fail,fail,fail,skip,skip,pass,pass,ai-catalog|mcp-json|mcp-server-card-json,,18,0.2.0-draft,2026-08-04
worldhums.com,1,80,Connectable,,pass,fail,pass,fail,pass,pass,fail,pass,fail,mcp-json,legacy,19,0.2.0-draft,2026-08-04
worldku.com,1,80,Connectable,,pass,fail,pass,pass,pass,fail,skip,pass,fail,server-card-endpoint-relative,modern,34,0.2.0-draft,2026-08-04
worldmonitor.app,1,50,Discoverable,,pass,fail,fail,pass,fail,skip,skip,pass,pass,ai-catalog|mcp-json|mcp-bare|mcp-server-card-json,,21,0.2.0-draft,2026-08-04
worldweatheronline.com,1,0,Absent,,error,fail,fail,error,skip,skip,skip,fail,fail,,,40,0.2.0-draft,2026-08-04
woroller.de,1,95,Agent-ready,,fail,fail,pass,fail,pass,pass,pass,pass,fail,,legacy,19,0.2.0-draft,2026-08-04
wosneaker.de,1,95,Agent-ready,,fail,fail,pass,fail,pass,pass,pass,pass,fail,,legacy,19,0.2.0-draft,2026-08-04
wosolar.de,1,95,Agent-ready,,fail,fail,pass,fail,pass,pass,pass,pass,fail,,legacy,19,0.2.0-draft,2026-08-04
wospeicher.de,1,95,Agent-ready,,fail,fail,pass,fail,pass,pass,pass,pass,fail,,legacy,19,0.2.0-draft,2026-08-04
wostrom.de,1,95,Agent-ready,,fail,fail,pass,fail,pass,pass,pass,pass,fail,,legacy,19,0.2.0-draft,2026-08-04
wotablet.de,1,95,Agent-ready,,fail,fail,pass,fail,pass,pass,pass,pass,fail,,legacy,19,0.2.0-draft,2026-08-04
wouhr.de,1,95,Agent-ready,,fail,fail,pass,fail,pass,pass,pass,pass,fail,,legacy,19,0.2.0-draft,2026-08-04
wovitamine.de,1,95,Agent-ready,,fail,fail,pass,fail,pass,pass,pass,pass,fail,,legacy,19,0.2.0-draft,2026-08-04
wpwriter.com,1,5,Text-only,,fail,fail,fail,fail,skip,skip,skip,fail,pass,,,29,0.2.0-draft,2026-08-04
wrapper-agency.com,1,0,Absent,,error,fail,fail,error,skip,skip,skip,fail,fail,,,38,0.2.0-draft,2026-08-04
writeflow.ink,1,95,Agent-ready,,fail,fail,pass,fail,pass,pass,pass,pass,fail,,legacy,19,0.2.0-draft,2026-08-04
writespace.io,1,0,Absent,,fail,fail,fail,fail,skip,skip,skip,fail,fail,,,14,0.2.0-draft,2026-08-04
writingmate.ai,1,50,Discoverable,,fail,fail,fail,pass,skip,skip,skip,pass,pass,,,15,0.2.0-draft,2026-08-04
wubble.ai,1,0,Absent,,fail,fail,fail,fail,skip,skip,skip,fail,fail,,,21,0.2.0-draft,2026-08-04
wuniq.com,1,15,Text-only,,fail,fail,fail,fail,skip,skip,skip,pass,pass,,,40,0.2.0-draft,2026-08-04
wykr.es,1,0,Absent,,fail,fail,fail,fail,skip,skip,skip,fail,fail,,,17,0.2.0-draft,2026-08-04
wynnpay102.chatgpt.site,1,0,Absent,,fail,fail,fail,fail,skip,skip,skip,fail,fail,,,17,0.2.0-draft,2026-08-04
x-402.online,1,70,Connectable,,fail,fail,pass,fail,pass,pass,fail,fail,fail,,legacy,10,0.2.0-draft,2026-08-04
x-data-mcp.vercel.app,1,0,Absent,,fail,fail,fail,fail,skip,skip,skip,fail,fail,,,27,0.2.0-draft,2026-08-04
x402-discovery-api.onrender.com,1,0,Absent,,fail,fail,fail,fail,skip,skip,skip,fail,fail,,,51,0.2.0-draft,2026-08-04
x402-endpoints.onrender.com,1,45,Discoverable,,pass,fail,fail,fail,skip,skip,skip,pass,fail,mcp-server-card-json,,28,0.2.0-draft,2026-08-04
x402-gas-api.vercel.app,1,45,Discoverable,,pass,fail,fail,fail,skip,skip,skip,pass,fail,mcp-json,,27,0.2.0-draft,2026-08-04
x402-list.com,1,15,Text-only,,fail,fail,fail,fail,skip,skip,skip,pass,pass,,,15,0.2.0-draft,2026-08-04
x402-mcp.onrender.com,1,45,Discoverable,,pass,fail,fail,fail,skip,skip,skip,pass,fail,mcp-bare,,28,0.2.0-draft,2026-08-04
x402-scout-relay.onrender.com,1,0,Absent,,fail,fail,fail,fail,skip,skip,skip,fail,fail,,,51,0.2.0-draft,2026-08-04
x402-seller-m8nx.onrender.com,1,80,Connectable,,fail,fail,pass,fail,pass,fail,skip,pass,fail,,legacy,32,0.2.0-draft,2026-08-04
x402-services-production.up.railway.app,1,95,Agent-ready,,pass,fail,fail,fail,pass,pass,pass,pass,fail,mcp-json,legacy,31,0.2.0-draft,2026-08-04
x402-solana-cva8.onrender.com,1,10,Text-only,,fail,fail,fail,fail,skip,skip,skip,pass,fail,,,28,0.2.0-draft,2026-08-04
x402-url-extractor-production.up.railway.app,1,80,Connectable,,fail,fail,pass,fail,pass,fail,skip,pass,fail,,legacy,32,0.2.0-draft,2026-08-04
x402image.org,1,80,Connectable,,fail,fail,pass,fail,pass,pass,fail,pass,fail,,legacy,19,0.2.0-draft,2026-08-04
x402layer.cc,1,85,Connectable,,fail,fail,pass,fail,pass,pass,pass,fail,fail,,legacy,36,0.2.0-draft,2026-08-04
x402nano.onrender.com,1,70,Connectable,,pass,fail,pass,fail,pass,fail,skip,fail,fail,mcp-json,legacy,32,0.2.0-draft,2026-08-04
x402score.org,1,95,Agent-ready,,fail,fail,pass,fail,pass,pass,pass,pass,fail,,legacy,19,0.2.0-draft,2026-08-04
x402supply.com,1,10,Text-only,,fail,fail,fail,fail,skip,skip,skip,pass,fail,,,14,0.2.0-draft,2026-08-04
x402tools.xyz,1,10,Text-only,,fail,fail,fail,fail,skip,skip,skip,pass,fail,,,17,0.2.0-draft,2026-08-04
x711.io,1,50,Discoverable,,pass,fail,fail,fail,skip,skip,skip,pass,pass,mcp-json,,14,0.2.0-draft,2026-08-04
x7k9m.workers.dev,1,0,Absent,,error,fail,fail,error,skip,skip,skip,fail,fail,,,6,0.2.0-draft,2026-08-04
xavio.in,1,50,Discoverable,,pass,fail,fail,pass,skip,skip,skip,pass,pass,mcp-bare|mcp-server-card-json,,13,0.2.0-draft,2026-08-04
xbarry.ai,1,5,Text-only,,fail,fail,fail,fail,skip,skip,skip,fail,pass,,,14,0.2.0-draft,2026-08-04
xcatcher.top,1,0,Absent,,fail,fail,fail,fail,skip,skip,skip,fail,fail,,,14,0.2.0-draft,2026-08-04
xcodebuildmcp.com,1,0,Absent,,fail,fail,fail,fail,skip,skip,skip,fail,fail,,,27,0.2.0-draft,2026-08-04
xdcai.tech,1,80,Connectable,,fail,fail,pass,pass,pass,fail,skip,pass,fail,,modern,22,0.2.0-draft,2026-08-04
xdogtrading.com,1,0,Absent,,fail,fail,fail,fail,skip,skip,skip,fail,fail,,,15,0.2.0-draft,2026-08-04
xearno.tools,1,15,Text-only,,fail,fail,fail,fail,skip,skip,skip,pass,pass,,,14,0.2.0-draft,2026-08-04
xfish.hu,1,95,Agent-ready,,pass,fail,fail,fail,pass,pass,pass,pass,fail,mcp-json,legacy,38,0.2.0-draft,2026-08-04
xfms.vercel.app,1,0,Absent,,fail,fail,fail,fail,skip,skip,skip,fail,fail,,,28,0.2.0-draft,2026-08-04
xgr.network,1,70,Connectable,,fail,fail,pass,fail,pass,fail,skip,fail,fail,,legacy,23,0.2.0-draft,2026-08-04
xhostd.com,1,10,Text-only,,fail,fail,fail,fail,skip,skip,skip,pass,fail,,,19,0.2.0-draft,2026-08-04
xitoring.com,1,15,Text-only,,fail,fail,fail,fail,skip,skip,skip,pass,pass,,,13,0.2.0-draft,2026-08-04
xkcdai.onrender.com,1,0,Absent,,fail,fail,fail,fail,skip,skip,skip,fail,fail,,,27,0.2.0-draft,2026-08-04
xmemo.dev,1,45,Discoverable,,pass,fail,fail,pass,skip,skip,skip,pass,fail,mcp-server-card-json,,17,0.2.0-draft,2026-08-04
xn--5ckxa2e4ez471abqo49zn6s.com,1,50,Discoverable,,pass,fail,fail,fail,skip,skip,skip,pass,pass,mcp-server-card-json,,14,0.2.0-draft,2026-08-04
xns.tech,1,0,Absent,,fail,fail,fail,fail,skip,skip,skip,fail,fail,,,14,0.2.0-draft,2026-08-04
xorfox.sh,1,0,Absent,,error,fail,fail,error,skip,skip,skip,fail,fail,,,3,0.2.0-draft,2026-08-04
xpansion.dev,1,10,Text-only,,fail,fail,fail,fail,skip,skip,skip,pass,fail,,,27,0.2.0-draft,2026-08-04
xpoz.ai,1,50,Discoverable,,pass,fail,fail,fail,skip,skip,skip,pass,pass,mcp-json|mcp-bare|mcp-server-card-json,,30,0.2.0-draft,2026-08-04
xproof.app,1,80,Connectable,,pass,fail,pass,fail,pass,fail,skip,pass,fail,mcp-json,legacy,19,0.2.0-draft,2026-08-04
xquik.com,1,50,Discoverable,,pass,fail,fail,pass,fail,skip,skip,pass,pass,mcp-json|mcp-server-card-json,,13,0.2.0-draft,2026-08-04
xr-utilities.ai,1,0,Absent,,error,fail,fail,error,skip,skip,skip,fail,fail,,,5,0.2.0-draft,2026-08-04
xrpdomains.xyz,1,70,Connectable,,fail,fail,pass,fail,pass,fail,skip,fail,fail,,legacy,19,0.2.0-draft,2026-08-04
xrpl-referee.onrender.com,1,70,Connectable,,pass,fail,pass,fail,pass,fail,skip,fail,fail,mcp-server-card-json,legacy,36,0.2.0-draft,2026-08-04
xsignal-production.up.railway.app,1,85,Connectable,,pass,fail,pass,fail,pass,pass,pass,fail,fail,mcp-json,legacy,32,0.2.0-draft,2026-08-04
xskill.ai,1,15,Text-only,,fail,fail,fail,fail,skip,skip,skip,pass,pass,,,17,0.2.0-draft,2026-08-04
xtester.pw,1,10,Text-only,,fail,fail,fail,fail,skip,skip,skip,pass,fail,,,13,0.2.0-draft,2026-08-04
xtiles.app,1,45,Discoverable,,pass,fail,fail,pass,skip,skip,skip,pass,fail,mcp-server-card-json,,17,0.2.0-draft,2026-08-04
xuper.fun,1,0,Absent,,fail,fail,fail,fail,skip,skip,skip,fail,fail,,,14,0.2.0-draft,2026-08-04
xurprise.ai,1,0,Absent,,error,fail,fail,error,skip,skip,skip,fail,fail,,,3,0.2.0-draft,2026-08-04
xytara-mcp-executor.onrender.com,1,35,Discoverable,,pass,fail,fail,fail,fail,skip,skip,fail,fail,mcp-server-card-json,,30,0.2.0-draft,2026-08-04
xyzzylabs.ai,1,15,Text-only,,fail,fail,fail,fail,skip,skip,skip,pass,pass,,,16,0.2.0-draft,2026-08-04
yaakovscher.workers.dev,1,0,Absent,,error,fail,fail,error,skip,skip,skip,fail,fail,,,6,0.2.0-draft,2026-08-04
yaewurxvufigjntzdruf.supabase.co,1,0,Absent,,error,fail,fail,error,skip,skip,skip,fail,fail,,,3,0.2.0-draft,2026-08-04
yafl.dev,1,15,Text-only,,fail,fail,fail,fail,skip,skip,skip,pass,pass,,,15,0.2.0-draft,2026-08-04
yagami8095.workers.dev,1,0,Absent,,error,fail,fail,error,skip,skip,skip,fail,fail,,,6,0.2.0-draft,2026-08-04
yapl.app,1,45,Discoverable,,pass,fail,fail,pass,skip,skip,skip,pass,fail,mcp-server-card-json,,17,0.2.0-draft,2026-08-04
yault.xyz,1,5,Text-only,,fail,fail,fail,fail,skip,skip,skip,fail,pass,,,15,0.2.0-draft,2026-08-04
ybolduc.workers.dev,1,0,Absent,,error,fail,fail,error,skip,skip,skip,fail,fail,,,6,0.2.0-draft,2026-08-04
ydb-qdrant.tech,1,85,Connectable,,pass,fail,fail,fail,pass,fail,skip,pass,pass,mcp-json|mcp-bare|mcp-server-card-json,modern,19,0.2.0-draft,2026-08-04
yeehaw.bot,1,100,Agent-ready,,pass,fail,pass,fail,pass,pass,pass,pass,pass,mcp-bare,legacy,19,0.2.0-draft,2026-08-04
yeetit.site,1,50,Discoverable,,pass,fail,fail,fail,fail,skip,skip,pass,pass,mcp-json,,14,0.2.0-draft,2026-08-04
yempik.ai,1,0,Absent,,error,fail,fail,error,skip,skip,skip,fail,fail,,,42,0.2.0-draft,2026-08-04
yhwcaodofmbusjurawhp.supabase.co,1,0,Absent,,fail,fail,fail,fail,skip,skip,skip,fail,fail,,,14,0.2.0-draft,2026-08-04
yiditu.tech,1,85,Connectable,,fail,fail,pass,fail,pass,fail,skip,pass,pass,,legacy,21,0.2.0-draft,2026-08-04
yieldsignal.vercel.app,1,0,Absent,,fail,fail,fail,fail,skip,skip,skip,fail,fail,,,26,0.2.0-draft,2026-08-04
yigather.com,1,0,Absent,,fail,fail,fail,fail,skip,skip,skip,fail,fail,,,17,0.2.0-draft,2026-08-04
yoauto.md,1,50,Discoverable,,pass,fail,fail,pass,skip,skip,skip,pass,pass,mcp-server-card-json,,14,0.2.0-draft,2026-08-04
yoku.app,1,0,Absent,,fail,fail,fail,fail,skip,skip,skip,fail,fail,,,30,0.2.0-draft,2026-08-04
yolfi.com,1,10,Text-only,,fail,fail,fail,fail,skip,skip,skip,pass,fail,,,17,0.2.0-draft,2026-08-04
yondry.app,1,10,Text-only,,fail,fail,fail,fail,skip,skip,skip,pass,fail,,,14,0.2.0-draft,2026-08-04
yonyon.ai,1,50,Discoverable,,pass,fail,fail,pass,fail,skip,skip,pass,pass,ai-catalog|mcp-json|mcp-server-card-json,,18,0.2.0-draft,2026-08-04
you.com,1,80,Connectable,,fail,fail,pass,pass,pass,fail,skip,pass,fail,,modern,24,0.2.0-draft,2026-08-04
youfiliate-mcp.onrender.com,1,0,Absent,,fail,fail,fail,fail,skip,skip,skip,fail,fail,,,27,0.2.0-draft,2026-08-04
your-host.com,1,0,Absent,,error,fail,fail,error,skip,skip,skip,fail,fail,,,3,0.2.0-draft,2026-08-04
yourmatflow.com,1,50,Discoverable,,pass,fail,fail,fail,skip,skip,skip,pass,pass,mcp-json,,16,0.2.0-draft,2026-08-04
youtubestudiomcp.com,1,35,Discoverable,,pass,fail,fail,fail,skip,skip,skip,fail,fail,mcp-server-card-json,,29,0.2.0-draft,2026-08-04
youtubetranscriptdownload.com,1,5,Text-only,,fail,fail,fail,fail,skip,skip,skip,fail,pass,,,13,0.2.0-draft,2026-08-04
ysenseai.org,1,0,Absent,,fail,fail,fail,fail,skip,skip,skip,fail,fail,,,14,0.2.0-draft,2026-08-04
ytbulktranscript.app,1,0,Absent,,fail,fail,fail,fail,skip,skip,skip,fail,fail,,,25,0.2.0-draft,2026-08-04
yul-gasmaster-mcp.vercel.app,1,0,Absent,,fail,fail,fail,fail,skip,skip,skip,fail,fail,,,26,0.2.0-draft,2026-08-04
yungle.co,1,10,Text-only,,fail,fail,fail,fail,skip,skip,skip,pass,fail,,,13,0.2.0-draft,2026-08-04
yusuke8h.workers.dev,1,0,Absent,,error,fail,fail,error,skip,skip,skip,fail,fail,,,6,0.2.0-draft,2026-08-04
ywabnlhkmhbyewqhbsjm.supabase.co,1,0,Absent,,fail,fail,fail,fail,skip,skip,skip,fail,fail,,,14,0.2.0-draft,2026-08-04
z03.azurefd.net,1,0,Absent,,error,fail,fail,error,skip,skip,skip,fail,fail,,,9,0.2.0-draft,2026-08-04
zad.tools,1,0,Absent,,fail,fail,fail,fail,skip,skip,skip,fail,fail,,,26,0.2.0-draft,2026-08-04
zahabprice.com,1,100,Agent-ready,,pass,fail,fail,fail,pass,pass,pass,pass,pass,mcp-json|mcp-server-card-json,legacy,26,0.2.0-draft,2026-08-04
zairalabs.ai,1,50,Discoverable,,pass,fail,fail,fail,fail,skip,skip,pass,pass,ai-catalog|mcp-server-card-json,,17,0.2.0-draft,2026-08-04
zaklad.app,1,15,Text-only,,fail,fail,fail,fail,skip,skip,skip,pass,pass,,,14,0.2.0-draft,2026-08-04
zandomeni.eu,1,15,Text-only,,fail,fail,fail,fail,skip,skip,skip,pass,pass,,,14,0.2.0-draft,2026-08-04
zapier.com,1,50,Discoverable,,pass,fail,fail,fail,fail,skip,skip,pass,pass,ai-catalog|mcp-server-card-json,,21,0.2.0-draft,2026-08-04
zarklab.ai,1,5,Text-only,,fail,fail,fail,fail,skip,skip,skip,fail,pass,,,28,0.2.0-draft,2026-08-04
zaroniacalculator.co.za,1,0,Absent,,fail,fail,fail,fail,skip,skip,skip,fail,fail,,,17,0.2.0-draft,2026-08-04
zarq.ai,1,15,Text-only,,fail,fail,fail,fail,skip,skip,skip,pass,pass,,,19,0.2.0-draft,2026-08-04
zation1.workers.dev,1,0,Absent,,error,fail,fail,error,skip,skip,skip,fail,fail,,,6,0.2.0-draft,2026-08-04
zavod-stanki.ru,1,85,Connectable,,pass,fail,fail,fail,pass,pass,fail,pass,pass,ai-catalog|mcp-json|mcp-bare|mcp-server-card-json,legacy,30,0.2.0-draft,2026-08-04
zeblink.io,1,0,Absent,,fail,fail,fail,fail,skip,skip,skip,fail,fail,,,17,0.2.0-draft,2026-08-04
zeltser.com,1,0,Absent,,fail,fail,fail,fail,skip,skip,skip,fail,fail,,,14,0.2.0-draft,2026-08-04
zelume.io,1,50,Discoverable,,fail,fail,fail,pass,skip,skip,skip,pass,pass,,,26,0.2.0-draft,2026-08-04
zenable.app,1,0,Absent,,fail,fail,fail,fail,skip,skip,skip,fail,fail,,,30,0.2.0-draft,2026-08-04
zenarion.ch,1,50,Discoverable,,fail,fail,fail,pass,skip,skip,skip,pass,pass,,,14,0.2.0-draft,2026-08-04
zencap.ai,1,5,Text-only,,fail,fail,fail,fail,skip,skip,skip,fail,pass,,,16,0.2.0-draft,2026-08-04
zenfin.tech,1,70,Connectable,,fail,fail,pass,pass,pass,fail,skip,fail,fail,,modern,35,0.2.0-draft,2026-08-04
zenithserver.duckdns.org,1,0,Absent,,fail,fail,fail,fail,skip,skip,skip,fail,fail,,,26,0.2.0-draft,2026-08-04
zenovay.com,1,50,Discoverable,,pass,fail,fail,pass,skip,skip,skip,pass,pass,mcp-server-card-json,,15,0.2.0-draft,2026-08-04
zentrik.ai,1,10,Text-only,,fail,fail,fail,fail,skip,skip,skip,pass,fail,,,14,0.2.0-draft,2026-08-04
zenvault.eu,1,85,Connectable,,pass,fail,fail,pass,pass,pass,fail,pass,pass,mcp-server-card-json,legacy,22,0.2.0-draft,2026-08-04
zephex.dev,1,50,Discoverable,,pass,fail,fail,pass,skip,skip,skip,pass,pass,mcp-json|mcp-server-card-json,,13,0.2.0-draft,2026-08-04
zerm.dev,1,80,Connectable,,pass,fail,pass,fail,pass,fail,skip,pass,fail,mcp-json,legacy,19,0.2.0-draft,2026-08-04
zernio.com,1,80,Connectable,,pass,fail,pass,pass,pass,fail,skip,pass,fail,mcp-server-card-json,modern,22,0.2.0-draft,2026-08-04
zerno.one,1,70,Connectable,,pass,fail,pass,pass,pass,fail,skip,fail,fail,mcp-bare,modern,17,0.2.0-draft,2026-08-04
zernote.com,1,85,Connectable,,pass,fail,fail,pass,pass,fail,skip,pass,pass,mcp-server-card-json,modern,16,0.2.0-draft,2026-08-04
zero-leak-mcp.vercel.app,1,0,Absent,,fail,fail,fail,fail,skip,skip,skip,fail,fail,,,27,0.2.0-draft,2026-08-04
zero-wispy-shadow-3951.fly.dev,1,10,Text-only,,error,fail,fail,error,skip,skip,skip,pass,fail,,,20,0.2.0-draft,2026-08-04
zerodrop.dev,1,5,Text-only,,fail,fail,fail,fail,skip,skip,skip,fail,pass,,,16,0.2.0-draft,2026-08-04
zerodust.xyz,1,10,Text-only,,fail,fail,fail,fail,skip,skip,skip,pass,fail,,,28,0.2.0-draft,2026-08-04
zeroheight.com,1,70,Connectable,,fail,fail,pass,pass,pass,fail,skip,fail,fail,,modern,23,0.2.0-draft,2026-08-04
zeroknowledge-vault-mcp.vercel.app,1,0,Absent,,fail,fail,fail,fail,skip,skip,skip,fail,fail,,,26,0.2.0-draft,2026-08-04
zetadeck.com,1,45,Discoverable,,fail,fail,fail,pass,skip,skip,skip,pass,fail,,,13,0.2.0-draft,2026-08-04
zevari.ai,1,5,Text-only,,fail,fail,fail,fail,skip,skip,skip,fail,pass,,,16,0.2.0-draft,2026-08-04
zheng-he.top,1,85,Connectable,,fail,fail,pass,fail,pass,pass,pass,fail,fail,,legacy,22,0.2.0-draft,2026-08-04
zhenjiazhou0127.workers.dev,1,0,Absent,,error,fail,fail,error,skip,skip,skip,fail,fail,,,6,0.2.0-draft,2026-08-04
zhenwiaphfwetckfysod.supabase.co,1,0,Absent,,fail,fail,fail,fail,skip,skip,skip,fail,fail,,,14,0.2.0-draft,2026-08-04
zhihuo.net,1,15,Text-only,,fail,fail,fail,fail,skip,skip,skip,pass,pass,,,16,0.2.0-draft,2026-08-04
ziggsai.com,1,0,Absent,,fail,fail,fail,fail,skip,skip,skip,fail,fail,,,17,0.2.0-draft,2026-08-04
zigpoll.com,1,0,Absent,,fail,fail,fail,fail,skip,skip,skip,fail,fail,,,31,0.2.0-draft,2026-08-04
zillapi.com,1,50,Discoverable,,pass,fail,fail,pass,skip,skip,skip,pass,pass,mcp-server-card-json,,15,0.2.0-draft,2026-08-04
zimac.ai,1,0,Absent,,fail,fail,fail,fail,skip,skip,skip,fail,fail,,,14,0.2.0-draft,2026-08-04
zine.ai,1,35,Discoverable,,fail,fail,fail,pass,skip,skip,skip,fail,fail,,,12,0.2.0-draft,2026-08-04
zinema.tv,1,95,Agent-ready,,pass,fail,fail,fail,pass,pass,pass,pass,fail,mcp-json,legacy,17,0.2.0-draft,2026-08-04
zip-tax.com,1,0,Absent,,error,fail,fail,error,skip,skip,skip,fail,fail,,,43,0.2.0-draft,2026-08-04
zip.tax,1,10,Text-only,,fail,fail,fail,fail,skip,skip,skip,pass,fail,,,22,0.2.0-draft,2026-08-04
zipexplore.com,1,5,Text-only,,fail,fail,fail,fail,skip,skip,skip,fail,pass,,,32,0.2.0-draft,2026-08-04
zippfeed.com,1,50,Discoverable,,pass,fail,fail,fail,skip,skip,skip,pass,pass,mcp-json,,15,0.2.0-draft,2026-08-04
zipquote.ai,1,5,Text-only,,fail,fail,fail,fail,skip,skip,skip,fail,pass,,,17,0.2.0-draft,2026-08-04
zircular.io,1,15,Text-only,,fail,fail,fail,fail,skip,skip,skip,pass,pass,,,16,0.2.0-draft,2026-08-04
zktecoiot.com,1,0,Absent,,fail,fail,fail,fail,skip,skip,skip,fail,fail,,,16,0.2.0-draft,2026-08-04
zmo.de,1,0,Absent,,fail,fail,fail,fail,skip,skip,skip,fail,fail,,,28,0.2.0-draft,2026-08-04
zobrx.com,1,80,Connectable,,fail,fail,pass,pass,pass,fail,skip,pass,fail,,legacy,36,0.2.0-draft,2026-08-04
zollo.live,1,15,Text-only,,fail,fail,fail,fail,skip,skip,skip,pass,pass,,,20,0.2.0-draft,2026-08-04
zomato.com,1,0,Absent,,error,fail,fail,error,skip,skip,skip,fail,fail,,,29,0.2.0-draft,2026-08-04
zoninga.com,1,80,Connectable,,fail,fail,pass,pass,pass,fail,skip,pass,fail,,modern,19,0.2.0-draft,2026-08-04
zoningsignal.com,1,85,Connectable,,pass,fail,pass,fail,pass,fail,skip,pass,pass,mcp-json,legacy,20,0.2.0-draft,2026-08-04
zoningverdict.com,1,15,Text-only,,fail,fail,fail,fail,skip,skip,skip,pass,pass,,,15,0.2.0-draft,2026-08-04
zooid.fund,1,15,Text-only,,fail,fail,fail,fail,skip,skip,skip,pass,pass,,,15,0.2.0-draft,2026-08-04
zooza.app,1,0,Absent,,fail,fail,fail,fail,skip,skip,skip,fail,fail,,,18,0.2.0-draft,2026-08-04
zopaf-mcp-production.up.railway.app,1,0,Absent,,error,fail,fail,error,skip,skip,skip,fail,fail,,,39,0.2.0-draft,2026-08-04
zoteus.com,1,10,Text-only,,fail,fail,fail,fail,skip,skip,skip,pass,fail,,,17,0.2.0-draft,2026-08-04
zoteus.duckdns.org,1,0,Absent,,error,fail,fail,error,skip,skip,skip,fail,fail,,,50,0.2.0-draft,2026-08-04
zoxron.com,1,45,Discoverable,,pass,fail,fail,fail,skip,skip,skip,pass,fail,mcp-server-card-json,,16,0.2.0-draft,2026-08-04
zsign-z72c.onrender.com,1,35,Discoverable,,fail,fail,fail,pass,skip,skip,skip,fail,fail,,,27,0.2.0-draft,2026-08-04
zsign.io,1,45,Discoverable,,fail,fail,fail,pass,skip,skip,skip,pass,fail,,,15,0.2.0-draft,2026-08-04
zuckerbot.ai,1,85,Connectable,,fail,fail,pass,pass,pass,fail,skip,pass,pass,,modern,19,0.2.0-draft,2026-08-04
zugabot.ai,1,10,Text-only,,fail,fail,fail,fail,skip,skip,skip,pass,fail,,,15,0.2.0-draft,2026-08-04
zugferd-validator.de,1,15,Text-only,,fail,fail,fail,fail,skip,skip,skip,pass,pass,,,16,0.2.0-draft,2026-08-04
zuluworksai.com,1,40,Discoverable,,pass,fail,fail,fail,skip,skip,skip,fail,pass,mcp-server-card-json,,15,0.2.0-draft,2026-08-04
zuplo.app,1,0,Absent,,fail,fail,fail,fail,skip,skip,skip,fail,fail,,,27,0.2.0-draft,2026-08-04
zvid.io,1,70,Connectable,,fail,fail,pass,pass,pass,fail,skip,fail,fail,,modern,23,0.2.0-draft,2026-08-04
zwier.app,1,10,Text-only,,fail,fail,fail,fail,skip,skip,skip,pass,fail,,,17,0.2.0-draft,2026-08-04
zwitchy.io,1,95,Agent-ready,,fail,fail,pass,fail,pass,pass,pass,pass,fail,,legacy,20,0.2.0-draft,2026-08-04
zxoar.fi,1,10,Text-only,,fail,fail,fail,fail,skip,skip,skip,pass,fail,,,15,0.2.0-draft,2026-08-04
zyberno.com,1,10,Text-only,,fail,fail,fail,fail,skip,skip,skip,pass,fail,,,15,0.2.0-draft,2026-08-04
zykm9qkk7j.workers.dev,1,0,Absent,,error,fail,fail,error,skip,skip,skip,fail,fail,,,7,0.2.0-draft,2026-08-04
zylalabs.com,1,0,Absent,,fail,fail,fail,fail,skip,skip,skip,fail,fail,,,17,0.2.0-draft,2026-08-04
zyntra.app,1,0,Absent,,fail,fail,fail,fail,skip,skip,skip,fail,fail,,,18,0.2.0-draft,2026-08-04
zype.com,1,0,Absent,,fail,fail,fail,fail,skip,skip,skip,fail,fail,,,31,0.2.0-draft,2026-08-04
