apex,assessed,score,band,unassessed_reason,D1,D2,D3,D4,D5,D6,D7,C1,Q1,F1,F2,candidates_responded,protocol_era,requests,methodology_version,candidates_version
0.space,1,15,Text-only,,fail,fail,fail,fail,skip,skip,fail,skip,skip,pass,pass,,,23,0.4.0,2026-08-07
0523.tw,1,85,Connectable,,fail,fail,pass,pass,pass,fail,fail,skip,skip,pass,pass,,modern,18,0.4.0,2026-08-07
0latency.ai,1,45,Discoverable,,pass,fail,fail,fail,fail,skip,fail,skip,skip,pass,fail,mcp-server-card-json,,36,0.4.0,2026-08-07
0nmcp.com,1,50,Discoverable,,pass,fail,fail,pass,skip,skip,fail,skip,skip,pass,pass,mcp-json,,27,0.4.0,2026-08-07
0xarchive.io,1,85,Connectable,,pass,fail,pass,pass,pass,fail,fail,skip,skip,pass,pass,ai-catalog|mcp-server-card-json,modern,26,0.4.0,2026-08-07
0xdirectping.com,1,0,Absent,,error,fail,fail,error,skip,skip,error,skip,skip,fail,fail,,,28,0.4.0,2026-08-07
0xhumans-mcp-proxy.vercel.app,1,70,Connectable,,fail,fail,pass,fail,pass,fail,fail,skip,skip,fail,fail,,legacy,33,0.4.0,2026-08-07
1001locals.com,1,15,Text-only,,fail,fail,fail,fail,skip,skip,fail,skip,skip,pass,pass,,,16,0.4.0,2026-08-07
100hires.com,1,10,Text-only,,fail,fail,fail,fail,skip,skip,fail,skip,skip,pass,fail,,,18,0.4.0,2026-08-07
101soundboards.com,1,5,Text-only,,fail,fail,fail,fail,skip,skip,fail,skip,skip,fail,pass,,,16,0.4.0,2026-08-07
1145.am,1,40,Discoverable,,pass,fail,fail,fail,skip,skip,fail,skip,skip,fail,pass,mcp-json,,15,0.4.0,2026-08-07
11agents.ai,1,10,Text-only,,fail,fail,fail,fail,skip,skip,fail,skip,skip,pass,fail,,,15,0.4.0,2026-08-07
123elec.com,1,70,Connectable,,pass,fail,fail,fail,pass,fail,fail,pass,skip,fail,fail,mcp-json,legacy,36,0.4.0,2026-08-07
1325.ai,1,15,Text-only,,fail,fail,fail,fail,skip,skip,fail,skip,skip,pass,pass,,,14,0.4.0,2026-08-07
13flow.eu,1,70,Connectable,,fail,fail,pass,fail,pass,fail,fail,skip,skip,fail,fail,,legacy,20,0.4.0,2026-08-07
1clickreport.com,1,10,Text-only,,fail,fail,fail,fail,skip,skip,fail,skip,skip,pass,fail,,,31,0.4.0,2026-08-07
1inch.com,1,10,Text-only,,fail,fail,fail,fail,skip,skip,fail,skip,skip,pass,fail,,,16,0.4.0,2026-08-07
1social.dev,1,0,Absent,,fail,fail,fail,fail,skip,skip,fail,skip,skip,fail,fail,,,17,0.4.0,2026-08-07
1stdibs.com,1,5,Text-only,,fail,fail,fail,fail,skip,skip,fail,skip,skip,fail,pass,,,37,0.4.0,2026-08-07
2022.cat,1,50,Discoverable,,pass,fail,fail,fail,skip,skip,fail,skip,skip,pass,pass,mcp-server-card-json,,18,0.4.0,2026-08-07
21st.dev,1,15,Text-only,,fail,fail,fail,fail,skip,skip,fail,skip,skip,pass,pass,,,20,0.4.0,2026-08-07
2c08-27-4-120-4.ngrok-free.app,1,0,Absent,,error,fail,fail,error,skip,skip,error,skip,skip,fail,fail,,,54,0.4.0,2026-08-07
2oapi.xyz,1,45,Discoverable,,pass,fail,fail,fail,skip,skip,fail,skip,skip,pass,fail,mcp-server-card-json,,29,0.4.0,2026-08-07
2ools.app,1,10,Text-only,,skip,fail,fail,skip,skip,skip,fail,skip,skip,pass,fail,,,5,0.4.0,2026-08-07
3ceng.cn,1,0,Absent,,fail,fail,fail,fail,skip,skip,fail,skip,skip,fail,fail,,,15,0.4.0,2026-08-07
3d-meshweaver-mcp.vercel.app,1,0,Absent,,fail,fail,fail,fail,skip,skip,fail,skip,skip,fail,fail,,,28,0.4.0,2026-08-07
3doptix.com,1,0,Absent,,fail,fail,fail,fail,skip,skip,fail,skip,skip,fail,fail,,,31,0.4.0,2026-08-07
3dpack.ing,1,0,Absent,,fail,fail,fail,fail,skip,skip,fail,skip,skip,fail,fail,,,15,0.4.0,2026-08-07
3dstreet.app,1,0,Absent,,fail,fail,fail,fail,skip,skip,fail,skip,skip,fail,fail,,,15,0.4.0,2026-08-07
3keys.world,1,15,Text-only,,fail,fail,fail,fail,skip,skip,fail,skip,skip,pass,pass,,,15,0.4.0,2026-08-07
3tg.dev,1,45,Discoverable,,fail,pass,fail,fail,skip,skip,fail,skip,skip,pass,fail,,,22,0.4.0,2026-08-07
402.bot,1,0,Absent,,error,fail,fail,error,skip,skip,error,skip,skip,fail,fail,,,54,0.4.0,2026-08-07
402.coffee,1,0,Absent,,fail,fail,fail,fail,skip,skip,fail,skip,skip,fail,fail,,,16,0.4.0,2026-08-07
402oracle.com,1,95,Agent-ready,,fail,fail,pass,fail,pass,pass,fail,skip,pass,pass,fail,,legacy,20,0.4.0,2026-08-07
448c.org,1,70,Connectable,,fail,fail,pass,fail,pass,fail,fail,skip,skip,fail,fail,,legacy,33,0.4.0,2026-08-07
4bots.net,1,35,Discoverable,,pass,fail,fail,fail,fail,skip,fail,skip,skip,fail,fail,mcp-json,,26,0.4.0,2026-08-07
4fetch.com,1,0,Absent,,fail,fail,fail,fail,skip,skip,fail,skip,skip,fail,fail,,,20,0.4.0,2026-08-07
52choujiang.com,1,0,Absent,,fail,fail,fail,fail,skip,skip,fail,skip,skip,fail,fail,,,17,0.4.0,2026-08-07
530amodel.com,1,85,Connectable,,pass,fail,fail,fail,pass,pass,fail,skip,fail,pass,pass,mcp-json,legacy,22,0.4.0,2026-08-07
558686.xyz,1,15,Text-only,,fail,fail,fail,fail,skip,skip,fail,skip,skip,pass,pass,,,31,0.4.0,2026-08-07
5arz.com,1,15,Text-only,,fail,fail,fail,fail,skip,skip,fail,skip,skip,pass,pass,,,17,0.4.0,2026-08-07
5pu357jdkqc3qynzkjvu3okgqy0ncsiy.lambda-url.us-east-1.on.aws,1,0,Absent,,fail,fail,fail,fail,skip,skip,fail,skip,skip,fail,fail,,,28,0.4.0,2026-08-07
636865636b73756d.com,1,0,Absent,,error,fail,fail,error,skip,skip,error,skip,skip,fail,fail,,,3,0.4.0,2026-08-07
68cxgfyr0.workers.dev,1,0,Absent,,error,fail,fail,error,skip,skip,error,skip,skip,fail,fail,,,6,0.4.0,2026-08-07
6ducklearn.com,1,85,Connectable,,fail,fail,pass,pass,pass,fail,fail,skip,skip,pass,pass,,modern,18,0.4.0,2026-08-07
70ug3hqb29.execute-api.us-east-1.amazonaws.com,1,0,Absent,,fail,fail,fail,fail,skip,skip,fail,skip,skip,fail,fail,,,15,0.4.0,2026-08-07
787daily.com,1,100,Agent-ready,,fail,fail,pass,fail,pass,pass,fail,skip,pass,pass,pass,,modern,23,0.4.0,2026-08-07
7qc1f4ft9d.execute-api.us-west-2.amazonaws.com,1,0,Absent,,fail,fail,fail,fail,skip,skip,fail,skip,skip,fail,fail,,,15,0.4.0,2026-08-07
80l.app,1,0,Absent,,fail,fail,fail,fail,skip,skip,fail,skip,skip,fail,fail,,,17,0.4.0,2026-08-07
869biz.com,1,0,Absent,,error,fail,fail,error,skip,skip,error,skip,skip,fail,fail,,,3,0.4.0,2026-08-07
8p5dmrjzl1.execute-api.eu-north-1.amazonaws.com,1,0,Absent,,fail,fail,fail,fail,skip,skip,fail,skip,skip,fail,fail,,,15,0.4.0,2026-08-07
911fund.io,1,0,Absent,,fail,fail,fail,fail,skip,skip,fail,skip,skip,fail,fail,,,15,0.4.0,2026-08-07
91eaaf4b-0a31-4f81-971a-86dc09a31986-00-2a9kujnvh541f-mwardvi0.kirk.replit.dev,1,0,Absent,,fail,fail,fail,fail,skip,skip,fail,skip,skip,fail,fail,,,28,0.4.0,2026-08-07
a0985344368.workers.dev,1,0,Absent,,error,fail,fail,error,skip,skip,error,skip,skip,fail,fail,,,6,0.4.0,2026-08-07
a1.gallery,1,50,Discoverable,,fail,fail,fail,pass,skip,skip,fail,skip,skip,pass,pass,,,29,0.4.0,2026-08-07
a11ychk.com,1,0,Absent,,fail,fail,fail,fail,skip,skip,fail,skip,skip,fail,fail,,,27,0.4.0,2026-08-07
a2a-artifact-handoff.onrender.com,1,0,Absent,,fail,fail,fail,fail,skip,skip,fail,skip,skip,fail,fail,,,28,0.4.0,2026-08-07
a2a2p.com,1,100,Agent-ready,,fail,fail,pass,fail,pass,pass,fail,skip,pass,pass,pass,,modern,19,0.4.0,2026-08-07
a2abench-mcp-remote-405318049509.us-central1.run.app,1,0,Absent,,fail,fail,fail,fail,skip,skip,fail,skip,skip,fail,fail,,,54,0.4.0,2026-08-07
a2abench-mcp.web.app,1,0,Absent,,fail,fail,fail,fail,skip,skip,fail,skip,skip,fail,fail,,,31,0.4.0,2026-08-07
a2ainfrastructure.com,1,15,Text-only,,fail,fail,fail,fail,skip,skip,fail,skip,skip,pass,pass,,,18,0.4.0,2026-08-07
a2awire.com,1,50,Discoverable,,pass,fail,fail,fail,skip,skip,fail,skip,skip,pass,pass,mcp-server-card-json,,15,0.4.0,2026-08-07
a2ax.fly.dev,1,0,Absent,,error,fail,fail,error,skip,skip,error,skip,skip,fail,fail,,,41,0.4.0,2026-08-07
a2me.app,1,15,Text-only,,fail,fail,fail,fail,skip,skip,fail,skip,skip,pass,pass,,,17,0.4.0,2026-08-07
a3eecosystem.com,1,5,Text-only,,fail,fail,fail,fail,skip,skip,fail,skip,skip,fail,pass,,,15,0.4.0,2026-08-07
aaif.io,1,15,Text-only,,fail,fail,fail,fail,skip,skip,fail,skip,skip,pass,pass,,,14,0.4.0,2026-08-07
aapl.se,1,10,Text-only,,fail,fail,fail,fail,skip,skip,fail,skip,skip,pass,fail,,,15,0.4.0,2026-08-07
aarna.ai,1,10,Text-only,,fail,fail,fail,fail,skip,skip,fail,skip,skip,pass,fail,,,36,0.4.0,2026-08-07
aatos.dev,1,85,Connectable,,pass,fail,pass,fail,pass,fail,fail,skip,skip,pass,pass,mcp-json,legacy,33,0.4.0,2026-08-07
abbyseo.com,1,100,Agent-ready,,fail,fail,pass,fail,pass,pass,fail,skip,pass,pass,pass,,legacy,37,0.4.0,2026-08-07
abdominal.in,1,0,Absent,,error,fail,fail,error,skip,skip,error,skip,skip,fail,fail,,,3,0.4.0,2026-08-07
abhijitjavelin.github.io,1,0,Absent,,fail,fail,fail,fail,skip,skip,fail,skip,skip,fail,fail,,,28,0.4.0,2026-08-07
ablakarajanlat.hu,1,95,Agent-ready,,fail,fail,pass,fail,pass,pass,fail,skip,pass,pass,fail,,legacy,33,0.4.0,2026-08-07
ablakunio.com,1,15,Text-only,,fail,fail,fail,fail,skip,skip,fail,skip,skip,pass,pass,,,40,0.4.0,2026-08-07
abm.dev,1,15,Text-only,,fail,fail,fail,fail,skip,skip,fail,skip,skip,pass,pass,,,17,0.4.0,2026-08-07
abmeter.ai,1,80,Connectable,,fail,fail,pass,pass,pass,fail,fail,skip,skip,pass,fail,,legacy,22,0.4.0,2026-08-07
abundanceapis.com,1,100,Agent-ready,,fail,fail,pass,fail,pass,pass,fail,skip,pass,pass,pass,,legacy,20,0.4.0,2026-08-07
abyssfallgame.com,1,10,Text-only,,fail,fail,fail,fail,skip,skip,fail,skip,skip,pass,fail,,,29,0.4.0,2026-08-07
academic-intel-mcp-production.up.railway.app,1,0,Absent,,error,fail,fail,error,skip,skip,error,skip,skip,fail,fail,,,41,0.4.0,2026-08-07
accountingqb.com,1,15,Text-only,,fail,fail,fail,fail,skip,skip,fail,skip,skip,pass,pass,,,17,0.4.0,2026-08-07
accrue.cc,1,50,Discoverable,,pass,fail,fail,fail,skip,skip,fail,skip,skip,pass,pass,mcp-json,,15,0.4.0,2026-08-07
accruedev.com,1,0,Absent,,fail,fail,fail,fail,skip,skip,fail,skip,skip,fail,fail,,,16,0.4.0,2026-08-07
accurecord.io,1,80,Connectable,,fail,fail,pass,fail,pass,fail,fail,skip,skip,pass,fail,,modern,21,0.4.0,2026-08-07
aceadvising.com,1,5,Text-only,,fail,fail,fail,fail,skip,skip,fail,skip,skip,fail,pass,,,26,0.4.0,2026-08-07
acerank.in,1,0,Absent,,fail,fail,fail,fail,skip,skip,fail,skip,skip,fail,fail,,,17,0.4.0,2026-08-07
achillesalpha.onrender.com,1,45,Discoverable,,pass,fail,fail,fail,skip,skip,fail,skip,skip,pass,fail,mcp-json|mcp-server-card-json,,28,0.4.0,2026-08-07
achriom.com,1,0,Absent,,fail,fail,fail,fail,skip,skip,fail,skip,skip,fail,fail,,,23,0.4.0,2026-08-07
acjlabs.com,1,10,Text-only,,fail,fail,fail,fail,skip,skip,fail,skip,skip,pass,fail,,,15,0.4.0,2026-08-07
acjlabs.workers.dev,1,0,Absent,,error,fail,fail,error,skip,skip,error,skip,skip,fail,fail,,,6,0.4.0,2026-08-07
aclimacao.sampa.br,1,100,Agent-ready,,pass,fail,pass,fail,pass,pass,fail,pass,pass,pass,pass,mcp-json,legacy,22,0.4.0,2026-08-07
acopio.dev,1,80,Connectable,,pass,fail,pass,pass,pass,fail,fail,skip,skip,pass,fail,mcp-server-card-json,modern,20,0.4.0,2026-08-07
acornonaut.app,1,40,Discoverable,,pass,fail,fail,fail,skip,skip,fail,skip,skip,fail,pass,mcp-json,,16,0.4.0,2026-08-07
acprompt.com,1,45,Discoverable,,pass,fail,fail,pass,skip,skip,fail,skip,skip,pass,fail,mcp-server-card-json,,29,0.4.0,2026-08-07
acquislaw.com,1,0,Absent,,fail,fail,fail,fail,skip,skip,fail,skip,skip,fail,fail,,,15,0.4.0,2026-08-07
actablesite.com,1,100,Agent-ready,,pass,fail,fail,fail,pass,pass,fail,pass,pass,pass,pass,mcp-json|mcp-server-card-json,legacy,19,0.4.0,2026-08-07
actimate.io,1,0,Absent,,fail,fail,fail,fail,skip,skip,fail,skip,skip,fail,fail,,,29,0.4.0,2026-08-07
actimateai.io,1,0,Absent,,error,fail,fail,error,skip,skip,error,skip,skip,fail,fail,,,4,0.4.0,2026-08-07
actiongate.xyz,1,80,Connectable,,fail,fail,pass,fail,pass,fail,fail,skip,skip,pass,fail,,legacy,22,0.4.0,2026-08-07
actionlayer.io,1,15,Text-only,,fail,fail,fail,fail,skip,skip,fail,skip,skip,pass,pass,,,16,0.4.0,2026-08-07
activated-ai.ru,1,0,Absent,,fail,fail,fail,fail,skip,skip,fail,skip,skip,fail,fail,,,28,0.4.0,2026-08-07
activatedai.ru,1,95,Agent-ready,,fail,fail,pass,pass,pass,pass,fail,skip,pass,pass,fail,,modern,23,0.4.0,2026-08-07
actuallycare.com,1,10,Text-only,,fail,fail,fail,fail,skip,skip,fail,skip,skip,pass,fail,,,17,0.4.0,2026-08-07
actvt.io,1,10,Text-only,,fail,fail,fail,fail,skip,skip,fail,skip,skip,pass,fail,,,16,0.4.0,2026-08-07
acuris-geo.com,1,0,Absent,,fail,fail,fail,fail,skip,skip,fail,skip,skip,fail,fail,,,30,0.4.0,2026-08-07
ad-sniper-mcp.vercel.app,1,0,Absent,,fail,fail,fail,fail,skip,skip,fail,skip,skip,fail,fail,,,28,0.4.0,2026-08-07
ad-spend-auditor-mcp.vercel.app,1,0,Absent,,fail,fail,fail,fail,skip,skip,fail,skip,skip,fail,fail,,,28,0.4.0,2026-08-07
adadvisor.ai,1,15,Text-only,,fail,fail,fail,fail,skip,skip,fail,skip,skip,pass,pass,,,14,0.4.0,2026-08-07
adaptika.io,1,0,Absent,,fail,fail,fail,fail,skip,skip,fail,skip,skip,fail,fail,,,16,0.4.0,2026-08-07
adbloop.com,1,75,Connectable,,fail,fail,pass,pass,pass,pass,fail,skip,fail,fail,pass,,modern,23,0.4.0,2026-08-07
adbutler.com,1,15,Text-only,,fail,fail,fail,fail,skip,skip,fail,skip,skip,pass,pass,,,19,0.4.0,2026-08-07
adcritter.com,1,0,Absent,,fail,fail,fail,fail,skip,skip,fail,skip,skip,fail,fail,,,20,0.4.0,2026-08-07
adcrunch.dev,1,10,Text-only,,fail,fail,fail,fail,skip,skip,fail,skip,skip,pass,fail,,,17,0.4.0,2026-08-07
address-validator-x402-production.up.railway.app,1,0,Absent,,fail,fail,fail,fail,skip,skip,fail,skip,skip,fail,fail,,,28,0.4.0,2026-08-07
addresstozip.jp,1,100,Agent-ready,,pass,fail,pass,fail,pass,pass,fail,pass,pass,pass,pass,mcp-server-card-json,legacy,20,0.4.0,2026-08-07
adeu.ai,1,50,Discoverable,,fail,pass,fail,fail,skip,skip,fail,skip,skip,pass,pass,,,16,0.4.0,2026-08-07
adextract.co,1,10,Text-only,,fail,fail,fail,fail,skip,skip,fail,skip,skip,pass,fail,,,17,0.4.0,2026-08-07
adgentek.ai,1,15,Text-only,,fail,fail,fail,fail,skip,skip,fail,skip,skip,pass,pass,,,17,0.4.0,2026-08-07
adkit.so,1,0,Absent,,fail,fail,fail,fail,skip,skip,fail,skip,skip,fail,fail,,,17,0.4.0,2026-08-07
admaxxer.com,1,50,Discoverable,,fail,fail,fail,pass,skip,skip,fail,skip,skip,pass,pass,,,13,0.4.0,2026-08-07
admit-coach.com,1,15,Text-only,,fail,fail,fail,fail,skip,skip,fail,skip,skip,pass,pass,,,14,0.4.0,2026-08-07
admitbase.com,1,50,Discoverable,,pass,fail,fail,fail,fail,skip,fail,skip,skip,pass,pass,mcp-json,,15,0.4.0,2026-08-07
adologyai.com,1,80,Connectable,,fail,fail,pass,pass,pass,fail,fail,skip,skip,pass,fail,,modern,23,0.4.0,2026-08-07
adopte-un-conteneur.fr,1,10,Text-only,,fail,fail,fail,fail,skip,skip,fail,skip,skip,pass,fail,,,28,0.4.0,2026-08-07
adramp.ai,1,0,Absent,,fail,fail,fail,fail,skip,skip,fail,skip,skip,fail,fail,,,18,0.4.0,2026-08-07
adrianczuczka.com,1,5,Text-only,,fail,fail,fail,fail,skip,skip,fail,skip,skip,fail,pass,,,14,0.4.0,2026-08-07
adrkit.dev,1,10,Text-only,,fail,fail,fail,fail,skip,skip,fail,skip,skip,pass,fail,,,16,0.4.0,2026-08-07
adsagent.org,1,35,Discoverable,,fail,fail,fail,pass,skip,skip,fail,skip,skip,fail,fail,,,18,0.4.0,2026-08-07
adside.ai,1,10,Text-only,,fail,fail,fail,fail,skip,skip,fail,skip,skip,pass,fail,,,28,0.4.0,2026-08-07
adspirer.com,1,15,Text-only,,fail,fail,fail,fail,skip,skip,fail,skip,skip,pass,pass,,,26,0.4.0,2026-08-07
adtao.io,1,15,Text-only,,fail,fail,fail,fail,skip,skip,fail,skip,skip,pass,pass,,,17,0.4.0,2026-08-07
adufloridainfo.com,1,15,Text-only,,fail,fail,fail,fail,skip,skip,fail,skip,skip,pass,pass,,,29,0.4.0,2026-08-07
advalorem.io,1,15,Text-only,,fail,fail,fail,fail,skip,skip,fail,skip,skip,pass,pass,,,15,0.4.0,2026-08-07
advisorfinder.com,1,10,Text-only,,fail,fail,fail,fail,skip,skip,fail,skip,skip,pass,fail,,,15,0.4.0,2026-08-07
advocatemcp.com,1,15,Text-only,,fail,fail,fail,fail,skip,skip,fail,skip,skip,pass,pass,,,18,0.4.0,2026-08-07
adweave.ai,1,15,Text-only,,fail,fail,fail,fail,skip,skip,fail,skip,skip,pass,pass,,,17,0.4.0,2026-08-07
adwhispr.com,1,45,Discoverable,,fail,fail,fail,pass,skip,skip,fail,skip,skip,pass,fail,,,17,0.4.0,2026-08-07
adwhiz.ai,1,15,Text-only,,fail,fail,fail,fail,skip,skip,fail,skip,skip,pass,pass,,,30,0.4.0,2026-08-07
aegis-policy-mcp.vercel.app,1,0,Absent,,fail,fail,fail,fail,skip,skip,fail,skip,skip,fail,fail,,,28,0.4.0,2026-08-07
aegisgov-contracts.vercel.app,1,0,Absent,,fail,fail,fail,fail,skip,skip,fail,skip,skip,fail,fail,,,28,0.4.0,2026-08-07
aeml-x402.zeabur.app,1,95,Agent-ready,,fail,fail,pass,fail,pass,pass,fail,skip,pass,pass,fail,,legacy,33,0.4.0,2026-08-07
aeoess.com,1,50,Discoverable,,pass,fail,fail,fail,fail,skip,fail,skip,skip,pass,pass,mcp-json,,22,0.4.0,2026-08-07
aeotool.io,1,50,Discoverable,,fail,fail,fail,pass,skip,skip,fail,skip,skip,pass,pass,,,17,0.4.0,2026-08-07
aerware.ai,1,15,Text-only,,fail,fail,fail,fail,skip,skip,fail,skip,skip,pass,pass,,,16,0.4.0,2026-08-07
aerynw.workers.dev,1,0,Absent,,error,fail,fail,error,skip,skip,error,skip,skip,fail,fail,,,6,0.4.0,2026-08-07
aethereum.dev,1,50,Discoverable,,pass,fail,fail,fail,fail,skip,fail,skip,skip,pass,pass,mcp-server-card-json,,29,0.4.0,2026-08-07
aetheris-mcp.onrender.com,1,0,Absent,,fail,fail,fail,fail,skip,skip,fail,skip,skip,fail,fail,,,28,0.4.0,2026-08-07
aetherwealth.ai,1,15,Text-only,,fail,fail,fail,fail,skip,skip,fail,skip,skip,pass,pass,,,18,0.4.0,2026-08-07
aevia.cloud,1,10,Text-only,,fail,fail,fail,fail,skip,skip,fail,skip,skip,pass,fail,,,17,0.4.0,2026-08-07
aevumsecurity.com.sg,1,80,Connectable,,pass,fail,fail,fail,pass,fail,fail,pass,skip,pass,fail,mcp-json,legacy,21,0.4.0,2026-08-07
aex402.com,1,5,Text-only,,fail,fail,fail,fail,skip,skip,fail,skip,skip,fail,pass,,,18,0.4.0,2026-08-07
afbudsrejser.dk,1,95,Agent-ready,,fail,fail,pass,fail,pass,pass,fail,skip,pass,pass,fail,,legacy,32,0.4.0,2026-08-07
afdinstitute.com,1,10,Text-only,,fail,fail,fail,fail,skip,skip,fail,skip,skip,pass,fail,,,19,0.4.0,2026-08-07
affogata.com,1,10,Text-only,,fail,fail,fail,fail,skip,skip,fail,skip,skip,pass,fail,,,29,0.4.0,2026-08-07
afmr.ai,1,85,Connectable,,pass,fail,fail,fail,pass,pass,fail,pass,fail,pass,pass,mcp-json,legacy,19,0.4.0,2026-08-07
africanmarketos.com,1,50,Discoverable,,pass,fail,fail,fail,skip,skip,pass,skip,skip,pass,pass,mcp-json|mcp-bare|mcp-server-card-json,,15,0.4.0,2026-08-07
afriref.dev,1,10,Text-only,,fail,fail,fail,fail,skip,skip,fail,skip,skip,pass,fail,,,16,0.4.0,2026-08-07
afterlaunch.io,1,50,Discoverable,,pass,fail,fail,pass,skip,skip,fail,skip,skip,pass,pass,mcp-json,,14,0.4.0,2026-08-07
aftership.com,1,0,Absent,,fail,fail,fail,fail,skip,skip,fail,skip,skip,fail,fail,,,32,0.4.0,2026-08-07
agenda.rio.br,1,100,Agent-ready,,pass,fail,pass,fail,pass,pass,fail,pass,pass,pass,pass,mcp-json,legacy,22,0.4.0,2026-08-07
agenda.sampa.br,1,100,Agent-ready,,pass,fail,pass,fail,pass,pass,fail,pass,pass,pass,pass,mcp-json,legacy,22,0.4.0,2026-08-07
agent-api-production-169b.up.railway.app,1,10,Text-only,,fail,fail,fail,fail,skip,skip,fail,skip,skip,pass,fail,,,29,0.4.0,2026-08-07
agent-commerce-guard.vercel.app,1,80,Connectable,,fail,fail,pass,fail,pass,fail,fail,skip,skip,pass,fail,,legacy,33,0.4.0,2026-08-07
agent-data-platform.onrender.com,1,80,Connectable,,fail,fail,pass,fail,pass,fail,fail,skip,skip,pass,fail,,legacy,33,0.4.0,2026-08-07
agent-factory-gateway-production.up.railway.app,1,70,Connectable,,fail,fail,pass,fail,pass,fail,fail,skip,skip,fail,fail,,legacy,33,0.4.0,2026-08-07
agent-guild-5d5r.onrender.com,1,10,Text-only,,fail,fail,fail,fail,skip,skip,fail,skip,skip,pass,fail,,,28,0.4.0,2026-08-07
agent-handoff-production-573c.up.railway.app,1,85,Connectable,,fail,fail,pass,fail,pass,pass,fail,skip,pass,fail,fail,,legacy,33,0.4.0,2026-08-07
agent-hub-henna.vercel.app,1,85,Connectable,,fail,fail,pass,fail,pass,fail,fail,skip,skip,pass,pass,,legacy,33,0.4.0,2026-08-07
agent-infra.workers.dev,1,0,Absent,,error,fail,fail,error,skip,skip,error,skip,skip,fail,fail,,,6,0.4.0,2026-08-07
agent-memory-api.vercel.app,1,35,Discoverable,,pass,fail,fail,fail,skip,skip,fail,skip,skip,fail,fail,mcp-server-card-json,,28,0.4.0,2026-08-07
agent-memory-production-6506.up.railway.app,1,0,Absent,,fail,fail,fail,fail,skip,skip,fail,skip,skip,fail,fail,,,28,0.4.0,2026-08-07
agent-module.dev,1,100,Agent-ready,,pass,fail,pass,fail,pass,pass,fail,skip,pass,pass,pass,mcp-json,legacy,21,0.4.0,2026-08-07
agent-phone-mcp.vercel.app,1,0,Absent,,fail,fail,fail,fail,skip,skip,fail,skip,skip,fail,fail,,,28,0.4.0,2026-08-07
agent-pulse-seven.vercel.app,1,80,Connectable,,pass,fail,pass,fail,pass,fail,fail,pass,skip,pass,fail,mcp-server-card-json,legacy,33,0.4.0,2026-08-07
agent-ready.dev,1,85,Connectable,,pass,fail,fail,pass,pass,fail,fail,pass,skip,pass,pass,mcp-json|mcp-bare|mcp-server-card-json,legacy,25,0.4.0,2026-08-07
agent-rescue-desk.netlify.app,1,80,Connectable,,pass,fail,pass,fail,pass,fail,fail,pass,skip,pass,fail,mcp-json,legacy,33,0.4.0,2026-08-07
agent-rescue.vercel.app,1,10,Text-only,,fail,fail,fail,fail,skip,skip,fail,skip,skip,pass,fail,,,28,0.4.0,2026-08-07
agent-router.org,1,15,Text-only,,fail,fail,fail,fail,skip,skip,fail,skip,skip,pass,pass,,,27,0.4.0,2026-08-07
agent-services-seven.vercel.app,1,45,Discoverable,,pass,fail,fail,fail,skip,skip,fail,skip,skip,pass,fail,mcp-server-card-json,,28,0.4.0,2026-08-07
agent-signal-production.up.railway.app,1,0,Absent,,fail,fail,fail,fail,skip,skip,fail,skip,skip,fail,fail,,,28,0.4.0,2026-08-07
agent-svg-registry.vercel.app,1,0,Absent,,fail,fail,fail,fail,skip,skip,fail,skip,skip,fail,fail,,,28,0.4.0,2026-08-07
agent-teller-production.up.railway.app,1,0,Absent,,fail,fail,fail,fail,skip,skip,fail,skip,skip,fail,fail,,,28,0.4.0,2026-08-07
agent-tools.cloud,1,35,Discoverable,,pass,fail,fail,fail,skip,skip,fail,skip,skip,fail,fail,mcp-json,,15,0.4.0,2026-08-07
agent-tune.com,1,100,Agent-ready,,pass,fail,pass,fail,pass,pass,fail,pass,pass,pass,pass,mcp-server-card-json,legacy,20,0.4.0,2026-08-07
agent-vending-factory-3srpjtr7na-ew.a.run.app,1,0,Absent,,fail,fail,fail,fail,skip,skip,fail,skip,skip,fail,fail,,,28,0.4.0,2026-08-07
agent4.io,1,10,Text-only,,fail,fail,fail,fail,skip,skip,fail,skip,skip,pass,fail,,,23,0.4.0,2026-08-07
agent402.tools,1,85,Connectable,,fail,fail,pass,fail,pass,fail,fail,skip,skip,pass,pass,,legacy,20,0.4.0,2026-08-07
agentaegis-mcp-production.up.railway.app,1,0,Absent,,fail,fail,fail,fail,skip,skip,fail,skip,skip,fail,fail,,,28,0.4.0,2026-08-07
agentage.io,1,15,Text-only,,fail,fail,fail,fail,skip,skip,fail,skip,skip,pass,pass,,,17,0.4.0,2026-08-07
agentanalytics.sh,1,10,Text-only,,fail,fail,fail,fail,skip,skip,fail,skip,skip,pass,fail,,,18,0.4.0,2026-08-07
agentarena.site,1,50,Discoverable,,pass,fail,fail,fail,skip,skip,fail,skip,skip,pass,pass,mcp-server-card-json,,14,0.4.0,2026-08-07
agentbase.tools,1,0,Absent,,fail,fail,fail,fail,skip,skip,fail,skip,skip,fail,fail,,,21,0.4.0,2026-08-07
agentbazaar.tech,1,45,Discoverable,,pass,fail,fail,fail,skip,skip,fail,skip,skip,pass,fail,mcp-json,,15,0.4.0,2026-08-07
agentberg.ai,1,0,Absent,,fail,fail,fail,fail,skip,skip,fail,skip,skip,fail,fail,,,15,0.4.0,2026-08-07
agentblueprint.workers.dev,1,0,Absent,,error,fail,fail,error,skip,skip,error,skip,skip,fail,fail,,,6,0.4.0,2026-08-07
agentbooks.workers.dev,1,0,Absent,,error,fail,fail,error,skip,skip,error,skip,skip,fail,fail,,,3,0.4.0,2026-08-07
agentbrush.dev,1,10,Text-only,,fail,fail,fail,fail,skip,skip,fail,skip,skip,pass,fail,,,16,0.4.0,2026-08-07
agentbuilders.app,1,5,Text-only,,fail,fail,fail,fail,skip,skip,fail,skip,skip,fail,pass,,,18,0.4.0,2026-08-07
agentcard.sh,1,85,Connectable,,pass,fail,pass,pass,pass,fail,fail,skip,skip,pass,pass,mcp-server-card-json,modern,34,0.4.0,2026-08-07
agentcat.ai,1,10,Text-only,,fail,fail,fail,fail,skip,skip,fail,skip,skip,pass,fail,,,15,0.4.0,2026-08-07
agentcat.com,1,10,Text-only,,fail,fail,fail,fail,skip,skip,fail,skip,skip,pass,fail,,,17,0.4.0,2026-08-07
agentcentral.to,1,15,Text-only,,fail,fail,fail,fail,skip,skip,fail,skip,skip,pass,pass,,,16,0.4.0,2026-08-07
agentcommunity.org,1,100,Agent-ready,,pass,fail,pass,fail,pass,pass,fail,pass,pass,pass,pass,ai-catalog|mcp-json|mcp-bare|mcp-server-card-json,modern,20,0.4.0,2026-08-07
agentcouch.dev,1,10,Text-only,,fail,fail,fail,fail,skip,skip,fail,skip,skip,pass,fail,,,17,0.4.0,2026-08-07
agentcrush.xyz,1,50,Discoverable,,pass,fail,fail,fail,fail,skip,fail,skip,skip,pass,pass,mcp-json,,15,0.4.0,2026-08-07
agentdata-api.com,1,50,Discoverable,,pass,fail,fail,fail,skip,skip,fail,skip,skip,pass,pass,mcp-json,,15,0.4.0,2026-08-07
agentdata-liquidity-exit-cost.onrender.com,1,10,Text-only,,fail,fail,fail,fail,skip,skip,fail,skip,skip,pass,fail,,,29,0.4.0,2026-08-07
agentdatum.com,1,100,Agent-ready,,pass,fail,pass,fail,pass,pass,fail,pass,pass,pass,pass,ai-catalog|mcp-json|mcp-server-card-json,legacy,20,0.4.0,2026-08-07
agentdeals-production.up.railway.app,1,45,Discoverable,,pass,fail,fail,fail,skip,skip,fail,skip,skip,pass,fail,mcp-json|mcp-bare|mcp-server-card-json,,28,0.4.0,2026-08-07
agentdeals.dev,1,50,Discoverable,,pass,fail,fail,fail,skip,skip,fail,skip,skip,pass,pass,mcp-json|mcp-bare|mcp-server-card-json,,15,0.4.0,2026-08-07
agentdemand.network,1,0,Absent,,fail,fail,fail,fail,skip,skip,fail,skip,skip,fail,fail,,,15,0.4.0,2026-08-07
agentdevx-production.up.railway.app,1,0,Absent,,fail,fail,fail,fail,skip,skip,fail,skip,skip,fail,fail,,,28,0.4.0,2026-08-07
agentdilemma.com,1,0,Absent,,fail,fail,fail,fail,skip,skip,fail,skip,skip,fail,fail,,,15,0.4.0,2026-08-07
agentdm.ai,1,15,Text-only,,fail,fail,fail,fail,skip,skip,fail,skip,skip,pass,pass,,,16,0.4.0,2026-08-07
agentdocs.eu,1,85,Connectable,,fail,fail,pass,pass,pass,fail,fail,skip,skip,pass,pass,,modern,18,0.4.0,2026-08-07
agentdomain.cloud,1,0,Absent,,error,fail,fail,error,skip,skip,error,skip,skip,fail,fail,,,46,0.4.0,2026-08-07
agentdomainsearch.com,1,15,Text-only,,fail,fail,fail,fail,skip,skip,fail,skip,skip,pass,pass,,,30,0.4.0,2026-08-07
agentdrive.run,1,80,Connectable,,fail,fail,pass,pass,pass,fail,fail,skip,skip,pass,fail,,modern,31,0.4.0,2026-08-07
agentdrive.sh,1,90,Agent-ready,,fail,fail,pass,fail,pass,pass,fail,skip,pass,fail,pass,,legacy,28,0.4.0,2026-08-07
agentegalicia.com,1,80,Connectable,,pass,fail,pass,fail,pass,fail,fail,pass,skip,pass,fail,mcp-server-card-json,legacy,20,0.4.0,2026-08-07
agentery.com,1,35,Discoverable,,pass,fail,fail,fail,fail,skip,fail,skip,skip,fail,fail,mcp-json|mcp-server-card-json,,15,0.4.0,2026-08-07
agentexchange.work,1,10,Text-only,,fail,fail,fail,fail,skip,skip,fail,skip,skip,pass,fail,,,15,0.4.0,2026-08-07
agentfeeds.jp,1,0,Absent,,error,fail,fail,error,skip,skip,error,skip,skip,fail,fail,,,5,0.4.0,2026-08-07
agentfilings.com,1,0,Absent,,skip,fail,fail,skip,skip,skip,skip,skip,skip,skip,fail,,,4,0.4.0,2026-08-07
agentflow.watch,1,5,Text-only,,fail,fail,fail,fail,skip,skip,fail,skip,skip,fail,pass,,,15,0.4.0,2026-08-07
agentforge-taupe.vercel.app,1,20,Text-only,,fail,fail,pass,fail,fail,skip,fail,skip,skip,fail,fail,,,36,0.4.0,2026-08-07
agentfulfyl.com,1,100,Agent-ready,,fail,fail,pass,fail,pass,pass,fail,skip,pass,pass,pass,,legacy,20,0.4.0,2026-08-07
agentfund.net,1,5,Text-only,,fail,fail,fail,fail,skip,skip,fail,skip,skip,fail,pass,,,15,0.4.0,2026-08-07
agentgauge.ai,1,85,Connectable,,pass,fail,pass,fail,pass,fail,fail,pass,skip,pass,pass,mcp-json|mcp-server-card-json,legacy,39,0.4.0,2026-08-07
agentgrade.com,1,50,Discoverable,,pass,fail,fail,fail,skip,skip,fail,skip,skip,pass,pass,mcp-json|mcp-server-card-json,,14,0.4.0,2026-08-07
agentic-ads-production.up.railway.app,1,0,Absent,,fail,fail,fail,fail,skip,skip,fail,skip,skip,fail,fail,,,28,0.4.0,2026-08-07
agentic-ads.onrender.com,1,0,Absent,,fail,fail,fail,fail,skip,skip,fail,skip,skip,fail,fail,,,54,0.4.0,2026-08-07
agentic-ai-production-e711.up.railway.app,1,0,Absent,,fail,fail,fail,fail,skip,skip,fail,skip,skip,fail,fail,,,28,0.4.0,2026-08-07
agentic-firmenbuch.at,1,0,Absent,,error,fail,fail,error,skip,skip,error,skip,skip,fail,fail,,,44,0.4.0,2026-08-07
agentic-mermaid.dev,1,95,Agent-ready,,pass,fail,pass,fail,pass,pass,pass,pass,pass,pass,fail,ai-catalog|mcp-json,modern,19,0.4.0,2026-08-07
agentic-news.ai,1,15,Text-only,,fail,fail,fail,fail,skip,skip,fail,skip,skip,pass,pass,,,15,0.4.0,2026-08-07
agentic-prompt.com,1,10,Text-only,,fail,fail,fail,fail,skip,skip,fail,skip,skip,pass,fail,,,15,0.4.0,2026-08-07
agentic-security-shield-mcp-production.up.railway.app,1,0,Absent,,fail,fail,fail,fail,skip,skip,fail,skip,skip,fail,fail,,,28,0.4.0,2026-08-07
agentic.ai,1,10,Text-only,,fail,fail,fail,fail,skip,skip,fail,skip,skip,pass,fail,,,15,0.4.0,2026-08-07
agenticaffiliate.ai,1,0,Absent,,fail,fail,fail,fail,skip,skip,fail,skip,skip,fail,fail,,,17,0.4.0,2026-08-07
agenticbi.com,1,0,Absent,,fail,fail,fail,fail,skip,skip,fail,skip,skip,fail,fail,,,29,0.4.0,2026-08-07
agenticcontrolplane.com,1,100,Agent-ready,,fail,fail,pass,pass,pass,pass,fail,skip,pass,pass,pass,,legacy,24,0.4.0,2026-08-07
agenticemail.dev,1,50,Discoverable,,pass,fail,fail,fail,skip,skip,fail,skip,skip,pass,pass,mcp-server-card-json,,18,0.4.0,2026-08-07
agenticfabricationnetwork.ai,1,10,Text-only,,fail,fail,fail,fail,skip,skip,fail,skip,skip,pass,fail,,,15,0.4.0,2026-08-07
agenticfeed.ai,1,100,Agent-ready,,fail,fail,pass,fail,pass,pass,fail,skip,pass,pass,pass,,legacy,20,0.4.0,2026-08-07
agenticmemory.ai,1,15,Text-only,,fail,fail,fail,fail,skip,skip,fail,skip,skip,pass,pass,,,17,0.4.0,2026-08-07
agenticpaywall.com,1,10,Text-only,,fail,fail,fail,fail,skip,skip,fail,skip,skip,pass,fail,,,15,0.4.0,2026-08-07
agenticrail.nz,1,50,Discoverable,,pass,fail,fail,fail,skip,skip,fail,skip,skip,pass,pass,mcp-server-card-json,,16,0.4.0,2026-08-07
agenticshelf.ai,1,0,Absent,,fail,fail,fail,fail,skip,skip,fail,skip,skip,fail,fail,,,30,0.4.0,2026-08-07
agenticsubstrate.org,1,85,Connectable,,pass,fail,pass,fail,pass,pass,fail,fail,fail,pass,pass,ai-catalog|mcp-json,legacy,20,0.4.0,2026-08-07
agenticterminal.ai,1,0,Absent,,fail,fail,fail,fail,skip,skip,fail,skip,skip,fail,fail,,,17,0.4.0,2026-08-07
agentictotem.com,1,35,Discoverable,,pass,fail,fail,fail,skip,skip,fail,skip,skip,fail,fail,mcp-json|mcp-bare,,19,0.4.0,2026-08-07
agentictrade.io,1,50,Discoverable,,pass,fail,fail,fail,fail,skip,fail,skip,skip,pass,pass,mcp-json,,17,0.4.0,2026-08-07
agentline.cloud,1,10,Text-only,,fail,fail,fail,fail,skip,skip,fail,skip,skip,pass,fail,,,15,0.4.0,2026-08-07
agentlock.net,1,15,Text-only,,fail,fail,fail,fail,skip,skip,fail,skip,skip,pass,pass,,,15,0.4.0,2026-08-07
agentlookups.ai,1,10,Text-only,,fail,fail,fail,fail,skip,skip,fail,skip,skip,pass,fail,,,28,0.4.0,2026-08-07
agentlore.vercel.app,1,0,Absent,,fail,fail,fail,fail,skip,skip,fail,skip,skip,fail,fail,,,28,0.4.0,2026-08-07
agentlux.ai,1,45,Discoverable,,pass,fail,fail,fail,skip,skip,fail,skip,skip,pass,fail,mcp-server-card-json,,14,0.4.0,2026-08-07
agently.dev,1,85,Connectable,,fail,fail,pass,pass,pass,fail,fail,skip,skip,pass,pass,,modern,22,0.4.0,2026-08-07
agentmail.to,1,85,Connectable,,pass,fail,pass,pass,pass,fail,fail,skip,skip,pass,pass,mcp-server-card-json,modern,36,0.4.0,2026-08-07
agentmemory.space,1,80,Connectable,,pass,fail,pass,fail,pass,fail,fail,skip,skip,pass,fail,mcp-server-card-json,modern,25,0.4.0,2026-08-07
agentmetal.dev,1,50,Discoverable,,pass,fail,fail,fail,skip,skip,fail,skip,skip,pass,pass,mcp-server-card-json,,16,0.4.0,2026-08-07
agentmuseum.org,1,85,Connectable,,pass,fail,pass,fail,pass,pass,fail,pass,fail,pass,pass,mcp-json,legacy,20,0.4.0,2026-08-07
agentndx-production.up.railway.app,1,0,Absent,,fail,fail,fail,fail,skip,skip,fail,skip,skip,fail,fail,,,28,0.4.0,2026-08-07
agentnet-api.onrender.com,1,35,Discoverable,,pass,fail,fail,pass,skip,skip,fail,skip,skip,fail,fail,mcp-json,,28,0.4.0,2026-08-07
agentnx.ai,1,40,Discoverable,,pass,fail,fail,fail,fail,skip,fail,skip,skip,fail,pass,mcp-json,,21,0.4.0,2026-08-07
agentopskit.dev,1,0,Absent,,fail,fail,fail,fail,skip,skip,fail,skip,skip,fail,fail,,,29,0.4.0,2026-08-07
agentorist.com,1,35,Discoverable,,pass,fail,fail,fail,skip,skip,fail,skip,skip,fail,fail,mcp-json,,16,0.4.0,2026-08-07
agentpapers.dev,1,10,Text-only,,fail,fail,fail,fail,skip,skip,fail,skip,skip,pass,fail,,,18,0.4.0,2026-08-07
agentpay.so,1,5,Text-only,,fail,fail,fail,fail,skip,skip,fail,skip,skip,fail,pass,,,16,0.4.0,2026-08-07
agentpays.dev,1,0,Absent,,fail,fail,fail,fail,skip,skip,fail,skip,skip,fail,fail,,,15,0.4.0,2026-08-07
agentphone.ai,1,15,Text-only,,fail,fail,fail,fail,skip,skip,fail,skip,skip,pass,pass,,,19,0.4.0,2026-08-07
agentphone.to,1,0,Absent,,fail,fail,fail,fail,skip,skip,fail,skip,skip,fail,fail,,,18,0.4.0,2026-08-07
agentplaybooks.ai,1,5,Text-only,,fail,fail,fail,fail,skip,skip,fail,skip,skip,fail,pass,,,15,0.4.0,2026-08-07
agentpmt.com,1,80,Connectable,,pass,fail,fail,pass,pass,fail,fail,skip,skip,pass,fail,mcp-json|mcp-bare|mcp-server-card-json,modern,40,0.4.0,2026-08-07
agentq.id,1,0,Absent,,fail,fail,fail,fail,skip,skip,fail,skip,skip,fail,fail,,,17,0.4.0,2026-08-07
agentramp.io,1,15,Text-only,,fail,fail,fail,fail,skip,skip,fail,skip,skip,pass,pass,,,19,0.4.0,2026-08-07
agentrank.info,1,15,Text-only,,fail,fail,fail,fail,skip,skip,error,skip,skip,pass,pass,,,19,0.4.0,2026-08-07
agentrapay.ai,1,100,Agent-ready,,fail,fail,pass,fail,pass,pass,fail,skip,pass,pass,pass,,legacy,22,0.4.0,2026-08-07
agentready.it.com,1,50,Discoverable,,pass,fail,fail,fail,fail,skip,fail,skip,skip,pass,pass,mcp-json,,29,0.4.0,2026-08-07
agentready.market,1,50,Discoverable,,pass,fail,fail,fail,fail,skip,fail,skip,skip,pass,pass,ai-catalog|mcp-server-card-json,,27,0.4.0,2026-08-07
agentready.me,1,45,Discoverable,,pass,fail,fail,fail,fail,skip,fail,skip,skip,pass,fail,mcp-json,,29,0.4.0,2026-08-07
agentreputation.dev,1,85,Connectable,,fail,fail,pass,fail,pass,fail,fail,skip,skip,pass,pass,,legacy,20,0.4.0,2026-08-07
agentrider.vercel.app,1,80,Connectable,,fail,fail,pass,fail,pass,fail,fail,skip,skip,pass,fail,,legacy,33,0.4.0,2026-08-07
agentry.com,1,80,Connectable,,pass,fail,fail,fail,pass,fail,fail,fail,skip,pass,fail,mcp-json,legacy,22,0.4.0,2026-08-07
agentsandswarms.ai,1,15,Text-only,,fail,fail,fail,fail,skip,skip,fail,skip,skip,pass,pass,,,30,0.4.0,2026-08-07
agentsbase.net,1,45,Discoverable,,pass,fail,fail,fail,skip,skip,fail,skip,skip,pass,fail,ai-catalog|mcp-server-serra|mcp-json|mcp-bare|mcp-server-card-json,,14,0.4.0,2026-08-07
agentsconsultants.com,1,0,Absent,,error,fail,fail,error,skip,skip,error,skip,skip,fail,fail,,,4,0.4.0,2026-08-07
agentsearch-mcp.vercel.app,1,70,Connectable,,fail,fail,pass,fail,pass,fail,fail,skip,skip,fail,fail,,legacy,33,0.4.0,2026-08-07
agentsec-mcp.workers.dev,1,0,Absent,,error,fail,fail,error,skip,skip,error,skip,skip,fail,fail,,,6,0.4.0,2026-08-07
agentseo.dev,1,85,Connectable,,pass,fail,fail,fail,pass,fail,pass,skip,skip,pass,pass,mcp-json|mcp-server-card-json,modern,31,0.4.0,2026-08-07
agentservices.to,1,100,Agent-ready,,pass,pass,pass,fail,pass,pass,fail,pass,pass,pass,pass,ai-catalog|mcp-json|mcp-bare|mcp-server-card-json,modern,20,0.4.0,2026-08-07
agentshare.dev,1,50,Discoverable,,pass,fail,fail,fail,skip,skip,fail,skip,skip,pass,pass,mcp-server-card-json,,15,0.4.0,2026-08-07
agentsim.dev,1,45,Discoverable,,pass,fail,fail,pass,skip,skip,pass,skip,skip,pass,fail,mcp-server-card-json,,18,0.4.0,2026-08-07
agentskit.io,1,15,Text-only,,fail,fail,fail,fail,skip,skip,fail,skip,skip,pass,pass,,,28,0.4.0,2026-08-07
agentsprice.com,1,80,Connectable,,pass,fail,fail,fail,pass,fail,fail,fail,skip,pass,fail,mcp-server-serra|mcp-json|mcp-bare|mcp-server-card-json,legacy,19,0.4.0,2026-08-07
agentstamp.org,1,45,Discoverable,,pass,fail,fail,fail,skip,skip,fail,skip,skip,pass,fail,mcp-json|mcp-server-card-json,,15,0.4.0,2026-08-07
agentswitchboard.dev,1,10,Text-only,,fail,fail,fail,fail,skip,skip,fail,skip,skip,pass,fail,,,14,0.4.0,2026-08-07
agenttoll.dev,1,50,Discoverable,,pass,fail,fail,fail,skip,skip,fail,skip,skip,pass,pass,mcp-json,,14,0.4.0,2026-08-07
agenttool.dev,1,0,Absent,,fail,fail,fail,fail,skip,skip,fail,skip,skip,fail,fail,,,16,0.4.0,2026-08-07
agenttrust.ai,1,70,Connectable,,fail,fail,pass,fail,pass,fail,fail,skip,skip,fail,fail,,modern,19,0.4.0,2026-08-07
agentutil.net,1,5,Text-only,,fail,fail,fail,fail,skip,skip,fail,skip,skip,fail,pass,,,15,0.4.0,2026-08-07
agentutility.ai,1,15,Text-only,,fail,fail,fail,fail,skip,skip,fail,skip,skip,pass,pass,,,19,0.4.0,2026-08-07
agentview.de,1,45,Discoverable,,pass,fail,fail,pass,skip,skip,fail,skip,skip,pass,fail,mcp-server-card-json,,15,0.4.0,2026-08-07
agentwork.so,1,0,Absent,,fail,fail,fail,fail,skip,skip,fail,skip,skip,fail,fail,,,17,0.4.0,2026-08-07
agenty.im,1,80,Connectable,,pass,fail,pass,fail,pass,pass,fail,pass,fail,pass,fail,mcp-json,legacy,20,0.4.0,2026-08-07
agentzon.xyz,1,80,Connectable,,fail,fail,pass,fail,pass,fail,fail,skip,skip,pass,fail,,legacy,20,0.4.0,2026-08-07
agialpha.com,1,80,Connectable,,fail,fail,pass,fail,pass,fail,fail,skip,skip,pass,fail,,legacy,20,0.4.0,2026-08-07
agile-sprint-mcp.vercel.app,1,0,Absent,,fail,fail,fail,fail,skip,skip,fail,skip,skip,fail,fail,,,28,0.4.0,2026-08-07
agilitycms.com,1,10,Text-only,,fail,fail,fail,fail,skip,skip,fail,skip,skip,pass,fail,,,17,0.4.0,2026-08-07
agishub.com,1,85,Connectable,,fail,fail,pass,fail,pass,pass,fail,skip,pass,fail,fail,,legacy,22,0.4.0,2026-08-07
agkit.cloud,1,0,Absent,,fail,fail,fail,fail,skip,skip,fail,skip,skip,fail,fail,,,25,0.4.0,2026-08-07
agnic.ai,1,10,Text-only,,fail,fail,fail,fail,skip,skip,fail,skip,skip,pass,fail,,,32,0.4.0,2026-08-07
agnigateway.com,1,45,Discoverable,,pass,fail,fail,fail,skip,skip,fail,skip,skip,pass,fail,mcp-json|mcp-server-card-json,,17,0.4.0,2026-08-07
agoclnqfyinwjxdmjnns.supabase.co,1,0,Absent,,fail,fail,fail,fail,skip,skip,fail,skip,skip,fail,fail,,,15,0.4.0,2026-08-07
agora402.fly.dev,1,0,Absent,,error,fail,fail,error,skip,skip,error,skip,skip,fail,fail,,,3,0.4.0,2026-08-07
agoragentic.com,1,50,Discoverable,,pass,fail,fail,fail,skip,skip,fail,skip,skip,pass,pass,mcp-server-card-json,,16,0.4.0,2026-08-07
agrus.ai,1,10,Text-only,,fail,fail,fail,fail,skip,skip,fail,skip,skip,pass,fail,,,17,0.4.0,2026-08-07
agundur.de,1,95,Agent-ready,,pass,fail,fail,fail,pass,pass,fail,pass,pass,pass,fail,mcp-json,legacy,36,0.4.0,2026-08-07
ahel.io,1,0,Absent,,fail,fail,fail,fail,skip,skip,fail,skip,skip,fail,fail,,,28,0.4.0,2026-08-07
ahmadsl.workers.dev,1,0,Absent,,error,fail,fail,error,skip,skip,error,skip,skip,fail,fail,,,3,0.4.0,2026-08-07
ai-advisors.ai,1,10,Text-only,,fail,fail,fail,fail,skip,skip,fail,skip,skip,pass,fail,,,27,0.4.0,2026-08-07
ai-akari.ai,1,85,Connectable,,pass,fail,fail,fail,pass,pass,fail,pass,fail,pass,pass,mcp-json|mcp-server-card-json,legacy,19,0.4.0,2026-08-07
ai-automation-operating-pack.vercel.app,1,80,Connectable,,fail,fail,pass,fail,pass,fail,fail,skip,skip,pass,fail,,legacy,33,0.4.0,2026-08-07
ai-elevation.azurewebsites.net,1,0,Absent,,fail,fail,fail,fail,skip,skip,fail,skip,skip,fail,fail,,,15,0.4.0,2026-08-07
ai-erd.com,1,0,Absent,,fail,fail,fail,fail,skip,skip,fail,skip,skip,fail,fail,,,15,0.4.0,2026-08-07
ai-fleet-cards-mcp.vercel.app,1,0,Absent,,fail,fail,fail,fail,skip,skip,fail,skip,skip,fail,fail,,,28,0.4.0,2026-08-07
ai-furniture-hub.onrender.com,1,50,Discoverable,,pass,fail,fail,fail,skip,skip,fail,skip,skip,pass,pass,mcp-server-serra|mcp-json|mcp-server-card-json,,28,0.4.0,2026-08-07
ai-gaoqian.xyz,1,0,Absent,,fail,fail,fail,fail,skip,skip,fail,skip,skip,fail,fail,,,15,0.4.0,2026-08-07
ai-gist.com,1,35,Discoverable,,fail,fail,fail,pass,skip,skip,fail,skip,skip,fail,fail,,,15,0.4.0,2026-08-07
ai-humanizer-mcp.vercel.app,1,0,Absent,,fail,fail,fail,fail,skip,skip,fail,skip,skip,fail,fail,,,28,0.4.0,2026-08-07
ai-know.me,1,70,Connectable,,fail,fail,pass,fail,pass,fail,fail,skip,skip,fail,fail,,modern,32,0.4.0,2026-08-07
ai-law-tracker.com,1,80,Connectable,,pass,fail,pass,fail,pass,fail,fail,pass,skip,pass,fail,server-card-endpoint-relative|mcp-server-card-json,legacy,20,0.4.0,2026-08-07
ai-portal.ai,1,15,Text-only,,fail,fail,fail,fail,skip,skip,fail,skip,skip,pass,pass,,,27,0.4.0,2026-08-07
ai-rete-rag.com,1,70,Connectable,,pass,fail,fail,fail,pass,fail,fail,fail,skip,fail,fail,mcp-server-card-json,legacy,24,0.4.0,2026-08-07
ai-rook.com,1,15,Text-only,,fail,fail,fail,fail,skip,skip,fail,skip,skip,pass,pass,,,15,0.4.0,2026-08-07
ai-success-story-20f19ed7769b.herokuapp.com,1,0,Absent,,fail,fail,fail,fail,skip,skip,fail,skip,skip,fail,fail,,,41,0.4.0,2026-08-07
ai-summarizer-x402-production.up.railway.app,1,0,Absent,,fail,fail,fail,fail,skip,skip,fail,skip,skip,fail,fail,,,28,0.4.0,2026-08-07
ai-visibility-index.dev,1,85,Connectable,,pass,fail,fail,fail,pass,pass,fail,skip,pass,fail,fail,mcp-json,legacy,39,0.4.0,2026-08-07
ai-visibility-scanner-production.up.railway.app,1,0,Absent,,fail,fail,fail,fail,skip,skip,fail,skip,skip,fail,fail,,,28,0.4.0,2026-08-07
ai-visionary.xyz,1,80,Connectable,,pass,fail,fail,fail,pass,fail,fail,pass,skip,pass,fail,mcp-json,legacy,18,0.4.0,2026-08-07
ai.church,1,0,Absent,,fail,fail,fail,fail,skip,skip,fail,skip,skip,fail,fail,,,18,0.4.0,2026-08-07
ai.moda,1,0,Absent,,fail,fail,fail,fail,skip,skip,fail,skip,skip,fail,fail,,,29,0.4.0,2026-08-07
ai.tv,1,15,Text-only,,fail,fail,fail,fail,skip,skip,fail,skip,skip,pass,pass,,,15,0.4.0,2026-08-07
ai2fin.com,1,15,Text-only,,fail,fail,fail,fail,skip,skip,fail,skip,skip,pass,pass,,,15,0.4.0,2026-08-07
aiaam.xyz,1,0,Absent,,fail,fail,fail,fail,skip,skip,fail,skip,skip,fail,fail,,,15,0.4.0,2026-08-07
aiactradar.com,1,30,Text-only,,fail,fail,pass,fail,fail,skip,fail,skip,skip,pass,fail,,,22,0.4.0,2026-08-07
aiagentsbay.com,1,35,Discoverable,,pass,fail,fail,pass,skip,skip,fail,skip,skip,fail,fail,mcp-json,,15,0.4.0,2026-08-07
aiakiv.com,1,10,Text-only,,fail,fail,fail,fail,skip,skip,fail,skip,skip,pass,fail,,,30,0.4.0,2026-08-07
aiapplyd.com,1,100,Agent-ready,,fail,fail,pass,pass,pass,pass,fail,skip,pass,pass,pass,,legacy,23,0.4.0,2026-08-07
aibooma.com,1,0,Absent,,fail,fail,fail,fail,skip,skip,fail,skip,skip,fail,fail,,,30,0.4.0,2026-08-07
aibvf.com,1,0,Absent,,fail,fail,fail,fail,skip,skip,fail,skip,skip,fail,fail,,,31,0.4.0,2026-08-07
aic0rt3x.dev,1,10,Text-only,,fail,fail,fail,fail,skip,skip,fail,skip,skip,pass,fail,,,37,0.4.0,2026-08-07
aicandidatehub.com,1,5,Text-only,,fail,fail,fail,fail,skip,skip,fail,skip,skip,fail,pass,,,15,0.4.0,2026-08-07
aicatalog.com.ua,1,35,Discoverable,,pass,fail,fail,fail,skip,skip,pass,skip,skip,fail,fail,mcp-server-card-json,,22,0.4.0,2026-08-07
aicomglobal.com,1,80,Connectable,,fail,fail,pass,fail,pass,fail,fail,skip,skip,pass,fail,,legacy,20,0.4.0,2026-08-07
aicomglobal.onrender.com,1,80,Connectable,,fail,fail,pass,fail,pass,fail,fail,skip,skip,pass,fail,,legacy,33,0.4.0,2026-08-07
aicommander.dev,1,50,Discoverable,,fail,fail,fail,pass,skip,skip,fail,skip,skip,pass,pass,,,15,0.4.0,2026-08-07
aiconduit.app,1,15,Text-only,,fail,fail,fail,fail,skip,skip,fail,skip,skip,pass,pass,,,18,0.4.0,2026-08-07
aidatanorge.no,1,75,Connectable,,fail,fail,pass,fail,pass,fail,fail,skip,skip,fail,pass,,legacy,24,0.4.0,2026-08-07
aidc-ai.io,1,10,Text-only,,fail,fail,fail,fail,skip,skip,fail,skip,skip,pass,fail,,,23,0.4.0,2026-08-07
aidelly.ai,1,15,Text-only,,fail,fail,fail,fail,skip,skip,fail,skip,skip,pass,pass,,,30,0.4.0,2026-08-07
aidemos.com,1,100,Agent-ready,,fail,fail,pass,fail,pass,pass,fail,skip,pass,pass,pass,,legacy,22,0.4.0,2026-08-07
aidesignblueprint.com,1,85,Connectable,,pass,fail,fail,pass,pass,fail,fail,pass,skip,pass,pass,mcp-bare|mcp-server-card-json,legacy,20,0.4.0,2026-08-07
aidevboard.com,1,100,Agent-ready,,pass,fail,pass,fail,pass,pass,fail,pass,pass,pass,pass,mcp-json,legacy,20,0.4.0,2026-08-07
aidoos.com,1,100,Agent-ready,,pass,fail,fail,fail,pass,pass,fail,pass,pass,pass,pass,mcp-server-card-json,legacy,27,0.4.0,2026-08-07
aiegis.ie,1,50,Discoverable,,pass,fail,fail,fail,fail,skip,fail,skip,skip,pass,pass,mcp-json,,18,0.4.0,2026-08-07
aient.ai,1,45,Discoverable,,fail,fail,fail,pass,skip,skip,fail,skip,skip,pass,fail,,,17,0.4.0,2026-08-07
aiframework.com.au,1,35,Discoverable,,pass,fail,fail,fail,skip,skip,fail,skip,skip,fail,fail,mcp-bare|mcp-server-card-json,,15,0.4.0,2026-08-07
aigramx.com,1,50,Discoverable,,pass,fail,fail,pass,fail,skip,fail,skip,skip,pass,pass,mcp-server-card-json,,15,0.4.0,2026-08-07
aihomedesign.com,1,0,Absent,,fail,fail,fail,fail,skip,skip,fail,skip,skip,fail,fail,,,18,0.4.0,2026-08-07
aiinfradecoded.com,1,5,Text-only,,fail,fail,fail,fail,skip,skip,fail,skip,skip,fail,pass,,,16,0.4.0,2026-08-07
aiinterviewagents.com,1,0,Absent,,fail,fail,fail,fail,skip,skip,fail,skip,skip,fail,fail,,,29,0.4.0,2026-08-07
aikstockdata.com,1,100,Agent-ready,,fail,fail,pass,fail,pass,pass,fail,skip,pass,pass,pass,,legacy,23,0.4.0,2026-08-07
ailabra.org,1,0,Absent,,error,fail,fail,error,skip,skip,error,skip,skip,fail,fail,,,3,0.4.0,2026-08-07
aim-journal.com,1,10,Text-only,,skip,fail,fail,skip,skip,skip,fail,skip,skip,pass,fail,,,8,0.4.0,2026-08-07
aimnis.com,1,45,Discoverable,,pass,fail,fail,fail,skip,skip,fail,skip,skip,pass,fail,mcp-server-card-json,,15,0.4.0,2026-08-07
aindex-ai.com,1,0,Absent,,fail,fail,fail,fail,skip,skip,fail,skip,skip,fail,fail,,,16,0.4.0,2026-08-07
aineedhelpfromotherai.com,1,50,Discoverable,,pass,fail,fail,fail,skip,skip,fail,skip,skip,pass,pass,mcp-server-card-json,,14,0.4.0,2026-08-07
ainetcafe.com,1,50,Discoverable,,pass,fail,fail,fail,skip,skip,fail,skip,skip,pass,pass,mcp-json,,17,0.4.0,2026-08-07
ainote.dev,1,0,Absent,,fail,fail,fail,fail,skip,skip,fail,skip,skip,fail,fail,,,16,0.4.0,2026-08-07
ainpcengine.com,1,10,Text-only,,fail,fail,fail,fail,skip,skip,fail,skip,skip,pass,fail,,,17,0.4.0,2026-08-07
ainumbers.co,1,85,Connectable,,pass,fail,pass,fail,pass,fail,fail,pass,skip,pass,pass,mcp-json|mcp-server-card-json,modern,24,0.4.0,2026-08-07
aioniq.ai,1,15,Text-only,,fail,fail,fail,fail,skip,skip,fail,skip,skip,pass,pass,,,19,0.4.0,2026-08-07
aioproductos.com,1,50,Discoverable,,pass,fail,fail,pass,fail,skip,fail,skip,skip,pass,pass,mcp-json,,20,0.4.0,2026-08-07
aipaygen.com,1,0,Absent,,fail,fail,fail,fail,skip,skip,fail,skip,skip,fail,fail,,,18,0.4.0,2026-08-07
aipaygent.xyz,1,0,Absent,,fail,fail,fail,fail,skip,skip,fail,skip,skip,fail,fail,,,18,0.4.0,2026-08-07
aipocketagent.com,1,95,Agent-ready,,fail,fail,pass,fail,pass,pass,fail,skip,pass,pass,fail,,legacy,20,0.4.0,2026-08-07
aiponge.app,1,10,Text-only,,fail,fail,fail,fail,skip,skip,fail,skip,skip,pass,fail,,,15,0.4.0,2026-08-07
aiponge.com,1,75,Connectable,,fail,fail,pass,pass,pass,fail,fail,skip,skip,fail,pass,,modern,22,0.4.0,2026-08-07
aipricinghub.com,1,15,Text-only,,fail,fail,fail,fail,skip,skip,fail,skip,skip,pass,pass,,,15,0.4.0,2026-08-07
aiproductscout.shop,1,50,Discoverable,,pass,fail,fail,fail,skip,skip,fail,skip,skip,pass,pass,mcp-bare,,16,0.4.0,2026-08-07
aiqaramba.com,1,0,Absent,,fail,fail,fail,fail,skip,skip,fail,skip,skip,fail,fail,,,15,0.4.0,2026-08-07
aiqbee.com,1,10,Text-only,,fail,fail,fail,fail,skip,skip,fail,skip,skip,pass,fail,,,18,0.4.0,2026-08-07
airblockfz.com,1,0,Absent,,fail,fail,fail,fail,skip,skip,fail,skip,skip,fail,fail,,,15,0.4.0,2026-08-07
airbyte.ai,1,70,Connectable,,fail,fail,pass,pass,pass,fail,fail,skip,skip,fail,fail,,modern,23,0.4.0,2026-08-07
airdrop-checker-x402-production.up.railway.app,1,0,Absent,,fail,fail,fail,fail,skip,skip,fail,skip,skip,fail,fail,,,28,0.4.0,2026-08-07
airiskmanagement.ca,1,15,Text-only,,fail,fail,fail,fail,skip,skip,fail,skip,skip,pass,pass,,,14,0.4.0,2026-08-07
airpipe.io,1,80,Connectable,,fail,fail,pass,fail,pass,pass,fail,skip,fail,pass,fail,,legacy,22,0.4.0,2026-08-07
airport-pickups-london.com,1,85,Connectable,,pass,fail,pass,pass,pass,fail,fail,skip,skip,pass,pass,mcp-json,modern,36,0.4.0,2026-08-07
airport-transit-mcp.fly.dev,1,0,Absent,,error,fail,fail,error,skip,skip,error,skip,skip,fail,fail,,,3,0.4.0,2026-08-07
airroi.com,1,80,Connectable,,fail,fail,pass,fail,pass,fail,fail,skip,skip,pass,fail,,modern,22,0.4.0,2026-08-07
airshelf.ai,1,70,Connectable,,fail,fail,pass,fail,pass,fail,fail,skip,skip,fail,fail,,legacy,24,0.4.0,2026-08-07
airtable.com,1,70,Connectable,,pass,fail,pass,pass,pass,fail,fail,skip,skip,fail,fail,ai-catalog,modern,24,0.4.0,2026-08-07
airtreks.com,1,15,Text-only,,fail,fail,fail,fail,skip,skip,fail,skip,skip,pass,pass,,,19,0.4.0,2026-08-07
airweave.ai,1,0,Absent,,fail,fail,fail,fail,skip,skip,fail,skip,skip,fail,fail,,,18,0.4.0,2026-08-07
airy-enthusiasm-production.up.railway.app,1,95,Agent-ready,,fail,fail,pass,fail,pass,pass,fail,skip,pass,pass,fail,,legacy,33,0.4.0,2026-08-07
aisecuritygateway.ai,1,0,Absent,,fail,fail,fail,fail,skip,skip,fail,skip,skip,fail,fail,,,15,0.4.0,2026-08-07
aiservices.to,1,35,Discoverable,,error,pass,fail,error,skip,skip,error,skip,skip,fail,fail,,,46,0.4.0,2026-08-07
aiskillstore.io,1,50,Discoverable,,pass,fail,fail,fail,fail,skip,fail,skip,skip,pass,pass,mcp-json|mcp-server-card-json,,17,0.4.0,2026-08-07
aisotools.com,1,15,Text-only,,fail,fail,fail,fail,skip,skip,fail,skip,skip,pass,pass,,,17,0.4.0,2026-08-07
aistackscore.com,1,80,Connectable,,pass,fail,fail,fail,pass,fail,fail,fail,skip,pass,fail,mcp-bare,legacy,19,0.4.0,2026-08-07
aistatusdashboard.com,1,0,Absent,,fail,fail,fail,fail,skip,skip,fail,skip,skip,fail,fail,,,15,0.4.0,2026-08-07
aitrailblazer.net,1,0,Absent,,fail,fail,fail,fail,skip,skip,fail,skip,skip,fail,fail,,,18,0.4.0,2026-08-07
aitrips.io,1,0,Absent,,fail,fail,fail,fail,skip,skip,fail,skip,skip,fail,fail,,,27,0.4.0,2026-08-07
aitwire.com,1,15,Text-only,,fail,fail,fail,fail,skip,skip,fail,skip,skip,pass,pass,,,18,0.4.0,2026-08-07
aiven.io,1,10,Text-only,,fail,fail,fail,fail,skip,skip,fail,skip,skip,pass,fail,,,18,0.4.0,2026-08-07
aiven.live,1,70,Connectable,,fail,fail,pass,pass,pass,fail,error,skip,skip,fail,fail,,modern,12,0.4.0,2026-08-07
ajwallacemusic.workers.dev,1,0,Absent,,error,fail,fail,error,skip,skip,error,skip,skip,fail,fail,,,6,0.4.0,2026-08-07
akeda.ru,1,15,Text-only,,fail,fail,fail,fail,skip,skip,fail,skip,skip,pass,pass,,,15,0.4.0,2026-08-07
akkilahdot.fi,1,95,Agent-ready,,fail,fail,pass,fail,pass,pass,fail,skip,pass,pass,fail,,legacy,32,0.4.0,2026-08-07
ako-labs.workers.dev,1,0,Absent,,error,fail,fail,error,skip,skip,error,skip,skip,fail,fail,,,6,0.4.0,2026-08-07
akta.pro,1,85,Connectable,,fail,fail,pass,pass,pass,fail,fail,skip,skip,pass,pass,,modern,23,0.4.0,2026-08-07
akuity.io,1,10,Text-only,,fail,fail,fail,fail,skip,skip,fail,skip,skip,pass,fail,,,15,0.4.0,2026-08-07
al.ink,1,80,Connectable,,fail,fail,pass,pass,pass,fail,fail,skip,skip,pass,fail,,modern,21,0.4.0,2026-08-07
alamavar.com,1,0,Absent,,error,fail,fail,error,skip,skip,error,skip,skip,fail,fail,,,3,0.4.0,2026-08-07
alaskajobs.org,1,10,Text-only,,fail,fail,fail,fail,skip,skip,fail,skip,skip,pass,fail,,,15,0.4.0,2026-08-07
alchemy.com,1,10,Text-only,,fail,fail,fail,fail,skip,skip,fail,skip,skip,pass,fail,,,30,0.4.0,2026-08-07
alchemylab.sh,1,0,Absent,,error,fail,fail,error,skip,skip,error,skip,skip,fail,fail,,,3,0.4.0,2026-08-07
aldc.io,1,10,Text-only,,fail,fail,fail,fail,skip,skip,fail,skip,skip,pass,fail,,,30,0.4.0,2026-08-07
alderflux.com,1,0,Absent,,fail,fail,fail,fail,skip,skip,fail,skip,skip,fail,fail,,,15,0.4.0,2026-08-07
aleeth.com,1,5,Text-only,,fail,fail,fail,fail,skip,skip,fail,skip,skip,fail,pass,,,17,0.4.0,2026-08-07
alejandroarnaud.dev,1,0,Absent,,error,fail,fail,error,skip,skip,error,skip,skip,fail,fail,,,41,0.4.0,2026-08-07
alexbell1-hipocampo-mcp.hf.space,1,0,Absent,,fail,fail,fail,fail,skip,skip,fail,skip,skip,fail,fail,,,28,0.4.0,2026-08-07
algenta.ai,1,15,Text-only,,fail,fail,fail,fail,skip,skip,fail,skip,skip,pass,pass,,,16,0.4.0,2026-08-07
algeriacertify.com,1,50,Discoverable,,pass,fail,fail,fail,skip,skip,fail,skip,skip,pass,pass,mcp-json,,15,0.4.0,2026-08-07
algolia.com,1,10,Text-only,,fail,fail,fail,fail,skip,skip,fail,skip,skip,pass,fail,,,31,0.4.0,2026-08-07
algovault.com,1,85,Connectable,,fail,fail,pass,fail,pass,fail,fail,skip,skip,pass,pass,,legacy,16,0.4.0,2026-08-07
algovesta.com,1,15,Text-only,,fail,fail,fail,fail,skip,skip,fail,skip,skip,pass,pass,,,16,0.4.0,2026-08-07
alice.co.il,1,20,Text-only,,fail,fail,pass,fail,fail,skip,fail,skip,skip,fail,fail,,,27,0.4.0,2026-08-07
aliceapp.ai,1,10,Text-only,,fail,fail,fail,fail,skip,skip,fail,skip,skip,pass,fail,,,16,0.4.0,2026-08-07
aliengiraffe.ai,1,0,Absent,,fail,fail,fail,fail,skip,skip,fail,skip,skip,fail,fail,,,15,0.4.0,2026-08-07
alleskralle.com,1,70,Connectable,,fail,fail,pass,fail,pass,fail,fail,skip,skip,fail,fail,,legacy,37,0.4.0,2026-08-07
allflyghts.com,1,0,Absent,,fail,fail,fail,fail,skip,skip,fail,skip,skip,fail,fail,,,37,0.4.0,2026-08-07
allgoodinsp.com,1,10,Text-only,,fail,fail,fail,fail,skip,skip,fail,skip,skip,pass,fail,,,17,0.4.0,2026-08-07
alloc-context.com,1,0,Absent,,error,fail,fail,error,skip,skip,error,skip,skip,fail,fail,,,3,0.4.0,2026-08-07
allourthings.io,1,50,Discoverable,,pass,fail,fail,fail,skip,skip,fail,skip,skip,pass,pass,mcp-bare,,15,0.4.0,2026-08-07
allover.art,1,100,Agent-ready,,pass,fail,pass,pass,pass,pass,fail,fail,pass,pass,pass,mcp-json,legacy,20,0.4.0,2026-08-07
alloy.cx,1,10,Text-only,,fail,fail,fail,fail,skip,skip,fail,skip,skip,pass,fail,,,16,0.4.0,2026-08-07
allpdfmagic.com,1,100,Agent-ready,,fail,fail,pass,fail,pass,pass,fail,skip,pass,pass,pass,,legacy,28,0.4.0,2026-08-07
allstacks.com,1,0,Absent,,fail,fail,fail,fail,skip,skip,fail,skip,skip,fail,fail,,,23,0.4.0,2026-08-07
almanac.ar,1,0,Absent,,fail,fail,fail,fail,skip,skip,fail,skip,skip,fail,fail,,,18,0.4.0,2026-08-07
almured.com,1,35,Discoverable,,pass,fail,fail,fail,skip,skip,fail,skip,skip,fail,fail,mcp-server-card-json,,15,0.4.0,2026-08-07
almxpp.com,1,0,Absent,,fail,fail,fail,fail,skip,skip,fail,skip,skip,fail,fail,,,16,0.4.0,2026-08-07
alokbarnwal.com,1,15,Text-only,,fail,fail,fail,fail,skip,skip,fail,skip,skip,pass,pass,,,17,0.4.0,2026-08-07
aloudable.com,1,15,Text-only,,fail,fail,fail,fail,skip,skip,fail,skip,skip,pass,pass,,,15,0.4.0,2026-08-07
alpaca-cloud.com,1,15,Text-only,,fail,fail,fail,fail,skip,skip,fail,skip,skip,pass,pass,,,21,0.4.0,2026-08-07
alpha-systems.net,1,95,Agent-ready,,fail,fail,pass,fail,pass,pass,fail,skip,pass,pass,fail,,legacy,20,0.4.0,2026-08-07
alpha402x.com,1,90,Agent-ready,,fail,fail,pass,fail,pass,pass,fail,skip,pass,fail,pass,,legacy,20,0.4.0,2026-08-07
alphaassay.com,1,50,Discoverable,,pass,fail,fail,fail,skip,skip,fail,skip,skip,pass,pass,mcp-server-card-json,,18,0.4.0,2026-08-07
alphacreek.ai,1,0,Absent,,fail,fail,fail,fail,skip,skip,fail,skip,skip,fail,fail,,,31,0.4.0,2026-08-07
alphai.io,1,10,Text-only,,fail,fail,fail,fail,skip,skip,fail,skip,skip,pass,fail,,,18,0.4.0,2026-08-07
alphasophia.com,1,10,Text-only,,fail,fail,fail,fail,skip,skip,fail,skip,skip,pass,fail,,,30,0.4.0,2026-08-07
alphavantage.co,1,0,Absent,,fail,fail,fail,fail,skip,skip,fail,skip,skip,fail,fail,,,36,0.4.0,2026-08-07
alpic.ai,1,15,Text-only,,fail,fail,fail,fail,skip,skip,fail,skip,skip,pass,pass,,,16,0.4.0,2026-08-07
alpic.live,1,0,Absent,,fail,fail,fail,fail,skip,skip,fail,skip,skip,fail,fail,,,15,0.4.0,2026-08-07
alpinedataworks.com,1,95,Agent-ready,,pass,fail,fail,fail,pass,pass,fail,skip,pass,pass,fail,mcp-json,modern,22,0.4.0,2026-08-07
alterlab.io,1,15,Text-only,,fail,fail,fail,fail,skip,skip,fail,skip,skip,pass,pass,,,19,0.4.0,2026-08-07
altesim.com,1,100,Agent-ready,,fail,fail,pass,fail,pass,pass,fail,skip,pass,pass,pass,,legacy,30,0.4.0,2026-08-07
altmetric.com,1,75,Connectable,,fail,fail,pass,pass,pass,fail,fail,skip,skip,fail,pass,,modern,41,0.4.0,2026-08-07
altoviz.com,1,0,Absent,,fail,fail,fail,fail,skip,skip,fail,skip,skip,fail,fail,,,19,0.4.0,2026-08-07
am-lich.com,1,70,Connectable,,pass,fail,fail,fail,pass,fail,fail,pass,skip,fail,fail,mcp-json|mcp-bare|mcp-server-card-json,modern,31,0.4.0,2026-08-07
am-server-jbneh74b5q-uc.a.run.app,1,0,Absent,,fail,fail,fail,fail,skip,skip,fail,skip,skip,fail,fail,,,28,0.4.0,2026-08-07
amalgix.io,1,50,Discoverable,,pass,fail,fail,fail,skip,skip,fail,skip,skip,pass,pass,mcp-json|mcp-server-card-json,,14,0.4.0,2026-08-07
amazon.com,1,5,Text-only,,fail,fail,fail,fail,skip,skip,fail,skip,skip,fail,pass,,,30,0.4.0,2026-08-07
ambermem.com,1,45,Discoverable,,fail,fail,fail,pass,skip,skip,fail,skip,skip,pass,fail,,,18,0.4.0,2026-08-07
ambiscribe.io,1,15,Text-only,,fail,fail,fail,fail,skip,skip,fail,skip,skip,pass,pass,,,17,0.4.0,2026-08-07
ambix.ai,1,0,Absent,,fail,fail,fail,fail,skip,skip,fail,skip,skip,fail,fail,,,18,0.4.0,2026-08-07
amendor.site,1,10,Text-only,,fail,fail,fail,fail,skip,skip,fail,skip,skip,pass,fail,,,14,0.4.0,2026-08-07
americandefault.org,1,15,Text-only,,fail,fail,fail,fail,skip,skip,fail,skip,skip,pass,pass,,,16,0.4.0,2026-08-07
amplitude.com,1,15,Text-only,,fail,fail,fail,fail,skip,skip,fail,skip,skip,pass,pass,,,19,0.4.0,2026-08-07
amr-dbe.workers.dev,1,0,Absent,,error,fail,fail,error,skip,skip,error,skip,skip,fail,fail,,,6,0.4.0,2026-08-07
amzscout.net,1,0,Absent,,fail,fail,fail,fail,skip,skip,fail,skip,skip,fail,fail,,,13,0.4.0,2026-08-07
anakin.io,1,15,Text-only,,fail,fail,fail,fail,skip,skip,fail,skip,skip,pass,pass,,,18,0.4.0,2026-08-07
anakior.app,1,0,Absent,,error,fail,fail,error,skip,skip,error,skip,skip,fail,fail,,,3,0.4.0,2026-08-07
analook.com,1,15,Text-only,,fail,fail,fail,fail,skip,skip,fail,skip,skip,pass,pass,,,27,0.4.0,2026-08-07
analyticlabs.io,1,10,Text-only,,fail,fail,fail,fail,skip,skip,fail,skip,skip,pass,fail,,,29,0.4.0,2026-08-07
analyticslegends.ai,1,100,Agent-ready,,pass,fail,pass,fail,pass,pass,fail,fail,pass,pass,pass,mcp-json,modern,19,0.4.0,2026-08-07
anamneseai.app,1,15,Text-only,,skip,fail,fail,skip,skip,skip,fail,skip,skip,pass,pass,,,8,0.4.0,2026-08-07
anaxer.com,1,15,Text-only,,fail,fail,fail,fail,skip,skip,fail,skip,skip,pass,pass,,,16,0.4.0,2026-08-07
anchor-x402.com,1,100,Agent-ready,,fail,fail,pass,fail,pass,pass,fail,skip,pass,pass,pass,,modern,21,0.4.0,2026-08-07
anchord.ai,1,10,Text-only,,fail,fail,fail,fail,skip,skip,fail,skip,skip,pass,fail,,,32,0.4.0,2026-08-07
anchoredip.com,1,10,Text-only,,fail,fail,fail,fail,skip,skip,fail,skip,skip,pass,fail,,,15,0.4.0,2026-08-07
anchorregistry.ai,1,15,Text-only,,fail,fail,fail,fail,skip,skip,fail,skip,skip,pass,pass,,,18,0.4.0,2026-08-07
andre.vote,1,5,Text-only,,fail,fail,fail,fail,skip,skip,fail,skip,skip,fail,pass,,,16,0.4.0,2026-08-07
andrii.net,1,0,Absent,,error,fail,fail,error,skip,skip,error,skip,skip,fail,fail,,,28,0.4.0,2026-08-07
androidmanagement.googleapis.com,1,70,Connectable,,fail,fail,pass,pass,pass,fail,fail,skip,skip,fail,fail,,legacy,33,0.4.0,2026-08-07
anglero.com,1,85,Connectable,,pass,fail,pass,fail,pass,fail,pass,pass,skip,pass,pass,ai-catalog|mcp-json|mcp-server-card-json,legacy,21,0.4.0,2026-08-07
animaapp.com,1,10,Text-only,,fail,fail,fail,fail,skip,skip,fail,skip,skip,pass,fail,,,30,0.4.0,2026-08-07
animam.ai,1,85,Connectable,,pass,fail,pass,pass,pass,fail,pass,skip,skip,pass,pass,mcp-json|mcp-server-card-json,modern,23,0.4.0,2026-08-07
animica.org,1,10,Text-only,,fail,fail,fail,fail,skip,skip,fail,skip,skip,pass,fail,,,16,0.4.0,2026-08-07
anishdasmail.workers.dev,1,0,Absent,,error,fail,fail,error,skip,skip,error,skip,skip,fail,fail,,,6,0.4.0,2026-08-07
ankimcp.ai,1,5,Text-only,,fail,fail,fail,fail,skip,skip,fail,skip,skip,fail,pass,,,13,0.4.0,2026-08-07
annotated-lot-operational-tourism.trycloudflare.com,1,0,Absent,,error,fail,fail,error,skip,skip,error,skip,skip,fail,fail,,,3,0.4.0,2026-08-07
anomalyarmor.ai,1,85,Connectable,,pass,fail,pass,pass,pass,fail,fail,skip,skip,pass,pass,mcp-server-card-json,modern,33,0.4.0,2026-08-07
anotepad.com,1,80,Connectable,,fail,fail,pass,pass,pass,fail,fail,skip,skip,pass,fail,,modern,21,0.4.0,2026-08-07
anotherai.dev,1,0,Absent,,fail,fail,fail,fail,skip,skip,fail,skip,skip,fail,fail,,,22,0.4.0,2026-08-07
anots.com,1,100,Agent-ready,,pass,fail,fail,fail,pass,pass,fail,pass,pass,pass,pass,ai-catalog|mcp-server-serra|mcp-json|mcp-bare|mcp-server-card-json,legacy,20,0.4.0,2026-08-07
anteoshealth.com,1,50,Discoverable,,pass,fail,fail,pass,skip,skip,fail,skip,skip,pass,pass,mcp-server-card-json,,14,0.4.0,2026-08-07
anteroom.so,1,85,Connectable,,fail,fail,pass,fail,pass,fail,fail,skip,skip,pass,pass,,legacy,22,0.4.0,2026-08-07
anthropic.com,1,0,Absent,,fail,fail,fail,fail,skip,skip,fail,skip,skip,fail,fail,,,30,0.4.0,2026-08-07
antrieb.sh,1,40,Discoverable,,fail,fail,fail,pass,skip,skip,fail,skip,skip,fail,pass,,,17,0.4.0,2026-08-07
antwork.io,1,80,Connectable,,fail,fail,pass,pass,pass,fail,fail,skip,skip,pass,fail,,modern,20,0.4.0,2026-08-07
anybrowse.dev,1,100,Agent-ready,,fail,fail,pass,fail,pass,pass,fail,skip,pass,pass,pass,,legacy,20,0.4.0,2026-08-07
anygas.xyz,1,45,Discoverable,,pass,fail,fail,fail,fail,skip,fail,skip,skip,pass,fail,mcp-json,,14,0.4.0,2026-08-07
anyhook.net,1,80,Connectable,,fail,fail,pass,fail,pass,fail,fail,skip,skip,pass,fail,,legacy,19,0.4.0,2026-08-07
anymailmcp.com,1,10,Text-only,,fail,fail,fail,fail,skip,skip,fail,skip,skip,pass,fail,,,14,0.4.0,2026-08-07
anythingmcp.com,1,15,Text-only,,fail,fail,fail,fail,skip,skip,fail,skip,skip,pass,pass,,,28,0.4.0,2026-08-07
anythink.cloud,1,15,Text-only,,fail,fail,fail,fail,skip,skip,fail,skip,skip,pass,pass,,,14,0.4.0,2026-08-07
anzenna.ai,1,15,Text-only,,fail,fail,fail,fail,skip,skip,fail,skip,skip,pass,pass,,,32,0.4.0,2026-08-07
aoexl.com,1,5,Text-only,,fail,fail,fail,fail,skip,skip,fail,skip,skip,fail,pass,,,17,0.4.0,2026-08-07
apaleo.com,1,0,Absent,,fail,fail,fail,fail,skip,skip,fail,skip,skip,fail,fail,,,16,0.4.0,2026-08-07
apdf.io,1,45,Discoverable,,pass,fail,fail,pass,skip,skip,fail,skip,skip,pass,fail,mcp-server-card-json,,15,0.4.0,2026-08-07
apertura-ai.de,1,5,Text-only,,fail,fail,fail,fail,skip,skip,fail,skip,skip,fail,pass,,,20,0.4.0,2026-08-07
apex.new,1,100,Agent-ready,,fail,fail,pass,fail,pass,pass,fail,skip,pass,pass,pass,,legacy,39,0.4.0,2026-08-07
apg.workers.dev,1,0,Absent,,error,fail,fail,error,skip,skip,error,skip,skip,fail,fail,,,6,0.4.0,2026-08-07
api-kjijorqedq-uc.a.run.app,1,0,Absent,,fail,fail,fail,fail,skip,skip,fail,skip,skip,fail,fail,,,28,0.4.0,2026-08-07
api-production-bc748.up.railway.app,1,10,Text-only,,fail,fail,fail,fail,skip,skip,fail,skip,skip,pass,fail,,,28,0.4.0,2026-08-07
api.aws,1,0,Absent,,error,fail,fail,error,skip,skip,error,skip,skip,fail,fail,,,3,0.4.0,2026-08-07
apibase.pro,1,85,Connectable,,pass,fail,fail,pass,pass,fail,fail,skip,skip,pass,pass,mcp-json,legacy,20,0.4.0,2026-08-07
apideck.com,1,50,Discoverable,,pass,fail,fail,pass,skip,skip,fail,skip,skip,pass,pass,mcp-json|mcp-server-card-json,,36,0.4.0,2026-08-07
apideck.dev,1,0,Absent,,fail,fail,fail,fail,skip,skip,fail,skip,skip,fail,fail,,,16,0.4.0,2026-08-07
apier.no,1,50,Discoverable,,pass,fail,fail,fail,skip,skip,fail,skip,skip,pass,pass,mcp-json,,27,0.4.0,2026-08-07
apievangelist.com,1,85,Connectable,,pass,fail,pass,fail,pass,pass,pass,fail,fail,pass,pass,mcp-json|mcp-server-card-json,legacy,23,0.4.0,2026-08-07
apiforchads.com,1,5,Text-only,,fail,fail,fail,fail,skip,skip,fail,skip,skip,fail,pass,,,18,0.4.0,2026-08-07
apify.com,1,45,Discoverable,,pass,fail,fail,pass,skip,skip,pass,skip,skip,pass,fail,mcp-server-card-json,,19,0.4.0,2026-08-07
apihub.io,1,95,Agent-ready,,pass,fail,fail,fail,pass,pass,fail,pass,pass,pass,fail,mcp-json,legacy,22,0.4.0,2026-08-07
apiiro.com,1,50,Discoverable,,fail,pass,fail,fail,skip,skip,fail,skip,skip,pass,pass,,,19,0.4.0,2026-08-07
apiosk.com,1,50,Discoverable,,pass,fail,fail,fail,skip,skip,fail,skip,skip,pass,pass,mcp-bare,,16,0.4.0,2026-08-07
apis.io,1,80,Connectable,,pass,fail,pass,fail,pass,pass,fail,fail,fail,pass,fail,mcp-server-card-json,legacy,24,0.4.0,2026-08-07
apiscreenshot.com,1,0,Absent,,skip,fail,fail,skip,skip,skip,skip,skip,skip,skip,fail,,,3,0.4.0,2026-08-07
apisecurityscan.net,1,0,Absent,,error,fail,fail,error,skip,skip,error,skip,skip,fail,fail,,,54,0.4.0,2026-08-07
apistatuscheck.com,1,85,Connectable,,fail,fail,pass,fail,pass,fail,fail,skip,skip,pass,pass,,legacy,20,0.4.0,2026-08-07
apithreshold.ai,1,0,Absent,,fail,fail,fail,fail,skip,skip,fail,skip,skip,fail,fail,,,15,0.4.0,2026-08-07
apiverve.com,1,10,Text-only,,fail,fail,fail,fail,skip,skip,fail,skip,skip,pass,fail,,,16,0.4.0,2026-08-07
apogeoapi.com,1,0,Absent,,fail,fail,fail,fail,skip,skip,fail,skip,skip,fail,fail,,,16,0.4.0,2026-08-07
apollo.io,1,85,Connectable,,fail,fail,pass,pass,pass,fail,fail,skip,skip,pass,pass,,modern,37,0.4.0,2026-08-07
apolloai.team,1,0,Absent,,error,fail,fail,error,skip,skip,error,skip,skip,fail,fail,,,3,0.4.0,2026-08-07
apollographql.com,1,80,Connectable,,pass,fail,pass,fail,pass,pass,pass,fail,fail,pass,fail,mcp-server-card-json,legacy,37,0.4.0,2026-08-07
app-dex.com,1,15,Text-only,,fail,fail,fail,fail,skip,skip,fail,skip,skip,pass,pass,,,16,0.4.0,2026-08-07
app-store-builder-mcp.vercel.app,1,0,Absent,,fail,fail,fail,fail,skip,skip,fail,skip,skip,fail,fail,,,28,0.4.0,2026-08-07
appcircle.io,1,10,Text-only,,fail,fail,fail,fail,skip,skip,fail,skip,skip,pass,fail,,,18,0.4.0,2026-08-07
appcontazz.com,1,50,Discoverable,,pass,fail,fail,fail,skip,skip,fail,skip,skip,pass,pass,mcp-json|mcp-server-card-json,,15,0.4.0,2026-08-07
appcontext.dev,1,5,Text-only,,fail,fail,fail,fail,skip,skip,fail,skip,skip,fail,pass,,,15,0.4.0,2026-08-07
appdeploy.ai,1,10,Text-only,,fail,fail,fail,fail,skip,skip,fail,skip,skip,pass,fail,,,16,0.4.0,2026-08-07
appendix.com,1,15,Text-only,,fail,fail,fail,fail,skip,skip,fail,skip,skip,pass,pass,,,18,0.4.0,2026-08-07
appfigures.com,1,5,Text-only,,fail,fail,fail,fail,skip,skip,fail,skip,skip,fail,pass,,,16,0.4.0,2026-08-07
appgenie.com.au,1,5,Text-only,,fail,fail,fail,fail,skip,skip,fail,skip,skip,fail,pass,,,15,0.4.0,2026-08-07
appgoblin.info,1,70,Connectable,,pass,fail,fail,fail,pass,fail,fail,skip,skip,fail,fail,mcp-json|mcp-server-card-json,modern,18,0.4.0,2026-08-07
apphandoff.com,1,15,Text-only,,fail,fail,fail,fail,skip,skip,fail,skip,skip,pass,pass,,,16,0.4.0,2026-08-07
applayer.io,1,10,Text-only,,fail,fail,fail,fail,skip,skip,fail,skip,skip,pass,fail,,,18,0.4.0,2026-08-07
apple-rag.com,1,95,Agent-ready,,fail,fail,pass,fail,pass,pass,fail,skip,pass,pass,fail,,modern,20,0.4.0,2026-08-07
appleadsmcp.com,1,50,Discoverable,,fail,fail,fail,pass,skip,skip,fail,skip,skip,pass,pass,,,17,0.4.0,2026-08-07
applivery.com,1,10,Text-only,,fail,fail,fail,fail,skip,skip,fail,skip,skip,pass,fail,,,29,0.4.0,2026-08-07
approval.studio,1,15,Text-only,,fail,fail,fail,fail,skip,skip,fail,skip,skip,pass,pass,,,27,0.4.0,2026-08-07
appscripthub.com,1,10,Text-only,,fail,fail,fail,fail,skip,skip,fail,skip,skip,pass,fail,,,18,0.4.0,2026-08-07
appsflyer.com,1,0,Absent,,fail,fail,fail,fail,skip,skip,fail,skip,skip,fail,fail,,,32,0.4.0,2026-08-07
appskyline.com,1,10,Text-only,,fail,fail,fail,fail,skip,skip,fail,skip,skip,pass,fail,,,32,0.4.0,2026-08-07
appwrite.io,1,10,Text-only,,fail,fail,fail,fail,skip,skip,fail,skip,skip,pass,fail,,,17,0.4.0,2026-08-07
apuchat.com,1,95,Agent-ready,,pass,fail,pass,fail,pass,pass,fail,fail,pass,pass,fail,mcp-json,legacy,32,0.4.0,2026-08-07
aquaview.org,1,0,Absent,,fail,fail,fail,fail,skip,skip,fail,skip,skip,fail,fail,,,16,0.4.0,2026-08-07
arc-flash-platform.onrender.com,1,0,Absent,,fail,fail,fail,fail,skip,skip,fail,skip,skip,fail,fail,,,28,0.4.0,2026-08-07
arca.build,1,0,Absent,,fail,fail,fail,fail,skip,skip,fail,skip,skip,fail,fail,,,17,0.4.0,2026-08-07
arcade.dev,1,15,Text-only,,fail,fail,fail,fail,skip,skip,fail,skip,skip,pass,pass,,,30,0.4.0,2026-08-07
arcadedb.com,1,10,Text-only,,fail,fail,fail,fail,skip,skip,fail,skip,skip,pass,fail,,,15,0.4.0,2026-08-07
arcadia.finance,1,85,Connectable,,pass,fail,fail,fail,pass,fail,fail,pass,skip,pass,pass,mcp-server-card-json,legacy,24,0.4.0,2026-08-07
arcagent.dev,1,0,Absent,,fail,fail,fail,fail,skip,skip,fail,skip,skip,fail,fail,,,30,0.4.0,2026-08-07
arcandledger.com,1,100,Agent-ready,,fail,fail,pass,fail,pass,pass,fail,skip,pass,pass,pass,,legacy,38,0.4.0,2026-08-07
arcaneforecasting.com,1,90,Agent-ready,,fail,fail,pass,fail,pass,pass,fail,skip,pass,fail,pass,,legacy,23,0.4.0,2026-08-07
arcanum-plus.com,1,0,Absent,,error,fail,fail,error,skip,skip,error,skip,skip,fail,fail,,,3,0.4.0,2026-08-07
arcasos.com,1,85,Connectable,,pass,fail,fail,fail,pass,fail,fail,fail,skip,pass,pass,mcp-json,legacy,21,0.4.0,2026-08-07
arcat.com,1,5,Text-only,,fail,fail,fail,fail,skip,skip,fail,skip,skip,fail,pass,,,29,0.4.0,2026-08-07
arch-tools-mcp.onrender.com,1,35,Discoverable,,pass,fail,fail,fail,skip,skip,fail,skip,skip,fail,fail,mcp-server-card-json,,28,0.4.0,2026-08-07
archerionlabs.com,1,0,Absent,,fail,fail,fail,fail,skip,skip,fail,skip,skip,fail,fail,,,14,0.4.0,2026-08-07
archgraph.dev,1,0,Absent,,fail,fail,fail,fail,skip,skip,fail,skip,skip,fail,fail,,,20,0.4.0,2026-08-07
archimedes.market,1,40,Discoverable,,pass,fail,fail,fail,skip,skip,fail,skip,skip,fail,pass,mcp-json,,15,0.4.0,2026-08-07
architecture-dna-mcp.vercel.app,1,0,Absent,,fail,fail,fail,fail,skip,skip,fail,skip,skip,fail,fail,,,28,0.4.0,2026-08-07
archtools.dev,1,45,Discoverable,,pass,fail,fail,pass,skip,skip,fail,skip,skip,pass,fail,mcp-json|mcp-server-card-json,,15,0.4.0,2026-08-07
arcjet.com,1,80,Connectable,,pass,fail,fail,pass,pass,fail,pass,skip,skip,pass,fail,mcp-server-card-json,modern,24,0.4.0,2026-08-07
arclan.ai,1,95,Agent-ready,,pass,fail,fail,fail,pass,pass,fail,pass,pass,pass,fail,mcp-json|mcp-server-card-json,legacy,22,0.4.0,2026-08-07
arcology-mcp.fly.dev,1,0,Absent,,fail,fail,fail,fail,skip,skip,fail,skip,skip,fail,fail,,,15,0.4.0,2026-08-07
arcself.com,1,0,Absent,,error,fail,fail,error,skip,skip,error,skip,skip,fail,fail,,,28,0.4.0,2026-08-07
arctura-reef-mcp.fly.dev,1,70,Connectable,,fail,fail,pass,fail,pass,fail,fail,skip,skip,fail,fail,,modern,19,0.4.0,2026-08-07
argo.games,1,45,Discoverable,,fail,fail,fail,pass,skip,skip,fail,skip,skip,pass,fail,,,18,0.4.0,2026-08-07
argosvix.com,1,10,Text-only,,fail,fail,fail,fail,skip,skip,fail,skip,skip,pass,fail,,,16,0.4.0,2026-08-07
argushq.ai,1,15,Text-only,,fail,fail,fail,fail,skip,skip,fail,skip,skip,pass,pass,,,17,0.4.0,2026-08-07
aribadernatal.com,1,10,Text-only,,fail,fail,fail,fail,skip,skip,fail,skip,skip,pass,fail,,,15,0.4.0,2026-08-07
arif-fazil.com,1,85,Connectable,,pass,fail,pass,pass,pass,pass,fail,pass,fail,pass,pass,mcp-json,legacy,23,0.4.0,2026-08-07
aristocles.com.au,1,15,Text-only,,fail,fail,fail,fail,skip,skip,fail,skip,skip,pass,pass,,,29,0.4.0,2026-08-07
arithym.xyz,1,35,Discoverable,,pass,fail,fail,pass,skip,skip,fail,skip,skip,fail,fail,mcp-server-card-json,,15,0.4.0,2026-08-07
arkforge.fr,1,0,Absent,,fail,fail,fail,fail,skip,skip,fail,skip,skip,fail,fail,,,17,0.4.0,2026-08-07
arkforge.tech,1,0,Absent,,fail,fail,fail,fail,skip,skip,fail,skip,skip,fail,fail,,,17,0.4.0,2026-08-07
arkolith.com,1,50,Discoverable,,pass,fail,fail,pass,fail,skip,fail,skip,skip,pass,pass,mcp-json,,16,0.4.0,2026-08-07
arkoncybersecurity.com,1,0,Absent,,fail,fail,fail,fail,skip,skip,fail,skip,skip,fail,fail,,,15,0.4.0,2026-08-07
arkova.ai,1,50,Discoverable,,pass,fail,fail,pass,skip,skip,fail,skip,skip,pass,pass,mcp-server-card-json,,16,0.4.0,2026-08-07
arlet.dev,1,0,Absent,,fail,fail,fail,fail,skip,skip,fail,skip,skip,fail,fail,,,34,0.4.0,2026-08-07
arpi.ai,1,0,Absent,,fail,fail,fail,fail,skip,skip,fail,skip,skip,fail,fail,,,31,0.4.0,2026-08-07
arrakis.house,1,0,Absent,,error,fail,fail,error,skip,skip,error,skip,skip,fail,fail,,,32,0.4.0,2026-08-07
ars.is,1,0,Absent,,error,fail,fail,error,skip,skip,error,skip,skip,fail,fail,,,3,0.4.0,2026-08-07
arsenal-quant.com,1,35,Discoverable,,error,pass,fail,error,skip,skip,error,skip,skip,fail,fail,,,4,0.4.0,2026-08-07
artblocks.io,1,10,Text-only,,fail,fail,fail,fail,skip,skip,fail,skip,skip,pass,fail,,,32,0.4.0,2026-08-07
artidrop.ai,1,80,Connectable,,pass,fail,fail,pass,pass,fail,fail,skip,skip,pass,fail,mcp-json,legacy,22,0.4.0,2026-08-07
artifacta.io,1,80,Connectable,,fail,fail,pass,pass,pass,fail,fail,skip,skip,pass,fail,,modern,22,0.4.0,2026-08-07
artifactos.studio,1,70,Connectable,,fail,fail,pass,fail,pass,fail,fail,skip,skip,fail,fail,,modern,19,0.4.0,2026-08-07
artificialwit.com,1,10,Text-only,,fail,fail,fail,fail,skip,skip,fail,skip,skip,pass,fail,,,31,0.4.0,2026-08-07
artifyde.com,1,0,Absent,,fail,fail,fail,fail,skip,skip,fail,skip,skip,fail,fail,,,18,0.4.0,2026-08-07
arvi.ch,1,95,Agent-ready,,pass,fail,pass,fail,pass,pass,fail,pass,pass,pass,fail,mcp-server-serra|mcp-json|mcp-bare|mcp-server-card-json,legacy,33,0.4.0,2026-08-07
arzbin.com,1,10,Text-only,,fail,fail,fail,fail,skip,skip,fail,skip,skip,pass,fail,,,27,0.4.0,2026-08-07
asalsold.com,1,5,Text-only,,fail,fail,fail,fail,skip,skip,fail,skip,skip,fail,pass,,,15,0.4.0,2026-08-07
asalvocreative.com,1,0,Absent,,fail,fail,fail,fail,skip,skip,fail,skip,skip,fail,fail,,,18,0.4.0,2026-08-07
asap.cool,1,50,Discoverable,,pass,fail,fail,pass,skip,skip,fail,skip,skip,pass,pass,mcp-server-card-json,,19,0.4.0,2026-08-07
ascendgtm.net,1,50,Discoverable,,pass,fail,fail,fail,skip,skip,pass,skip,skip,pass,pass,mcp-server-card-json,,16,0.4.0,2026-08-07
ascendgtm.workers.dev,1,0,Absent,,error,fail,fail,error,skip,skip,error,skip,skip,fail,fail,,,6,0.4.0,2026-08-07
ascendkit.dev,1,15,Text-only,,fail,fail,fail,fail,skip,skip,fail,skip,skip,pass,pass,,,16,0.4.0,2026-08-07
asiaref.dev,1,10,Text-only,,fail,fail,fail,fail,skip,skip,fail,skip,skip,pass,fail,,,16,0.4.0,2026-08-07
ask-ai-data-connector.com,1,45,Discoverable,,fail,fail,fail,pass,skip,skip,fail,skip,skip,pass,fail,,,14,0.4.0,2026-08-07
ask-ai-mcp-710575177112.asia-south1.run.app,1,35,Discoverable,,pass,fail,fail,fail,fail,skip,fail,skip,skip,fail,fail,mcp-server-card-json,,33,0.4.0,2026-08-07
ask-meridian.uk,1,0,Absent,,fail,fail,fail,fail,skip,skip,fail,skip,skip,fail,fail,,,18,0.4.0,2026-08-07
askais.com,1,0,Absent,,fail,fail,fail,fail,skip,skip,fail,skip,skip,fail,fail,,,25,0.4.0,2026-08-07
askcyborg.com,1,15,Text-only,,fail,fail,fail,fail,skip,skip,fail,skip,skip,pass,pass,,,17,0.4.0,2026-08-07
askew.network,1,0,Absent,,error,fail,fail,error,skip,skip,error,skip,skip,fail,fail,,,30,0.4.0,2026-08-07
askloop.app,1,0,Absent,,fail,fail,fail,fail,skip,skip,fail,skip,skip,fail,fail,,,16,0.4.0,2026-08-07
askmarcel.app,1,15,Text-only,,fail,fail,fail,fail,skip,skip,fail,skip,skip,pass,pass,,,18,0.4.0,2026-08-07
askmatchbox.com,1,15,Text-only,,fail,fail,fail,fail,skip,skip,fail,skip,skip,pass,pass,,,15,0.4.0,2026-08-07
askqa.app,1,0,Absent,,fail,fail,fail,fail,skip,skip,fail,skip,skip,fail,fail,,,16,0.4.0,2026-08-07
asksakina.com,1,15,Text-only,,fail,fail,fail,fail,skip,skip,fail,skip,skip,pass,pass,,,27,0.4.0,2026-08-07
asktian.com,1,70,Connectable,,fail,fail,pass,fail,pass,fail,fail,skip,skip,fail,fail,,legacy,22,0.4.0,2026-08-07
asmhunter.app,1,10,Text-only,,fail,fail,fail,fail,skip,skip,fail,skip,skip,pass,fail,,,15,0.4.0,2026-08-07
asohawk.cc,1,10,Text-only,,fail,fail,fail,fail,skip,skip,fail,skip,skip,pass,fail,,,14,0.4.0,2026-08-07
aspirelearning.app,1,0,Absent,,fail,fail,fail,fail,skip,skip,fail,skip,skip,fail,fail,,,23,0.4.0,2026-08-07
assay.wiki,1,15,Text-only,,fail,fail,fail,fail,skip,skip,fail,skip,skip,pass,pass,,,17,0.4.0,2026-08-07
assessing-scoop-authorities-sheet.trycloudflare.com,1,0,Absent,,error,fail,fail,error,skip,skip,error,skip,skip,fail,fail,,,3,0.4.0,2026-08-07
asset-manager-jaymarrero2.replit.app,1,0,Absent,,skip,fail,fail,skip,skip,skip,skip,skip,skip,skip,fail,,,16,0.4.0,2026-08-07
assetlog.ai,1,15,Text-only,,fail,fail,fail,fail,skip,skip,fail,skip,skip,pass,pass,,,16,0.4.0,2026-08-07
assetzaar.com,1,50,Discoverable,,pass,fail,fail,pass,skip,skip,fail,skip,skip,pass,pass,mcp-server-card-json,,14,0.4.0,2026-08-07
asterpay.io,1,100,Agent-ready,,pass,fail,pass,fail,pass,pass,fail,fail,pass,pass,pass,mcp-json|mcp-server-card-json,legacy,25,0.4.0,2026-08-07
asterwise.com,1,15,Text-only,,fail,fail,fail,fail,skip,skip,fail,skip,skip,pass,pass,,,19,0.4.0,2026-08-07
astranl.com,1,85,Connectable,,pass,pass,fail,pass,pass,fail,fail,fail,skip,pass,pass,mcp-json|mcp-server-card-json,legacy,21,0.4.0,2026-08-07
astravue.com,1,10,Text-only,,fail,fail,fail,fail,skip,skip,fail,skip,skip,pass,fail,,,20,0.4.0,2026-08-07
astrocal.dev,1,10,Text-only,,fail,fail,fail,fail,skip,skip,fail,skip,skip,pass,fail,,,28,0.4.0,2026-08-07
astryke.com,1,0,Absent,,fail,fail,fail,fail,skip,skip,fail,skip,skip,fail,fail,,,15,0.4.0,2026-08-07
asvaai.com,1,15,Text-only,,fail,fail,fail,fail,skip,skip,fail,skip,skip,pass,pass,,,14,0.4.0,2026-08-07
asynthetic.up.railway.app,1,0,Absent,,fail,fail,fail,fail,skip,skip,fail,skip,skip,fail,fail,,,28,0.4.0,2026-08-07
atagon.com,1,0,Absent,,fail,fail,fail,fail,skip,skip,fail,skip,skip,fail,fail,,,15,0.4.0,2026-08-07
atatravel.cloud,1,80,Connectable,,pass,fail,fail,fail,pass,fail,fail,skip,skip,pass,fail,mcp-json,legacy,19,0.4.0,2026-08-07
atdev.ai,1,5,Text-only,,fail,fail,fail,fail,skip,skip,fail,skip,skip,fail,pass,,,15,0.4.0,2026-08-07
ateam-ai.com,1,0,Absent,,fail,fail,fail,fail,skip,skip,fail,skip,skip,fail,fail,,,18,0.4.0,2026-08-07
atlarium.bio,1,85,Connectable,,fail,fail,pass,fail,pass,fail,fail,skip,skip,pass,pass,,legacy,23,0.4.0,2026-08-07
atlas-sooty-delta.vercel.app,1,0,Absent,,fail,fail,fail,fail,skip,skip,fail,skip,skip,fail,fail,,,28,0.4.0,2026-08-07
atlas.red,1,0,Absent,,fail,fail,fail,fail,skip,skip,fail,skip,skip,fail,fail,,,18,0.4.0,2026-08-07
atlasemoji.com,1,0,Absent,,fail,fail,fail,fail,skip,skip,fail,skip,skip,fail,fail,,,14,0.4.0,2026-08-07
atlaso.ai,1,15,Text-only,,fail,fail,fail,fail,skip,skip,fail,skip,skip,pass,pass,,,32,0.4.0,2026-08-07
atlassian.com,1,10,Text-only,,fail,fail,fail,fail,skip,skip,fail,skip,skip,pass,fail,,,32,0.4.0,2026-08-07
atlasverified.ai,1,15,Text-only,,fail,fail,fail,fail,skip,skip,fail,skip,skip,pass,pass,,,15,0.4.0,2026-08-07
ato-mcp.com.au,1,80,Connectable,,fail,fail,pass,fail,pass,fail,fail,skip,skip,pass,fail,,modern,25,0.4.0,2026-08-07
atom-mcp-server-production.up.railway.app,1,70,Connectable,,fail,fail,pass,fail,pass,fail,fail,skip,skip,fail,fail,,legacy,33,0.4.0,2026-08-07
atom.com,1,85,Connectable,,fail,fail,pass,pass,pass,fail,fail,skip,skip,pass,pass,,legacy,35,0.4.0,2026-08-07
atomadic.tech,1,95,Agent-ready,,pass,fail,pass,fail,pass,pass,fail,pass,pass,pass,fail,mcp-json|mcp-bare|mcp-server-card-json,legacy,22,0.4.0,2026-08-07
atomadictech.workers.dev,1,0,Absent,,error,fail,fail,error,skip,skip,error,skip,skip,fail,fail,,,6,0.4.0,2026-08-07
atomandbits.com,1,5,Text-only,,fail,fail,fail,fail,skip,skip,fail,skip,skip,fail,pass,,,15,0.4.0,2026-08-07
atomiccss.dev,1,0,Absent,,fail,fail,fail,fail,skip,skip,fail,skip,skip,fail,fail,,,17,0.4.0,2026-08-07
attestagent.org,1,0,Absent,,fail,fail,fail,fail,skip,skip,fail,skip,skip,fail,fail,,,15,0.4.0,2026-08-07
attester.dev,1,80,Connectable,,fail,fail,pass,fail,pass,fail,fail,skip,skip,pass,fail,,legacy,24,0.4.0,2026-08-07
attestify-os.vercel.app,1,0,Absent,,fail,fail,fail,fail,skip,skip,fail,skip,skip,fail,fail,,,28,0.4.0,2026-08-07
attribloom.com,1,10,Text-only,,fail,fail,fail,fail,skip,skip,fail,skip,skip,pass,fail,,,15,0.4.0,2026-08-07
attrove.com,1,85,Connectable,,pass,fail,pass,pass,pass,fail,fail,skip,skip,pass,pass,mcp-server-card-json,modern,21,0.4.0,2026-08-07
auctiontrace.com,1,0,Absent,,fail,fail,fail,fail,skip,skip,fail,skip,skip,fail,fail,,,16,0.4.0,2026-08-07
audiala.com,1,70,Connectable,,pass,fail,fail,fail,pass,pass,fail,fail,fail,fail,fail,mcp-json,legacy,23,0.4.0,2026-08-07
audioalpha.io,1,5,Text-only,,fail,fail,fail,fail,skip,skip,fail,skip,skip,fail,pass,,,30,0.4.0,2026-08-07
audiodelivery.net,1,15,Text-only,,fail,fail,fail,fail,skip,skip,fail,skip,skip,pass,pass,,,19,0.4.0,2026-08-07
audioknihy.cz,1,50,Discoverable,,pass,fail,fail,fail,fail,skip,fail,skip,skip,pass,pass,mcp-json|mcp-server-card-json,,15,0.4.0,2026-08-07
audioscrape.com,1,85,Connectable,,fail,fail,pass,pass,pass,fail,fail,skip,skip,pass,pass,,modern,30,0.4.0,2026-08-07
augmentev.ai,1,0,Absent,,error,fail,fail,error,skip,skip,error,skip,skip,fail,fail,,,4,0.4.0,2026-08-07
augments.dev,1,5,Text-only,,fail,fail,fail,fail,skip,skip,fail,skip,skip,fail,pass,,,23,0.4.0,2026-08-07
augworlds.ai,1,0,Absent,,fail,fail,fail,fail,skip,skip,fail,skip,skip,fail,fail,,,14,0.4.0,2026-08-07
aura-ui.com,1,10,Text-only,,fail,fail,fail,fail,skip,skip,fail,skip,skip,pass,fail,,,15,0.4.0,2026-08-07
auracite.de,1,50,Discoverable,,pass,fail,fail,pass,skip,skip,fail,skip,skip,pass,pass,mcp-server-card-json,,15,0.4.0,2026-08-07
auralogs.ai,1,10,Text-only,,fail,fail,fail,fail,skip,skip,fail,skip,skip,pass,fail,,,18,0.4.0,2026-08-07
aurelianflo.com,1,85,Connectable,,pass,fail,fail,fail,pass,fail,fail,pass,skip,pass,pass,mcp-json|mcp-server-card-json,legacy,20,0.4.0,2026-08-07
aurinia.online,1,45,Discoverable,,pass,fail,fail,pass,fail,skip,fail,skip,skip,pass,fail,mcp-server-card-json,,15,0.4.0,2026-08-07
auriniaxo.com,1,15,Text-only,,fail,fail,fail,fail,skip,skip,fail,skip,skip,pass,pass,,,16,0.4.0,2026-08-07
aurora-coach.com,1,15,Text-only,,fail,fail,fail,fail,skip,skip,fail,skip,skip,pass,pass,,,15,0.4.0,2026-08-07
ausdata.io,1,15,Text-only,,fail,fail,fail,fail,skip,skip,fail,skip,skip,pass,pass,,,15,0.4.0,2026-08-07
ausecon-mcp-server.onrender.com,1,35,Discoverable,,pass,fail,fail,fail,skip,skip,fail,skip,skip,fail,fail,mcp-server-card-json,,28,0.4.0,2026-08-07
auseconmcp.com,1,0,Absent,,fail,fail,fail,fail,skip,skip,fail,skip,skip,fail,fail,,,18,0.4.0,2026-08-07
ausref.dev,1,10,Text-only,,fail,fail,fail,fail,skip,skip,fail,skip,skip,pass,fail,,,17,0.4.0,2026-08-07
austere-unsteady-pdf.replit.app,1,0,Absent,,fail,fail,fail,fail,skip,skip,fail,skip,skip,fail,fail,,,28,0.4.0,2026-08-07
auteng.ai,1,10,Text-only,,fail,fail,fail,fail,skip,skip,fail,skip,skip,pass,fail,,,16,0.4.0,2026-08-07
auth-sentinel-mcp.vercel.app,1,0,Absent,,fail,fail,fail,fail,skip,skip,fail,skip,skip,fail,fail,,,28,0.4.0,2026-08-07
auth0.com,1,10,Text-only,,fail,fail,fail,fail,skip,skip,fail,skip,skip,pass,fail,,,18,0.4.0,2026-08-07
authorized.by,1,95,Agent-ready,,pass,fail,fail,fail,pass,pass,fail,pass,pass,pass,fail,mcp-json,legacy,31,0.4.0,2026-08-07
authoryze.ai,1,35,Discoverable,,fail,fail,fail,pass,skip,skip,fail,skip,skip,fail,fail,,,14,0.4.0,2026-08-07
authplane.com,1,0,Absent,,fail,fail,fail,fail,skip,skip,fail,skip,skip,fail,fail,,,15,0.4.0,2026-08-07
authshore.ai,1,15,Text-only,,fail,fail,fail,fail,skip,skip,fail,skip,skip,pass,pass,,,17,0.4.0,2026-08-07
auto-reader.com,1,85,Connectable,,fail,fail,pass,fail,pass,pass,fail,skip,pass,fail,fail,,legacy,22,0.4.0,2026-08-07
autoady.io,1,50,Discoverable,,fail,fail,fail,pass,skip,skip,fail,skip,skip,pass,pass,,,30,0.4.0,2026-08-07
autoblocks.ai,1,0,Absent,,fail,fail,fail,fail,skip,skip,fail,skip,skip,fail,fail,,,20,0.4.0,2026-08-07
automatedclientacquisition.com,1,45,Discoverable,,pass,fail,fail,fail,skip,skip,fail,skip,skip,pass,fail,mcp-bare,,32,0.4.0,2026-08-07
automation-weaver-mcp.vercel.app,1,0,Absent,,fail,fail,fail,fail,skip,skip,fail,skip,skip,fail,fail,,,28,0.4.0,2026-08-07
automox.com,1,10,Text-only,,fail,fail,fail,fail,skip,skip,fail,skip,skip,pass,fail,,,30,0.4.0,2026-08-07
autonomad.ai,1,5,Text-only,,fail,fail,fail,fail,skip,skip,fail,skip,skip,fail,pass,,,17,0.4.0,2026-08-07
autonomyforge.dev,1,0,Absent,,error,fail,fail,error,skip,skip,error,skip,skip,fail,fail,,,54,0.4.0,2026-08-07
autorfp.ai,1,10,Text-only,,fail,fail,fail,fail,skip,skip,fail,skip,skip,pass,fail,,,16,0.4.0,2026-08-07
autoscrape-api-seven.vercel.app,1,35,Discoverable,,pass,fail,fail,fail,skip,skip,fail,skip,skip,fail,fail,mcp-server-card-json,,28,0.4.0,2026-08-07
auxen.ai,1,15,Text-only,,fail,fail,fail,fail,skip,skip,fail,skip,skip,pass,pass,,,16,0.4.0,2026-08-07
avagenesis.com,1,10,Text-only,,fail,fail,fail,fail,skip,skip,fail,skip,skip,pass,fail,,,15,0.4.0,2026-08-07
avakit.dev,1,0,Absent,,fail,fail,fail,fail,skip,skip,fail,skip,skip,fail,fail,,,15,0.4.0,2026-08-07
avalara.com,1,0,Absent,,fail,fail,fail,fail,skip,skip,fail,skip,skip,fail,fail,,,32,0.4.0,2026-08-07
avalix.ai,1,15,Text-only,,fail,fail,fail,fail,skip,skip,fail,skip,skip,pass,pass,,,16,0.4.0,2026-08-07
avatarfactory.io,1,15,Text-only,,fail,fail,fail,fail,skip,skip,fail,skip,skip,pass,pass,,,20,0.4.0,2026-08-07
avax.network,1,20,Text-only,,fail,fail,pass,fail,fail,skip,fail,skip,skip,fail,fail,,,35,0.4.0,2026-08-07
avaza.com,1,0,Absent,,fail,fail,fail,fail,skip,skip,fail,skip,skip,fail,fail,,,32,0.4.0,2026-08-07
aveiro.app,1,45,Discoverable,,fail,fail,fail,pass,skip,skip,fail,skip,skip,pass,fail,,,32,0.4.0,2026-08-07
avengersofsuperearth.com,1,85,Connectable,,fail,fail,pass,fail,pass,pass,fail,skip,pass,fail,fail,,legacy,24,0.4.0,2026-08-07
avenity-agentic-audit.onrender.com,1,0,Absent,,fail,fail,fail,fail,skip,skip,fail,skip,skip,fail,fail,,,28,0.4.0,2026-08-07
averra.dev,1,0,Absent,,fail,fail,fail,fail,skip,skip,fail,skip,skip,fail,fail,,,14,0.4.0,2026-08-07
averta.io,1,10,Text-only,,fail,fail,fail,fail,skip,skip,fail,skip,skip,pass,fail,,,17,0.4.0,2026-08-07
aviado.ai,1,0,Absent,,fail,fail,fail,fail,skip,skip,fail,skip,skip,fail,fail,,,14,0.4.0,2026-08-07
avisradar-production.up.railway.app,1,15,Text-only,,fail,fail,fail,fail,skip,skip,fail,skip,skip,pass,pass,,,28,0.4.0,2026-08-07
avizo.ro,1,85,Connectable,,pass,fail,pass,fail,pass,fail,fail,pass,skip,pass,pass,mcp-json,legacy,19,0.4.0,2026-08-07
avnester.com,1,15,Text-only,,fail,fail,fail,fail,skip,skip,fail,skip,skip,pass,pass,,,19,0.4.0,2026-08-07
avo.app,1,0,Absent,,fail,fail,fail,fail,skip,skip,fail,skip,skip,fail,fail,,,32,0.4.0,2026-08-07
avocadoai.co,1,45,Discoverable,,fail,fail,fail,pass,skip,skip,fail,skip,skip,pass,fail,,,30,0.4.0,2026-08-07
avots.ai,1,75,Connectable,,fail,fail,pass,pass,pass,fail,fail,skip,skip,fail,pass,,modern,20,0.4.0,2026-08-07
awardflightdaily.com,1,0,Absent,,error,fail,fail,error,skip,skip,error,skip,skip,fail,fail,,,41,0.4.0,2026-08-07
awardtravelfinder.com,1,85,Connectable,,pass,fail,pass,pass,pass,fail,fail,skip,skip,pass,pass,mcp-server-card-json,modern,21,0.4.0,2026-08-07
aws-builder-mcp.vercel.app,1,0,Absent,,fail,fail,fail,fail,skip,skip,fail,skip,skip,fail,fail,,,28,0.4.0,2026-08-07
axcess-mcp-server.fly.dev,1,10,Text-only,,fail,fail,fail,fail,skip,skip,fail,skip,skip,pass,fail,,,15,0.4.0,2026-08-07
axint.ai,1,15,Text-only,,fail,fail,fail,fail,skip,skip,fail,skip,skip,pass,pass,,,16,0.4.0,2026-08-07
axiom.co,1,15,Text-only,,fail,fail,fail,fail,skip,skip,fail,skip,skip,pass,pass,,,17,0.4.0,2026-08-07
axiomatic-ai.com,1,0,Absent,,fail,fail,fail,fail,skip,skip,fail,skip,skip,fail,fail,,,16,0.4.0,2026-08-07
axiomseal.com,1,80,Connectable,,pass,fail,fail,pass,pass,fail,fail,skip,skip,pass,fail,mcp-json,modern,23,0.4.0,2026-08-07
axiomstack.dev,1,0,Absent,,skip,fail,fail,skip,skip,skip,skip,skip,skip,skip,fail,,,6,0.4.0,2026-08-07
axiorank.com,1,50,Discoverable,,pass,fail,fail,pass,fail,skip,fail,skip,skip,pass,pass,mcp-json,,20,0.4.0,2026-08-07
axis-api-6c7z.onrender.com,1,50,Discoverable,,pass,fail,fail,pass,skip,skip,fail,skip,skip,pass,pass,mcp-json|mcp-bare|mcp-server-card-json,,28,0.4.0,2026-08-07
axonagentic.ai,1,15,Text-only,,fail,fail,fail,fail,skip,skip,fail,skip,skip,pass,pass,,,15,0.4.0,2026-08-07
aykiz.workers.dev,1,0,Absent,,error,fail,fail,error,skip,skip,error,skip,skip,fail,fail,,,6,0.4.0,2026-08-07
ayurak.com,1,0,Absent,,fail,fail,fail,fail,skip,skip,fail,skip,skip,fail,fail,,,14,0.4.0,2026-08-07
azure.com,1,0,Absent,,fail,fail,fail,fail,skip,skip,fail,skip,skip,fail,fail,,,17,0.4.0,2026-08-07
azurecarbon.com,1,10,Text-only,,fail,fail,fail,fail,skip,skip,fail,skip,skip,pass,fail,,,15,0.4.0,2026-08-07
b20check.com,1,80,Connectable,,fail,fail,pass,fail,pass,fail,fail,skip,skip,pass,fail,,legacy,20,0.4.0,2026-08-07
b2bware.com,1,40,Discoverable,,fail,pass,fail,fail,skip,skip,fail,skip,skip,fail,pass,,,17,0.4.0,2026-08-07
b4-index.vercel.app,1,0,Absent,,fail,fail,fail,fail,skip,skip,fail,skip,skip,fail,fail,,,28,0.4.0,2026-08-07
babyagecalculator.com,1,10,Text-only,,fail,fail,fail,fail,skip,skip,fail,skip,skip,pass,fail,,,19,0.4.0,2026-08-07
babyblueviper.com,1,0,Absent,,fail,fail,fail,fail,skip,skip,fail,skip,skip,fail,fail,,,30,0.4.0,2026-08-07
backengine.ai,1,0,Absent,,fail,fail,fail,fail,skip,skip,fail,skip,skip,fail,fail,,,15,0.4.0,2026-08-07
backtest360.com,1,0,Absent,,fail,fail,fail,fail,skip,skip,fail,skip,skip,fail,fail,,,17,0.4.0,2026-08-07
baeck.at,1,0,Absent,,error,fail,fail,error,skip,skip,error,skip,skip,fail,fail,,,41,0.4.0,2026-08-07
bakeryos.io,1,0,Absent,,fail,fail,fail,fail,skip,skip,fail,skip,skip,fail,fail,,,15,0.4.0,2026-08-07
balladic.com,1,5,Text-only,,fail,fail,fail,fail,skip,skip,fail,skip,skip,fail,pass,,,17,0.4.0,2026-08-07
balldontlie.io,1,0,Absent,,fail,fail,fail,fail,skip,skip,fail,skip,skip,fail,fail,,,32,0.4.0,2026-08-07
bamboosnow.co,1,35,Discoverable,,fail,fail,fail,pass,skip,skip,fail,skip,skip,fail,fail,,,16,0.4.0,2026-08-07
bananabanana.pro,1,50,Discoverable,,pass,fail,fail,pass,fail,skip,fail,skip,skip,pass,pass,mcp-json,,19,0.4.0,2026-08-07
bandsaas.com,1,15,Text-only,,fail,fail,fail,fail,skip,skip,fail,skip,skip,pass,pass,,,17,0.4.0,2026-08-07
bankbridge.money,1,50,Discoverable,,fail,fail,fail,pass,skip,skip,fail,skip,skip,pass,pass,,,14,0.4.0,2026-08-07
bankee.ai,1,0,Absent,,fail,fail,fail,fail,skip,skip,fail,skip,skip,fail,fail,,,15,0.4.0,2026-08-07
bankruptcyobserver.com,1,50,Discoverable,,fail,fail,fail,pass,skip,skip,fail,skip,skip,pass,pass,,,34,0.4.0,2026-08-07
bankstatemently.com,1,50,Discoverable,,pass,fail,fail,fail,skip,skip,fail,skip,skip,pass,pass,mcp-server-card-json,,15,0.4.0,2026-08-07
banksync.io,1,15,Text-only,,fail,fail,fail,fail,skip,skip,fail,skip,skip,pass,pass,,,18,0.4.0,2026-08-07
baozugong.app,1,40,Discoverable,,fail,fail,fail,pass,skip,skip,fail,skip,skip,fail,pass,,,14,0.4.0,2026-08-07
barcode-generator-production-3545.up.railway.app,1,0,Absent,,fail,fail,fail,fail,skip,skip,fail,skip,skip,fail,fail,,,28,0.4.0,2026-08-07
barcode-generator-x402-production.up.railway.app,1,0,Absent,,fail,fail,fail,fail,skip,skip,fail,skip,skip,fail,fail,,,28,0.4.0,2026-08-07
bardo.id,1,0,Absent,,fail,fail,fail,fail,skip,skip,fail,skip,skip,fail,fail,,,29,0.4.0,2026-08-07
bareun.ai,1,15,Text-only,,fail,fail,fail,fail,skip,skip,fail,skip,skip,pass,pass,,,16,0.4.0,2026-08-07
bargo.ai,1,80,Connectable,,pass,fail,pass,fail,pass,fail,fail,pass,skip,pass,fail,mcp-json|mcp-server-card-json,legacy,39,0.4.0,2026-08-07
barisasa.com,1,0,Absent,,fail,fail,fail,fail,skip,skip,fail,skip,skip,fail,fail,,,15,0.4.0,2026-08-07
barker.money,1,85,Connectable,,fail,fail,pass,fail,pass,fail,fail,skip,skip,pass,pass,,legacy,24,0.4.0,2026-08-07
barvinca.com,1,10,Text-only,,fail,fail,fail,fail,skip,skip,fail,skip,skip,pass,fail,,,16,0.4.0,2026-08-07
barwa.pl,1,0,Absent,,skip,fail,fail,skip,skip,skip,fail,skip,skip,fail,fail,,,17,0.4.0,2026-08-07
basalt.run,1,0,Absent,,fail,fail,fail,fail,skip,skip,fail,skip,skip,fail,fail,,,18,0.4.0,2026-08-07
base-defi-x402-production.up.railway.app,1,0,Absent,,fail,fail,fail,fail,skip,skip,fail,skip,skip,fail,fail,,,28,0.4.0,2026-08-07
base64-codec-production-1047.up.railway.app,1,0,Absent,,fail,fail,fail,fail,skip,skip,fail,skip,skip,fail,fail,,,28,0.4.0,2026-08-07
base64-codec-x402-production.up.railway.app,1,0,Absent,,fail,fail,fail,fail,skip,skip,fail,skip,skip,fail,fail,,,28,0.4.0,2026-08-07
baseframelabs.com,1,10,Text-only,,fail,fail,fail,fail,skip,skip,fail,skip,skip,pass,fail,,,29,0.4.0,2026-08-07
basehub.com,1,85,Connectable,,fail,fail,pass,fail,pass,pass,fail,skip,pass,fail,fail,,legacy,29,0.4.0,2026-08-07
baselight.ai,1,0,Absent,,fail,fail,fail,fail,skip,skip,fail,skip,skip,fail,fail,,,16,0.4.0,2026-08-07
baselight.app,1,0,Absent,,fail,fail,fail,fail,skip,skip,fail,skip,skip,fail,fail,,,15,0.4.0,2026-08-07
basenull.com,1,10,Text-only,,fail,fail,fail,fail,skip,skip,fail,skip,skip,pass,fail,,,18,0.4.0,2026-08-07
basethread.ai,1,85,Connectable,,fail,fail,pass,pass,pass,fail,fail,skip,skip,pass,pass,,modern,24,0.4.0,2026-08-07
basicops.com,1,5,Text-only,,fail,fail,fail,fail,skip,skip,fail,skip,skip,fail,pass,,,28,0.4.0,2026-08-07
basil-agent.workers.dev,1,0,Absent,,error,fail,fail,error,skip,skip,error,skip,skip,fail,fail,,,6,0.4.0,2026-08-07
basinwise.vercel.app,1,85,Connectable,,fail,fail,pass,fail,pass,fail,fail,skip,skip,pass,pass,,legacy,33,0.4.0,2026-08-07
bassethound.ai,1,15,Text-only,,fail,fail,fail,fail,skip,skip,fail,skip,skip,pass,pass,,,16,0.4.0,2026-08-07
baton-mcp-production.up.railway.app,1,70,Connectable,,fail,fail,pass,fail,pass,fail,fail,skip,skip,fail,fail,,legacy,33,0.4.0,2026-08-07
batru.gg,1,10,Text-only,,fail,fail,fail,fail,skip,skip,fail,skip,skip,pass,fail,,,15,0.4.0,2026-08-07
battox.workers.dev,1,0,Absent,,error,fail,fail,error,skip,skip,error,skip,skip,fail,fail,,,6,0.4.0,2026-08-07
bauta.app,1,50,Discoverable,,fail,fail,fail,pass,skip,skip,fail,skip,skip,pass,pass,,,18,0.4.0,2026-08-07
bc-curriculum-mcp.fly.dev,1,70,Connectable,,fail,fail,pass,fail,pass,fail,fail,skip,skip,fail,fail,,legacy,20,0.4.0,2026-08-07
bcparcel.onrender.com,1,80,Connectable,,fail,fail,pass,fail,pass,fail,fail,skip,skip,pass,fail,,modern,32,0.4.0,2026-08-07
bda.ai,1,15,Text-only,,fail,fail,fail,fail,skip,skip,fail,skip,skip,pass,pass,,,27,0.4.0,2026-08-07
beacio.com,1,15,Text-only,,fail,fail,fail,fail,skip,skip,fail,skip,skip,pass,pass,,,16,0.4.0,2026-08-07
beacon-index.onrender.com,1,10,Text-only,,fail,fail,fail,fail,skip,skip,fail,skip,skip,pass,fail,,,28,0.4.0,2026-08-07
beatbandit.ai,1,35,Discoverable,,pass,fail,fail,pass,skip,skip,fail,skip,skip,fail,fail,mcp-server-card-json,,14,0.4.0,2026-08-07
beauticslab.com,1,0,Absent,,fail,fail,fail,fail,skip,skip,fail,skip,skip,fail,fail,,,18,0.4.0,2026-08-07
bedrocknews.com,1,100,Agent-ready,,pass,fail,fail,fail,pass,pass,fail,pass,pass,pass,pass,mcp-json,legacy,21,0.4.0,2026-08-07
beethoven2024.com,1,0,Absent,,fail,fail,fail,fail,skip,skip,fail,skip,skip,fail,fail,,,17,0.4.0,2026-08-07
befall.net,1,0,Absent,,fail,fail,fail,fail,skip,skip,fail,skip,skip,fail,fail,,,14,0.4.0,2026-08-07
beforeusersdo.com,1,70,Connectable,,fail,fail,pass,pass,pass,fail,fail,skip,skip,fail,fail,,modern,22,0.4.0,2026-08-07
begonia.pro,1,70,Connectable,,fail,fail,pass,fail,pass,fail,fail,skip,skip,fail,fail,,modern,37,0.4.0,2026-08-07
behindthewatt.com,1,10,Text-only,,fail,fail,fail,fail,skip,skip,fail,skip,skip,pass,fail,,,18,0.4.0,2026-08-07
belavista.sampa.br,1,100,Agent-ready,,pass,fail,pass,fail,pass,pass,fail,pass,pass,pass,pass,mcp-json,legacy,22,0.4.0,2026-08-07
bellwether.markets,1,0,Absent,,fail,fail,fail,fail,skip,skip,fail,skip,skip,fail,fail,,,16,0.4.0,2026-08-07
bellwethermetrics.com,1,80,Connectable,,fail,fail,pass,fail,pass,fail,fail,skip,skip,pass,fail,,legacy,24,0.4.0,2026-08-07
belong.events,1,5,Text-only,,fail,fail,fail,fail,skip,skip,fail,skip,skip,fail,pass,,,16,0.4.0,2026-08-07
bendtherules.io,1,0,Absent,,error,fail,fail,error,skip,skip,error,skip,skip,fail,fail,,,3,0.4.0,2026-08-07
benevolabs.org,1,0,Absent,,error,fail,fail,error,skip,skip,error,skip,skip,fail,fail,,,3,0.4.0,2026-08-07
benmilne.com,1,100,Agent-ready,,pass,fail,fail,pass,pass,pass,fail,pass,pass,pass,pass,mcp-json|mcp-bare|mcp-server-card-json,modern,32,0.4.0,2026-08-07
benriscore.com,1,10,Text-only,,fail,fail,fail,fail,skip,skip,fail,skip,skip,pass,fail,,,16,0.4.0,2026-08-07
benroberts.ai,1,10,Text-only,,fail,fail,fail,fail,skip,skip,fail,skip,skip,pass,fail,,,29,0.4.0,2026-08-07
besot.com,1,15,Text-only,,fail,fail,fail,fail,skip,skip,fail,skip,skip,pass,pass,,,19,0.4.0,2026-08-07
besttimetobookhotels.com,1,10,Text-only,,fail,fail,fail,fail,skip,skip,fail,skip,skip,pass,fail,,,30,0.4.0,2026-08-07
betafinds.com,1,45,Discoverable,,pass,fail,fail,pass,fail,skip,fail,skip,skip,pass,fail,mcp-json,,16,0.4.0,2026-08-07
betterlytics.io,1,0,Absent,,fail,fail,fail,fail,skip,skip,fail,skip,skip,fail,fail,,,14,0.4.0,2026-08-07
betterpost.ai,1,45,Discoverable,,fail,fail,fail,pass,skip,skip,fail,skip,skip,pass,fail,,,14,0.4.0,2026-08-07
beycome.com,1,10,Text-only,,fail,fail,fail,fail,skip,skip,fail,skip,skip,pass,fail,,,32,0.4.0,2026-08-07
beyond.wine,1,85,Connectable,,fail,fail,pass,fail,pass,fail,fail,skip,skip,pass,pass,,legacy,20,0.4.0,2026-08-07
beyourcover.com,1,45,Discoverable,,fail,fail,fail,pass,skip,skip,fail,skip,skip,pass,fail,,,14,0.4.0,2026-08-07
bezal.ai,1,50,Discoverable,,pass,fail,fail,fail,skip,skip,fail,skip,skip,pass,pass,mcp-json|mcp-server-card-json,,14,0.4.0,2026-08-07
bezbaseina.lv,1,100,Agent-ready,,fail,fail,pass,pass,pass,pass,fail,skip,pass,pass,pass,,legacy,19,0.4.0,2026-08-07
bfl.ai,1,80,Connectable,,fail,fail,pass,pass,pass,fail,fail,skip,skip,pass,fail,,modern,21,0.4.0,2026-08-07
bgpt.pro,1,0,Absent,,fail,fail,fail,fail,skip,skip,fail,skip,skip,fail,fail,,,16,0.4.0,2026-08-07
biaedge-mcp.onrender.com,1,35,Discoverable,,fail,fail,fail,pass,skip,skip,fail,skip,skip,fail,fail,,,28,0.4.0,2026-08-07
biaedge.com,1,0,Absent,,fail,fail,fail,fail,skip,skip,fail,skip,skip,fail,fail,,,16,0.4.0,2026-08-07
bible-mcp-server.fly.dev,1,0,Absent,,fail,fail,fail,fail,skip,skip,fail,skip,skip,fail,fail,,,15,0.4.0,2026-08-07
bibleglide.com,1,10,Text-only,,fail,fail,fail,fail,skip,skip,fail,skip,skip,pass,fail,,,31,0.4.0,2026-08-07
bid-jp.com,1,0,Absent,,error,fail,fail,error,skip,skip,error,skip,skip,fail,fail,,,4,0.4.0,2026-08-07
bidda.com,1,100,Agent-ready,,pass,pass,fail,fail,pass,pass,fail,fail,pass,pass,pass,mcp-json,legacy,32,0.4.0,2026-08-07
biddeed.ai,1,0,Absent,,fail,fail,fail,fail,skip,skip,fail,skip,skip,fail,fail,,,17,0.4.0,2026-08-07
bids44-mcp-751110103074.asia-south1.run.app,1,0,Absent,,fail,fail,fail,fail,skip,skip,fail,skip,skip,fail,fail,,,28,0.4.0,2026-08-07
bids44.com,1,10,Text-only,,fail,fail,fail,fail,skip,skip,fail,skip,skip,pass,fail,,,15,0.4.0,2026-08-07
bidsparq.com,1,80,Connectable,,fail,fail,pass,pass,pass,fail,fail,skip,skip,pass,fail,,modern,18,0.4.0,2026-08-07
biel.ai,1,45,Discoverable,,pass,fail,fail,fail,skip,skip,fail,skip,skip,pass,fail,mcp-server-card-json,,17,0.4.0,2026-08-07
bies.io,1,95,Agent-ready,,pass,fail,pass,fail,pass,pass,fail,pass,pass,pass,fail,mcp-json,legacy,20,0.4.0,2026-08-07
bighub.io,1,35,Discoverable,,fail,pass,fail,fail,skip,skip,fail,skip,skip,fail,fail,,,16,0.4.0,2026-08-07
bigredcloud.com,1,10,Text-only,,fail,fail,fail,fail,skip,skip,fail,skip,skip,pass,fail,,,15,0.4.0,2026-08-07
bigtableadmin.googleapis.com,1,70,Connectable,,fail,fail,pass,pass,pass,fail,fail,skip,skip,fail,fail,,legacy,20,0.4.0,2026-08-07
biii-production.up.railway.app,1,70,Connectable,,fail,fail,pass,fail,pass,pass,fail,skip,fail,fail,fail,,modern,32,0.4.0,2026-08-07
bijack.ir,1,70,Connectable,,fail,fail,pass,fail,pass,fail,fail,skip,skip,fail,fail,,legacy,26,0.4.0,2026-08-07
bikefuchs.com,1,45,Discoverable,,pass,pass,fail,fail,skip,skip,fail,skip,skip,pass,fail,mcp-server-card-json,,17,0.4.0,2026-08-07
biletyna.pl,1,80,Connectable,,pass,fail,pass,fail,pass,fail,fail,pass,skip,pass,fail,mcp-json,legacy,24,0.4.0,2026-08-07
billcommons.org,1,10,Text-only,,fail,fail,fail,fail,skip,skip,fail,skip,skip,pass,fail,,,18,0.4.0,2026-08-07
billingserv.com,1,15,Text-only,,fail,fail,fail,fail,skip,skip,fail,skip,skip,pass,pass,,,32,0.4.0,2026-08-07
bilt.me,1,10,Text-only,,fail,fail,fail,fail,skip,skip,fail,skip,skip,pass,fail,,,18,0.4.0,2026-08-07
bim.house,1,5,Text-only,,fail,fail,fail,fail,skip,skip,fail,skip,skip,fail,pass,,,15,0.4.0,2026-08-07
bio-data-parser-mcp.vercel.app,1,0,Absent,,fail,fail,fail,fail,skip,skip,fail,skip,skip,fail,fail,,,28,0.4.0,2026-08-07
bio-safe-audit-mcp.vercel.app,1,0,Absent,,fail,fail,fail,fail,skip,skip,fail,skip,skip,fail,fail,,,28,0.4.0,2026-08-07
biocosm-mcp.fly.dev,1,0,Absent,,error,fail,fail,error,skip,skip,error,skip,skip,fail,fail,,,28,0.4.0,2026-08-07
biodnd.com,1,0,Absent,,fail,fail,fail,fail,skip,skip,fail,skip,skip,fail,fail,,,29,0.4.0,2026-08-07
biome-commons-production.up.railway.app,1,0,Absent,,fail,fail,fail,fail,skip,skip,fail,skip,skip,fail,fail,,,28,0.4.0,2026-08-07
birdfury.com,1,85,Connectable,,fail,fail,pass,fail,pass,fail,fail,skip,skip,pass,pass,,legacy,20,0.4.0,2026-08-07
bisibility.com,1,50,Discoverable,,pass,fail,fail,pass,skip,skip,fail,skip,skip,pass,pass,mcp-json|mcp-server-card-json,,17,0.4.0,2026-08-07
bitcoinintel.live,1,0,Absent,,error,fail,fail,error,skip,skip,error,skip,skip,fail,fail,,,3,0.4.0,2026-08-07
bitcompare.net,1,85,Connectable,,pass,fail,fail,pass,pass,fail,fail,skip,skip,pass,pass,mcp-json,modern,23,0.4.0,2026-08-07
bitfence.ai,1,5,Text-only,,fail,fail,fail,fail,skip,skip,fail,skip,skip,fail,pass,,,27,0.4.0,2026-08-07
bitpoort.com,1,85,Connectable,,pass,fail,fail,pass,pass,fail,fail,skip,skip,pass,pass,mcp-json|mcp-server-card-json,modern,27,0.4.0,2026-08-07
bitquery.io,1,15,Text-only,,fail,fail,fail,fail,skip,skip,fail,skip,skip,pass,pass,,,17,0.4.0,2026-08-07
bitrise.io,1,80,Connectable,,fail,fail,pass,pass,pass,fail,fail,skip,skip,pass,fail,,modern,22,0.4.0,2026-08-07
bitrix24.com,1,5,Text-only,,fail,fail,fail,fail,skip,skip,fail,skip,skip,fail,pass,,,33,0.4.0,2026-08-07
bitsbound.com,1,10,Text-only,,fail,fail,fail,fail,skip,skip,fail,skip,skip,pass,fail,,,15,0.4.0,2026-08-07
bittlebits.ai,1,70,Connectable,,fail,fail,pass,pass,pass,fail,fail,skip,skip,fail,fail,,modern,21,0.4.0,2026-08-07
bitvoya.com,1,5,Text-only,,fail,fail,fail,fail,skip,skip,fail,skip,skip,fail,pass,,,27,0.4.0,2026-08-07
biz-planner.com,1,50,Discoverable,,fail,fail,fail,pass,skip,skip,fail,skip,skip,pass,pass,,,16,0.4.0,2026-08-07
bizclaw.xyz,1,0,Absent,,fail,fail,fail,fail,skip,skip,fail,skip,skip,fail,fail,,,16,0.4.0,2026-08-07
bizfile-mcp-production.up.railway.app,1,35,Discoverable,,pass,fail,fail,fail,skip,skip,fail,skip,skip,fail,fail,mcp-server-card-json,,28,0.4.0,2026-08-07
bizgigz.com,1,0,Absent,,fail,fail,fail,fail,skip,skip,fail,skip,skip,fail,fail,,,15,0.4.0,2026-08-07
bizinsured.ai,1,35,Discoverable,,fail,pass,fail,fail,skip,skip,fail,skip,skip,fail,fail,,,15,0.4.0,2026-08-07
bizmuse.ai,1,45,Discoverable,,fail,fail,fail,pass,skip,skip,fail,skip,skip,pass,fail,,,14,0.4.0,2026-08-07
bizverify.co,1,50,Discoverable,,pass,fail,fail,fail,skip,skip,fail,skip,skip,pass,pass,mcp-server-card-json,,16,0.4.0,2026-08-07
black-voice-76e6.workers.dev,1,0,Absent,,error,fail,fail,error,skip,skip,error,skip,skip,fail,fail,,,6,0.4.0,2026-08-07
blackduck.com,1,0,Absent,,fail,fail,fail,fail,skip,skip,fail,skip,skip,fail,fail,,,29,0.4.0,2026-08-07
blacklake.systems,1,0,Absent,,fail,fail,fail,fail,skip,skip,fail,skip,skip,fail,fail,,,28,0.4.0,2026-08-07
blacklight.observer,1,10,Text-only,,fail,fail,fail,fail,skip,skip,fail,skip,skip,pass,fail,,,15,0.4.0,2026-08-07
blackswancausallabs.com,1,0,Absent,,fail,fail,fail,fail,skip,skip,fail,skip,skip,fail,fail,,,15,0.4.0,2026-08-07
blackveilsecurity.com,1,5,Text-only,,fail,fail,fail,fail,skip,skip,fail,skip,skip,fail,pass,,,28,0.4.0,2026-08-07
blackwalltier.com,1,100,Agent-ready,,fail,fail,pass,fail,pass,pass,fail,skip,pass,pass,pass,,legacy,22,0.4.0,2026-08-07
blame.today,1,95,Agent-ready,,fail,fail,pass,fail,pass,pass,fail,skip,pass,pass,fail,,legacy,20,0.4.0,2026-08-07
blast-radius.ai,1,90,Agent-ready,,fail,fail,pass,fail,pass,pass,fail,skip,pass,fail,pass,,legacy,20,0.4.0,2026-08-07
blazesportsintel.com,1,15,Text-only,,fail,fail,fail,fail,skip,skip,fail,skip,skip,pass,pass,,,17,0.4.0,2026-08-07
blendduck.com,1,0,Absent,,fail,fail,fail,fail,skip,skip,fail,skip,skip,fail,fail,,,14,0.4.0,2026-08-07
blicht.com,1,45,Discoverable,,pass,fail,fail,fail,fail,skip,fail,skip,skip,pass,fail,mcp-server-card-json,,14,0.4.0,2026-08-07
blinkpdf.io,1,80,Connectable,,pass,fail,pass,pass,pass,fail,fail,skip,skip,pass,fail,mcp-server-card-json,modern,23,0.4.0,2026-08-07
blip-board.app,1,95,Agent-ready,,fail,fail,pass,fail,pass,pass,fail,skip,pass,pass,fail,,legacy,20,0.4.0,2026-08-07
blixtworks.com,1,10,Text-only,,fail,fail,fail,fail,skip,skip,fail,skip,skip,pass,fail,,,29,0.4.0,2026-08-07
blobpedia.org,1,15,Text-only,,fail,fail,fail,fail,skip,skip,fail,skip,skip,pass,pass,,,14,0.4.0,2026-08-07
blockchainanalysis.io,1,50,Discoverable,,pass,fail,fail,fail,skip,skip,fail,skip,skip,pass,pass,mcp-json,,14,0.4.0,2026-08-07
blockrazor.io,1,10,Text-only,,fail,fail,fail,fail,skip,skip,fail,skip,skip,pass,fail,,,17,0.4.0,2026-08-07
blockscholes.com,1,0,Absent,,fail,fail,fail,fail,skip,skip,fail,skip,skip,fail,fail,,,25,0.4.0,2026-08-07
blockscout.com,1,0,Absent,,fail,fail,fail,fail,skip,skip,fail,skip,skip,fail,fail,,,42,0.4.0,2026-08-07
blocksize.info,1,10,Text-only,,fail,fail,fail,fail,skip,skip,fail,skip,skip,pass,fail,,,17,0.4.0,2026-08-07
blocktrust.tech,1,0,Absent,,fail,fail,fail,fail,skip,skip,fail,skip,skip,fail,fail,,,14,0.4.0,2026-08-07
blockventurechaincapital.com,1,15,Text-only,,fail,fail,fail,fail,skip,skip,fail,skip,skip,pass,pass,,,18,0.4.0,2026-08-07
bloomberg.com,1,5,Text-only,,fail,fail,fail,fail,skip,skip,fail,skip,skip,fail,pass,,,32,0.4.0,2026-08-07
bloopo.ai,1,0,Absent,,fail,fail,fail,fail,skip,skip,fail,skip,skip,fail,fail,,,17,0.4.0,2026-08-07
blueauth.co,1,15,Text-only,,fail,fail,fail,fail,skip,skip,fail,skip,skip,pass,pass,,,16,0.4.0,2026-08-07
bluecraneworks.ca,1,45,Discoverable,,pass,fail,fail,fail,skip,skip,fail,skip,skip,pass,fail,mcp-server-card-json,,15,0.4.0,2026-08-07
bluegamma.io,1,10,Text-only,,fail,fail,fail,fail,skip,skip,fail,skip,skip,pass,fail,,,32,0.4.0,2026-08-07
bluenexus.ai,1,0,Absent,,fail,fail,fail,fail,skip,skip,fail,skip,skip,fail,fail,,,16,0.4.0,2026-08-07
bluepillow.com,1,15,Text-only,,fail,fail,fail,fail,skip,skip,fail,skip,skip,pass,pass,,,42,0.4.0,2026-08-07
bluerock.io,1,15,Text-only,,fail,fail,fail,fail,skip,skip,fail,skip,skip,pass,pass,,,34,0.4.0,2026-08-07
bluewatch.app,1,5,Text-only,,fail,fail,fail,fail,skip,skip,fail,skip,skip,fail,pass,,,15,0.4.0,2026-08-07
bluffnet.gg,1,5,Text-only,,fail,fail,fail,fail,skip,skip,fail,skip,skip,fail,pass,,,15,0.4.0,2026-08-07
blumen-verschicken.online,1,10,Text-only,,fail,fail,fail,fail,skip,skip,fail,skip,skip,pass,fail,,,19,0.4.0,2026-08-07
bluraysuchmaschine.de,1,70,Connectable,,fail,fail,pass,fail,pass,fail,fail,skip,skip,fail,fail,,legacy,28,0.4.0,2026-08-07
blyck.dev,1,0,Absent,,fail,fail,fail,fail,skip,skip,fail,skip,skip,fail,fail,,,18,0.4.0,2026-08-07
bmcxiv.com,1,0,Absent,,error,fail,fail,error,skip,skip,error,skip,skip,fail,fail,,,31,0.4.0,2026-08-07
bmikit.com,1,45,Discoverable,,pass,fail,fail,pass,skip,skip,fail,skip,skip,pass,fail,mcp-bare|mcp-server-card-json,,19,0.4.0,2026-08-07
bmlt.app,1,5,Text-only,,fail,fail,fail,fail,skip,skip,fail,skip,skip,fail,pass,,,21,0.4.0,2026-08-07
boardbriefai.io,1,0,Absent,,fail,fail,fail,fail,skip,skip,fail,skip,skip,fail,fail,,,22,0.4.0,2026-08-07
bodenrichtwert.ai,1,15,Text-only,,fail,fail,fail,fail,skip,skip,fail,skip,skip,pass,pass,,,17,0.4.0,2026-08-07
bofip.dev,1,5,Text-only,,fail,fail,fail,fail,skip,skip,fail,skip,skip,fail,pass,,,18,0.4.0,2026-08-07
bogeyland.golf,1,100,Agent-ready,,pass,fail,pass,fail,pass,pass,fail,pass,pass,pass,pass,mcp-json,legacy,41,0.4.0,2026-08-07
bol.ai,1,45,Discoverable,,pass,fail,fail,pass,fail,skip,fail,skip,skip,pass,fail,mcp-json,,15,0.4.0,2026-08-07
boletinclaro.es,1,50,Discoverable,,fail,fail,fail,pass,skip,skip,fail,skip,skip,pass,pass,,,28,0.4.0,2026-08-07
bolotstudio.com,1,85,Connectable,,pass,fail,fail,fail,pass,fail,fail,pass,skip,pass,pass,mcp-json|mcp-bare|mcp-server-card-json,legacy,25,0.4.0,2026-08-07
bolthub.ai,1,10,Text-only,,fail,fail,fail,fail,skip,skip,fail,skip,skip,pass,fail,,,15,0.4.0,2026-08-07
bomretiro.sampa.br,1,100,Agent-ready,,pass,fail,pass,fail,pass,pass,fail,pass,pass,pass,pass,mcp-json,legacy,22,0.4.0,2026-08-07
bonissystems.com,1,50,Discoverable,,pass,fail,fail,fail,fail,skip,fail,skip,skip,pass,pass,mcp-json|mcp-bare,,15,0.4.0,2026-08-07
bonsave.app,1,35,Discoverable,,fail,fail,fail,pass,skip,skip,fail,skip,skip,fail,fail,,,27,0.4.0,2026-08-07
bonussok.no,1,80,Connectable,,fail,fail,pass,fail,pass,fail,fail,skip,skip,pass,fail,,modern,42,0.4.0,2026-08-07
booboooking.com,1,45,Discoverable,,pass,fail,fail,pass,skip,skip,fail,skip,skip,pass,fail,mcp-json|mcp-server-card-json,,29,0.4.0,2026-08-07
bookingmaven.com,1,15,Text-only,,fail,fail,fail,fail,skip,skip,fail,skip,skip,pass,pass,,,17,0.4.0,2026-08-07
bookrails-api.azurewebsites.net,1,0,Absent,,fail,fail,fail,fail,skip,skip,fail,skip,skip,fail,fail,,,16,0.4.0,2026-08-07
bookstore4agents.workers.dev,1,0,Absent,,error,fail,fail,error,skip,skip,error,skip,skip,fail,fail,,,6,0.4.0,2026-08-07
boolsai.ai,1,100,Agent-ready,,pass,fail,fail,fail,pass,pass,fail,pass,pass,pass,pass,mcp-json|mcp-bare,legacy,20,0.4.0,2026-08-07
boostedchat.com,1,5,Text-only,,fail,fail,fail,fail,skip,skip,fail,skip,skip,fail,pass,,,16,0.4.0,2026-08-07
boostermage.com,1,35,Discoverable,,pass,fail,fail,fail,skip,skip,fail,skip,skip,fail,fail,mcp-server-card-json,,18,0.4.0,2026-08-07
boosthis.com,1,0,Absent,,skip,fail,fail,skip,skip,skip,fail,skip,skip,skip,fail,,,4,0.4.0,2026-08-07
boothcheck.com,1,95,Agent-ready,,fail,fail,pass,pass,pass,pass,fail,skip,pass,pass,fail,,legacy,20,0.4.0,2026-08-07
bopmarket.store,1,5,Text-only,,fail,fail,fail,fail,skip,skip,fail,skip,skip,fail,pass,,,44,0.4.0,2026-08-07
borealhost.ai,1,85,Connectable,,pass,fail,fail,fail,pass,fail,fail,pass,skip,pass,pass,mcp-json,legacy,23,0.4.0,2026-08-07
borisinc.com,1,10,Text-only,,fail,fail,fail,fail,skip,skip,fail,skip,skip,pass,fail,,,18,0.4.0,2026-08-07
bosonprotocol.io,1,0,Absent,,fail,fail,fail,fail,skip,skip,fail,skip,skip,fail,fail,,,31,0.4.0,2026-08-07
bot-trade.org,1,100,Agent-ready,,fail,fail,pass,pass,pass,pass,fail,skip,pass,pass,pass,,modern,23,0.4.0,2026-08-07
botcorpus.com,1,15,Text-only,,fail,fail,fail,fail,skip,skip,fail,skip,skip,pass,pass,,,20,0.4.0,2026-08-07
botguard-agent-production.up.railway.app,1,0,Absent,,fail,fail,fail,fail,skip,skip,fail,skip,skip,fail,fail,,,28,0.4.0,2026-08-07
botoi.com,1,85,Connectable,,pass,fail,pass,fail,pass,fail,fail,fail,skip,pass,pass,mcp-server-card-json,legacy,23,0.4.0,2026-08-07
botspot.trade,1,10,Text-only,,fail,fail,fail,fail,skip,skip,fail,skip,skip,pass,fail,,,17,0.4.0,2026-08-07
bounceprotect.com,1,0,Absent,,fail,fail,fail,fail,skip,skip,fail,skip,skip,fail,fail,,,27,0.4.0,2026-08-07
bouncewatch.com,1,50,Discoverable,,fail,fail,fail,pass,skip,skip,fail,skip,skip,pass,pass,,,15,0.4.0,2026-08-07
boundaryai.ai,1,10,Text-only,,fail,fail,fail,fail,skip,skip,fail,skip,skip,pass,fail,,,16,0.4.0,2026-08-07
boundr.dev,1,0,Absent,,fail,fail,fail,fail,skip,skip,fail,skip,skip,fail,fail,,,34,0.4.0,2026-08-07
boundy.workers.dev,1,0,Absent,,error,fail,fail,error,skip,skip,error,skip,skip,fail,fail,,,6,0.4.0,2026-08-07
bountyapi.com,1,10,Text-only,,fail,fail,fail,fail,skip,skip,fail,skip,skip,pass,fail,,,15,0.4.0,2026-08-07
bourdon.ai,1,15,Text-only,,fail,fail,fail,fail,skip,skip,fail,skip,skip,pass,pass,,,15,0.4.0,2026-08-07
bowmark.ai,1,0,Absent,,fail,fail,fail,fail,skip,skip,fail,skip,skip,fail,fail,,,15,0.4.0,2026-08-07
boxtoplay.com,1,0,Absent,,fail,fail,fail,fail,skip,skip,fail,skip,skip,fail,fail,,,25,0.4.0,2026-08-07
bqixfybgflusxwnvzjwu.supabase.co,1,0,Absent,,fail,fail,fail,fail,skip,skip,fail,skip,skip,fail,fail,,,15,0.4.0,2026-08-07
brafinder.com,1,15,Text-only,,fail,fail,fail,fail,skip,skip,fail,skip,skip,pass,pass,,,30,0.4.0,2026-08-07
brain-tube.com,1,15,Text-only,,fail,fail,fail,fail,skip,skip,fail,skip,skip,pass,pass,,,17,0.4.0,2026-08-07
brainattic.ai,1,10,Text-only,,fail,fail,fail,fail,skip,skip,fail,skip,skip,pass,fail,,,16,0.4.0,2026-08-07
braincloudservers.com,1,0,Absent,,error,fail,fail,error,skip,skip,error,skip,skip,fail,fail,,,43,0.4.0,2026-08-07
brainfile.io,1,10,Text-only,,fail,fail,fail,fail,skip,skip,fail,skip,skip,pass,fail,,,15,0.4.0,2026-08-07
brainiall.com,1,10,Text-only,,fail,fail,fail,fail,skip,skip,fail,skip,skip,pass,fail,,,28,0.4.0,2026-08-07
brainkb.org,1,0,Absent,,fail,fail,fail,fail,skip,skip,fail,skip,skip,fail,fail,,,23,0.4.0,2026-08-07
brainonbnb.com,1,10,Text-only,,fail,fail,fail,fail,skip,skip,fail,skip,skip,pass,fail,,,15,0.4.0,2026-08-07
brainstormrouter.com,1,10,Text-only,,fail,fail,fail,fail,skip,skip,fail,skip,skip,pass,fail,,,20,0.4.0,2026-08-07
branchapp.com,1,0,Absent,,fail,fail,fail,fail,skip,skip,fail,skip,skip,fail,fail,,,16,0.4.0,2026-08-07
brand-intel-mcp-production.up.railway.app,1,0,Absent,,error,fail,fail,error,skip,skip,error,skip,skip,fail,fail,,,41,0.4.0,2026-08-07
brandfetch.io,1,0,Absent,,fail,fail,fail,fail,skip,skip,fail,skip,skip,fail,fail,,,18,0.4.0,2026-08-07
brandyze.fr,1,50,Discoverable,,pass,fail,fail,pass,fail,skip,fail,skip,skip,pass,pass,mcp-server-card-json,,19,0.4.0,2026-08-07
brasilnfe.com.br,1,10,Text-only,,fail,fail,fail,fail,skip,skip,fail,skip,skip,pass,fail,,,16,0.4.0,2026-08-07
bravos-ai.com,1,80,Connectable,,fail,fail,pass,pass,pass,fail,fail,skip,skip,pass,fail,,modern,22,0.4.0,2026-08-07
brazilmcp.dev,1,0,Absent,,error,fail,fail,error,skip,skip,error,skip,skip,fail,fail,,,31,0.4.0,2026-08-07
breckenwander.com,1,75,Connectable,,fail,fail,pass,fail,pass,fail,fail,skip,skip,fail,pass,,legacy,23,0.4.0,2026-08-07
breeze.pm,1,0,Absent,,fail,fail,fail,fail,skip,skip,fail,skip,skip,fail,fail,,,30,0.4.0,2026-08-07
brick.directory,1,0,Absent,,fail,fail,fail,fail,skip,skip,fail,skip,skip,fail,fail,,,16,0.4.0,2026-08-07
brickpulse.ai,1,15,Text-only,,fail,fail,fail,fail,skip,skip,fail,skip,skip,pass,pass,,,16,0.4.0,2026-08-07
bridge-routes-x402-production.up.railway.app,1,0,Absent,,fail,fail,fail,fail,skip,skip,fail,skip,skip,fail,fail,,,28,0.4.0,2026-08-07
bridgenode.cc,1,95,Agent-ready,,pass,fail,pass,fail,pass,pass,fail,pass,pass,pass,fail,mcp-json,modern,19,0.4.0,2026-08-07
bridgetoagent.com,1,10,Text-only,,fail,fail,fail,fail,skip,skip,fail,skip,skip,pass,fail,,,27,0.4.0,2026-08-07
bridgetown.builders,1,15,Text-only,,fail,fail,fail,fail,skip,skip,fail,skip,skip,pass,pass,,,32,0.4.0,2026-08-07
brieform.app,1,45,Discoverable,,fail,fail,fail,pass,skip,skip,fail,skip,skip,pass,fail,,,14,0.4.0,2026-08-07
briefverzenden.nl,1,95,Agent-ready,,pass,fail,pass,fail,pass,pass,fail,fail,pass,pass,fail,mcp-server-card-json,modern,37,0.4.0,2026-08-07
brightkey.co,1,15,Text-only,,fail,fail,fail,fail,skip,skip,fail,skip,skip,pass,pass,,,16,0.4.0,2026-08-07
brightsec.com,1,10,Text-only,,fail,fail,fail,fail,skip,skip,fail,skip,skip,pass,fail,,,15,0.4.0,2026-08-07
bringyour.ai,1,50,Discoverable,,pass,fail,fail,fail,skip,skip,fail,skip,skip,pass,pass,mcp-json,,15,0.4.0,2026-08-07
bringyour.com,1,0,Absent,,fail,fail,fail,fail,skip,skip,fail,skip,skip,fail,fail,,,18,0.4.0,2026-08-07
brivvy.io,1,10,Text-only,,fail,fail,fail,fail,skip,skip,fail,skip,skip,pass,fail,,,16,0.4.0,2026-08-07
broen.tech,1,0,Absent,,fail,fail,fail,fail,skip,skip,fail,skip,skip,fail,fail,,,14,0.4.0,2026-08-07
brokerchooser.com,1,40,Discoverable,,fail,fail,fail,pass,skip,skip,fail,skip,skip,fail,pass,,,17,0.4.0,2026-08-07
brokeria.com.br,1,15,Text-only,,fail,fail,fail,fail,skip,skip,fail,skip,skip,pass,pass,,,19,0.4.0,2026-08-07
browser-use.com,1,95,Agent-ready,,fail,fail,pass,pass,pass,pass,fail,skip,pass,pass,fail,,legacy,22,0.4.0,2026-08-07
browserssh.com,1,10,Text-only,,fail,fail,fail,fail,skip,skip,fail,skip,skip,pass,fail,,,16,0.4.0,2026-08-07
bstorms.ai,1,45,Discoverable,,fail,pass,fail,fail,skip,skip,fail,skip,skip,pass,fail,,,13,0.4.0,2026-08-07
bsv.cx,1,70,Connectable,,pass,fail,pass,fail,pass,fail,fail,fail,skip,fail,fail,mcp-bare,legacy,20,0.4.0,2026-08-07
btcnode.uk,1,10,Text-only,,fail,fail,fail,fail,skip,skip,fail,skip,skip,pass,fail,,,18,0.4.0,2026-08-07
btcwhalealerts.com,1,0,Absent,,fail,fail,fail,fail,skip,skip,fail,skip,skip,fail,fail,,,18,0.4.0,2026-08-07
budgetary.tools,1,85,Connectable,,fail,fail,pass,fail,pass,pass,fail,skip,pass,fail,fail,,legacy,22,0.4.0,2026-08-07
bugbrain.tech,1,15,Text-only,,fail,fail,fail,fail,skip,skip,fail,skip,skip,pass,pass,,,18,0.4.0,2026-08-07
bugezy.dev,1,0,Absent,,fail,fail,fail,fail,skip,skip,fail,skip,skip,fail,fail,,,13,0.4.0,2026-08-07
buggazi.com,1,15,Text-only,,fail,fail,fail,fail,skip,skip,fail,skip,skip,pass,pass,,,17,0.4.0,2026-08-07
bugiadata.com,1,5,Text-only,,fail,fail,fail,fail,skip,skip,fail,skip,skip,fail,pass,,,18,0.4.0,2026-08-07
buildervet.au,1,15,Text-only,,fail,fail,fail,fail,skip,skip,fail,skip,skip,pass,pass,,,18,0.4.0,2026-08-07
buildforce.io,1,15,Text-only,,fail,fail,fail,fail,skip,skip,fail,skip,skip,pass,pass,,,29,0.4.0,2026-08-07
buildpulse.io,1,50,Discoverable,,fail,fail,pass,pass,fail,skip,fail,skip,skip,pass,pass,,,22,0.4.0,2026-08-07
builtwithjon.com,1,85,Connectable,,pass,fail,fail,fail,pass,fail,fail,pass,skip,pass,pass,mcp-json,legacy,28,0.4.0,2026-08-07
bulkurlchecker.com,1,85,Connectable,,fail,fail,pass,pass,pass,pass,fail,skip,fail,pass,pass,,legacy,23,0.4.0,2026-08-07
bull-run.org,1,0,Absent,,fail,fail,fail,fail,skip,skip,fail,skip,skip,fail,fail,,,17,0.4.0,2026-08-07
bullbear.ninja,1,0,Absent,,fail,fail,fail,fail,skip,skip,fail,skip,skip,fail,fail,,,27,0.4.0,2026-08-07
bullpenstrategygroup.com,1,10,Text-only,,fail,fail,fail,fail,skip,skip,fail,skip,skip,pass,fail,,,15,0.4.0,2026-08-07
bunzee.ai,1,50,Discoverable,,fail,fail,fail,pass,skip,skip,fail,skip,skip,pass,pass,,,15,0.4.0,2026-08-07
burademirung.workers.dev,1,0,Absent,,error,fail,fail,error,skip,skip,error,skip,skip,fail,fail,,,6,0.4.0,2026-08-07
burn-mcp-server.vercel.app,1,35,Discoverable,,pass,fail,fail,fail,skip,skip,fail,skip,skip,fail,fail,mcp-server-card-json,,28,0.4.0,2026-08-07
burnlore.com,1,80,Connectable,,pass,fail,fail,fail,pass,fail,fail,fail,skip,pass,fail,mcp-server-card-json,legacy,19,0.4.0,2026-08-07
buron.ai,1,10,Text-only,,fail,fail,fail,fail,skip,skip,fail,skip,skip,pass,fail,,,27,0.4.0,2026-08-07
bushdrum.com,1,70,Connectable,,pass,fail,fail,fail,pass,fail,fail,skip,skip,fail,fail,mcp-json,legacy,18,0.4.0,2026-08-07
businys.app,1,50,Discoverable,,pass,fail,fail,fail,fail,skip,fail,skip,skip,pass,pass,mcp-server-card-json,,18,0.4.0,2026-08-07
bustup-monitor.com,1,85,Connectable,,pass,fail,fail,fail,pass,fail,pass,fail,skip,pass,pass,mcp-server-card-json,legacy,19,0.4.0,2026-08-07
busymate.dev,1,5,Text-only,,fail,fail,fail,fail,skip,skip,fail,skip,skip,fail,pass,,,18,0.4.0,2026-08-07
butlerbrain.ai,1,0,Absent,,fail,fail,fail,fail,skip,skip,fail,skip,skip,fail,fail,,,16,0.4.0,2026-08-07
butterbase.ai,1,15,Text-only,,fail,fail,fail,fail,skip,skip,fail,skip,skip,pass,pass,,,16,0.4.0,2026-08-07
buy-my-agent.com,1,45,Discoverable,,pass,fail,fail,fail,skip,skip,fail,skip,skip,pass,fail,mcp-json,,27,0.4.0,2026-08-07
buyapi.ai,1,0,Absent,,fail,fail,fail,fail,skip,skip,fail,skip,skip,fail,fail,,,14,0.4.0,2026-08-07
buyersense.ai,1,0,Absent,,fail,fail,fail,fail,skip,skip,fail,skip,skip,fail,fail,,,15,0.4.0,2026-08-07
buylater.com,1,35,Discoverable,,pass,fail,fail,pass,fail,skip,fail,skip,skip,fail,fail,mcp-json,,15,0.4.0,2026-08-07
buyukesim.com,1,100,Agent-ready,,pass,fail,pass,fail,pass,pass,fail,fail,pass,pass,pass,mcp-server-card-json,legacy,20,0.4.0,2026-08-07
buywhere.ai,1,50,Discoverable,,pass,pass,fail,fail,skip,skip,fail,skip,skip,pass,pass,mcp-server-card-json,,18,0.4.0,2026-08-07
byimprint.com,1,15,Text-only,,fail,fail,fail,fail,skip,skip,fail,skip,skip,pass,pass,,,19,0.4.0,2026-08-07
bykaranteli.com,1,85,Connectable,,fail,fail,pass,fail,pass,fail,fail,skip,skip,pass,pass,,legacy,21,0.4.0,2026-08-07
byteask.ai,1,10,Text-only,,fail,fail,fail,fail,skip,skip,fail,skip,skip,pass,fail,,,20,0.4.0,2026-08-07
byteray.ai,1,0,Absent,,fail,fail,fail,fail,skip,skip,fail,skip,skip,fail,fail,,,17,0.4.0,2026-08-07
byway.world,1,15,Text-only,,fail,fail,fail,fail,skip,skip,fail,skip,skip,pass,pass,,,30,0.4.0,2026-08-07
bzigo.com,1,45,Discoverable,,fail,fail,fail,pass,skip,skip,fail,skip,skip,pass,fail,,,22,0.4.0,2026-08-07
cabal-hunter.com,1,50,Discoverable,,pass,fail,fail,fail,skip,skip,fail,skip,skip,pass,pass,mcp-json,,16,0.4.0,2026-08-07
cabalspy.xyz,1,40,Discoverable,,fail,pass,pass,fail,fail,skip,fail,skip,skip,fail,pass,,,22,0.4.0,2026-08-07
cabrini.ai,1,95,Agent-ready,,pass,fail,pass,fail,pass,pass,fail,pass,pass,pass,fail,mcp-json|mcp-bare|mcp-server-card-json,legacy,20,0.4.0,2026-08-07
cachebash-mcp-922749444863.us-central1.run.app,1,35,Discoverable,,fail,fail,fail,pass,skip,skip,fail,skip,skip,fail,fail,,,28,0.4.0,2026-08-07
cajusticewatch.com,1,5,Text-only,,fail,fail,fail,fail,skip,skip,fail,skip,skip,skip,pass,,,10,0.4.0,2026-08-07
calc.engineer,1,95,Agent-ready,,pass,fail,fail,fail,pass,pass,fail,pass,pass,pass,fail,mcp-json,legacy,21,0.4.0,2026-08-07
calcfleet.com,1,80,Connectable,,fail,fail,pass,fail,pass,fail,fail,skip,skip,pass,fail,,legacy,20,0.4.0,2026-08-07
calendarbridge.vercel.app,1,35,Discoverable,,fail,fail,fail,pass,skip,skip,fail,skip,skip,fail,fail,,,28,0.4.0,2026-08-07
calendarmcp.ai,1,40,Discoverable,,pass,fail,fail,fail,skip,skip,fail,skip,skip,fail,pass,mcp-server-card-json,,14,0.4.0,2026-08-07
calfeed.ai,1,15,Text-only,,fail,fail,fail,fail,skip,skip,fail,skip,skip,pass,pass,,,14,0.4.0,2026-08-07
caliper.fit,1,40,Discoverable,,pass,fail,fail,fail,skip,skip,fail,skip,skip,fail,pass,mcp-json|mcp-server-card-json,,15,0.4.0,2026-08-07
call-for-me.fly.dev,1,70,Connectable,,pass,fail,fail,fail,pass,fail,fail,fail,skip,fail,fail,mcp-server-card-json,legacy,20,0.4.0,2026-08-07
callendar.co,1,50,Discoverable,,pass,fail,fail,fail,skip,skip,fail,skip,skip,pass,pass,mcp-json|mcp-server-card-json,,21,0.4.0,2026-08-07
callendar.de,1,0,Absent,,fail,fail,fail,fail,skip,skip,fail,skip,skip,fail,fail,,,15,0.4.0,2026-08-07
callingly.com,1,70,Connectable,,fail,fail,pass,pass,pass,fail,fail,skip,skip,fail,fail,,modern,21,0.4.0,2026-08-07
callmcp.ai,1,45,Discoverable,,pass,fail,fail,fail,skip,skip,fail,skip,skip,pass,fail,mcp-json|mcp-server-card-json,,18,0.4.0,2026-08-07
calmactiva.com,1,50,Discoverable,,pass,fail,fail,fail,skip,skip,fail,skip,skip,pass,pass,mcp-json,,15,0.4.0,2026-08-07
calmboard.ai,1,0,Absent,,error,fail,fail,error,skip,skip,error,skip,skip,fail,fail,,,41,0.4.0,2026-08-07
calmloop.in,1,0,Absent,,fail,fail,fail,fail,skip,skip,fail,skip,skip,fail,fail,,,13,0.4.0,2026-08-07
calmseo.com,1,0,Absent,,fail,fail,fail,fail,skip,skip,fail,skip,skip,fail,fail,,,18,0.4.0,2026-08-07
calvingwatch.com,1,85,Connectable,,fail,fail,pass,fail,pass,fail,fail,skip,skip,pass,pass,,legacy,19,0.4.0,2026-08-07
calvix.io,1,90,Agent-ready,,pass,fail,pass,pass,pass,pass,fail,pass,pass,fail,pass,mcp-server-card-json,legacy,20,0.4.0,2026-08-07
cambercloud.com,1,10,Text-only,,fail,fail,fail,fail,skip,skip,fail,skip,skip,pass,fail,,,23,0.4.0,2026-08-07
cameronwilson.com.au,1,10,Text-only,,fail,fail,fail,fail,skip,skip,fail,skip,skip,pass,fail,,,15,0.4.0,2026-08-07
campaignstack.io,1,10,Text-only,,fail,fail,fail,fail,skip,skip,fail,skip,skip,pass,fail,,,18,0.4.0,2026-08-07
campobelo.sampa.br,1,100,Agent-ready,,pass,fail,pass,fail,pass,pass,fail,pass,pass,pass,pass,mcp-json,legacy,22,0.4.0,2026-08-07
can-tap-verified.com,1,100,Agent-ready,,pass,fail,pass,fail,pass,pass,fail,fail,pass,pass,pass,mcp-json,legacy,24,0.4.0,2026-08-07
canada-payroll.ca,1,10,Text-only,,fail,fail,fail,fail,skip,skip,fail,skip,skip,pass,fail,,,15,0.4.0,2026-08-07
canalnav.com,1,80,Connectable,,fail,fail,pass,fail,pass,fail,fail,skip,skip,pass,fail,,legacy,24,0.4.0,2026-08-07
canaryusers.ai,1,40,Discoverable,,pass,fail,fail,fail,fail,skip,fail,skip,skip,fail,pass,mcp-bare,,29,0.4.0,2026-08-07
cancun4-mcp.fly.dev,1,0,Absent,,fail,fail,fail,fail,skip,skip,fail,skip,skip,fail,fail,,,15,0.4.0,2026-08-07
cancun4.me,1,15,Text-only,,fail,fail,fail,fail,skip,skip,fail,skip,skip,pass,pass,,,15,0.4.0,2026-08-07
candidcost.com,1,15,Text-only,,fail,fail,fail,fail,skip,skip,fail,skip,skip,pass,pass,,,17,0.4.0,2026-08-07
candy-josh-writers-balance.trycloudflare.com,1,0,Absent,,error,fail,fail,error,skip,skip,error,skip,skip,fail,fail,,,3,0.4.0,2026-08-07
canivibe.ai,1,95,Agent-ready,,fail,fail,pass,fail,pass,pass,fail,skip,pass,pass,fail,,legacy,33,0.4.0,2026-08-07
cannonstudio.app,1,50,Discoverable,,fail,fail,fail,pass,skip,skip,fail,skip,skip,pass,pass,,,32,0.4.0,2026-08-07
cannonvoip.com,1,10,Text-only,,fail,fail,fail,fail,skip,skip,fail,skip,skip,pass,fail,,,15,0.4.0,2026-08-07
cantara.no,1,85,Connectable,,fail,fail,pass,fail,pass,pass,fail,skip,pass,fail,fail,,legacy,23,0.4.0,2026-08-07
canuckeats.com,1,15,Text-only,,fail,fail,fail,fail,skip,skip,fail,skip,skip,pass,pass,,,20,0.4.0,2026-08-07
canvora.ai,1,10,Text-only,,fail,fail,fail,fail,skip,skip,fail,skip,skip,pass,fail,,,16,0.4.0,2026-08-07
canvs.io,1,0,Absent,,fail,fail,fail,fail,skip,skip,fail,skip,skip,fail,fail,,,15,0.4.0,2026-08-07
canyougrab.it,1,0,Absent,,fail,fail,fail,fail,skip,skip,fail,skip,skip,fail,fail,,,15,0.4.0,2026-08-07
cap-rate-signals-mcp-production.up.railway.app,1,70,Connectable,,pass,fail,fail,fail,pass,fail,fail,fail,skip,fail,fail,mcp-server-card-json,legacy,32,0.4.0,2026-08-07
capabilitiestxt.org,1,85,Connectable,,pass,fail,pass,fail,pass,fail,fail,pass,skip,pass,pass,mcp-json,legacy,42,0.4.0,2026-08-07
capability.network,1,85,Connectable,,pass,fail,fail,fail,pass,fail,fail,pass,skip,pass,pass,ai-catalog|mcp-bare|mcp-server-card-json,legacy,19,0.4.0,2026-08-07
capabilityhostprotocol.com,1,85,Connectable,,pass,fail,pass,fail,pass,fail,fail,pass,skip,pass,pass,mcp-json|mcp-server-card-json,legacy,39,0.4.0,2026-08-07
capitol.guide,1,95,Agent-ready,,pass,fail,pass,fail,pass,pass,fail,skip,pass,pass,fail,mcp-bare,legacy,20,0.4.0,2026-08-07
caplia.ai,1,5,Text-only,,fail,fail,fail,fail,skip,skip,fail,skip,skip,fail,pass,,,15,0.4.0,2026-08-07
capmus.com,1,85,Connectable,,fail,fail,pass,fail,pass,fail,fail,skip,skip,pass,pass,,legacy,22,0.4.0,2026-08-07
captapi.com,1,100,Agent-ready,,pass,fail,pass,fail,pass,pass,fail,fail,pass,pass,pass,mcp-json,legacy,23,0.4.0,2026-08-07
captcha.cc,1,0,Absent,,fail,fail,fail,fail,skip,skip,fail,skip,skip,fail,fail,,,15,0.4.0,2026-08-07
carbon-cashmere.de,1,5,Text-only,,fail,fail,fail,fail,skip,skip,fail,skip,skip,fail,pass,,,30,0.4.0,2026-08-07
carbonarc.ai,1,0,Absent,,fail,fail,fail,fail,skip,skip,fail,skip,skip,fail,fail,,,32,0.4.0,2026-08-07
carbone.io,1,10,Text-only,,fail,fail,fail,fail,skip,skip,fail,skip,skip,pass,fail,,,18,0.4.0,2026-08-07
cardmind.app,1,0,Absent,,fail,fail,fail,fail,skip,skip,fail,skip,skip,fail,fail,,,28,0.4.0,2026-08-07
cardog.app,1,15,Text-only,,fail,fail,fail,fail,skip,skip,fail,skip,skip,pass,pass,,,18,0.4.0,2026-08-07
cardog.io,1,0,Absent,,fail,fail,fail,fail,skip,skip,fail,skip,skip,fail,fail,,,18,0.4.0,2026-08-07
careercraft.ing,1,10,Text-only,,fail,fail,fail,fail,skip,skip,fail,skip,skip,pass,fail,,,17,0.4.0,2026-08-07
careerrift.com,1,0,Absent,,fail,fail,fail,fail,skip,skip,fail,skip,skip,fail,fail,,,16,0.4.0,2026-08-07
careranks.com,1,100,Agent-ready,,pass,pass,pass,fail,pass,pass,fail,pass,pass,pass,pass,mcp-server-serra,modern,19,0.4.0,2026-08-07
carhunt.fr,1,100,Agent-ready,,fail,fail,pass,pass,pass,pass,fail,skip,pass,pass,pass,,legacy,23,0.4.0,2026-08-07
caringcourseforge.com,1,0,Absent,,fail,fail,fail,fail,skip,skip,fail,skip,skip,fail,fail,,,24,0.4.0,2026-08-07
cars-data.com,1,15,Text-only,,fail,fail,fail,fail,skip,skip,fail,skip,skip,pass,pass,,,24,0.4.0,2026-08-07
carshake.online,1,50,Discoverable,,pass,fail,fail,fail,fail,skip,fail,skip,skip,pass,pass,mcp-json,,19,0.4.0,2026-08-07
carso.exchange,1,0,Absent,,error,fail,fail,error,skip,skip,error,skip,skip,fail,fail,,,54,0.4.0,2026-08-07
carsxe.com,1,85,Connectable,,pass,fail,fail,fail,pass,fail,fail,skip,skip,pass,pass,mcp-server-card-json,modern,24,0.4.0,2026-08-07
carteleracines.es,1,10,Text-only,,fail,fail,fail,fail,skip,skip,fail,skip,skip,pass,fail,,,29,0.4.0,2026-08-07
carvox.pt,1,0,Absent,,fail,fail,fail,fail,skip,skip,fail,skip,skip,fail,fail,,,15,0.4.0,2026-08-07
casa-agents.fly.dev,1,0,Absent,,error,fail,fail,error,skip,skip,error,skip,skip,fail,fail,,,3,0.4.0,2026-08-07
casaintelligence.com.au,1,15,Text-only,,fail,fail,fail,fail,skip,skip,fail,skip,skip,pass,pass,,,28,0.4.0,2026-08-07
casenode.ai,1,10,Text-only,,fail,fail,fail,fail,skip,skip,fail,skip,skip,pass,fail,,,16,0.4.0,2026-08-07
cashbackpro.org,1,10,Text-only,,fail,fail,fail,fail,skip,skip,fail,skip,skip,pass,fail,,,17,0.4.0,2026-08-07
cashflow.tech,1,35,Discoverable,,pass,fail,fail,pass,skip,skip,fail,skip,skip,fail,fail,mcp-json,,23,0.4.0,2026-08-07
cashflowfrog.com,1,15,Text-only,,fail,fail,fail,fail,skip,skip,fail,skip,skip,pass,pass,,,22,0.4.0,2026-08-07
casthost.net,1,10,Text-only,,fail,fail,fail,fail,skip,skip,fail,skip,skip,pass,fail,,,37,0.4.0,2026-08-07
castiq.net,1,5,Text-only,,fail,fail,fail,fail,skip,skip,fail,skip,skip,fail,pass,,,31,0.4.0,2026-08-07
catalo.ai,1,35,Discoverable,,fail,fail,fail,pass,skip,skip,fail,skip,skip,fail,fail,,,15,0.4.0,2026-08-07
catalog-engine-mcp.vercel.app,1,0,Absent,,fail,fail,fail,fail,skip,skip,fail,skip,skip,fail,fail,,,28,0.4.0,2026-08-07
catalystedgescanner.com,1,15,Text-only,,fail,fail,fail,fail,skip,skip,fail,skip,skip,pass,pass,,,15,0.4.0,2026-08-07
catchaset.live,1,85,Connectable,,pass,fail,pass,fail,pass,pass,fail,pass,pass,fail,fail,mcp-json,legacy,20,0.4.0,2026-08-07
catchdoms.com,1,35,Discoverable,,pass,fail,fail,fail,skip,skip,fail,skip,skip,fail,fail,mcp-server-card-json,,15,0.4.0,2026-08-07
catchintent.com,1,50,Discoverable,,pass,fail,fail,pass,skip,skip,fail,skip,skip,pass,pass,mcp-server-card-json,,16,0.4.0,2026-08-07
catchmetrics.io,1,10,Text-only,,fail,fail,fail,fail,skip,skip,fail,skip,skip,pass,fail,,,31,0.4.0,2026-08-07
cathedral-ai.com,1,0,Absent,,fail,fail,fail,fail,skip,skip,fail,skip,skip,fail,fail,,,15,0.4.0,2026-08-07
caudexcatena.com,1,15,Text-only,,fail,fail,fail,fail,skip,skip,fail,skip,skip,pass,pass,,,15,0.4.0,2026-08-07
caulo.ai,1,35,Discoverable,,fail,fail,fail,pass,skip,skip,fail,skip,skip,fail,fail,,,17,0.4.0,2026-08-07
causaprima.ai,1,15,Text-only,,fail,fail,fail,fail,skip,skip,fail,skip,skip,pass,pass,,,16,0.4.0,2026-08-07
cavendo.ai,1,0,Absent,,fail,fail,fail,fail,skip,skip,fail,skip,skip,fail,fail,,,15,0.4.0,2026-08-07
cavetitle.xyz,1,40,Discoverable,,pass,fail,fail,fail,skip,skip,fail,skip,skip,fail,pass,mcp-json,,15,0.4.0,2026-08-07
cavuno.com,1,45,Discoverable,,pass,fail,fail,pass,skip,skip,fail,skip,skip,pass,fail,mcp-server-card-json,,18,0.4.0,2026-08-07
cc0.company,1,10,Text-only,,fail,fail,fail,fail,skip,skip,fail,skip,skip,pass,fail,,,17,0.4.0,2026-08-07
ccapi.ai,1,10,Text-only,,fail,fail,fail,fail,skip,skip,fail,skip,skip,pass,fail,,,16,0.4.0,2026-08-07
ccpedia.xyz,1,15,Text-only,,fail,fail,fail,fail,skip,skip,fail,skip,skip,pass,pass,,,17,0.4.0,2026-08-07
cdata.com,1,10,Text-only,,fail,fail,fail,fail,skip,skip,fail,skip,skip,pass,fail,,,25,0.4.0,2026-08-07
cdk.bot,1,15,Text-only,,fail,fail,fail,fail,skip,skip,fail,skip,skip,pass,pass,,,18,0.4.0,2026-08-07
ceki.me,1,95,Agent-ready,,pass,fail,fail,fail,pass,pass,fail,pass,pass,pass,fail,mcp-json,legacy,26,0.4.0,2026-08-07
celestium-cosmic-compass.fly.dev,1,0,Absent,,fail,fail,fail,fail,skip,skip,fail,skip,skip,fail,fail,,,15,0.4.0,2026-08-07
cellarion.app,1,50,Discoverable,,fail,fail,fail,pass,skip,skip,fail,skip,skip,pass,pass,,,15,0.4.0,2026-08-07
cello.so,1,70,Connectable,,fail,fail,pass,pass,pass,fail,fail,skip,skip,fail,fail,,modern,23,0.4.0,2026-08-07
cenogram.pl,1,50,Discoverable,,fail,fail,fail,pass,skip,skip,fail,skip,skip,pass,pass,,,15,0.4.0,2026-08-07
centralus-01.azurewebsites.net,1,0,Absent,,error,fail,fail,error,skip,skip,error,skip,skip,fail,fail,,,3,0.4.0,2026-08-07
centric-demo-mcp-808053805730.us-central1.run.app,1,70,Connectable,,fail,fail,pass,fail,pass,fail,fail,skip,skip,fail,fail,,legacy,33,0.4.0,2026-08-07
centro.sampa.br,1,100,Agent-ready,,pass,fail,pass,fail,pass,pass,fail,pass,pass,pass,pass,mcp-json,legacy,22,0.4.0,2026-08-07
cerberusindex.com,1,15,Text-only,,fail,fail,fail,fail,skip,skip,fail,skip,skip,pass,pass,,,15,0.4.0,2026-08-07
cerebrochain.com,1,45,Discoverable,,fail,fail,fail,pass,skip,skip,fail,skip,skip,pass,fail,,,15,0.4.0,2026-08-07
certifier.io,1,45,Discoverable,,pass,fail,fail,fail,fail,skip,pass,skip,skip,pass,fail,ai-catalog,,15,0.4.0,2026-08-07
certman.app,1,80,Connectable,,fail,fail,pass,pass,pass,fail,fail,skip,skip,pass,fail,,modern,22,0.4.0,2026-08-07
certscore.ai,1,15,Text-only,,fail,fail,fail,fail,skip,skip,fail,skip,skip,pass,pass,,,16,0.4.0,2026-08-07
cesaryague.es,1,45,Discoverable,,pass,fail,fail,fail,skip,skip,fail,skip,skip,pass,fail,mcp-json|mcp-server-card-json,,16,0.4.0,2026-08-07
cg3.io,1,80,Connectable,,fail,fail,pass,pass,pass,fail,fail,skip,skip,pass,fail,,modern,21,0.4.0,2026-08-07
chadanalytics.com,1,15,Text-only,,fail,fail,fail,fail,skip,skip,fail,skip,skip,pass,pass,,,14,0.4.0,2026-08-07
chain.love,1,10,Text-only,,fail,fail,fail,fail,skip,skip,fail,skip,skip,pass,fail,,,30,0.4.0,2026-08-07
chainaware.ai,1,10,Text-only,,fail,fail,fail,fail,skip,skip,fail,skip,skip,pass,fail,,,18,0.4.0,2026-08-07
chaincontext.dev,1,0,Absent,,fail,fail,fail,fail,skip,skip,fail,skip,skip,fail,fail,,,18,0.4.0,2026-08-07
chainflip-broker.io,1,80,Connectable,,fail,fail,pass,fail,pass,fail,fail,skip,skip,pass,fail,,legacy,20,0.4.0,2026-08-07
chainhelix.io,1,70,Connectable,,fail,fail,pass,fail,pass,pass,fail,skip,fail,fail,fail,,legacy,23,0.4.0,2026-08-07
chainsscope.duckdns.org,1,10,Text-only,,fail,fail,fail,fail,skip,skip,fail,skip,skip,pass,fail,,,29,0.4.0,2026-08-07
chaiz.com,1,70,Connectable,,fail,fail,pass,fail,pass,fail,fail,skip,skip,fail,fail,,legacy,24,0.4.0,2026-08-07
chalet-montagne.com,1,50,Discoverable,,pass,fail,fail,fail,fail,skip,fail,skip,skip,pass,pass,mcp-server-card-json,,34,0.4.0,2026-08-07
chamade.io,1,45,Discoverable,,pass,fail,fail,fail,skip,skip,fail,skip,skip,pass,fail,mcp-server-card-json,,15,0.4.0,2026-08-07
changebook.app,1,45,Discoverable,,fail,fail,fail,pass,skip,skip,fail,skip,skip,pass,fail,,,18,0.4.0,2026-08-07
changegamer.ai,1,80,Connectable,,pass,fail,pass,fail,pass,fail,fail,pass,skip,pass,fail,mcp-json,legacy,20,0.4.0,2026-08-07
changethisfile.com,1,100,Agent-ready,,pass,fail,pass,fail,pass,pass,pass,pass,pass,pass,pass,mcp-server-card-json,legacy,19,0.4.0,2026-08-07
chaot-kit.com,1,0,Absent,,fail,fail,fail,fail,skip,skip,fail,skip,skip,fail,fail,,,15,0.4.0,2026-08-07
chapsoft.com,1,50,Discoverable,,pass,fail,fail,fail,skip,skip,fail,skip,skip,pass,pass,mcp-json,,15,0.4.0,2026-08-07
charliemorrison.dev,1,15,Text-only,,fail,fail,fail,fail,skip,skip,fail,skip,skip,pass,pass,,,15,0.4.0,2026-08-07
charm.ing,1,50,Discoverable,,pass,fail,fail,pass,fail,skip,pass,skip,skip,pass,pass,ai-catalog|mcp-server-card-json,,16,0.4.0,2026-08-07
chartercaptain.com,1,85,Connectable,,fail,fail,pass,fail,pass,fail,fail,skip,skip,pass,pass,,legacy,22,0.4.0,2026-08-07
chartforgeai.com,1,0,Absent,,error,fail,fail,error,skip,skip,error,skip,skip,fail,fail,,,28,0.4.0,2026-08-07
chartpane.com,1,5,Text-only,,fail,fail,fail,fail,skip,skip,fail,skip,skip,fail,pass,,,17,0.4.0,2026-08-07
chathome.lu,1,85,Connectable,,pass,fail,pass,pass,pass,fail,fail,skip,skip,pass,pass,mcp-json|mcp-bare,modern,22,0.4.0,2026-08-07
chatthing.ai,1,10,Text-only,,fail,fail,fail,fail,skip,skip,fail,skip,skip,pass,fail,,,18,0.4.0,2026-08-07
chatwithcharm.com,1,15,Text-only,,fail,fail,fail,fail,skip,skip,fail,skip,skip,pass,pass,,,17,0.4.0,2026-08-07
cheapestinference.com,1,85,Connectable,,fail,fail,pass,fail,pass,fail,fail,skip,skip,pass,pass,,legacy,22,0.4.0,2026-08-07
checklist.day,1,0,Absent,,fail,fail,fail,fail,skip,skip,fail,skip,skip,fail,fail,,,23,0.4.0,2026-08-07
checklyra.com,1,80,Connectable,,pass,fail,pass,pass,pass,fail,fail,pass,skip,pass,fail,mcp-json,legacy,22,0.4.0,2026-08-07
checkmails.eu,1,15,Text-only,,fail,fail,fail,fail,skip,skip,fail,skip,skip,pass,pass,,,14,0.4.0,2026-08-07
checkmyvin.net,1,15,Text-only,,fail,fail,fail,fail,skip,skip,fail,skip,skip,pass,pass,,,14,0.4.0,2026-08-07
checkrecall.com,1,0,Absent,,fail,fail,fail,fail,skip,skip,fail,skip,skip,fail,fail,,,17,0.4.0,2026-08-07
chemandphysicsmastery.workers.dev,1,0,Absent,,error,fail,fail,error,skip,skip,error,skip,skip,fail,fail,,,6,0.4.0,2026-08-07
cherokeeai.com,1,0,Absent,,fail,fail,fail,fail,skip,skip,fail,skip,skip,fail,fail,,,15,0.4.0,2026-08-07
chesswithclaw.vercel.app,1,0,Absent,,fail,fail,fail,fail,skip,skip,fail,skip,skip,fail,fail,,,27,0.4.0,2026-08-07
chia.health,1,15,Text-only,,fail,fail,fail,fail,skip,skip,fail,skip,skip,pass,pass,,,16,0.4.0,2026-08-07
chicoxyzzy.workers.dev,1,0,Absent,,error,fail,fail,error,skip,skip,error,skip,skip,fail,fail,,,6,0.4.0,2026-08-07
chieflab.io,1,50,Discoverable,,pass,fail,fail,fail,skip,skip,fail,skip,skip,pass,pass,mcp-json,,16,0.4.0,2026-08-07
chikoh.com,1,0,Absent,,error,fail,fail,error,skip,skip,error,skip,skip,fail,fail,,,28,0.4.0,2026-08-07
childadhd.ai,1,100,Agent-ready,,pass,fail,fail,fail,pass,pass,fail,pass,pass,pass,pass,mcp-json|mcp-bare|mcp-server-card-json,modern,18,0.4.0,2026-08-07
childanxiety.ai,1,100,Agent-ready,,pass,fail,fail,fail,pass,pass,fail,pass,pass,pass,pass,mcp-json|mcp-bare|mcp-server-card-json,modern,18,0.4.0,2026-08-07
childpsychiatry.ai,1,100,Agent-ready,,pass,fail,fail,fail,pass,pass,fail,pass,pass,pass,pass,mcp-json|mcp-bare|mcp-server-card-json,modern,18,0.4.0,2026-08-07
chilipiper.com,1,5,Text-only,,skip,fail,fail,skip,skip,skip,skip,skip,skip,skip,pass,,,7,0.4.0,2026-08-07
china-phone-mcp.vercel.app,1,0,Absent,,fail,fail,fail,fail,skip,skip,fail,skip,skip,fail,fail,,,28,0.4.0,2026-08-07
chinamarketing.ai,1,95,Agent-ready,,fail,fail,pass,fail,pass,pass,fail,skip,pass,pass,fail,,legacy,31,0.4.0,2026-08-07
chirpwireless.io,1,50,Discoverable,,pass,fail,fail,pass,skip,skip,fail,skip,skip,pass,pass,mcp-server-card-json,,20,0.4.0,2026-08-07
choosehelp.com,1,95,Agent-ready,,pass,fail,pass,fail,pass,pass,fail,pass,pass,pass,fail,mcp-json,modern,30,0.4.0,2026-08-07
choosemylo.com,1,0,Absent,,fail,fail,fail,fail,skip,skip,fail,skip,skip,fail,fail,,,14,0.4.0,2026-08-07
choov.de,1,100,Agent-ready,,pass,fail,fail,fail,pass,pass,fail,pass,pass,pass,pass,mcp-json,legacy,42,0.4.0,2026-08-07
chorilo.com,1,50,Discoverable,,fail,fail,fail,pass,skip,skip,fail,skip,skip,pass,pass,,,21,0.4.0,2026-08-07
chromeflow.run,1,15,Text-only,,fail,fail,fail,fail,skip,skip,fail,skip,skip,pass,pass,,,15,0.4.0,2026-08-07
chronary.ai,1,45,Discoverable,,pass,fail,fail,fail,skip,skip,fail,skip,skip,pass,fail,mcp-json|mcp-bare|mcp-server-card-json,,16,0.4.0,2026-08-07
chrysai.com,1,10,Text-only,,skip,fail,fail,skip,skip,skip,fail,skip,skip,pass,fail,,,15,0.4.0,2026-08-07
churnlens.site,1,50,Discoverable,,pass,fail,fail,fail,skip,skip,fail,skip,skip,pass,pass,mcp-json,,16,0.4.0,2026-08-07
ci-sentinel.vercel.app,1,0,Absent,,fail,fail,fail,fail,skip,skip,fail,skip,skip,fail,fail,,,28,0.4.0,2026-08-07
cigarfinder.com,1,15,Text-only,,fail,fail,fail,fail,skip,skip,fail,skip,skip,pass,pass,,,21,0.4.0,2026-08-07
cinderfi.com,1,0,Absent,,fail,fail,fail,fail,skip,skip,fail,skip,skip,fail,fail,,,24,0.4.0,2026-08-07
cinevva.com,1,10,Text-only,,fail,fail,fail,fail,skip,skip,fail,skip,skip,pass,fail,,,22,0.4.0,2026-08-07
cintrasupply.com,1,80,Connectable,,fail,fail,pass,fail,pass,fail,fail,skip,skip,pass,fail,,legacy,20,0.4.0,2026-08-07
cipher-x402-mcp.vercel.app,1,0,Absent,,fail,fail,fail,fail,skip,skip,fail,skip,skip,fail,fail,,,28,0.4.0,2026-08-07
cipherhub.cloud,1,15,Text-only,,fail,fail,fail,fail,skip,skip,fail,skip,skip,pass,pass,,,27,0.4.0,2026-08-07
circleci.com,1,85,Connectable,,pass,fail,fail,pass,pass,fail,fail,skip,skip,pass,pass,mcp-bare|mcp-server-card-json,modern,22,0.4.0,2026-08-07
circlfi.com,1,15,Text-only,,fail,fail,fail,fail,skip,skip,fail,skip,skip,pass,pass,,,15,0.4.0,2026-08-07
circulara.ai,1,0,Absent,,fail,fail,fail,fail,skip,skip,fail,skip,skip,fail,fail,,,32,0.4.0,2026-08-07
cirra.ai,1,10,Text-only,,fail,fail,fail,fail,skip,skip,fail,skip,skip,pass,fail,,,18,0.4.0,2026-08-07
cisco.com,1,15,Text-only,,fail,fail,fail,fail,skip,skip,fail,skip,skip,pass,pass,,,34,0.4.0,2026-08-07
cissp.workers.dev,1,0,Absent,,error,fail,fail,error,skip,skip,error,skip,skip,fail,fail,,,6,0.4.0,2026-08-07
citadeldb.dev,1,0,Absent,,fail,fail,fail,fail,skip,skip,fail,skip,skip,fail,fail,,,15,0.4.0,2026-08-07
citationsafe.com,1,15,Text-only,,fail,fail,fail,fail,skip,skip,fail,skip,skip,pass,pass,,,14,0.4.0,2026-08-07
cite42.dev,1,50,Discoverable,,fail,fail,fail,pass,skip,skip,fail,skip,skip,pass,pass,,,23,0.4.0,2026-08-07
citedy.com,1,50,Discoverable,,pass,fail,fail,pass,skip,skip,fail,skip,skip,pass,pass,mcp-server-card-json,,29,0.4.0,2026-08-07
citehawk.com,1,45,Discoverable,,fail,fail,fail,pass,skip,skip,fail,skip,skip,pass,fail,,,40,0.4.0,2026-08-07
citestamp.com,1,95,Agent-ready,,fail,fail,pass,fail,pass,pass,fail,skip,pass,pass,fail,,modern,21,0.4.0,2026-08-07
citizenofnowhere.org,1,0,Absent,,fail,fail,fail,fail,skip,skip,fail,skip,skip,fail,fail,,,29,0.4.0,2026-08-07
cituna.com,1,15,Text-only,,fail,fail,fail,fail,skip,skip,fail,skip,skip,pass,pass,,,18,0.4.0,2026-08-07
city24.ee,1,0,Absent,,fail,fail,fail,fail,skip,skip,fail,skip,skip,fail,fail,,,35,0.4.0,2026-08-07
city24.lv,1,0,Absent,,fail,fail,fail,fail,skip,skip,fail,skip,skip,fail,fail,,,35,0.4.0,2026-08-07
cityheart.run,1,15,Text-only,,fail,fail,fail,fail,skip,skip,fail,skip,skip,pass,pass,,,14,0.4.0,2026-08-07
cityparity.com,1,85,Connectable,,fail,fail,pass,fail,pass,fail,fail,skip,skip,pass,pass,,legacy,28,0.4.0,2026-08-07
citywalkplan.com,1,10,Text-only,,fail,fail,fail,fail,skip,skip,fail,skip,skip,pass,fail,,,15,0.4.0,2026-08-07
civdotiq.org,1,15,Text-only,,fail,fail,fail,fail,skip,skip,fail,skip,skip,pass,pass,,,14,0.4.0,2026-08-07
civic.com,1,50,Discoverable,,pass,pass,fail,fail,skip,skip,fail,skip,skip,pass,pass,mcp-server-card-json,,30,0.4.0,2026-08-07
civilquants.com,1,80,Connectable,,fail,fail,pass,pass,pass,fail,fail,skip,skip,pass,fail,,legacy,26,0.4.0,2026-08-07
civis.run,1,0,Absent,,error,fail,fail,error,skip,skip,error,skip,skip,fail,fail,,,3,0.4.0,2026-08-07
ckg-agentforce.onrender.com,1,35,Discoverable,,pass,fail,fail,fail,skip,skip,fail,skip,skip,fail,fail,mcp-server-card-json,,28,0.4.0,2026-08-07
ckg-nvidia-ai.onrender.com,1,35,Discoverable,,pass,fail,fail,fail,skip,skip,fail,skip,skip,fail,fail,mcp-server-card-json,,28,0.4.0,2026-08-07
ckg-nvidia-nemoclaw.onrender.com,1,35,Discoverable,,pass,fail,fail,fail,skip,skip,fail,skip,skip,fail,fail,mcp-server-card-json,,28,0.4.0,2026-08-07
claidex.com,1,0,Absent,,fail,fail,fail,fail,skip,skip,fail,skip,skip,fail,fail,,,15,0.4.0,2026-08-07
claimhit.com,1,35,Discoverable,,fail,fail,fail,pass,skip,skip,fail,skip,skip,fail,fail,,,27,0.4.0,2026-08-07
claimondo.de,1,85,Connectable,,fail,fail,pass,fail,pass,fail,fail,skip,skip,pass,pass,,legacy,22,0.4.0,2026-08-07
clamp.sh,1,15,Text-only,,fail,fail,fail,fail,skip,skip,fail,skip,skip,pass,pass,,,14,0.4.0,2026-08-07
claracars.pt,1,50,Discoverable,,pass,fail,fail,fail,skip,skip,skip,skip,skip,pass,pass,mcp-json,,15,0.4.0,2026-08-07
claribi.com,1,15,Text-only,,fail,fail,fail,fail,skip,skip,fail,skip,skip,pass,pass,,,14,0.4.0,2026-08-07
clarid.ai,1,0,Absent,,fail,fail,fail,fail,skip,skip,fail,skip,skip,fail,fail,,,30,0.4.0,2026-08-07
clarigrid.energy,1,0,Absent,,fail,fail,fail,fail,skip,skip,fail,skip,skip,fail,fail,,,31,0.4.0,2026-08-07
clarilayer.com,1,45,Discoverable,,fail,fail,fail,pass,skip,skip,fail,skip,skip,pass,fail,,,14,0.4.0,2026-08-07
claritybriefs.com,1,85,Connectable,,pass,fail,pass,fail,pass,fail,fail,pass,skip,pass,pass,mcp-json|mcp-server-card-json,legacy,23,0.4.0,2026-08-07
clarx.ai,1,0,Absent,,fail,fail,fail,fail,skip,skip,fail,skip,skip,fail,fail,,,30,0.4.0,2026-08-07
classquill.com,1,85,Connectable,,fail,fail,pass,pass,pass,fail,fail,skip,skip,pass,pass,,modern,23,0.4.0,2026-08-07
claude-context-bridge.fly.dev,1,0,Absent,,fail,fail,fail,fail,skip,skip,fail,skip,skip,fail,fail,,,15,0.4.0,2026-08-07
claude-faf-mcp.vercel.app,1,0,Absent,,fail,fail,fail,fail,skip,skip,fail,skip,skip,fail,fail,,,28,0.4.0,2026-08-07
claude-world.com,1,10,Text-only,,fail,fail,fail,fail,skip,skip,fail,skip,skip,pass,fail,,,15,0.4.0,2026-08-07
claudeers.com,1,15,Text-only,,fail,fail,fail,fail,skip,skip,fail,skip,skip,pass,pass,,,14,0.4.0,2026-08-07
claudenews.online,1,100,Agent-ready,,fail,fail,pass,fail,pass,pass,fail,skip,pass,pass,pass,,legacy,21,0.4.0,2026-08-07
clauderecall.com,1,15,Text-only,,fail,fail,fail,fail,skip,skip,fail,skip,skip,pass,pass,,,14,0.4.0,2026-08-07
clauderegistry.com,1,75,Connectable,,fail,fail,pass,fail,pass,fail,fail,skip,skip,fail,pass,,legacy,20,0.4.0,2026-08-07
clauxel.com,1,0,Absent,,fail,fail,fail,fail,skip,skip,fail,skip,skip,fail,fail,,,15,0.4.0,2026-08-07
claw-link.dev,1,10,Text-only,,fail,fail,fail,fail,skip,skip,fail,skip,skip,pass,fail,,,15,0.4.0,2026-08-07
claw.cleaning,1,95,Agent-ready,,pass,fail,fail,fail,pass,pass,fail,fail,pass,pass,fail,mcp-json,legacy,19,0.4.0,2026-08-07
clawagent-production.up.railway.app,1,0,Absent,,fail,fail,fail,fail,skip,skip,fail,skip,skip,fail,fail,,,28,0.4.0,2026-08-07
clawbots.org,1,95,Agent-ready,,pass,fail,fail,fail,pass,pass,fail,pass,pass,pass,fail,mcp-json|mcp-server-card-json,legacy,41,0.4.0,2026-08-07
clawmcpinone.work,1,0,Absent,,error,fail,fail,error,skip,skip,error,skip,skip,fail,fail,,,3,0.4.0,2026-08-07
clawmerchants.com,1,95,Agent-ready,,pass,fail,fail,fail,pass,pass,fail,pass,pass,pass,fail,mcp-json,legacy,19,0.4.0,2026-08-07
clawriver.onrender.com,1,0,Absent,,error,fail,fail,error,skip,skip,error,skip,skip,fail,fail,,,41,0.4.0,2026-08-07
clawshow.ai,1,10,Text-only,,fail,fail,fail,fail,skip,skip,fail,skip,skip,pass,fail,,,16,0.4.0,2026-08-07
clawspan.cloud,1,10,Text-only,,fail,fail,fail,fail,skip,skip,fail,skip,skip,pass,fail,,,15,0.4.0,2026-08-07
clawstudiouo.com,1,5,Text-only,,fail,fail,fail,fail,skip,skip,fail,skip,skip,fail,pass,,,17,0.4.0,2026-08-07
clawterminal.ai,1,50,Discoverable,,pass,fail,fail,fail,skip,skip,fail,skip,skip,pass,pass,mcp-bare,,17,0.4.0,2026-08-07
clean.tools,1,100,Agent-ready,,pass,fail,pass,fail,pass,pass,fail,pass,pass,pass,pass,mcp-bare|mcp-server-card-json,legacy,24,0.4.0,2026-08-07
cleancode-ai-mcp.vercel.app,1,0,Absent,,fail,fail,fail,fail,skip,skip,fail,skip,skip,fail,fail,,,28,0.4.0,2026-08-07
cleanor.app,1,15,Text-only,,fail,fail,fail,fail,skip,skip,fail,skip,skip,pass,pass,,,16,0.4.0,2026-08-07
cleanslice.org,1,70,Connectable,,fail,fail,pass,fail,pass,fail,fail,skip,skip,fail,fail,,legacy,23,0.4.0,2026-08-07
clearancesearchengine.com,1,10,Text-only,,fail,fail,fail,fail,skip,skip,fail,skip,skip,pass,fail,,,27,0.4.0,2026-08-07
clearfront.sh,1,10,Text-only,,fail,fail,fail,fail,skip,skip,fail,skip,skip,pass,fail,,,15,0.4.0,2026-08-07
clearlist.me,1,50,Discoverable,,pass,fail,fail,pass,fail,skip,pass,skip,skip,pass,pass,ai-catalog|mcp-json|mcp-bare|mcp-server-card-json,,18,0.4.0,2026-08-07
clearmarket.fyi,1,85,Connectable,,fail,fail,pass,fail,pass,pass,fail,skip,fail,pass,pass,,legacy,23,0.4.0,2026-08-07
clearpolicy.app,1,80,Connectable,,fail,fail,pass,pass,pass,fail,fail,skip,skip,pass,fail,,modern,35,0.4.0,2026-08-07
clearpostplugin.com,1,10,Text-only,,fail,fail,fail,fail,skip,skip,fail,skip,skip,pass,fail,,,18,0.4.0,2026-08-07
clelp.ai,1,15,Text-only,,fail,fail,fail,fail,skip,skip,fail,skip,skip,pass,pass,,,15,0.4.0,2026-08-07
cleofamily.app,1,0,Absent,,fail,fail,fail,fail,skip,skip,fail,skip,skip,fail,fail,,,30,0.4.0,2026-08-07
clerk.com,1,85,Connectable,,pass,fail,fail,fail,pass,fail,fail,pass,skip,pass,pass,mcp-server-card-json,legacy,23,0.4.0,2026-08-07
clickhouse.com,1,45,Discoverable,,pass,fail,fail,fail,fail,skip,pass,skip,skip,pass,fail,ai-catalog,,18,0.4.0,2026-08-07
clicon.app,1,10,Text-only,,fail,fail,fail,fail,skip,skip,fail,skip,skip,pass,fail,,,20,0.4.0,2026-08-07
clients-involving-billion-headers.trycloudflare.com,1,0,Absent,,error,fail,fail,error,skip,skip,error,skip,skip,fail,fail,,,3,0.4.0,2026-08-07
clihub.com,1,45,Discoverable,,pass,fail,fail,fail,skip,skip,fail,skip,skip,pass,fail,mcp-json,,15,0.4.0,2026-08-07
climateux.net,1,15,Text-only,,fail,fail,fail,fail,skip,skip,fail,skip,skip,pass,pass,,,30,0.4.0,2026-08-07
climbpast.com,1,15,Text-only,,fail,fail,fail,fail,skip,skip,fail,skip,skip,pass,pass,,,14,0.4.0,2026-08-07
clipform.io,1,85,Connectable,,pass,fail,pass,pass,pass,fail,fail,pass,skip,pass,pass,mcp-server-card-json,legacy,29,0.4.0,2026-08-07
clipia.ai,1,50,Discoverable,,pass,fail,fail,pass,skip,skip,fail,skip,skip,pass,pass,mcp-server-card-json,,29,0.4.0,2026-08-07
clipkit.dev,1,80,Connectable,,fail,fail,pass,fail,pass,fail,fail,skip,skip,pass,fail,,legacy,40,0.4.0,2026-08-07
clipy.online,1,15,Text-only,,fail,fail,fail,fail,skip,skip,fail,skip,skip,pass,pass,,,15,0.4.0,2026-08-07
clipzyn-mcp-production.up.railway.app,1,0,Absent,,fail,fail,fail,fail,skip,skip,fail,skip,skip,fail,fail,,,28,0.4.0,2026-08-07
clize.ai,1,15,Text-only,,fail,fail,fail,fail,skip,skip,fail,skip,skip,pass,pass,,,16,0.4.0,2026-08-07
clockchain-time-rp6evdzqkq-uc.a.run.app,1,45,Discoverable,,pass,fail,fail,fail,skip,skip,fail,skip,skip,pass,fail,mcp-json,,28,0.4.0,2026-08-07
clockchain.network,1,0,Absent,,error,fail,fail,error,skip,skip,error,skip,skip,fail,fail,,,43,0.4.0,2026-08-07
clootrack.com,1,10,Text-only,,fail,fail,fail,fail,skip,skip,fail,skip,skip,pass,fail,,,25,0.4.0,2026-08-07
close.city,1,80,Connectable,,fail,fail,pass,fail,pass,pass,fail,skip,fail,pass,fail,,legacy,25,0.4.0,2026-08-07
close.com,1,45,Discoverable,,fail,fail,fail,pass,skip,skip,pass,skip,skip,pass,fail,,,20,0.4.0,2026-08-07
cloud-pathfinder.vercel.app,1,0,Absent,,fail,fail,fail,fail,skip,skip,fail,skip,skip,fail,fail,,,28,0.4.0,2026-08-07
cloudbees.io,1,0,Absent,,fail,fail,fail,fail,skip,skip,fail,skip,skip,fail,fail,,,18,0.4.0,2026-08-07
cloudflare.com,1,50,Discoverable,,pass,fail,fail,fail,skip,skip,fail,skip,skip,pass,pass,mcp-json,,32,0.4.0,2026-08-07
cloudgate.dev,1,0,Absent,,fail,fail,fail,fail,skip,skip,fail,skip,skip,fail,fail,,,19,0.4.0,2026-08-07
cloudinary.com,1,10,Text-only,,fail,fail,fail,fail,skip,skip,fail,skip,skip,pass,fail,,,18,0.4.0,2026-08-07
cloudmindmaps.app,1,80,Connectable,,fail,fail,pass,pass,pass,fail,fail,skip,skip,pass,fail,,modern,18,0.4.0,2026-08-07
cloudpepper.io,1,0,Absent,,fail,fail,fail,fail,skip,skip,fail,skip,skip,fail,fail,,,23,0.4.0,2026-08-07
cloudresume.io,1,35,Discoverable,,fail,fail,fail,pass,skip,skip,fail,skip,skip,fail,fail,,,15,0.4.0,2026-08-07
cloudscale-sim-mcp.vercel.app,1,0,Absent,,fail,fail,fail,fail,skip,skip,fail,skip,skip,fail,fail,,,28,0.4.0,2026-08-07
clsplusplus.com,1,35,Discoverable,,fail,fail,fail,pass,skip,skip,fail,skip,skip,fail,fail,,,34,0.4.0,2026-08-07
clubs.place,1,35,Discoverable,,fail,pass,fail,pass,skip,skip,fail,skip,skip,fail,fail,,,15,0.4.0,2026-08-07
clueso.io,1,0,Absent,,fail,fail,fail,fail,skip,skip,fail,skip,skip,fail,fail,,,29,0.4.0,2026-08-07
clutch.co,1,0,Absent,,fail,fail,fail,fail,skip,skip,fail,skip,skip,fail,fail,,,15,0.4.0,2026-08-07
cnaps.ai,1,15,Text-only,,fail,fail,fail,fail,skip,skip,fail,skip,skip,pass,pass,,,17,0.4.0,2026-08-07
cnvs.app,1,85,Connectable,,pass,fail,fail,fail,pass,pass,fail,pass,fail,pass,pass,mcp-json,legacy,18,0.4.0,2026-08-07
coachleo.ai,1,15,Text-only,,fail,fail,fail,fail,skip,skip,fail,skip,skip,pass,pass,,,17,0.4.0,2026-08-07
coachsync.io,1,0,Absent,,fail,fail,fail,fail,skip,skip,fail,skip,skip,fail,fail,,,17,0.4.0,2026-08-07
coachwatts.com,1,35,Discoverable,,fail,fail,fail,pass,skip,skip,fail,skip,skip,fail,fail,,,15,0.4.0,2026-08-07
cobbles.ai,1,0,Absent,,fail,fail,fail,fail,skip,skip,fail,skip,skip,fail,fail,,,16,0.4.0,2026-08-07
cocktail.glass,1,95,Agent-ready,,pass,fail,pass,fail,pass,pass,fail,fail,pass,pass,fail,mcp-server-card-json,modern,20,0.4.0,2026-08-07
code-sandbox-production-9b5e.up.railway.app,1,0,Absent,,fail,fail,fail,fail,skip,skip,fail,skip,skip,fail,fail,,,28,0.4.0,2026-08-07
code-sandbox-x402-production.up.railway.app,1,0,Absent,,fail,fail,fail,fail,skip,skip,fail,skip,skip,fail,fail,,,28,0.4.0,2026-08-07
codecomber.io,1,15,Text-only,,fail,fail,fail,fail,skip,skip,fail,skip,skip,pass,pass,,,15,0.4.0,2026-08-07
codecrafted.co.uk,1,5,Text-only,,fail,fail,fail,fail,skip,skip,fail,skip,skip,fail,pass,,,15,0.4.0,2026-08-07
codeitall.dev,1,10,Text-only,,fail,fail,fail,fail,skip,skip,fail,skip,skip,pass,fail,,,23,0.4.0,2026-08-07
codemouse.ai,1,10,Text-only,,fail,fail,fail,fail,skip,skip,fail,skip,skip,pass,fail,,,15,0.4.0,2026-08-07
codeniverse.com,1,95,Agent-ready,,fail,fail,pass,fail,pass,pass,fail,skip,pass,pass,fail,,legacy,23,0.4.0,2026-08-07
codepathfinder.dev,1,15,Text-only,,fail,fail,fail,fail,skip,skip,fail,skip,skip,pass,pass,,,15,0.4.0,2026-08-07
codepic.cc,1,10,Text-only,,fail,fail,fail,fail,skip,skip,fail,skip,skip,pass,fail,,,14,0.4.0,2026-08-07
coderifts.com,1,15,Text-only,,fail,fail,fail,fail,skip,skip,fail,skip,skip,pass,pass,,,16,0.4.0,2026-08-07
codescene.com,1,0,Absent,,fail,fail,fail,fail,skip,skip,fail,skip,skip,fail,fail,,,16,0.4.0,2026-08-07
codestringers.com,1,10,Text-only,,fail,fail,fail,fail,skip,skip,fail,skip,skip,pass,fail,,,27,0.4.0,2026-08-07
codevulnerability-mcp.vercel.app,1,0,Absent,,fail,fail,fail,fail,skip,skip,fail,skip,skip,fail,fail,,,28,0.4.0,2026-08-07
codmir.com,1,45,Discoverable,,fail,fail,fail,pass,skip,skip,fail,skip,skip,pass,fail,,,32,0.4.0,2026-08-07
cofoundagent.ai,1,85,Connectable,,fail,fail,pass,pass,pass,fail,fail,skip,skip,pass,pass,,modern,21,0.4.0,2026-08-07
cognethics.com,1,45,Discoverable,,pass,fail,fail,fail,skip,skip,fail,skip,skip,pass,fail,mcp-json,,18,0.4.0,2026-08-07
cogniledger.eu,1,80,Connectable,,fail,fail,pass,fail,pass,fail,fail,skip,skip,pass,fail,,legacy,22,0.4.0,2026-08-07
cognivators.com,1,0,Absent,,fail,fail,fail,fail,skip,skip,fail,skip,skip,fail,fail,,,27,0.4.0,2026-08-07
cohearence.app,1,0,Absent,,fail,fail,fail,fail,skip,skip,fail,skip,skip,fail,fail,,,16,0.4.0,2026-08-07
cohereon.io,1,10,Text-only,,fail,fail,fail,fail,skip,skip,fail,skip,skip,pass,fail,,,23,0.4.0,2026-08-07
coil.trade,1,45,Discoverable,,pass,fail,fail,fail,skip,skip,fail,skip,skip,pass,fail,mcp-server-card-json,,15,0.4.0,2026-08-07
coinbucha.com,1,80,Connectable,,pass,fail,pass,fail,pass,fail,fail,pass,skip,pass,fail,mcp-json,legacy,20,0.4.0,2026-08-07
coinmarketcap.com,1,95,Agent-ready,,fail,fail,pass,pass,pass,pass,fail,skip,pass,pass,fail,,legacy,28,0.4.0,2026-08-07
coinop.dev,1,0,Absent,,fail,fail,fail,fail,skip,skip,fail,skip,skip,fail,fail,,,28,0.4.0,2026-08-07
coinpaprika.com,1,85,Connectable,,fail,fail,pass,fail,pass,pass,fail,skip,fail,pass,pass,,legacy,24,0.4.0,2026-08-07
coinrailz.com,1,45,Discoverable,,pass,fail,fail,fail,fail,skip,fail,skip,skip,pass,fail,mcp-json|mcp-server-card-json,,17,0.4.0,2026-08-07
coinrithm.com,1,85,Connectable,,fail,fail,pass,fail,pass,fail,fail,skip,skip,pass,pass,,legacy,36,0.4.0,2026-08-07
coinrule.com,1,15,Text-only,,fail,fail,fail,fail,skip,skip,fail,skip,skip,pass,pass,,,18,0.4.0,2026-08-07
coinverdict.io,1,10,Text-only,,fail,fail,fail,fail,skip,skip,fail,skip,skip,pass,fail,,,17,0.4.0,2026-08-07
color-palette-production-74c7.up.railway.app,1,0,Absent,,fail,fail,fail,fail,skip,skip,fail,skip,skip,fail,fail,,,28,0.4.0,2026-08-07
color-palette-x402-production.up.railway.app,1,0,Absent,,fail,fail,fail,fail,skip,skip,fail,skip,skip,fail,fail,,,28,0.4.0,2026-08-07
colorado-business-storefront.onrender.com,1,10,Text-only,,fail,fail,fail,fail,skip,skip,fail,skip,skip,pass,fail,,,28,0.4.0,2026-08-07
colorme.app,1,0,Absent,,error,fail,fail,error,skip,skip,error,skip,skip,fail,fail,,,3,0.4.0,2026-08-07
colour-memory-api-production.up.railway.app,1,45,Discoverable,,pass,fail,fail,pass,skip,skip,fail,skip,skip,pass,fail,mcp-json|mcp-server-card-json,,27,0.4.0,2026-08-07
comehome.ai,1,10,Text-only,,fail,fail,fail,fail,skip,skip,fail,skip,skip,pass,fail,,,26,0.4.0,2026-08-07
cometchat.com,1,10,Text-only,,fail,fail,fail,fail,skip,skip,fail,skip,skip,pass,fail,,,32,0.4.0,2026-08-07
comitelligence-mcp.onrender.com,1,35,Discoverable,,pass,fail,fail,fail,skip,skip,fail,skip,skip,fail,fail,mcp-server-card-json,,26,0.4.0,2026-08-07
commandplusk.com,1,50,Discoverable,,fail,fail,fail,pass,skip,skip,fail,skip,skip,pass,pass,,,16,0.4.0,2026-08-07
commercebridge-isaiahduprees-projects.vercel.app,1,70,Connectable,,fail,fail,pass,fail,pass,fail,fail,skip,skip,fail,fail,,legacy,32,0.4.0,2026-08-07
commodities.sh,1,10,Text-only,,fail,fail,fail,fail,skip,skip,fail,skip,skip,pass,fail,,,30,0.4.0,2026-08-07
commonelements.com,1,50,Discoverable,,fail,fail,fail,pass,skip,skip,fail,skip,skip,pass,pass,,,17,0.4.0,2026-08-07
commoninja.com,1,0,Absent,,fail,fail,fail,fail,skip,skip,fail,skip,skip,fail,fail,,,27,0.4.0,2026-08-07
commonlands.com,1,85,Connectable,,fail,fail,pass,pass,pass,pass,fail,skip,fail,pass,pass,,legacy,23,0.4.0,2026-08-07
commutescout.com,1,5,Text-only,,fail,fail,fail,fail,skip,skip,fail,skip,skip,fail,pass,,,17,0.4.0,2026-08-07
comos-gateway.com,1,75,Connectable,,pass,fail,pass,pass,pass,fail,fail,skip,skip,fail,pass,mcp-bare|mcp-server-card-json,modern,22,0.4.0,2026-08-07
comos-portal.com,1,75,Connectable,,pass,fail,pass,pass,pass,fail,fail,skip,skip,fail,pass,mcp-bare|mcp-server-card-json,modern,31,0.4.0,2026-08-07
comp-shop.com,1,50,Discoverable,,pass,fail,fail,fail,skip,skip,fail,skip,skip,pass,pass,mcp-server-card-json,,29,0.4.0,2026-08-07
compabase.com,1,0,Absent,,fail,fail,fail,fail,skip,skip,fail,skip,skip,fail,fail,,,18,0.4.0,2026-08-07
compamir.com,1,15,Text-only,,fail,fail,fail,fail,skip,skip,fail,skip,skip,pass,pass,,,20,0.4.0,2026-08-07
companies-house-mcp-server.onrender.com,1,0,Absent,,fail,fail,fail,fail,skip,skip,fail,skip,skip,fail,fail,,,26,0.4.0,2026-08-07
company-enrichment-x402-production.up.railway.app,1,0,Absent,,fail,fail,fail,fail,skip,skip,fail,skip,skip,fail,fail,,,26,0.4.0,2026-08-07
comparedge.com,1,100,Agent-ready,,pass,fail,pass,fail,pass,pass,fail,pass,pass,pass,pass,mcp-json|mcp-server-card-json,legacy,20,0.4.0,2026-08-07
comparefairly.com,1,95,Agent-ready,,fail,fail,pass,fail,pass,pass,fail,skip,pass,pass,fail,,legacy,20,0.4.0,2026-08-07
compatair.fr,1,80,Connectable,,fail,fail,pass,fail,pass,fail,fail,skip,skip,pass,fail,,legacy,24,0.4.0,2026-08-07
compdf.com,1,10,Text-only,,fail,fail,fail,fail,skip,skip,fail,skip,skip,pass,fail,,,30,0.4.0,2026-08-07
compeller.ai,1,95,Agent-ready,,pass,fail,pass,fail,pass,pass,fail,pass,pass,pass,fail,mcp-json,legacy,22,0.4.0,2026-08-07
competitortracker.io,1,80,Connectable,,fail,fail,pass,pass,pass,fail,fail,skip,skip,pass,fail,,modern,26,0.4.0,2026-08-07
completionkit.com,1,10,Text-only,,fail,fail,fail,fail,skip,skip,fail,skip,skip,pass,fail,,,17,0.4.0,2026-08-07
compliance-mcp-production.up.railway.app,1,0,Absent,,error,fail,fail,error,skip,skip,error,skip,skip,fail,fail,,,41,0.4.0,2026-08-07
complianceautomator.com,1,70,Connectable,,fail,fail,pass,fail,pass,fail,fail,skip,skip,fail,fail,,legacy,32,0.4.0,2026-08-07
compliancecn.netlify.app,1,45,Discoverable,,pass,fail,fail,fail,skip,skip,fail,skip,skip,pass,fail,mcp-json,,30,0.4.0,2026-08-07
complianceregistry.net,1,0,Absent,,fail,fail,fail,fail,skip,skip,fail,skip,skip,fail,fail,,,18,0.4.0,2026-08-07
complyme.ai,1,0,Absent,,error,fail,fail,error,skip,skip,error,skip,skip,fail,fail,,,44,0.4.0,2026-08-07
compoid.com,1,0,Absent,,fail,fail,fail,fail,skip,skip,fail,skip,skip,fail,fail,,,38,0.4.0,2026-08-07
componecat.ai,1,10,Text-only,,fail,fail,fail,fail,skip,skip,fail,skip,skip,pass,fail,,,30,0.4.0,2026-08-07
composedchaos.net,1,10,Text-only,,fail,fail,fail,fail,skip,skip,fail,skip,skip,pass,fail,,,26,0.4.0,2026-08-07
composer.googleapis.com,1,0,Absent,,fail,fail,fail,fail,skip,skip,fail,skip,skip,fail,fail,,,30,0.4.0,2026-08-07
composio.dev,1,10,Text-only,,fail,fail,fail,fail,skip,skip,fail,skip,skip,pass,fail,,,23,0.4.0,2026-08-07
compute.googleapis.com,1,70,Connectable,,fail,fail,pass,pass,pass,fail,fail,skip,skip,fail,fail,,legacy,22,0.4.0,2026-08-07
compuute.se,1,0,Absent,,fail,fail,fail,fail,skip,skip,fail,skip,skip,fail,fail,,,30,0.4.0,2026-08-07
comuna.work,1,10,Text-only,,fail,fail,fail,fail,skip,skip,fail,skip,skip,pass,fail,,,18,0.4.0,2026-08-07
conc-exe.xyz,1,10,Text-only,,fail,fail,fail,fail,skip,skip,fail,skip,skip,pass,fail,,,20,0.4.0,2026-08-07
concessio.io,1,10,Text-only,,fail,fail,fail,fail,skip,skip,fail,skip,skip,pass,fail,,,19,0.4.0,2026-08-07
concordancehq.duckdns.org,1,10,Text-only,,fail,fail,fail,fail,skip,skip,fail,skip,skip,pass,fail,,,30,0.4.0,2026-08-07
concorde-painel.workers.dev,1,0,Absent,,error,fail,fail,error,skip,skip,error,skip,skip,fail,fail,,,7,0.4.0,2026-08-07
condens.io,1,0,Absent,,fail,fail,fail,fail,skip,skip,fail,skip,skip,fail,fail,,,27,0.4.0,2026-08-07
conductorrelay.com,1,50,Discoverable,,fail,fail,fail,pass,skip,skip,fail,skip,skip,pass,pass,,,29,0.4.0,2026-08-07
conjure.ing,1,0,Absent,,fail,fail,fail,fail,skip,skip,fail,skip,skip,fail,fail,,,29,0.4.0,2026-08-07
connectedpaths.com,1,10,Text-only,,fail,fail,fail,fail,skip,skip,fail,skip,skip,pass,fail,,,15,0.4.0,2026-08-07
connectmachine.ai,1,10,Text-only,,fail,fail,fail,fail,skip,skip,fail,skip,skip,pass,fail,,,18,0.4.0,2026-08-07
connorgallic.com,1,15,Text-only,,fail,fail,fail,fail,skip,skip,fail,skip,skip,pass,pass,,,30,0.4.0,2026-08-07
consensus-analytics.com,1,85,Connectable,,fail,fail,pass,pass,pass,fail,fail,skip,skip,pass,pass,,modern,23,0.4.0,2026-08-07
consentlayer.com,1,10,Text-only,,fail,fail,fail,fail,skip,skip,fail,skip,skip,pass,fail,,,19,0.4.0,2026-08-07
consignatarias.com.ar,1,50,Discoverable,,pass,fail,fail,fail,skip,skip,fail,skip,skip,pass,pass,mcp-server-card-json,,30,0.4.0,2026-08-07
consolidated-survey-gamma-arrival.trycloudflare.com,1,0,Absent,,error,fail,fail,error,skip,skip,error,skip,skip,fail,fail,,,3,0.4.0,2026-08-07
constat-auto.com,1,100,Agent-ready,,fail,fail,pass,fail,pass,pass,fail,skip,pass,pass,pass,,modern,36,0.4.0,2026-08-07
constat.dev,1,45,Discoverable,,pass,fail,fail,fail,fail,skip,fail,skip,skip,pass,fail,mcp-json,,15,0.4.0,2026-08-07
constellationfinance.ai,1,0,Absent,,error,fail,fail,error,skip,skip,error,skip,skip,fail,fail,,,31,0.4.0,2026-08-07
consulatehq.com,1,0,Absent,,error,fail,fail,error,skip,skip,error,skip,skip,fail,fail,,,8,0.4.0,2026-08-07
consumergenie.net,1,0,Absent,,fail,fail,fail,fail,skip,skip,fail,skip,skip,fail,fail,,,20,0.4.0,2026-08-07
container.googleapis.com,1,70,Connectable,,fail,fail,pass,pass,pass,fail,fail,skip,skip,fail,fail,,legacy,20,0.4.0,2026-08-07
containermath.com,1,95,Agent-ready,,fail,fail,pass,fail,pass,pass,fail,skip,pass,pass,fail,,legacy,22,0.4.0,2026-08-07
contendeo.app,1,35,Discoverable,,pass,fail,fail,pass,skip,skip,fail,skip,skip,fail,fail,mcp-server-card-json,,15,0.4.0,2026-08-07
contentrain.io,1,10,Text-only,,fail,fail,fail,fail,skip,skip,fail,skip,skip,pass,fail,,,18,0.4.0,2026-08-07
context-awesome.com,1,80,Connectable,,fail,fail,pass,fail,pass,fail,fail,skip,skip,pass,fail,,legacy,40,0.4.0,2026-08-07
context-book-mcp-production.up.railway.app,1,0,Absent,,fail,fail,fail,fail,skip,skip,fail,skip,skip,fail,fail,,,28,0.4.0,2026-08-07
contexta.cc,1,70,Connectable,,fail,fail,pass,pass,pass,fail,fail,skip,skip,fail,fail,,modern,21,0.4.0,2026-08-07
contextcloud.pro,1,15,Text-only,,fail,fail,fail,fail,skip,skip,fail,skip,skip,pass,pass,,,16,0.4.0,2026-08-07
contextlattice.io,1,10,Text-only,,fail,fail,fail,fail,skip,skip,fail,skip,skip,pass,fail,,,18,0.4.0,2026-08-07
contextoverflow.org,1,80,Connectable,,fail,fail,pass,fail,pass,fail,fail,skip,skip,pass,fail,,legacy,21,0.4.0,2026-08-07
contextser.com,1,5,Text-only,,fail,fail,fail,fail,skip,skip,fail,skip,skip,fail,pass,,,17,0.4.0,2026-08-07
contextstream.io,1,0,Absent,,fail,fail,fail,fail,skip,skip,fail,skip,skip,fail,fail,,,14,0.4.0,2026-08-07
contextstudios.ai,1,50,Discoverable,,pass,fail,fail,fail,skip,skip,fail,skip,skip,pass,pass,mcp-json,,30,0.4.0,2026-08-07
continue.dev,1,0,Absent,,fail,fail,fail,fail,skip,skip,fail,skip,skip,fail,fail,,,18,0.4.0,2026-08-07
continueops.com,1,50,Discoverable,,pass,fail,fail,fail,skip,skip,fail,skip,skip,pass,pass,mcp-server-card-json,,15,0.4.0,2026-08-07
contio.ai,1,0,Absent,,fail,fail,fail,fail,skip,skip,fail,skip,skip,fail,fail,,,37,0.4.0,2026-08-07
contix.es,1,15,Text-only,,fail,fail,fail,fail,skip,skip,fail,skip,skip,pass,pass,,,17,0.4.0,2026-08-07
contraption.co,1,0,Absent,,fail,fail,fail,fail,skip,skip,fail,skip,skip,fail,fail,,,32,0.4.0,2026-08-07
contrastcyber.com,1,15,Text-only,,fail,fail,fail,fail,skip,skip,fail,skip,skip,pass,pass,,,17,0.4.0,2026-08-07
controldrill.com,1,10,Text-only,,fail,fail,fail,fail,skip,skip,fail,skip,skip,pass,fail,,,17,0.4.0,2026-08-07
convalytics.dev,1,50,Discoverable,,pass,fail,fail,fail,skip,skip,fail,skip,skip,pass,pass,mcp-bare|mcp-server-card-json,,16,0.4.0,2026-08-07
convention.sh,1,85,Connectable,,fail,fail,pass,fail,pass,fail,fail,skip,skip,pass,pass,,legacy,23,0.4.0,2026-08-07
conveo.ai,1,0,Absent,,fail,fail,fail,fail,skip,skip,fail,skip,skip,fail,fail,,,15,0.4.0,2026-08-07
converly.io,1,10,Text-only,,fail,fail,fail,fail,skip,skip,fail,skip,skip,pass,fail,,,16,0.4.0,2026-08-07
conversoriaecnae.es,1,50,Discoverable,,fail,fail,fail,pass,skip,skip,fail,skip,skip,pass,pass,,,31,0.4.0,2026-08-07
convertfilefast.com,1,85,Connectable,,pass,fail,pass,fail,pass,fail,fail,fail,skip,pass,pass,mcp-json|mcp-server-card-json,legacy,36,0.4.0,2026-08-07
convertica.net,1,0,Absent,,fail,fail,fail,fail,skip,skip,fail,skip,skip,fail,fail,,,14,0.4.0,2026-08-07
convexvalue.com,1,5,Text-only,,fail,fail,fail,fail,skip,skip,fail,skip,skip,fail,pass,,,15,0.4.0,2026-08-07
convika.com,1,85,Connectable,,fail,fail,pass,pass,pass,fail,fail,skip,skip,pass,pass,,modern,22,0.4.0,2026-08-07
convradar.com,1,0,Absent,,fail,fail,fail,fail,skip,skip,fail,skip,skip,fail,fail,,,16,0.4.0,2026-08-07
convrgent.ai,1,15,Text-only,,fail,fail,fail,fail,skip,skip,fail,skip,skip,pass,pass,,,14,0.4.0,2026-08-07
cookiy.ai,1,5,Text-only,,fail,fail,fail,fail,skip,skip,fail,skip,skip,fail,pass,,,15,0.4.0,2026-08-07
cooperpetcare.app,1,85,Connectable,,fail,fail,pass,pass,pass,fail,fail,skip,skip,pass,pass,,legacy,40,0.4.0,2026-08-07
coordinalo.com,1,0,Absent,,fail,fail,fail,fail,skip,skip,fail,skip,skip,fail,fail,,,14,0.4.0,2026-08-07
copass.com,1,0,Absent,,fail,fail,fail,fail,skip,skip,fail,skip,skip,fail,fail,,,15,0.4.0,2026-08-07
copass.id,1,0,Absent,,fail,fail,fail,fail,skip,skip,fail,skip,skip,fail,fail,,,17,0.4.0,2026-08-07
copyright01.com,1,95,Agent-ready,,pass,fail,fail,fail,pass,pass,fail,skip,pass,pass,fail,mcp-json,modern,31,0.4.0,2026-08-07
copywriting.sh,1,80,Connectable,,fail,fail,pass,fail,pass,fail,fail,skip,skip,pass,fail,,modern,22,0.4.0,2026-08-07
corbelworks.pages.dev,1,10,Text-only,,fail,fail,fail,fail,skip,skip,fail,skip,skip,pass,fail,,,18,0.4.0,2026-08-07
corduroy-labs.ai,1,80,Connectable,,pass,fail,pass,fail,pass,fail,fail,fail,skip,pass,fail,mcp-bare|mcp-server-card-json,legacy,20,0.4.0,2026-08-07
corebee.ai,1,50,Discoverable,,pass,fail,fail,pass,fail,skip,fail,skip,skip,pass,pass,mcp-server-card-json,,15,0.4.0,2026-08-07
coredash.app,1,35,Discoverable,,pass,fail,fail,fail,skip,skip,fail,skip,skip,fail,fail,mcp-json,,27,0.4.0,2026-08-07
coremodels.io,1,10,Text-only,,fail,fail,fail,fail,skip,skip,fail,skip,skip,pass,fail,,,27,0.4.0,2026-08-07
coret.id,1,5,Text-only,,fail,fail,fail,fail,skip,skip,fail,skip,skip,fail,pass,,,17,0.4.0,2026-08-07
corewebvitals.io,1,35,Discoverable,,pass,fail,fail,fail,skip,skip,fail,skip,skip,fail,fail,mcp-json,,30,0.4.0,2026-08-07
corewise.video,1,100,Agent-ready,,fail,fail,pass,fail,pass,pass,fail,skip,pass,pass,pass,,legacy,19,0.4.0,2026-08-07
corply.dev,1,85,Connectable,,fail,fail,pass,pass,pass,pass,fail,skip,fail,pass,pass,,legacy,19,0.4.0,2026-08-07
corpusiq.io,1,15,Text-only,,fail,fail,fail,fail,skip,skip,fail,skip,skip,pass,pass,,,33,0.4.0,2026-08-07
correctover.com,1,15,Text-only,,fail,fail,fail,fail,skip,skip,fail,skip,skip,pass,pass,,,16,0.4.0,2026-08-07
correkt.com,1,70,Connectable,,fail,fail,pass,fail,pass,fail,fail,skip,skip,fail,fail,,legacy,22,0.4.0,2026-08-07
cortex-320.workers.dev,1,0,Absent,,error,fail,fail,error,skip,skip,error,skip,skip,fail,fail,,,6,0.4.0,2026-08-07
cortex-gateway.dev,1,80,Connectable,,pass,fail,pass,pass,pass,fail,fail,skip,skip,pass,fail,mcp-json|mcp-server-card-json,legacy,24,0.4.0,2026-08-07
cortex-mem.com,1,70,Connectable,,fail,fail,pass,pass,pass,fail,fail,skip,skip,fail,fail,,modern,22,0.4.0,2026-08-07
cortexpad.com,1,15,Text-only,,fail,fail,fail,fail,skip,skip,fail,skip,skip,pass,pass,,,16,0.4.0,2026-08-07
corvi.careers,1,70,Connectable,,fail,fail,pass,fail,pass,fail,fail,skip,skip,fail,fail,,legacy,20,0.4.0,2026-08-07
cosmicjs.com,1,40,Discoverable,,fail,pass,fail,fail,skip,skip,fail,skip,skip,fail,pass,,,30,0.4.0,2026-08-07
cosmonote.ai,1,10,Text-only,,fail,fail,fail,fail,skip,skip,fail,skip,skip,pass,fail,,,16,0.4.0,2026-08-07
costbench.com,1,85,Connectable,,fail,fail,pass,fail,pass,pass,fail,skip,fail,pass,pass,,legacy,19,0.4.0,2026-08-07
costsegsmart.com,1,15,Text-only,,fail,fail,fail,fail,skip,skip,fail,skip,skip,pass,pass,,,14,0.4.0,2026-08-07
cotribute.co,1,0,Absent,,error,fail,fail,error,skip,skip,error,skip,skip,fail,fail,,,31,0.4.0,2026-08-07
cotribute.com,1,10,Text-only,,fail,fail,fail,fail,skip,skip,fail,skip,skip,pass,fail,,,29,0.4.0,2026-08-07
couillardelectricllc.com,1,50,Discoverable,,fail,pass,fail,fail,skip,skip,fail,skip,skip,pass,pass,,,14,0.4.0,2026-08-07
council-ai.app,1,15,Text-only,,fail,fail,fail,fail,skip,skip,fail,skip,skip,pass,pass,,,17,0.4.0,2026-08-07
countrycalling.codes,1,15,Text-only,,fail,fail,fail,fail,skip,skip,fail,skip,skip,pass,pass,,,28,0.4.0,2026-08-07
coupler.io,1,10,Text-only,,fail,fail,fail,fail,skip,skip,fail,skip,skip,pass,fail,,,31,0.4.0,2026-08-07
courier.com,1,80,Connectable,,fail,fail,pass,fail,pass,fail,fail,skip,skip,pass,fail,,legacy,37,0.4.0,2026-08-07
courseprofiler.com,1,10,Text-only,,fail,fail,fail,fail,skip,skip,fail,skip,skip,pass,fail,,,15,0.4.0,2026-08-07
courtdb.org,1,15,Text-only,,fail,fail,fail,fail,skip,skip,fail,skip,skip,pass,pass,,,18,0.4.0,2026-08-07
covasyn.com,1,15,Text-only,,fail,fail,fail,fail,skip,skip,fail,skip,skip,pass,pass,,,19,0.4.0,2026-08-07
coverage-rights.com,1,50,Discoverable,,pass,fail,fail,fail,fail,skip,fail,skip,skip,pass,pass,mcp-json,,29,0.4.0,2026-08-07
cowboy-model-finder-mcp-app-8b3709a7529a.herokuapp.com,1,35,Discoverable,,pass,fail,fail,fail,skip,skip,fail,skip,skip,fail,fail,mcp-server-card-json,,15,0.4.0,2026-08-07
cowork24.ch,1,80,Connectable,,fail,fail,pass,pass,pass,fail,fail,skip,skip,pass,fail,,modern,22,0.4.0,2026-08-07
coworkingview.com,1,80,Connectable,,pass,fail,pass,pass,pass,fail,fail,fail,skip,pass,fail,mcp-server-card-json,legacy,26,0.4.0,2026-08-07
cpgagentprotocols.ai,1,70,Connectable,,pass,fail,pass,fail,pass,fail,fail,pass,skip,fail,fail,ai-catalog,legacy,22,0.4.0,2026-08-07
cpghumanintheloop.ai,1,70,Connectable,,pass,fail,pass,fail,pass,fail,fail,pass,skip,fail,fail,ai-catalog,legacy,22,0.4.0,2026-08-07
cpgknowledgegraph.ai,1,70,Connectable,,pass,fail,fail,fail,pass,fail,fail,fail,skip,fail,fail,ai-catalog|mcp-json,legacy,22,0.4.0,2026-08-07
cpln.io,1,0,Absent,,error,fail,fail,error,skip,skip,error,skip,skip,fail,fail,,,6,0.4.0,2026-08-07
cpz-lab.com,1,75,Connectable,,fail,fail,pass,pass,pass,fail,fail,skip,skip,fail,pass,,modern,34,0.4.0,2026-08-07
crabbitmq.com,1,0,Absent,,error,fail,fail,error,skip,skip,error,skip,skip,fail,fail,,,41,0.4.0,2026-08-07
craft.do,1,15,Text-only,,skip,fail,fail,skip,skip,skip,fail,skip,skip,pass,pass,,,20,0.4.0,2026-08-07
craftablesoftware.com,1,15,Text-only,,fail,fail,fail,fail,skip,skip,fail,skip,skip,pass,pass,,,16,0.4.0,2026-08-07
craftedtrust.com,1,0,Absent,,fail,fail,fail,fail,skip,skip,fail,skip,skip,fail,fail,,,18,0.4.0,2026-08-07
craigmbrown.com,1,50,Discoverable,,pass,fail,fail,pass,skip,skip,fail,skip,skip,pass,pass,mcp-server-card-json,,17,0.4.0,2026-08-07
craneledger.ai,1,10,Text-only,,fail,fail,fail,fail,skip,skip,fail,skip,skip,pass,fail,,,15,0.4.0,2026-08-07
crank.ing,1,0,Absent,,skip,fail,fail,skip,skip,skip,skip,skip,skip,skip,fail,,,6,0.4.0,2026-08-07
crashstory-mcp-production.up.railway.app,1,70,Connectable,,pass,fail,pass,fail,pass,fail,fail,pass,skip,fail,fail,mcp-server-card-json,legacy,33,0.4.0,2026-08-07
crashstory.com,1,0,Absent,,fail,fail,fail,fail,skip,skip,fail,skip,skip,fail,fail,,,28,0.4.0,2026-08-07
crashtestyourstrategy.ai,1,0,Absent,,fail,fail,fail,fail,skip,skip,fail,skip,skip,fail,fail,,,18,0.4.0,2026-08-07
crawlconsole.com,1,10,Text-only,,fail,fail,fail,fail,skip,skip,fail,skip,skip,pass,fail,,,17,0.4.0,2026-08-07
crawleo.dev,1,80,Connectable,,fail,fail,pass,fail,pass,fail,fail,skip,skip,pass,fail,,legacy,34,0.4.0,2026-08-07
crawlie.app,1,75,Connectable,,pass,fail,pass,pass,pass,fail,fail,skip,skip,fail,pass,mcp-server-card-json,modern,22,0.4.0,2026-08-07
crawlinx.com,1,95,Agent-ready,,pass,fail,fail,fail,pass,pass,fail,pass,pass,pass,fail,mcp-json,legacy,19,0.4.0,2026-08-07
crawlora.net,1,85,Connectable,,pass,fail,fail,pass,pass,fail,fail,skip,skip,pass,pass,mcp-server-card-json,modern,21,0.4.0,2026-08-07
crcrwtjzqzinfzokianr.supabase.co,1,0,Absent,,fail,fail,fail,fail,skip,skip,fail,skip,skip,fail,fail,,,15,0.4.0,2026-08-07
cre-intelligence-mcp.onrender.com,1,0,Absent,,fail,fail,fail,fail,skip,skip,fail,skip,skip,fail,fail,,,28,0.4.0,2026-08-07
cre8techdev.com,1,0,Absent,,error,fail,fail,error,skip,skip,error,skip,skip,fail,fail,,,3,0.4.0,2026-08-07
create-web-page.com,1,50,Discoverable,,fail,fail,fail,pass,skip,skip,fail,skip,skip,pass,pass,,,14,0.4.0,2026-08-07
createmod.com,1,90,Agent-ready,,pass,fail,pass,fail,pass,pass,fail,pass,pass,fail,pass,mcp-server-card-json,legacy,23,0.4.0,2026-08-07
createya.ai,1,15,Text-only,,fail,fail,fail,fail,skip,skip,fail,skip,skip,pass,pass,,,16,0.4.0,2026-08-07
creationloop.ai,1,85,Connectable,,fail,fail,pass,fail,pass,fail,fail,skip,skip,pass,pass,,legacy,20,0.4.0,2026-08-07
creativeclaw.co,1,10,Text-only,,fail,fail,fail,fail,skip,skip,fail,skip,skip,pass,fail,,,15,0.4.0,2026-08-07
creativescope.ai,1,0,Absent,,fail,fail,fail,fail,skip,skip,fail,skip,skip,fail,fail,,,18,0.4.0,2026-08-07
creator-api.com,1,45,Discoverable,,fail,fail,fail,pass,skip,skip,fail,skip,skip,pass,fail,,,17,0.4.0,2026-08-07
creatordb.app,1,15,Text-only,,fail,fail,fail,fail,skip,skip,fail,skip,skip,pass,pass,,,18,0.4.0,2026-08-07
cred.fyi,1,0,Absent,,fail,fail,fail,fail,skip,skip,fail,skip,skip,fail,fail,,,15,0.4.0,2026-08-07
credit-risk-mcp.vercel.app,1,0,Absent,,fail,fail,fail,fail,skip,skip,fail,skip,skip,fail,fail,,,28,0.4.0,2026-08-07
creditcards.best,1,10,Text-only,,fail,fail,fail,fail,skip,skip,fail,skip,skip,pass,fail,,,16,0.4.0,2026-08-07
crehq.com,1,85,Connectable,,fail,fail,pass,pass,pass,fail,fail,skip,skip,pass,pass,,modern,23,0.4.0,2026-08-07
crelvo.dev,1,15,Text-only,,fail,fail,fail,fail,skip,skip,fail,skip,skip,pass,pass,,,28,0.4.0,2026-08-07
creo-memories.in,1,0,Absent,,fail,fail,fail,fail,skip,skip,fail,skip,skip,fail,fail,,,17,0.4.0,2026-08-07
crestsystems.ai,1,15,Text-only,,fail,fail,fail,fail,skip,skip,fail,skip,skip,pass,pass,,,14,0.4.0,2026-08-07
crimsoncrawler.com,1,15,Text-only,,fail,fail,fail,fail,skip,skip,fail,skip,skip,pass,pass,,,14,0.4.0,2026-08-07
crinkl.xyz,1,75,Connectable,,fail,fail,pass,fail,pass,fail,fail,skip,skip,fail,pass,,legacy,31,0.4.0,2026-08-07
crisphive.com,1,80,Connectable,,fail,fail,pass,pass,pass,fail,fail,skip,skip,pass,fail,,modern,21,0.4.0,2026-08-07
crispy.sh,1,45,Discoverable,,fail,fail,fail,pass,skip,skip,fail,skip,skip,pass,fail,,,16,0.4.0,2026-08-07
criterion.life,1,0,Absent,,fail,fail,fail,fail,skip,skip,fail,skip,skip,fail,fail,,,41,0.4.0,2026-08-07
criticalpathpartners.ca,1,0,Absent,,fail,fail,fail,fail,skip,skip,fail,skip,skip,fail,fail,,,20,0.4.0,2026-08-07
crm-noto.onrender.com,1,0,Absent,,fail,fail,fail,fail,skip,skip,fail,skip,skip,fail,fail,,,54,0.4.0,2026-08-07
croma.run,1,0,Absent,,fail,fail,fail,fail,skip,skip,fail,skip,skip,fail,fail,,,17,0.4.0,2026-08-07
cron-explainer-prod.workers.dev,1,0,Absent,,error,fail,fail,error,skip,skip,error,skip,skip,fail,fail,,,6,0.4.0,2026-08-07
cron-parser-production.up.railway.app,1,0,Absent,,fail,fail,fail,fail,skip,skip,fail,skip,skip,fail,fail,,,28,0.4.0,2026-08-07
cron-parser-x402-production.up.railway.app,1,0,Absent,,fail,fail,fail,fail,skip,skip,fail,skip,skip,fail,fail,,,28,0.4.0,2026-08-07
cronping-oren.workers.dev,1,0,Absent,,error,fail,fail,error,skip,skip,error,skip,skip,fail,fail,,,6,0.4.0,2026-08-07
crontab-generator-production.up.railway.app,1,0,Absent,,fail,fail,fail,fail,skip,skip,fail,skip,skip,fail,fail,,,28,0.4.0,2026-08-07
crontab-generator-x402-production.up.railway.app,1,0,Absent,,fail,fail,fail,fail,skip,skip,fail,skip,skip,fail,fail,,,28,0.4.0,2026-08-07
crosbynews.com,1,50,Discoverable,,pass,fail,fail,fail,skip,skip,fail,skip,skip,pass,pass,mcp-server-card-json,,15,0.4.0,2026-08-07
cross-deck.com,1,85,Connectable,,fail,fail,pass,pass,pass,fail,fail,skip,skip,pass,pass,,modern,21,0.4.0,2026-08-07
crossfin.dev,1,10,Text-only,,fail,fail,fail,fail,skip,skip,fail,skip,skip,pass,fail,,,15,0.4.0,2026-08-07
crosswire-api.com,1,0,Absent,,fail,fail,fail,fail,skip,skip,fail,skip,skip,fail,fail,,,24,0.4.0,2026-08-07
crowdhum.com,1,70,Connectable,,fail,fail,pass,pass,pass,fail,fail,skip,skip,fail,fail,,modern,21,0.4.0,2026-08-07
crowterminal.com,1,50,Discoverable,,pass,fail,fail,fail,skip,skip,fail,skip,skip,pass,pass,mcp-json,,28,0.4.0,2026-08-07
crowvault.ai,1,0,Absent,,error,fail,fail,error,skip,skip,error,skip,skip,fail,fail,,,36,0.4.0,2026-08-07
crucibleui.com,1,10,Text-only,,fail,fail,fail,fail,skip,skip,fail,skip,skip,pass,fail,,,17,0.4.0,2026-08-07
crustapi.com,1,10,Text-only,,fail,fail,fail,fail,skip,skip,fail,skip,skip,pass,fail,,,15,0.4.0,2026-08-07
crypto-intel-mcp-production.up.railway.app,1,0,Absent,,error,fail,fail,error,skip,skip,error,skip,skip,fail,fail,,,41,0.4.0,2026-08-07
crypto-news-x402-production.up.railway.app,1,0,Absent,,fail,fail,fail,fail,skip,skip,fail,skip,skip,fail,fail,,,28,0.4.0,2026-08-07
cryptoexchange.discount,1,50,Discoverable,,pass,fail,fail,pass,skip,skip,fail,skip,skip,pass,pass,mcp-bare|mcp-server-card-json,,18,0.4.0,2026-08-07
cryptogate.live,1,0,Absent,,fail,fail,fail,fail,skip,skip,fail,skip,skip,fail,fail,,,18,0.4.0,2026-08-07
cryptogenesis.duckdns.org,1,0,Absent,,error,fail,fail,error,skip,skip,error,skip,skip,fail,fail,,,36,0.4.0,2026-08-07
cryptohopper.com,1,15,Text-only,,fail,fail,fail,fail,skip,skip,fail,skip,skip,pass,pass,,,28,0.4.0,2026-08-07
cryptopolitan.com,1,80,Connectable,,pass,fail,fail,fail,pass,fail,fail,skip,skip,pass,fail,mcp-json,legacy,35,0.4.0,2026-08-07
cryptoquant.com,1,15,Text-only,,fail,fail,fail,fail,skip,skip,fail,skip,skip,pass,pass,,,16,0.4.0,2026-08-07
cryptorefills.com,1,80,Connectable,,pass,fail,fail,fail,pass,pass,fail,fail,fail,pass,fail,mcp-json,legacy,37,0.4.0,2026-08-07
cryptotaxedge.com,1,85,Connectable,,pass,fail,fail,fail,pass,fail,fail,skip,skip,pass,pass,mcp-json,modern,21,0.4.0,2026-08-07
cryptowhaleinsights.com,1,15,Text-only,,fail,fail,fail,fail,skip,skip,fail,skip,skip,pass,pass,,,14,0.4.0,2026-08-07
csclear.net,1,70,Connectable,,pass,fail,pass,fail,pass,pass,fail,skip,fail,fail,fail,server-card-endpoint-relative,legacy,24,0.4.0,2026-08-07
csidia.com,1,100,Agent-ready,,pass,fail,pass,fail,pass,pass,fail,pass,pass,pass,pass,mcp-json,legacy,28,0.4.0,2026-08-07
csoluble.media,1,15,Text-only,,fail,fail,fail,fail,skip,skip,fail,skip,skip,pass,pass,,,17,0.4.0,2026-08-07
csquaredsystems.com,1,0,Absent,,error,fail,fail,error,skip,skip,error,skip,skip,fail,fail,,,49,0.4.0,2026-08-07
csv-to-json-production-0ca3.up.railway.app,1,0,Absent,,fail,fail,fail,fail,skip,skip,fail,skip,skip,fail,fail,,,28,0.4.0,2026-08-07
csv-to-json-x402-production.up.railway.app,1,0,Absent,,fail,fail,fail,fail,skip,skip,fail,skip,skip,fail,fail,,,28,0.4.0,2026-08-07
ctlsurf.com,1,10,Text-only,,fail,fail,fail,fail,skip,skip,fail,skip,skip,pass,fail,,,14,0.4.0,2026-08-07
ctrl.build,1,0,Absent,,fail,fail,fail,fail,skip,skip,fail,skip,skip,fail,fail,,,28,0.4.0,2026-08-07
ctxfile.dev,1,10,Text-only,,fail,fail,fail,fail,skip,skip,fail,skip,skip,pass,fail,,,15,0.4.0,2026-08-07
cualbet.com,1,0,Absent,,error,fail,fail,error,skip,skip,error,skip,skip,fail,fail,,,49,0.4.0,2026-08-07
cueapi.ai,1,15,Text-only,,fail,fail,fail,fail,skip,skip,fail,skip,skip,pass,pass,,,18,0.4.0,2026-08-07
cueframe.ai,1,50,Discoverable,,pass,fail,fail,fail,skip,skip,fail,skip,skip,pass,pass,mcp-server-card-json,,16,0.4.0,2026-08-07
culture.sbs,1,95,Agent-ready,,fail,fail,pass,fail,pass,pass,fail,skip,pass,pass,fail,,legacy,20,0.4.0,2026-08-07
culturelib.fr,1,15,Text-only,,fail,fail,fail,fail,skip,skip,fail,skip,skip,pass,pass,,,29,0.4.0,2026-08-07
cup24.it,1,0,Absent,,fail,fail,fail,fail,skip,skip,fail,skip,skip,fail,fail,,,17,0.4.0,2026-08-07
curagent.io,1,85,Connectable,,fail,fail,pass,fail,pass,pass,fail,skip,pass,fail,fail,,modern,22,0.4.0,2026-08-07
curecancerwithai.com,1,0,Absent,,fail,fail,fail,fail,skip,skip,fail,skip,skip,fail,fail,,,19,0.4.0,2026-08-07
curie.app,1,5,Text-only,,fail,fail,fail,fail,skip,skip,fail,skip,skip,fail,pass,,,16,0.4.0,2026-08-07
curie.co,1,5,Text-only,,fail,fail,fail,fail,skip,skip,fail,skip,skip,fail,pass,,,18,0.4.0,2026-08-07
currency-converter-x402-production.up.railway.app,1,0,Absent,,fail,fail,fail,fail,skip,skip,fail,skip,skip,fail,fail,,,28,0.4.0,2026-08-07
currency-intel-mcp-production.up.railway.app,1,0,Absent,,error,fail,fail,error,skip,skip,error,skip,skip,fail,fail,,,41,0.4.0,2026-08-07
currencyguard.com,1,100,Agent-ready,,fail,fail,pass,fail,pass,pass,fail,skip,pass,pass,pass,,legacy,24,0.4.0,2026-08-07
custom-digital-services.fr,1,0,Absent,,error,fail,fail,error,skip,skip,error,skip,skip,fail,fail,,,3,0.4.0,2026-08-07
customblinds.co.za,1,50,Discoverable,,pass,fail,fail,fail,fail,skip,fail,skip,skip,pass,pass,ai-catalog|mcp-json|mcp-server-card-json,,19,0.4.0,2026-08-07
customdomain.ai,1,45,Discoverable,,fail,fail,fail,pass,skip,skip,fail,skip,skip,pass,fail,,,18,0.4.0,2026-08-07
customjs.space,1,0,Absent,,fail,fail,fail,fail,skip,skip,fail,skip,skip,fail,fail,,,31,0.4.0,2026-08-07
customs.dog,1,10,Text-only,,fail,fail,fail,fail,skip,skip,fail,skip,skip,pass,fail,,,15,0.4.0,2026-08-07
customswise-api.onrender.com,1,70,Connectable,,fail,fail,pass,fail,pass,fail,fail,skip,skip,fail,fail,,legacy,33,0.4.0,2026-08-07
custosa.com,1,10,Text-only,,fail,fail,fail,fail,skip,skip,fail,skip,skip,pass,fail,,,16,0.4.0,2026-08-07
cut.pro,1,85,Connectable,,pass,fail,fail,pass,pass,fail,fail,skip,skip,pass,pass,mcp-server-card-json,modern,20,0.4.0,2026-08-07
cuttingtoolsai.eu,1,10,Text-only,,fail,fail,fail,fail,skip,skip,fail,skip,skip,pass,fail,,,15,0.4.0,2026-08-07
cve-security.com,1,50,Discoverable,,pass,fail,fail,fail,fail,skip,fail,skip,skip,pass,pass,mcp-server-card-json,,15,0.4.0,2026-08-07
cyber-intel-mcp-production.up.railway.app,1,0,Absent,,error,fail,fail,error,skip,skip,error,skip,skip,fail,fail,,,41,0.4.0,2026-08-07
cyberelf.link,1,0,Absent,,fail,fail,fail,fail,skip,skip,fail,skip,skip,fail,fail,,,28,0.4.0,2026-08-07
cyclesite.co.uk,1,85,Connectable,,pass,fail,fail,pass,pass,fail,fail,pass,skip,pass,pass,mcp-json|mcp-server-card-json,legacy,34,0.4.0,2026-08-07
cyclingcoachai.com,1,15,Text-only,,fail,fail,fail,fail,skip,skip,fail,skip,skip,pass,pass,,,15,0.4.0,2026-08-07
cycloid.io,1,0,Absent,,error,fail,fail,error,skip,skip,error,skip,skip,fail,fail,,,43,0.4.0,2026-08-07
cymetica.com,1,50,Discoverable,,pass,fail,fail,pass,fail,skip,pass,skip,skip,pass,pass,mcp-json|mcp-bare,,19,0.4.0,2026-08-07
cymosoft.com,1,85,Connectable,,fail,fail,pass,fail,pass,pass,fail,skip,fail,pass,pass,,legacy,20,0.4.0,2026-08-07
cyphrex.io,1,5,Text-only,,fail,fail,fail,fail,skip,skip,fail,skip,skip,fail,pass,,,17,0.4.0,2026-08-07
cypress.io,1,70,Connectable,,fail,fail,pass,pass,pass,fail,fail,skip,skip,fail,fail,,modern,37,0.4.0,2026-08-07
cz-agents.dev,1,10,Text-only,,fail,fail,fail,fail,skip,skip,fail,skip,skip,pass,fail,,,19,0.4.0,2026-08-07
d.cv,1,100,Agent-ready,,fail,fail,pass,fail,pass,pass,fail,skip,pass,pass,pass,,legacy,20,0.4.0,2026-08-07
d50.ai,1,15,Text-only,,fail,fail,fail,fail,skip,skip,fail,skip,skip,pass,pass,,,17,0.4.0,2026-08-07
dabble.me,1,80,Connectable,,fail,fail,pass,pass,pass,fail,fail,skip,skip,pass,fail,,modern,19,0.4.0,2026-08-07
dacix.store,1,100,Agent-ready,,fail,fail,pass,fail,pass,pass,fail,skip,pass,pass,pass,,legacy,20,0.4.0,2026-08-07
dadan.io,1,85,Connectable,,pass,fail,fail,pass,pass,fail,fail,skip,skip,pass,pass,mcp-server-card-json,modern,36,0.4.0,2026-08-07
daedalmap.com,1,15,Text-only,,fail,fail,fail,fail,skip,skip,fail,skip,skip,pass,pass,,,28,0.4.0,2026-08-07
daedalusdevelopmentgroup.com,1,15,Text-only,,fail,fail,fail,fail,skip,skip,fail,skip,skip,pass,pass,,,17,0.4.0,2026-08-07
daemoon.dev,1,50,Discoverable,,pass,fail,fail,pass,fail,skip,fail,skip,skip,pass,pass,mcp-json|mcp-server-card-json,,28,0.4.0,2026-08-07
dalalos.in,1,15,Text-only,,fail,fail,fail,fail,skip,skip,fail,skip,skip,pass,pass,,,22,0.4.0,2026-08-07
dania.ai,1,5,Text-only,,fail,fail,fail,fail,skip,skip,fail,skip,skip,fail,pass,,,14,0.4.0,2026-08-07
danielsdesignstudio.com,1,90,Agent-ready,,pass,fail,pass,fail,pass,pass,fail,fail,pass,fail,pass,mcp-json,legacy,26,0.4.0,2026-08-07
danielsuchan.dev,1,15,Text-only,,fail,fail,fail,fail,skip,skip,fail,skip,skip,pass,pass,,,20,0.4.0,2026-08-07
danubeai.com,1,0,Absent,,fail,fail,fail,fail,skip,skip,fail,skip,skip,fail,fail,,,18,0.4.0,2026-08-07
dap.solutions,1,15,Text-only,,fail,fail,fail,fail,skip,skip,fail,skip,skip,pass,pass,,,29,0.4.0,2026-08-07
dapdip.com,1,50,Discoverable,,pass,fail,fail,fail,fail,skip,fail,skip,skip,pass,pass,mcp-json,,29,0.4.0,2026-08-07
dappgrade.vercel.app,1,70,Connectable,,fail,fail,pass,fail,pass,fail,fail,skip,skip,fail,fail,,legacy,33,0.4.0,2026-08-07
darkweb-breach-mcp.vercel.app,1,0,Absent,,fail,fail,fail,fail,skip,skip,fail,skip,skip,fail,fail,,,28,0.4.0,2026-08-07
darwin-ideation-mcp.vercel.app,1,0,Absent,,fail,fail,fail,fail,skip,skip,fail,skip,skip,fail,fail,,,28,0.4.0,2026-08-07
dashboardbase.com,1,0,Absent,,fail,fail,fail,fail,skip,skip,fail,skip,skip,fail,fail,,,16,0.4.0,2026-08-07
data-apis.com,1,10,Text-only,,fail,fail,fail,fail,skip,skip,fail,skip,skip,pass,fail,,,29,0.4.0,2026-08-07
data-compliance-mcp-production.up.railway.app,1,35,Discoverable,,pass,fail,fail,fail,skip,skip,fail,skip,skip,fail,fail,mcp-server-card-json,,28,0.4.0,2026-08-07
data-observability-mcp.vercel.app,1,0,Absent,,fail,fail,fail,fail,skip,skip,fail,skip,skip,fail,fail,,,28,0.4.0,2026-08-07
data-portal-172867820131.us-west1.run.app,1,80,Connectable,,pass,fail,pass,fail,pass,fail,fail,fail,skip,pass,fail,mcp-json,legacy,33,0.4.0,2026-08-07
data-pulse.my,1,15,Text-only,,fail,fail,fail,fail,skip,skip,fail,skip,skip,pass,pass,,,17,0.4.0,2026-08-07
data247.com,1,0,Absent,,fail,fail,fail,fail,skip,skip,fail,skip,skip,fail,fail,,,34,0.4.0,2026-08-07
dataassist.io,1,10,Text-only,,fail,fail,fail,fail,skip,skip,fail,skip,skip,pass,fail,,,15,0.4.0,2026-08-07
databazaar.io,1,80,Connectable,,fail,fail,pass,pass,pass,fail,fail,skip,skip,pass,fail,,modern,21,0.4.0,2026-08-07
databr.api.br,1,0,Absent,,error,fail,fail,error,skip,skip,error,skip,skip,fail,fail,,,41,0.4.0,2026-08-07
databricks.com,1,10,Text-only,,fail,fail,fail,fail,skip,skip,fail,skip,skip,pass,fail,,,37,0.4.0,2026-08-07
datachain.workers.dev,1,0,Absent,,error,fail,fail,error,skip,skip,error,skip,skip,fail,fail,,,6,0.4.0,2026-08-07
dataclawe.com,1,0,Absent,,fail,fail,fail,fail,skip,skip,fail,skip,skip,fail,fail,,,17,0.4.0,2026-08-07
datacommenter.com,1,5,Text-only,,fail,fail,fail,fail,skip,skip,fail,skip,skip,fail,pass,,,18,0.4.0,2026-08-07
datadoe.com,1,15,Text-only,,fail,fail,fail,fail,skip,skip,fail,skip,skip,pass,pass,,,30,0.4.0,2026-08-07
datadoghq.com,1,10,Text-only,,fail,fail,fail,fail,skip,skip,fail,skip,skip,pass,fail,,,26,0.4.0,2026-08-07
dataecho.ai,1,100,Agent-ready,,fail,fail,pass,fail,pass,pass,fail,skip,pass,pass,pass,,legacy,23,0.4.0,2026-08-07
dataforb2b.ai,1,15,Text-only,,fail,fail,fail,fail,skip,skip,fail,skip,skip,pass,pass,,,17,0.4.0,2026-08-07
datagraph.city,1,90,Agent-ready,,fail,fail,pass,pass,pass,pass,fail,skip,pass,fail,pass,,legacy,22,0.4.0,2026-08-07
datahealth-observer-mcp.vercel.app,1,0,Absent,,fail,fail,fail,fail,skip,skip,fail,skip,skip,fail,fail,,,28,0.4.0,2026-08-07
datahyena.com,1,50,Discoverable,,pass,fail,fail,fail,skip,skip,fail,skip,skip,pass,pass,mcp-server-card-json,,17,0.4.0,2026-08-07
datakoot.com,1,10,Text-only,,fail,fail,fail,fail,skip,skip,fail,skip,skip,pass,fail,,,15,0.4.0,2026-08-07
datalastic.com,1,0,Absent,,fail,fail,fail,fail,skip,skip,fail,skip,skip,fail,fail,,,18,0.4.0,2026-08-07
datamcp.app,1,15,Text-only,,fail,fail,fail,fail,skip,skip,fail,skip,skip,pass,pass,,,16,0.4.0,2026-08-07
datamerge.ai,1,10,Text-only,,fail,fail,fail,fail,skip,skip,fail,skip,skip,pass,fail,,,30,0.4.0,2026-08-07
datanest-stores.pages.dev,1,80,Connectable,,pass,fail,fail,fail,pass,fail,fail,pass,skip,pass,fail,mcp-json,legacy,22,0.4.0,2026-08-07
datanexusmcp.com,1,75,Connectable,,pass,fail,pass,fail,pass,fail,fail,fail,skip,fail,pass,mcp-server-card-json,legacy,20,0.4.0,2026-08-07
datanika.io,1,5,Text-only,,fail,fail,fail,fail,skip,skip,fail,skip,skip,fail,pass,,,15,0.4.0,2026-08-07
datao.ma,1,15,Text-only,,fail,fail,fail,fail,skip,skip,fail,skip,skip,pass,pass,,,16,0.4.0,2026-08-07
dataplex-consulting.com,1,70,Connectable,,fail,fail,pass,fail,pass,pass,fail,skip,fail,fail,fail,,legacy,38,0.4.0,2026-08-07
dataroia.com,1,0,Absent,,fail,fail,fail,fail,skip,skip,fail,skip,skip,fail,fail,,,17,0.4.0,2026-08-07
datasignalslab.com,1,50,Discoverable,,pass,fail,fail,fail,fail,skip,fail,skip,skip,pass,pass,ai-catalog,,18,0.4.0,2026-08-07
datastream.googleapis.com,1,70,Connectable,,fail,fail,pass,pass,pass,fail,fail,skip,skip,fail,fail,,legacy,33,0.4.0,2026-08-07
datavessel.io,1,0,Absent,,fail,fail,fail,fail,skip,skip,fail,skip,skip,fail,fail,,,18,0.4.0,2026-08-07
datpaq.com,1,85,Connectable,,pass,fail,fail,fail,pass,fail,fail,skip,skip,pass,pass,mcp-json,modern,24,0.4.0,2026-08-07
datronis.com,1,15,Text-only,,fail,fail,fail,fail,skip,skip,fail,skip,skip,pass,pass,,,13,0.4.0,2026-08-07
daxoom.com,1,10,Text-only,,fail,fail,fail,fail,skip,skip,fail,skip,skip,pass,fail,,,18,0.4.0,2026-08-07
dayze.com,1,50,Discoverable,,pass,fail,fail,pass,fail,skip,fail,skip,skip,pass,pass,mcp-json|mcp-server-card-json,,15,0.4.0,2026-08-07
dbssearch.today,1,0,Absent,,fail,fail,fail,fail,skip,skip,fail,skip,skip,fail,fail,,,15,0.4.0,2026-08-07
dbtrail.com,1,0,Absent,,fail,fail,fail,fail,skip,skip,fail,skip,skip,fail,fail,,,15,0.4.0,2026-08-07
dcamethod.com,1,50,Discoverable,,pass,fail,fail,pass,skip,skip,fail,skip,skip,pass,pass,mcp-server-card-json,,14,0.4.0,2026-08-07
dchub.cloud,1,85,Connectable,,pass,fail,fail,pass,pass,fail,fail,fail,skip,pass,pass,mcp-json|mcp-bare|mcp-server-card-json,legacy,19,0.4.0,2026-08-07
ddnsip.cn,1,0,Absent,,fail,fail,fail,fail,skip,skip,fail,skip,skip,fail,fail,,,16,0.4.0,2026-08-07
deadbeatradar.com,1,0,Absent,,fail,fail,fail,fail,skip,skip,fail,skip,skip,fail,fail,,,15,0.4.0,2026-08-07
deadbeatradar.workers.dev,1,0,Absent,,error,fail,fail,error,skip,skip,error,skip,skip,fail,fail,,,6,0.4.0,2026-08-07
deadends.dev,1,50,Discoverable,,pass,pass,fail,fail,skip,skip,fail,skip,skip,pass,pass,mcp-json|mcp-server-card-json,,16,0.4.0,2026-08-07
deadsimple.email,1,15,Text-only,,fail,fail,fail,fail,skip,skip,fail,skip,skip,pass,pass,,,16,0.4.0,2026-08-07
dealermax.app,1,80,Connectable,,pass,fail,fail,fail,pass,fail,fail,skip,skip,pass,fail,mcp-json,legacy,23,0.4.0,2026-08-07
dealfilter.ai,1,45,Discoverable,,fail,fail,fail,pass,skip,skip,fail,skip,skip,pass,fail,,,19,0.4.0,2026-08-07
deali.co.il,1,50,Discoverable,,pass,fail,fail,fail,skip,skip,fail,skip,skip,pass,pass,mcp-server-card-json,,29,0.4.0,2026-08-07
dealmachine.com,1,0,Absent,,fail,fail,fail,fail,skip,skip,fail,skip,skip,skip,fail,,,17,0.4.0,2026-08-07
dealscanner.io,1,15,Text-only,,fail,fail,fail,fail,skip,skip,fail,skip,skip,pass,pass,,,29,0.4.0,2026-08-07
dealsurface.com,1,0,Absent,,fail,fail,fail,fail,skip,skip,fail,skip,skip,fail,fail,,,26,0.4.0,2026-08-07
deapi.ai,1,10,Text-only,,fail,fail,fail,fail,skip,skip,fail,skip,skip,pass,fail,,,17,0.4.0,2026-08-07
debitura.com,1,80,Connectable,,fail,fail,pass,fail,pass,fail,fail,skip,skip,pass,fail,,modern,31,0.4.0,2026-08-07
debridge.com,1,85,Connectable,,pass,fail,fail,fail,pass,fail,fail,pass,skip,pass,pass,mcp-json,legacy,21,0.4.0,2026-08-07
debugbundle.com,1,10,Text-only,,fail,fail,fail,fail,skip,skip,fail,skip,skip,pass,fail,,,20,0.4.0,2026-08-07
decibelshield.app,1,100,Agent-ready,,pass,fail,pass,fail,pass,pass,fail,pass,pass,pass,pass,mcp-json,legacy,26,0.4.0,2026-08-07
decide.fyi,1,95,Agent-ready,,pass,fail,pass,fail,pass,pass,fail,pass,pass,pass,fail,mcp-server-card-json,legacy,40,0.4.0,2026-08-07
decision-anchor.com,1,80,Connectable,,pass,fail,pass,fail,pass,fail,fail,skip,skip,pass,fail,ai-catalog,legacy,25,0.4.0,2026-08-07
decisionlog.ai,1,70,Connectable,,pass,fail,fail,pass,pass,fail,fail,skip,skip,fail,fail,mcp-json,modern,36,0.4.0,2026-08-07
decker-ai.com,1,10,Text-only,,fail,fail,fail,fail,skip,skip,fail,skip,skip,pass,fail,,,17,0.4.0,2026-08-07
deckextract.com,1,45,Discoverable,,fail,fail,fail,pass,skip,skip,fail,skip,skip,pass,fail,,,15,0.4.0,2026-08-07
deepbluebase.xyz,1,0,Absent,,error,fail,fail,error,skip,skip,error,skip,skip,fail,fail,,,54,0.4.0,2026-08-07
deepfake-lens-mcp.vercel.app,1,0,Absent,,fail,fail,fail,fail,skip,skip,fail,skip,skip,fail,fail,,,28,0.4.0,2026-08-07
deepfake-sentinel-mcp.vercel.app,1,0,Absent,,fail,fail,fail,fail,skip,skip,fail,skip,skip,fail,fail,,,28,0.4.0,2026-08-07
deepgent.net,1,10,Text-only,,fail,fail,fail,fail,skip,skip,fail,skip,skip,pass,fail,,,19,0.4.0,2026-08-07
deepidv.com,1,15,Text-only,,fail,fail,fail,fail,skip,skip,fail,skip,skip,pass,pass,,,32,0.4.0,2026-08-07
deepledger.ai,1,10,Text-only,,fail,fail,fail,fail,skip,skip,fail,skip,skip,pass,fail,,,16,0.4.0,2026-08-07
deepmapai.com,1,35,Discoverable,,pass,fail,fail,fail,skip,skip,fail,skip,skip,fail,fail,mcp-json,,15,0.4.0,2026-08-07
deepmind.google,1,10,Text-only,,fail,fail,fail,fail,skip,skip,fail,skip,skip,pass,fail,,,24,0.4.0,2026-08-07
deepminer.com.cn,1,0,Absent,,fail,fail,fail,fail,skip,skip,fail,skip,skip,fail,fail,,,15,0.4.0,2026-08-07
deeppane.com,1,15,Text-only,,fail,fail,fail,fail,skip,skip,fail,skip,skip,pass,pass,,,16,0.4.0,2026-08-07
deeprecall.io,1,15,Text-only,,fail,fail,fail,fail,skip,skip,fail,skip,skip,pass,pass,,,30,0.4.0,2026-08-07
deepseoanalysis.com,1,10,Text-only,,fail,fail,fail,fail,skip,skip,fail,skip,skip,pass,fail,,,14,0.4.0,2026-08-07
deepskyai.com,1,15,Text-only,,fail,fail,fail,fail,skip,skip,fail,skip,skip,pass,pass,,,42,0.4.0,2026-08-07
deepvoice-guard-mcp.vercel.app,1,0,Absent,,fail,fail,fail,fail,skip,skip,fail,skip,skip,fail,fail,,,28,0.4.0,2026-08-07
deerdawn.com,1,50,Discoverable,,pass,fail,fail,pass,skip,skip,fail,skip,skip,pass,pass,mcp-server-card-json,,16,0.4.0,2026-08-07
defaultprivacy.com,1,85,Connectable,,fail,pass,pass,fail,pass,fail,fail,skip,skip,pass,pass,,legacy,20,0.4.0,2026-08-07
defaultverifier.com,1,0,Absent,,fail,fail,fail,fail,skip,skip,fail,skip,skip,fail,fail,,,15,0.4.0,2026-08-07
defi-sentinel-mcp.vercel.app,1,0,Absent,,fail,fail,fail,fail,skip,skip,fail,skip,skip,fail,fail,,,28,0.4.0,2026-08-07
defi-yields-x402-production.up.railway.app,1,0,Absent,,fail,fail,fail,fail,skip,skip,fail,skip,skip,fail,fail,,,28,0.4.0,2026-08-07
defianceinternational.io,1,85,Connectable,,pass,fail,pass,fail,pass,fail,fail,pass,skip,pass,pass,ai-catalog,legacy,19,0.4.0,2026-08-07
defici.com,1,50,Discoverable,,pass,fail,fail,fail,skip,skip,fail,skip,skip,pass,pass,mcp-json,,18,0.4.0,2026-08-07
defimind.ai,1,0,Absent,,fail,fail,fail,fail,skip,skip,fail,skip,skip,fail,fail,,,17,0.4.0,2026-08-07
defited.com,1,0,Absent,,error,fail,fail,error,skip,skip,error,skip,skip,fail,fail,,,3,0.4.0,2026-08-07
deinai.ai,1,0,Absent,,fail,fail,fail,fail,skip,skip,fail,skip,skip,fail,fail,,,15,0.4.0,2026-08-07
delega.ai,1,5,Text-only,,fail,fail,fail,fail,skip,skip,fail,skip,skip,fail,pass,,,29,0.4.0,2026-08-07
delegation.school,1,95,Agent-ready,,pass,fail,pass,fail,pass,pass,fail,pass,pass,pass,fail,mcp-json,legacy,20,0.4.0,2026-08-07
delora.build,1,0,Absent,,fail,fail,fail,fail,skip,skip,fail,skip,skip,fail,fail,,,18,0.4.0,2026-08-07
delphi-oracle.onrender.com,1,35,Discoverable,,pass,fail,fail,fail,skip,skip,fail,skip,skip,fail,fail,mcp-server-card-json,,28,0.4.0,2026-08-07
delvynstudio.com,1,15,Text-only,,fail,fail,fail,fail,skip,skip,fail,skip,skip,pass,pass,,,16,0.4.0,2026-08-07
delx.ai,1,45,Discoverable,,pass,fail,fail,fail,skip,skip,fail,skip,skip,pass,fail,mcp-json|mcp-server-card-json,,18,0.4.0,2026-08-07
demanddiscovery.ai,1,10,Text-only,,fail,fail,fail,fail,skip,skip,fail,skip,skip,pass,fail,,,16,0.4.0,2026-08-07
demiton.io,1,15,Text-only,,fail,fail,fail,fail,skip,skip,fail,skip,skip,pass,pass,,,15,0.4.0,2026-08-07
demo.st,1,35,Discoverable,,pass,fail,fail,fail,skip,skip,fail,skip,skip,fail,fail,mcp-bare,,18,0.4.0,2026-08-07
demomagic.ai,1,15,Text-only,,fail,fail,fail,fail,skip,skip,fail,skip,skip,pass,pass,,,15,0.4.0,2026-08-07
denialpath.vercel.app,1,85,Connectable,,fail,fail,pass,fail,pass,fail,fail,skip,skip,pass,pass,,legacy,33,0.4.0,2026-08-07
deooch.com,1,10,Text-only,,fail,fail,fail,fail,skip,skip,fail,skip,skip,pass,fail,,,29,0.4.0,2026-08-07
departi.eu,1,85,Connectable,,pass,fail,fail,fail,pass,pass,fail,pass,fail,pass,pass,mcp-json,legacy,22,0.4.0,2026-08-07
depfeed.dev,1,50,Discoverable,,fail,fail,fail,pass,skip,skip,fail,skip,skip,pass,pass,,,33,0.4.0,2026-08-07
depixapp.com,1,80,Connectable,,fail,fail,pass,pass,pass,fail,fail,skip,skip,pass,fail,,modern,25,0.4.0,2026-08-07
deplion.cc,1,35,Discoverable,,fail,fail,fail,pass,skip,skip,fail,skip,skip,fail,fail,,,15,0.4.0,2026-08-07
deployment.io,1,15,Text-only,,fail,fail,fail,fail,skip,skip,fail,skip,skip,pass,pass,,,16,0.4.0,2026-08-07
deploytoagents.com,1,45,Discoverable,,pass,fail,fail,fail,fail,skip,fail,skip,skip,pass,fail,ai-catalog,,22,0.4.0,2026-08-07
depscope.dev,1,50,Discoverable,,pass,fail,fail,fail,skip,skip,fail,skip,skip,pass,pass,mcp-json,,17,0.4.0,2026-08-07
depthfeed.com,1,100,Agent-ready,,fail,fail,pass,fail,pass,pass,fail,skip,pass,pass,pass,,legacy,23,0.4.0,2026-08-07
depureco.com,1,10,Text-only,,fail,fail,fail,fail,skip,skip,fail,skip,skip,pass,fail,,,26,0.4.0,2026-08-07
derod.org,1,15,Text-only,,fail,fail,fail,fail,skip,skip,fail,skip,skip,pass,pass,,,19,0.4.0,2026-08-07
descope.com,1,80,Connectable,,pass,fail,fail,pass,pass,fail,fail,skip,skip,pass,fail,mcp-server-card-json,modern,35,0.4.0,2026-08-07
design.googleapis.com,1,70,Connectable,,fail,fail,pass,fail,pass,fail,fail,skip,skip,fail,fail,,legacy,33,0.4.0,2026-08-07
designare.at,1,100,Agent-ready,,pass,fail,fail,fail,pass,pass,fail,pass,pass,pass,pass,mcp-json,legacy,32,0.4.0,2026-08-07
designbycurio.com,1,10,Text-only,,fail,fail,fail,fail,skip,skip,fail,skip,skip,pass,fail,,,17,0.4.0,2026-08-07
designesy.org,1,95,Agent-ready,,pass,fail,pass,fail,pass,pass,fail,skip,pass,pass,fail,mcp-server-card-json,modern,37,0.4.0,2026-08-07
designvault.net,1,0,Absent,,fail,fail,fail,fail,skip,skip,fail,skip,skip,fail,fail,,,27,0.4.0,2026-08-07
deskcrew.ai,1,85,Connectable,,pass,fail,pass,fail,pass,pass,fail,pass,fail,pass,pass,mcp-json,legacy,20,0.4.0,2026-08-07
deskcrew.io,1,10,Text-only,,fail,fail,fail,fail,skip,skip,fail,skip,skip,pass,fail,,,14,0.4.0,2026-08-07
desktopcommander.app,1,5,Text-only,,fail,fail,fail,fail,skip,skip,fail,skip,skip,fail,pass,,,18,0.4.0,2026-08-07
destinymatrixcalc.com,1,10,Text-only,,fail,fail,fail,fail,skip,skip,fail,skip,skip,pass,fail,,,14,0.4.0,2026-08-07
desvela.dev,1,45,Discoverable,,pass,fail,fail,fail,fail,skip,fail,skip,skip,pass,fail,ai-catalog,,19,0.4.0,2026-08-07
details.page,1,0,Absent,,fail,fail,fail,fail,skip,skip,fail,skip,skip,fail,fail,,,14,0.4.0,2026-08-07
dethboy.com,1,0,Absent,,fail,fail,fail,fail,skip,skip,fail,skip,skip,fail,fail,,,28,0.4.0,2026-08-07
detourmap.com,1,100,Agent-ready,,fail,fail,pass,fail,pass,pass,fail,skip,pass,pass,pass,,legacy,20,0.4.0,2026-08-07
deusproof.com,1,80,Connectable,,pass,fail,fail,fail,pass,pass,fail,pass,fail,pass,fail,mcp-server-card-json,legacy,19,0.4.0,2026-08-07
dev-match.xyz,1,85,Connectable,,pass,fail,fail,pass,pass,fail,fail,skip,skip,pass,pass,mcp-json,legacy,21,0.4.0,2026-08-07
devadex.com,1,95,Agent-ready,,fail,fail,pass,fail,pass,pass,fail,skip,pass,pass,fail,,legacy,19,0.4.0,2026-08-07
devcycle.com,1,10,Text-only,,fail,fail,fail,fail,skip,skip,fail,skip,skip,pass,fail,,,18,0.4.0,2026-08-07
devdrops.run,1,50,Discoverable,,pass,fail,fail,fail,skip,skip,fail,skip,skip,pass,pass,mcp-json|mcp-server-card-json,,16,0.4.0,2026-08-07
developerknowledge.googleapis.com,1,70,Connectable,,fail,fail,pass,pass,pass,fail,fail,skip,skip,fail,fail,,legacy,33,0.4.0,2026-08-07
devexpress.com,1,0,Absent,,fail,fail,fail,fail,skip,skip,fail,skip,skip,fail,fail,,,28,0.4.0,2026-08-07
device-house-mcp.fly.dev,1,70,Connectable,,pass,fail,pass,fail,pass,fail,fail,pass,skip,fail,fail,mcp-json,legacy,20,0.4.0,2026-08-07
device.house,1,0,Absent,,fail,fail,fail,fail,skip,skip,fail,skip,skip,fail,fail,,,16,0.4.0,2026-08-07
deviceshelf.app,1,15,Text-only,,fail,fail,fail,fail,skip,skip,fail,skip,skip,pass,pass,,,16,0.4.0,2026-08-07
devopness.com,1,0,Absent,,fail,fail,fail,fail,skip,skip,fail,skip,skip,fail,fail,,,20,0.4.0,2026-08-07
devopsagent.io,1,35,Discoverable,,fail,fail,fail,pass,skip,skip,fail,skip,skip,fail,fail,,,17,0.4.0,2026-08-07
devrel-amplifier-mcp.vercel.app,1,0,Absent,,fail,fail,fail,fail,skip,skip,fail,skip,skip,fail,fail,,,28,0.4.0,2026-08-07
devrel.directory,1,85,Connectable,,fail,fail,pass,fail,pass,fail,fail,skip,skip,pass,pass,,legacy,39,0.4.0,2026-08-07
devspeak.dev,1,0,Absent,,error,fail,fail,error,skip,skip,error,skip,skip,fail,fail,,,41,0.4.0,2026-08-07
devstack-mcp.vercel.app,1,70,Connectable,,fail,fail,pass,fail,pass,fail,fail,skip,skip,fail,fail,,legacy,33,0.4.0,2026-08-07
devvizion.com,1,0,Absent,,fail,fail,fail,fail,skip,skip,fail,skip,skip,fail,fail,,,15,0.4.0,2026-08-07
dex-quotes-x402-production.up.railway.app,1,0,Absent,,fail,fail,fail,fail,skip,skip,fail,skip,skip,fail,fail,,,28,0.4.0,2026-08-07
dexpaprika.com,1,50,Discoverable,,pass,fail,fail,pass,fail,skip,fail,skip,skip,pass,pass,mcp-json,,21,0.4.0,2026-08-07
dfetcher.com,1,15,Text-only,,fail,fail,fail,fail,skip,skip,fail,skip,skip,pass,pass,,,15,0.4.0,2026-08-07
dgymaetjyvzdblryurmi.supabase.co,1,0,Absent,,fail,fail,fail,fail,skip,skip,fail,skip,skip,fail,fail,,,15,0.4.0,2026-08-07
diagrams-mcp-production.up.railway.app,1,70,Connectable,,fail,fail,pass,fail,pass,fail,fail,skip,skip,fail,fail,,legacy,33,0.4.0,2026-08-07
diagramzu.ai,1,70,Connectable,,fail,fail,pass,pass,pass,fail,fail,skip,skip,fail,fail,,modern,23,0.4.0,2026-08-07
dialfetch.com,1,45,Discoverable,,fail,fail,fail,pass,skip,skip,fail,skip,skip,pass,fail,,,14,0.4.0,2026-08-07
dialmcp.com,1,0,Absent,,fail,fail,fail,fail,skip,skip,fail,skip,skip,fail,fail,,,17,0.4.0,2026-08-07
dialogbrain.com,1,75,Connectable,,fail,fail,pass,pass,pass,fail,fail,skip,skip,fail,pass,,modern,21,0.4.0,2026-08-07
diavgis.gr,1,50,Discoverable,,pass,fail,fail,fail,fail,skip,fail,skip,skip,pass,pass,ai-catalog|mcp-server-card-json,,17,0.4.0,2026-08-07
dice.com,1,0,Absent,,fail,fail,fail,fail,skip,skip,fail,skip,skip,fail,fail,,,32,0.4.0,2026-08-07
didit.me,1,85,Connectable,,fail,fail,pass,pass,pass,fail,fail,skip,skip,pass,pass,,modern,23,0.4.0,2026-08-07
diff-checker-production.up.railway.app,1,0,Absent,,fail,fail,fail,fail,skip,skip,fail,skip,skip,fail,fail,,,28,0.4.0,2026-08-07
diff-checker-x402-production.up.railway.app,1,0,Absent,,fail,fail,fail,fail,skip,skip,fail,skip,skip,fail,fail,,,28,0.4.0,2026-08-07
digestseo.com,1,15,Text-only,,fail,fail,fail,fail,skip,skip,fail,skip,skip,pass,pass,,,15,0.4.0,2026-08-07
diggercamp.com,1,0,Absent,,fail,fail,fail,fail,skip,skip,fail,skip,skip,fail,fail,,,18,0.4.0,2026-08-07
digitaldataonline.com,1,0,Absent,,error,fail,fail,error,skip,skip,error,skip,skip,fail,fail,,,5,0.4.0,2026-08-07
digitalnomadindex.com,1,15,Text-only,,fail,fail,fail,fail,skip,skip,fail,skip,skip,pass,pass,,,20,0.4.0,2026-08-07
digitalpipe.net,1,5,Text-only,,fail,fail,fail,fail,skip,skip,fail,skip,skip,fail,pass,,,28,0.4.0,2026-08-07
digitalpublic.com,1,80,Connectable,,pass,fail,fail,pass,pass,fail,fail,pass,skip,pass,fail,mcp-json,legacy,21,0.4.0,2026-08-07
dillilabs.com,1,0,Absent,,fail,fail,fail,fail,skip,skip,fail,skip,skip,fail,fail,,,29,0.4.0,2026-08-07
dimetrics.ai,1,45,Discoverable,,fail,fail,fail,pass,skip,skip,fail,skip,skip,pass,fail,,,27,0.4.0,2026-08-07
dimhour.com,1,10,Text-only,,fail,fail,fail,fail,skip,skip,fail,skip,skip,pass,fail,,,15,0.4.0,2026-08-07
dinglebear.ai,1,0,Absent,,error,fail,fail,error,skip,skip,error,skip,skip,fail,fail,,,36,0.4.0,2026-08-07
dino.markets,1,50,Discoverable,,pass,fail,fail,fail,fail,skip,fail,skip,skip,pass,pass,mcp-json|mcp-server-card-json,,17,0.4.0,2026-08-07
dirtsignal.com,1,35,Discoverable,,pass,fail,fail,fail,skip,skip,fail,skip,skip,fail,fail,mcp-server-card-json,,15,0.4.0,2026-08-07
disclose.io,1,15,Text-only,,fail,fail,fail,fail,skip,skip,fail,skip,skip,pass,pass,,,15,0.4.0,2026-08-07
discoglobal.workers.dev,1,0,Absent,,error,fail,fail,error,skip,skip,error,skip,skip,fail,fail,,,6,0.4.0,2026-08-07
discolike.com,1,10,Text-only,,fail,fail,fail,fail,skip,skip,fail,skip,skip,pass,fail,,,15,0.4.0,2026-08-07
discovr.es,1,0,Absent,,fail,fail,fail,fail,skip,skip,fail,skip,skip,fail,fail,,,18,0.4.0,2026-08-07
discreterate.com,1,0,Absent,,fail,fail,fail,fail,skip,skip,fail,skip,skip,fail,fail,,,15,0.4.0,2026-08-07
dispatchseo.com,1,10,Text-only,,fail,fail,fail,fail,skip,skip,fail,skip,skip,pass,fail,,,23,0.4.0,2026-08-07
distribea.com,1,50,Discoverable,,pass,fail,fail,fail,fail,skip,fail,skip,skip,pass,pass,mcp-json,,16,0.4.0,2026-08-07
distro.media,1,5,Text-only,,fail,fail,fail,fail,skip,skip,fail,skip,skip,fail,pass,,,15,0.4.0,2026-08-07
dittu.org,1,0,Absent,,fail,fail,fail,fail,skip,skip,fail,skip,skip,fail,fail,,,15,0.4.0,2026-08-07
divest.me,1,85,Connectable,,fail,fail,pass,fail,pass,fail,fail,skip,skip,pass,pass,,legacy,39,0.4.0,2026-08-07
divineapi.com,1,10,Text-only,,fail,fail,fail,fail,skip,skip,fail,skip,skip,pass,fail,,,17,0.4.0,2026-08-07
djwizard.ai,1,0,Absent,,error,fail,fail,error,skip,skip,error,skip,skip,fail,fail,,,41,0.4.0,2026-08-07
djzs.ai,1,10,Text-only,,fail,fail,fail,fail,skip,skip,fail,skip,skip,pass,fail,,,18,0.4.0,2026-08-07
dm.de,1,10,Text-only,,fail,fail,fail,fail,skip,skip,fail,skip,skip,pass,fail,,,31,0.4.0,2026-08-07
dmarc-examiner.com,1,45,Discoverable,,pass,fail,fail,fail,skip,skip,pass,skip,skip,pass,fail,mcp-server-card-json,,18,0.4.0,2026-08-07
dmarkoff.com,1,15,Text-only,,fail,fail,fail,fail,skip,skip,fail,skip,skip,pass,pass,,,22,0.4.0,2026-08-07
dmitri-66a.workers.dev,1,0,Absent,,error,fail,fail,error,skip,skip,error,skip,skip,fail,fail,,,6,0.4.0,2026-08-07
dmzagent.com,1,0,Absent,,fail,fail,fail,fail,skip,skip,fail,skip,skip,fail,fail,,,16,0.4.0,2026-08-07
dns-lookup-production-437a.up.railway.app,1,0,Absent,,fail,fail,fail,fail,skip,skip,fail,skip,skip,fail,fail,,,28,0.4.0,2026-08-07
dns-lookup-x402-production.up.railway.app,1,0,Absent,,fail,fail,fail,fail,skip,skip,fail,skip,skip,fail,fail,,,28,0.4.0,2026-08-07
dnsdoctor.dev,1,85,Connectable,,pass,fail,pass,fail,pass,fail,fail,pass,skip,pass,pass,mcp-server-card-json,legacy,21,0.4.0,2026-08-07
dnsofmoney.com,1,15,Text-only,,fail,fail,fail,fail,skip,skip,fail,skip,skip,pass,pass,,,17,0.4.0,2026-08-07
doaiorbit.com,1,15,Text-only,,fail,fail,fail,fail,skip,skip,fail,skip,skip,pass,pass,,,15,0.4.0,2026-08-07
dobby-ai.com,1,15,Text-only,,fail,fail,fail,fail,skip,skip,fail,skip,skip,pass,pass,,,17,0.4.0,2026-08-07
doc.page,1,90,Agent-ready,,fail,fail,pass,fail,pass,pass,fail,skip,pass,fail,pass,,legacy,20,0.4.0,2026-08-07
docbase.io,1,70,Connectable,,fail,fail,pass,pass,pass,fail,fail,skip,skip,fail,fail,,modern,23,0.4.0,2026-08-07
docdeploy.io,1,0,Absent,,fail,fail,fail,fail,skip,skip,fail,skip,skip,fail,fail,,,24,0.4.0,2026-08-07
docdigest-mcp.vercel.app,1,0,Absent,,fail,fail,fail,fail,skip,skip,fail,skip,skip,fail,fail,,,28,0.4.0,2026-08-07
docfork.com,1,5,Text-only,,fail,fail,fail,fail,skip,skip,fail,skip,skip,fail,pass,,,15,0.4.0,2026-08-07
dochost.io,1,5,Text-only,,fail,fail,fail,fail,skip,skip,fail,skip,skip,fail,pass,,,22,0.4.0,2026-08-07
docimprint.com,1,10,Text-only,,skip,fail,fail,skip,skip,skip,fail,skip,skip,pass,fail,,,10,0.4.0,2026-08-07
dockai.co,1,5,Text-only,,fail,fail,fail,fail,skip,skip,fail,skip,skip,fail,pass,,,15,0.4.0,2026-08-07
dockhold.eu,1,95,Agent-ready,,fail,fail,pass,fail,pass,pass,fail,skip,pass,pass,fail,,legacy,22,0.4.0,2026-08-07
docly.work,1,15,Text-only,,fail,fail,fail,fail,skip,skip,fail,skip,skip,pass,pass,,,14,0.4.0,2026-08-07
docmancer.dev,1,10,Text-only,,fail,fail,fail,fail,skip,skip,fail,skip,skip,pass,fail,,,15,0.4.0,2026-08-07
docpenny.com,1,15,Text-only,,fail,fail,fail,fail,skip,skip,fail,skip,skip,pass,pass,,,17,0.4.0,2026-08-07
docrocket.ai,1,50,Discoverable,,pass,fail,fail,fail,skip,skip,fail,skip,skip,pass,pass,mcp-json,,18,0.4.0,2026-08-07
doctors-lighting-facial-admissions.trycloudflare.com,1,0,Absent,,error,fail,fail,error,skip,skip,error,skip,skip,fail,fail,,,3,0.4.0,2026-08-07
docuguru.ai,1,85,Connectable,,fail,fail,pass,pass,pass,fail,fail,skip,skip,pass,pass,,modern,22,0.4.0,2026-08-07
document-integrity-validator-mcp-production.up.railway.app,1,35,Discoverable,,pass,fail,fail,fail,skip,skip,fail,skip,skip,fail,fail,mcp-server-card-json,,28,0.4.0,2026-08-07
docuslide-mcp-production.up.railway.app,1,0,Absent,,fail,fail,fail,fail,skip,skip,fail,skip,skip,fail,fail,,,28,0.4.0,2026-08-07
docuwriter.ai,1,45,Discoverable,,pass,fail,fail,pass,skip,skip,fail,skip,skip,pass,fail,mcp-server-card-json,,29,0.4.0,2026-08-07
docverdict.com,1,15,Text-only,,fail,fail,fail,fail,skip,skip,fail,skip,skip,pass,pass,,,15,0.4.0,2026-08-07
docwand.app,1,95,Agent-ready,,fail,fail,pass,fail,pass,pass,fail,skip,pass,pass,fail,,legacy,23,0.4.0,2026-08-07
docweave.dev,1,10,Text-only,,fail,fail,fail,fail,skip,skip,fail,skip,skip,pass,fail,,,14,0.4.0,2026-08-07
dogleadershipacademy.com,1,15,Text-only,,fail,fail,fail,fail,skip,skip,fail,skip,skip,pass,pass,,,14,0.4.0,2026-08-07
dojoplus.co,1,100,Agent-ready,,pass,fail,pass,fail,pass,pass,fail,pass,pass,pass,pass,mcp-json,legacy,40,0.4.0,2026-08-07
dokumendiregister.ee,1,45,Discoverable,,pass,fail,fail,fail,skip,skip,fail,skip,skip,pass,fail,mcp-server-card-json,,14,0.4.0,2026-08-07
domain-finder-theta.vercel.app,1,70,Connectable,,fail,fail,pass,fail,pass,fail,fail,skip,skip,fail,fail,,legacy,33,0.4.0,2026-08-07
domain-intelligence-x402-production.up.railway.app,1,0,Absent,,fail,fail,fail,fail,skip,skip,fail,skip,skip,fail,fail,,,28,0.4.0,2026-08-07
domaincheckr.fly.dev,1,0,Absent,,error,fail,fail,error,skip,skip,error,skip,skip,fail,fail,,,3,0.4.0,2026-08-07
domaindrift.io,1,95,Agent-ready,,pass,fail,pass,fail,pass,pass,fail,pass,pass,pass,fail,mcp-json,legacy,20,0.4.0,2026-08-07
domainee.dev,1,85,Connectable,,fail,fail,pass,pass,pass,fail,fail,skip,skip,pass,pass,,legacy,23,0.4.0,2026-08-07
domainium.io,1,5,Text-only,,fail,fail,fail,fail,skip,skip,fail,skip,skip,fail,pass,,,14,0.4.0,2026-08-07
domainkits.com,1,80,Connectable,,fail,fail,pass,pass,pass,fail,fail,skip,skip,pass,fail,,legacy,27,0.4.0,2026-08-07
domainposture.com,1,15,Text-only,,fail,fail,fail,fail,skip,skip,fail,skip,skip,pass,pass,,,27,0.4.0,2026-08-07
domani.run,1,85,Connectable,,pass,fail,fail,fail,pass,fail,fail,skip,skip,pass,pass,mcp-json,modern,17,0.4.0,2026-08-07
domduck.com,1,50,Discoverable,,pass,fail,fail,fail,skip,skip,fail,skip,skip,pass,pass,mcp-server-card-json,,14,0.4.0,2026-08-07
dominal.in,1,0,Absent,,fail,fail,fail,fail,skip,skip,fail,skip,skip,fail,fail,,,15,0.4.0,2026-08-07
dominionobservatory.com,1,100,Agent-ready,,pass,fail,fail,fail,pass,pass,fail,fail,pass,pass,pass,mcp-json|mcp-server-card-json,legacy,18,0.4.0,2026-08-07
domscan.net,1,10,Text-only,,skip,fail,fail,skip,skip,skip,fail,skip,skip,pass,fail,,,7,0.4.0,2026-08-07
donethat.ai,1,35,Discoverable,,fail,fail,fail,pass,skip,skip,fail,skip,skip,fail,fail,,,19,0.4.0,2026-08-07
donnyautomation.com,1,0,Absent,,error,fail,fail,error,skip,skip,error,skip,skip,fail,fail,,,3,0.4.0,2026-08-07
donotact.com,1,0,Absent,,error,fail,fail,error,skip,skip,error,skip,skip,fail,fail,,,41,0.4.0,2026-08-07
doomscore.vc,1,75,Connectable,,fail,fail,pass,fail,pass,pass,fail,skip,fail,fail,pass,,legacy,22,0.4.0,2026-08-07
doomscrollr-mcp-947725b885f2.herokuapp.com,1,80,Connectable,,pass,fail,pass,pass,pass,fail,fail,skip,skip,pass,fail,mcp-bare|mcp-server-card-json,modern,19,0.4.0,2026-08-07
doomscrollr.com,1,80,Connectable,,pass,fail,pass,pass,pass,fail,fail,skip,skip,pass,fail,mcp-json|mcp-bare,modern,23,0.4.0,2026-08-07
doorprofit.com,1,85,Connectable,,fail,fail,pass,pass,pass,pass,fail,skip,pass,fail,fail,,legacy,35,0.4.0,2026-08-07
dopamineshopping.com,1,15,Text-only,,fail,fail,fail,fail,skip,skip,fail,skip,skip,pass,pass,,,17,0.4.0,2026-08-07
doravideo.com,1,45,Discoverable,,fail,fail,fail,pass,skip,skip,fail,skip,skip,pass,fail,,,14,0.4.0,2026-08-07
doriku.io,1,15,Text-only,,fail,fail,fail,fail,skip,skip,fail,skip,skip,pass,pass,,,17,0.4.0,2026-08-07
doseedo.com,1,85,Connectable,,fail,fail,pass,pass,pass,fail,fail,skip,skip,pass,pass,,modern,20,0.4.0,2026-08-07
dotnova.io,1,70,Connectable,,fail,fail,pass,fail,pass,fail,fail,skip,skip,fail,fail,,legacy,36,0.4.0,2026-08-07
dotprompts.com,1,70,Connectable,,fail,fail,pass,pass,pass,fail,fail,skip,skip,fail,fail,,modern,19,0.4.0,2026-08-07
dotsweep.com,1,15,Text-only,,fail,fail,fail,fail,skip,skip,fail,skip,skip,pass,pass,,,14,0.4.0,2026-08-07
dottedsign.com,1,5,Text-only,,fail,fail,fail,fail,skip,skip,fail,skip,skip,fail,pass,,,26,0.4.0,2026-08-07
double.finance,1,0,Absent,,fail,fail,fail,fail,skip,skip,fail,skip,skip,fail,fail,,,33,0.4.0,2026-08-07
doxa.app,1,50,Discoverable,,pass,fail,fail,pass,skip,skip,fail,skip,skip,pass,pass,mcp-server-card-json,,14,0.4.0,2026-08-07
dpf-it.com,1,10,Text-only,,fail,fail,fail,fail,skip,skip,fail,skip,skip,pass,fail,,,16,0.4.0,2026-08-07
dpf.it.com,1,0,Absent,,fail,fail,fail,fail,skip,skip,fail,skip,skip,fail,fail,,,15,0.4.0,2026-08-07
drafters.kr,1,35,Discoverable,,fail,fail,fail,pass,skip,skip,fail,skip,skip,fail,fail,,,17,0.4.0,2026-08-07
drafto.eu,1,70,Connectable,,fail,fail,pass,fail,pass,fail,fail,skip,skip,fail,fail,,modern,32,0.4.0,2026-08-07
drafturl.com,1,0,Absent,,fail,fail,fail,fail,skip,skip,fail,skip,skip,fail,fail,,,16,0.4.0,2026-08-07
dragapp.com,1,15,Text-only,,fail,fail,fail,fail,skip,skip,fail,skip,skip,pass,pass,,,27,0.4.0,2026-08-07
dragoneye.ai,1,0,Absent,,fail,fail,fail,fail,skip,skip,fail,skip,skip,fail,fail,,,15,0.4.0,2026-08-07
draket.xyz,1,0,Absent,,error,fail,fail,error,skip,skip,error,skip,skip,fail,fail,,,3,0.4.0,2026-08-07
draugr.dev,1,5,Text-only,,fail,fail,fail,fail,skip,skip,fail,skip,skip,fail,pass,,,15,0.4.0,2026-08-07
draup.technology,1,0,Absent,,error,fail,fail,error,skip,skip,error,skip,skip,fail,fail,,,43,0.4.0,2026-08-07
draw.io,1,0,Absent,,fail,fail,fail,fail,skip,skip,fail,skip,skip,fail,fail,,,19,0.4.0,2026-08-07
dreameros-scs-gateway-production.up.railway.app,1,45,Discoverable,,pass,fail,fail,pass,skip,skip,fail,skip,skip,pass,fail,mcp-json|mcp-server-card-json,,28,0.4.0,2026-08-07
dreamhall.app,1,10,Text-only,,fail,fail,fail,fail,skip,skip,fail,skip,skip,pass,fail,,,14,0.4.0,2026-08-07
dreamlit.ai,1,45,Discoverable,,pass,fail,fail,pass,skip,skip,fail,skip,skip,pass,fail,mcp-server-card-json,,17,0.4.0,2026-08-07
dreamsteam-production.up.railway.app,1,0,Absent,,fail,fail,fail,fail,skip,skip,fail,skip,skip,fail,fail,,,28,0.4.0,2026-08-07
dreamtap.xyz,1,0,Absent,,fail,fail,fail,fail,skip,skip,fail,skip,skip,fail,fail,,,28,0.4.0,2026-08-07
drengr.dev,1,10,Text-only,,fail,fail,fail,fail,skip,skip,fail,skip,skip,pass,fail,,,16,0.4.0,2026-08-07
driflyte.com,1,0,Absent,,error,fail,fail,error,skip,skip,error,skip,skip,fail,fail,,,3,0.4.0,2026-08-07
drillable.com,1,85,Connectable,,pass,fail,fail,fail,pass,fail,fail,pass,skip,pass,pass,mcp-json|mcp-server-card-json,legacy,21,0.4.0,2026-08-07
drillr.ai,1,0,Absent,,fail,fail,fail,fail,skip,skip,fail,skip,skip,skip,fail,,,14,0.4.0,2026-08-07
drillspark.io,1,50,Discoverable,,fail,fail,fail,pass,skip,skip,fail,skip,skip,pass,pass,,,15,0.4.0,2026-08-07
drinkedin.net,1,95,Agent-ready,,pass,fail,fail,fail,pass,pass,fail,pass,pass,pass,fail,mcp-json,legacy,21,0.4.0,2026-08-07
dripmetrics.ai,1,70,Connectable,,fail,fail,pass,fail,pass,fail,fail,skip,skip,fail,fail,,legacy,24,0.4.0,2026-08-07
drivara.in,1,0,Absent,,fail,fail,fail,fail,skip,skip,fail,skip,skip,fail,fail,,,28,0.4.0,2026-08-07
drivings.com,1,85,Connectable,,fail,fail,pass,pass,pass,fail,fail,skip,skip,pass,pass,,legacy,23,0.4.0,2026-08-07
droplinked.com,1,85,Connectable,,pass,fail,pass,fail,pass,fail,fail,pass,skip,pass,pass,ai-catalog,legacy,23,0.4.0,2026-08-07
dropthis.app,1,15,Text-only,,fail,fail,fail,fail,skip,skip,fail,skip,skip,pass,pass,,,19,0.4.0,2026-08-07
dropwarp.com,1,15,Text-only,,fail,fail,fail,fail,skip,skip,fail,skip,skip,pass,pass,,,15,0.4.0,2026-08-07
dropwatchhq.com,1,0,Absent,,fail,fail,fail,fail,skip,skip,fail,skip,skip,fail,fail,,,15,0.4.0,2026-08-07
dropyour.io,1,15,Text-only,,fail,fail,fail,fail,skip,skip,fail,skip,skip,pass,pass,,,20,0.4.0,2026-08-07
drwho.me,1,0,Absent,,fail,fail,fail,fail,skip,skip,fail,skip,skip,fail,fail,,,15,0.4.0,2026-08-07
dsers.com,1,0,Absent,,error,fail,fail,error,skip,skip,error,skip,skip,fail,fail,,,35,0.4.0,2026-08-07
dsght.ai,1,85,Connectable,,pass,fail,pass,fail,pass,pass,fail,pass,fail,pass,pass,mcp-json,modern,37,0.4.0,2026-08-07
dualregistry.dev,1,45,Discoverable,,pass,pass,fail,fail,fail,skip,pass,skip,skip,pass,fail,ai-catalog|mcp-json|mcp-server-card-json,,37,0.4.0,2026-08-07
duck-hub.com,1,85,Connectable,,fail,fail,pass,pass,pass,fail,fail,skip,skip,pass,pass,,modern,35,0.4.0,2026-08-07
dugganusa.com,1,15,Text-only,,fail,fail,fail,fail,skip,skip,fail,skip,skip,pass,pass,,,27,0.4.0,2026-08-07
dukonai.com,1,0,Absent,,fail,fail,fail,fail,skip,skip,fail,skip,skip,fail,fail,,,17,0.4.0,2026-08-07
dungbeetle.dev,1,10,Text-only,,fail,fail,fail,fail,skip,skip,fail,skip,skip,pass,fail,,,14,0.4.0,2026-08-07
dustforge.com,1,0,Absent,,fail,fail,fail,fail,skip,skip,fail,skip,skip,fail,fail,,,16,0.4.0,2026-08-07
duvera.ai,1,5,Text-only,,fail,fail,fail,fail,skip,skip,fail,skip,skip,fail,pass,,,15,0.4.0,2026-08-07
duvo.ai,1,50,Discoverable,,pass,fail,fail,fail,skip,skip,fail,skip,skip,pass,pass,mcp-json|mcp-bare|mcp-server-card-json,,32,0.4.0,2026-08-07
dwelldata.io,1,10,Text-only,,fail,fail,fail,fail,skip,skip,fail,skip,skip,pass,fail,,,15,0.4.0,2026-08-07
dwland-aiservices.ngrok.io,1,0,Absent,,error,fail,fail,error,skip,skip,error,skip,skip,fail,fail,,,54,0.4.0,2026-08-07
dxbdata.io,1,45,Discoverable,,pass,fail,fail,fail,skip,skip,fail,skip,skip,pass,fail,ai-catalog|mcp-server-serra|mcp-json|mcp-bare|mcp-server-card-json,,15,0.4.0,2026-08-07
dxptnwrhwsqckaftyymj.supabase.co,1,0,Absent,,fail,fail,fail,fail,skip,skip,fail,skip,skip,fail,fail,,,15,0.4.0,2026-08-07
dxtra.com,1,40,Discoverable,,pass,fail,fail,fail,fail,skip,fail,skip,skip,fail,pass,mcp-json,,31,0.4.0,2026-08-07
dynamical.org,1,35,Discoverable,,fail,fail,pass,fail,fail,skip,fail,skip,skip,pass,pass,,,22,0.4.0,2026-08-07
dynamicfeed.ai,1,50,Discoverable,,pass,fail,fail,fail,fail,skip,fail,skip,skip,pass,pass,ai-catalog|mcp-json|mcp-bare|mcp-server-card-json,,18,0.4.0,2026-08-07
dynamitecircle.com,1,0,Absent,,fail,fail,fail,fail,skip,skip,fail,skip,skip,fail,fail,,,15,0.4.0,2026-08-07
dynamoi.com,1,35,Discoverable,,pass,fail,fail,pass,fail,skip,fail,skip,skip,fail,fail,mcp-json|mcp-server-card-json,,17,0.4.0,2026-08-07
dynsoft.ai,1,0,Absent,,error,fail,fail,error,skip,skip,error,skip,skip,fail,fail,,,41,0.4.0,2026-08-07
dynsup.workers.dev,1,0,Absent,,error,fail,fail,error,skip,skip,error,skip,skip,fail,fail,,,6,0.4.0,2026-08-07
dynsuplabs.com,1,5,Text-only,,fail,fail,fail,fail,skip,skip,fail,skip,skip,fail,pass,,,16,0.4.0,2026-08-07
e18e.dev,1,100,Agent-ready,,fail,fail,pass,fail,pass,pass,fail,skip,pass,pass,pass,,legacy,23,0.4.0,2026-08-07
e2a.dev,1,80,Connectable,,fail,fail,pass,pass,pass,fail,fail,skip,skip,pass,fail,,modern,22,0.4.0,2026-08-07
e2llm.com,1,50,Discoverable,,pass,fail,fail,pass,fail,skip,pass,skip,skip,pass,pass,ai-catalog,,22,0.4.0,2026-08-07
ean-search.org,1,5,Text-only,,skip,fail,fail,skip,skip,skip,skip,skip,skip,skip,pass,,,4,0.4.0,2026-08-07
earnidle.com,1,0,Absent,,fail,fail,fail,fail,skip,skip,fail,skip,skip,fail,fail,,,16,0.4.0,2026-08-07
earningscalls.dev,1,50,Discoverable,,pass,fail,fail,pass,skip,skip,fail,skip,skip,pass,pass,mcp-server-card-json,,16,0.4.0,2026-08-07
earningsfeed.com,1,85,Connectable,,pass,fail,pass,fail,pass,fail,fail,skip,skip,pass,pass,mcp-json,modern,19,0.4.0,2026-08-07
easeclaw.com,1,45,Discoverable,,fail,fail,fail,pass,skip,skip,fail,skip,skip,pass,fail,,,27,0.4.0,2026-08-07
easyaccesspdf.com,1,50,Discoverable,,fail,fail,fail,pass,skip,skip,fail,skip,skip,pass,pass,,,18,0.4.0,2026-08-07
easydata.cc,1,35,Discoverable,,pass,fail,fail,pass,skip,skip,fail,skip,skip,fail,fail,mcp-server-card-json,,15,0.4.0,2026-08-07
easykanb.app,1,45,Discoverable,,fail,fail,fail,pass,skip,skip,fail,skip,skip,pass,fail,,,17,0.4.0,2026-08-07
easyonward.com,1,35,Discoverable,,fail,fail,pass,fail,fail,skip,fail,skip,skip,pass,pass,,,21,0.4.0,2026-08-07
easyship.com,1,0,Absent,,fail,fail,fail,fail,skip,skip,fail,skip,skip,fail,fail,,,32,0.4.0,2026-08-07
easywebshop.com,1,95,Agent-ready,,fail,fail,pass,fail,pass,pass,fail,skip,pass,pass,fail,,legacy,20,0.4.0,2026-08-07
echoai.so,1,85,Connectable,,pass,fail,fail,pass,pass,fail,fail,skip,skip,pass,pass,mcp-server-serra|mcp-bare,legacy,22,0.4.0,2026-08-07
echoloc.ai,1,85,Connectable,,fail,fail,pass,fail,pass,pass,fail,skip,fail,pass,pass,,legacy,22,0.4.0,2026-08-07
echolonius.deno.net,1,0,Absent,,fail,fail,fail,fail,skip,skip,fail,skip,skip,fail,fail,,,18,0.4.0,2026-08-07
echomindr.com,1,0,Absent,,error,fail,fail,error,skip,skip,error,skip,skip,fail,fail,,,3,0.4.0,2026-08-07
echorelay.dev,1,45,Discoverable,,pass,fail,fail,fail,skip,skip,fail,skip,skip,pass,fail,mcp-server-card-json,,17,0.4.0,2026-08-07
echosaw.com,1,70,Connectable,,fail,fail,pass,pass,pass,fail,fail,skip,skip,fail,fail,,modern,22,0.4.0,2026-08-07
ecliptical.io,1,0,Absent,,error,fail,fail,error,skip,skip,error,skip,skip,fail,fail,,,3,0.4.0,2026-08-07
eco-optimizer-mcp.vercel.app,1,0,Absent,,fail,fail,fail,fail,skip,skip,fail,skip,skip,fail,fail,,,28,0.4.0,2026-08-07
ecoexperten.com,1,10,Text-only,,fail,fail,fail,fail,skip,skip,fail,skip,skip,pass,fail,,,17,0.4.0,2026-08-07
economyos.xyz,1,10,Text-only,,fail,fail,fail,fail,skip,skip,fail,skip,skip,pass,fail,,,18,0.4.0,2026-08-07
ecovanmove.com,1,45,Discoverable,,fail,fail,fail,pass,skip,skip,fail,skip,skip,pass,fail,,,15,0.4.0,2026-08-07
ecpro.tw,1,15,Text-only,,fail,fail,fail,fail,skip,skip,fail,skip,skip,pass,pass,,,15,0.4.0,2026-08-07
edgar.tools,1,15,Text-only,,fail,fail,fail,fail,skip,skip,fail,skip,skip,pass,pass,,,27,0.4.0,2026-08-07
edge-latency-guard-mcp.vercel.app,1,0,Absent,,fail,fail,fail,fail,skip,skip,fail,skip,skip,fail,fail,,,28,0.4.0,2026-08-07
edgedepth.com,1,85,Connectable,,fail,fail,pass,pass,pass,fail,fail,skip,skip,pass,pass,,modern,25,0.4.0,2026-08-07
edgelock.app,1,10,Text-only,,fail,fail,fail,fail,skip,skip,fail,skip,skip,pass,fail,,,31,0.4.0,2026-08-07
edgrapi.com,1,100,Agent-ready,,pass,fail,fail,pass,pass,pass,fail,pass,pass,pass,pass,mcp-server-card-json,legacy,21,0.4.0,2026-08-07
edict.sh,1,10,Text-only,,fail,fail,fail,fail,skip,skip,fail,skip,skip,pass,fail,,,14,0.4.0,2026-08-07
edinetdb.jp,1,50,Discoverable,,fail,fail,fail,pass,skip,skip,fail,skip,skip,pass,pass,,,14,0.4.0,2026-08-07
ediscoverydecoder.com,1,70,Connectable,,fail,fail,pass,fail,pass,fail,fail,skip,skip,fail,fail,,legacy,23,0.4.0,2026-08-07
edivia.fr,1,50,Discoverable,,pass,fail,fail,fail,skip,skip,pass,skip,skip,pass,pass,mcp-server-card-json,,15,0.4.0,2026-08-07
edubase.net,1,85,Connectable,,fail,fail,pass,pass,pass,fail,fail,skip,skip,pass,pass,,modern,38,0.4.0,2026-08-07
edumints.com,1,5,Text-only,,skip,fail,fail,skip,skip,skip,fail,skip,skip,skip,pass,,,19,0.4.0,2026-08-07
edusignal.ai,1,35,Discoverable,,pass,fail,fail,pass,skip,skip,fail,skip,skip,fail,fail,mcp-json,,17,0.4.0,2026-08-07
eesier.com,1,50,Discoverable,,pass,fail,fail,fail,skip,skip,fail,skip,skip,pass,pass,mcp-server-card-json,,18,0.4.0,2026-08-07
eevy.ai,1,10,Text-only,,fail,fail,fail,fail,skip,skip,fail,skip,skip,pass,fail,,,18,0.4.0,2026-08-07
eformogi.com,1,10,Text-only,,fail,fail,fail,fail,skip,skip,fail,skip,skip,pass,fail,,,17,0.4.0,2026-08-07
egbtsqygtbkdfkywjofb.supabase.co,1,0,Absent,,fail,fail,fail,fail,skip,skip,fail,skip,skip,fail,fail,,,15,0.4.0,2026-08-07
egnyte.com,1,10,Text-only,,fail,fail,fail,fail,skip,skip,fail,skip,skip,pass,fail,,,29,0.4.0,2026-08-07
ego.dog,1,35,Discoverable,,fail,fail,fail,pass,skip,skip,fail,skip,skip,fail,fail,,,14,0.4.0,2026-08-07
ehtekunst.ee,1,85,Connectable,,fail,fail,pass,fail,pass,fail,fail,skip,skip,pass,pass,,legacy,19,0.4.0,2026-08-07
eigi.ai,1,0,Absent,,fail,fail,fail,fail,skip,skip,fail,skip,skip,fail,fail,,,18,0.4.0,2026-08-07
ejentum.com,1,15,Text-only,,fail,fail,fail,fail,skip,skip,fail,skip,skip,pass,pass,,,16,0.4.0,2026-08-07
el-buen-agente-mcp-production.up.railway.app,1,70,Connectable,,fail,fail,pass,fail,pass,fail,fail,skip,skip,fail,fail,,legacy,33,0.4.0,2026-08-07
elaan.io,1,15,Text-only,,fail,fail,fail,fail,skip,skip,fail,skip,skip,pass,pass,,,21,0.4.0,2026-08-07
elastic.co,1,0,Absent,,fail,fail,fail,fail,skip,skip,fail,skip,skip,fail,fail,,,29,0.4.0,2026-08-07
elasticflow.app,1,70,Connectable,,fail,fail,pass,pass,pass,fail,fail,skip,skip,fail,fail,,modern,21,0.4.0,2026-08-07
elc-conference.io,1,15,Text-only,,fail,fail,fail,fail,skip,skip,fail,skip,skip,pass,pass,,,28,0.4.0,2026-08-07
elcheff.com.mx,1,0,Absent,,fail,fail,fail,fail,skip,skip,fail,skip,skip,fail,fail,,,15,0.4.0,2026-08-07
elecz.com,1,45,Discoverable,,pass,fail,fail,fail,skip,skip,fail,skip,skip,pass,fail,mcp-server-card-json,,15,0.4.0,2026-08-07
elephant-mcp.fly.dev,1,70,Connectable,,pass,fail,pass,fail,pass,pass,fail,pass,fail,fail,fail,mcp-json,legacy,20,0.4.0,2026-08-07
elevenflo.com,1,10,Text-only,,fail,fail,fail,fail,skip,skip,fail,skip,skip,pass,fail,,,18,0.4.0,2026-08-07
elijahdesent.com,1,50,Discoverable,,fail,fail,fail,pass,skip,skip,fail,skip,skip,pass,pass,,,40,0.4.0,2026-08-07
elkassabgi.workers.dev,1,0,Absent,,error,fail,fail,error,skip,skip,error,skip,skip,fail,fail,,,6,0.4.0,2026-08-07
elkassabgidata.com,1,0,Absent,,fail,fail,fail,fail,skip,skip,fail,skip,skip,fail,fail,,,15,0.4.0,2026-08-07
elliat.nl,1,0,Absent,,fail,fail,fail,fail,skip,skip,fail,skip,skip,fail,fail,,,15,0.4.0,2026-08-07
elnora.ai,1,85,Connectable,,fail,fail,pass,pass,pass,fail,fail,skip,skip,pass,pass,,modern,22,0.4.0,2026-08-07
elron.club,1,50,Discoverable,,fail,fail,fail,pass,skip,skip,fail,skip,skip,pass,pass,,,20,0.4.0,2026-08-07
elsas.it,1,0,Absent,,fail,fail,fail,fail,skip,skip,fail,skip,skip,fail,fail,,,28,0.4.0,2026-08-07
eltociear-skill-audit.hf.space,1,10,Text-only,,fail,fail,fail,fail,skip,skip,fail,skip,skip,pass,fail,,,28,0.4.0,2026-08-07
eltociear-tokenguard.hf.space,1,10,Text-only,,fail,fail,fail,fail,skip,skip,fail,skip,skip,pass,fail,,,28,0.4.0,2026-08-07
elysiatools.com,1,0,Absent,,fail,fail,fail,fail,skip,skip,fail,skip,skip,fail,fail,,,16,0.4.0,2026-08-07
elytron.in,1,15,Text-only,,fail,fail,fail,fail,skip,skip,fail,skip,skip,pass,pass,,,15,0.4.0,2026-08-07
emadibrahim.com,1,100,Agent-ready,,pass,fail,fail,fail,pass,pass,fail,pass,pass,pass,pass,mcp-json,legacy,34,0.4.0,2026-08-07
email-deliverability-x402-production.up.railway.app,1,0,Absent,,fail,fail,fail,fail,skip,skip,fail,skip,skip,fail,fail,,,28,0.4.0,2026-08-07
email-finder-x402-production.up.railway.app,1,0,Absent,,fail,fail,fail,fail,skip,skip,fail,skip,skip,fail,fail,,,28,0.4.0,2026-08-07
email-send-x402-production.up.railway.app,1,0,Absent,,fail,fail,fail,fail,skip,skip,fail,skip,skip,fail,fail,,,28,0.4.0,2026-08-07
email-verification-x402-production.up.railway.app,1,0,Absent,,fail,fail,fail,fail,skip,skip,fail,skip,skip,fail,fail,,,28,0.4.0,2026-08-07
email-verify-mcp-production.up.railway.app,1,0,Absent,,error,fail,fail,error,skip,skip,error,skip,skip,fail,fail,,,40,0.4.0,2026-08-07
emailens.dev,1,15,Text-only,,fail,fail,fail,fail,skip,skip,fail,skip,skip,pass,pass,,,14,0.4.0,2026-08-07
emailkind.com,1,10,Text-only,,fail,fail,fail,fail,skip,skip,fail,skip,skip,pass,fail,,,15,0.4.0,2026-08-07
emailmd.dev,1,80,Connectable,,fail,fail,pass,fail,pass,fail,fail,skip,skip,pass,fail,,legacy,39,0.4.0,2026-08-07
embersds.com,1,0,Absent,,fail,fail,fail,fail,skip,skip,fail,skip,skip,fail,fail,,,15,0.4.0,2026-08-07
emc2ai.io,1,15,Text-only,,fail,fail,fail,fail,skip,skip,fail,skip,skip,pass,pass,,,15,0.4.0,2026-08-07
emem.dev,1,95,Agent-ready,,pass,fail,fail,fail,pass,pass,fail,pass,pass,pass,fail,mcp-json|mcp-bare|mcp-server-card-json,legacy,20,0.4.0,2026-08-07
emercoin.com,1,5,Text-only,,fail,fail,fail,fail,skip,skip,fail,skip,skip,fail,pass,,,16,0.4.0,2026-08-07
emergentphysicslab.com,1,5,Text-only,,fail,fail,fail,fail,skip,skip,fail,skip,skip,fail,pass,,,16,0.4.0,2026-08-07
emergingtechcenter.com,1,85,Connectable,,pass,fail,pass,fail,pass,fail,fail,fail,skip,pass,pass,mcp-json,legacy,20,0.4.0,2026-08-07
emidlabs.com,1,0,Absent,,fail,fail,fail,fail,skip,skip,fail,skip,skip,fail,fail,,,17,0.4.0,2026-08-07
emile.wine,1,70,Connectable,,fail,fail,pass,pass,pass,fail,fail,skip,skip,fail,fail,,modern,24,0.4.0,2026-08-07
emisar.dev,1,45,Discoverable,,fail,fail,fail,pass,skip,skip,fail,skip,skip,pass,fail,,,14,0.4.0,2026-08-07
emorahealth.com,1,85,Connectable,,pass,fail,fail,fail,pass,pass,fail,pass,fail,pass,pass,mcp-json|mcp-bare|mcp-server-card-json,modern,33,0.4.0,2026-08-07
emotioninside.org,1,5,Text-only,,fail,fail,fail,fail,skip,skip,fail,skip,skip,fail,pass,,,18,0.4.0,2026-08-07
empresskorea.com,1,15,Text-only,,fail,fail,fail,fail,skip,skip,fail,skip,skip,pass,pass,,,15,0.4.0,2026-08-07
emtailabs.com,1,5,Text-only,,fail,fail,fail,fail,skip,skip,fail,skip,skip,fail,pass,,,18,0.4.0,2026-08-07
enconvert.com,1,5,Text-only,,fail,fail,fail,fail,skip,skip,fail,skip,skip,fail,pass,,,29,0.4.0,2026-08-07
encore-pages-mcp.vercel.app,1,0,Absent,,fail,fail,fail,fail,skip,skip,fail,skip,skip,fail,fail,,,28,0.4.0,2026-08-07
encorehq.co,1,45,Discoverable,,fail,fail,fail,pass,skip,skip,fail,skip,skip,pass,fail,,,17,0.4.0,2026-08-07
endiagram.com,1,90,Agent-ready,,fail,fail,pass,fail,pass,pass,fail,skip,pass,fail,pass,,legacy,22,0.4.0,2026-08-07
endlessai.org,1,0,Absent,,fail,fail,fail,fail,skip,skip,fail,skip,skip,fail,fail,,,21,0.4.0,2026-08-07
endlss.io,1,70,Connectable,,fail,fail,pass,pass,pass,fail,fail,skip,skip,fail,fail,,modern,23,0.4.0,2026-08-07
endoflife.ai,1,50,Discoverable,,pass,fail,fail,error,skip,skip,fail,skip,skip,pass,pass,mcp-server-card-json,,19,0.4.0,2026-08-07
endorso.com,1,15,Text-only,,fail,fail,fail,fail,skip,skip,fail,skip,skip,pass,pass,,,16,0.4.0,2026-08-07
energetic-upliftment-production-8bdd.up.railway.app,1,0,Absent,,fail,fail,fail,fail,skip,skip,fail,skip,skip,fail,fail,,,27,0.4.0,2026-08-07
energetica.ar,1,70,Connectable,,pass,fail,fail,fail,pass,fail,fail,pass,skip,fail,fail,mcp-server-card-json,legacy,19,0.4.0,2026-08-07
energyaisolution.com,1,10,Text-only,,fail,fail,fail,fail,skip,skip,fail,skip,skip,pass,fail,,,13,0.4.0,2026-08-07
engageable.tech,1,10,Text-only,,fail,fail,fail,fail,skip,skip,fail,skip,skip,pass,fail,,,32,0.4.0,2026-08-07
engine-production-3bdc.up.railway.app,1,10,Text-only,,fail,fail,fail,fail,skip,skip,fail,skip,skip,pass,fail,,,26,0.4.0,2026-08-07
engineeringleaders.io,1,15,Text-only,,fail,fail,fail,fail,skip,skip,fail,skip,skip,pass,pass,,,20,0.4.0,2026-08-07
enginy.ai,1,0,Absent,,fail,fail,fail,fail,skip,skip,fail,skip,skip,fail,fail,,,30,0.4.0,2026-08-07
enigma.com,1,80,Connectable,,pass,fail,fail,pass,pass,fail,fail,skip,skip,pass,fail,mcp-server-card-json,modern,42,0.4.0,2026-08-07
enigmata.ru,1,0,Absent,,skip,fail,fail,skip,skip,skip,skip,skip,skip,skip,fail,,,3,0.4.0,2026-08-07
eno.cx.ua,1,0,Absent,,fail,fail,fail,fail,skip,skip,fail,skip,skip,fail,fail,,,18,0.4.0,2026-08-07
enrichment.kids,1,45,Discoverable,,pass,fail,fail,fail,skip,skip,fail,skip,skip,pass,fail,mcp-bare,,20,0.4.0,2026-08-07
enrow.io,1,10,Text-only,,fail,fail,fail,fail,skip,skip,fail,skip,skip,pass,fail,,,21,0.4.0,2026-08-07
ens-resolver-x402-production.up.railway.app,1,0,Absent,,fail,fail,fail,fail,skip,skip,fail,skip,skip,fail,fail,,,26,0.4.0,2026-08-07
ensotrade.tech,1,15,Text-only,,fail,fail,fail,fail,skip,skip,fail,skip,skip,pass,pass,,,29,0.4.0,2026-08-07
entangleeq.com,1,0,Absent,,fail,fail,fail,fail,skip,skip,fail,skip,skip,fail,fail,,,31,0.4.0,2026-08-07
entia.systems,1,100,Agent-ready,,pass,fail,pass,pass,pass,pass,fail,fail,pass,pass,pass,mcp-json|mcp-bare|mcp-server-card-json,legacy,29,0.4.0,2026-08-07
entidex.com,1,50,Discoverable,,pass,fail,fail,fail,skip,skip,fail,skip,skip,pass,pass,mcp-json,,14,0.4.0,2026-08-07
entity0.com,1,0,Absent,,error,fail,fail,error,skip,skip,error,skip,skip,fail,fail,,,28,0.4.0,2026-08-07
entityenricher.ai,1,45,Discoverable,,fail,fail,fail,pass,skip,skip,fail,skip,skip,pass,fail,,,17,0.4.0,2026-08-07
entityresolver.xyz,1,10,Text-only,,fail,fail,fail,fail,skip,skip,fail,skip,skip,pass,fail,,,16,0.4.0,2026-08-07
entrida.com,1,45,Discoverable,,pass,fail,fail,fail,skip,skip,fail,skip,skip,pass,fail,mcp-json,,22,0.4.0,2026-08-07
entroute.com,1,100,Agent-ready,,fail,fail,pass,fail,pass,pass,fail,skip,pass,pass,pass,,legacy,27,0.4.0,2026-08-07
entscheidsuche.ch,1,70,Connectable,,pass,fail,fail,fail,pass,fail,fail,pass,skip,fail,fail,mcp-json,legacy,25,0.4.0,2026-08-07
entyrax.com,1,95,Agent-ready,,pass,fail,fail,fail,pass,pass,pass,pass,pass,pass,fail,mcp-server-card-json,legacy,36,0.4.0,2026-08-07
enuygun.com,1,0,Absent,,fail,fail,fail,fail,skip,skip,fail,skip,skip,fail,fail,,,21,0.4.0,2026-08-07
env-locker-mcp.vercel.app,1,0,Absent,,fail,fail,fail,fail,skip,skip,fail,skip,skip,fail,fail,,,28,0.4.0,2026-08-07
enyal.ai,1,5,Text-only,,fail,fail,fail,fail,skip,skip,fail,skip,skip,fail,pass,,,21,0.4.0,2026-08-07
eodly.io,1,100,Agent-ready,,pass,fail,pass,fail,pass,pass,fail,pass,pass,pass,pass,mcp-json|mcp-server-card-json,legacy,26,0.4.0,2026-08-07
eosl.ai,1,80,Connectable,,pass,fail,pass,fail,pass,fail,fail,pass,skip,pass,fail,mcp-server-card-json,legacy,24,0.4.0,2026-08-07
eox.at,1,0,Absent,,fail,fail,fail,fail,skip,skip,fail,skip,skip,fail,fail,,,33,0.4.0,2026-08-07
epanya.ai,1,0,Absent,,fail,fail,fail,fail,skip,skip,fail,skip,skip,fail,fail,,,18,0.4.0,2026-08-07
ephemengine.com,1,10,Text-only,,fail,fail,fail,fail,skip,skip,fail,skip,skip,pass,fail,,,30,0.4.0,2026-08-07
epidemicsound.com,1,45,Discoverable,,fail,fail,fail,pass,skip,skip,fail,skip,skip,pass,fail,,,30,0.4.0,2026-08-07
epinu.ai,1,45,Discoverable,,pass,fail,fail,fail,skip,skip,fail,skip,skip,pass,fail,mcp-bare,,19,0.4.0,2026-08-07
epitome.fyi,1,0,Absent,,error,fail,fail,error,skip,skip,error,skip,skip,fail,fail,,,39,0.4.0,2026-08-07
epkproperties.com,1,80,Connectable,,fail,fail,pass,fail,pass,fail,fail,skip,skip,pass,fail,,legacy,26,0.4.0,2026-08-07
epovest.com,1,95,Agent-ready,,fail,fail,pass,pass,pass,pass,fail,skip,pass,pass,fail,,modern,25,0.4.0,2026-08-07
epublys.com,1,45,Discoverable,,pass,fail,fail,fail,skip,skip,fail,skip,skip,pass,fail,mcp-bare|mcp-server-card-json,,16,0.4.0,2026-08-07
epwforge.com,1,45,Discoverable,,fail,fail,fail,pass,skip,skip,fail,skip,skip,pass,fail,,,15,0.4.0,2026-08-07
eqbuilder.dev,1,85,Connectable,,pass,fail,pass,fail,pass,fail,fail,fail,skip,pass,pass,mcp-json|mcp-server-card-json,legacy,21,0.4.0,2026-08-07
equibles.com,1,100,Agent-ready,,fail,fail,pass,pass,pass,pass,fail,skip,pass,pass,pass,,modern,23,0.4.0,2026-08-07
eqvps.com,1,85,Connectable,,pass,fail,fail,fail,pass,fail,fail,fail,skip,pass,pass,mcp-json|mcp-server-card-json,legacy,25,0.4.0,2026-08-07
era.app,1,50,Discoverable,,pass,fail,fail,fail,skip,skip,fail,skip,skip,pass,pass,mcp-server-card-json,,18,0.4.0,2026-08-07
eraser.io,1,0,Absent,,fail,fail,fail,fail,skip,skip,fail,skip,skip,fail,fail,,,29,0.4.0,2026-08-07
erikbethke.com,1,100,Agent-ready,,pass,fail,fail,fail,pass,pass,fail,pass,pass,pass,pass,mcp-json,legacy,20,0.4.0,2026-08-07
eruditepay.com,1,0,Absent,,error,fail,fail,error,skip,skip,error,skip,skip,fail,fail,,,3,0.4.0,2026-08-07
escoladeradio.com.br,1,15,Text-only,,fail,fail,fail,fail,skip,skip,fail,skip,skip,pass,pass,,,30,0.4.0,2026-08-07
esheria.ai,1,0,Absent,,fail,fail,fail,fail,skip,skip,fail,skip,skip,fail,fail,,,16,0.4.0,2026-08-07
esimfinder.io,1,45,Discoverable,,fail,fail,fail,pass,skip,skip,fail,skip,skip,pass,fail,,,18,0.4.0,2026-08-07
esimtabby.com,1,80,Connectable,,pass,fail,fail,pass,pass,fail,fail,skip,skip,pass,fail,mcp-server-card-json,modern,18,0.4.0,2026-08-07
esst.bio,1,35,Discoverable,,fail,fail,fail,pass,skip,skip,fail,skip,skip,fail,fail,,,18,0.4.0,2026-08-07
estaite.com,1,0,Absent,,fail,fail,fail,fail,skip,skip,fail,skip,skip,fail,fail,,,18,0.4.0,2026-08-07
estroni.com.au,1,45,Discoverable,,fail,fail,fail,pass,skip,skip,fail,skip,skip,pass,fail,,,17,0.4.0,2026-08-07
etapa-mcp-production.up.railway.app,1,0,Absent,,fail,fail,fail,fail,skip,skip,fail,skip,skip,fail,fail,,,30,0.4.0,2026-08-07
eterna.exchange,1,45,Discoverable,,pass,fail,fail,pass,skip,skip,fail,skip,skip,pass,fail,mcp-server-card-json,,19,0.4.0,2026-08-07
euacc.ai,1,50,Discoverable,,fail,fail,fail,pass,skip,skip,fail,skip,skip,pass,pass,,,27,0.4.0,2026-08-07
eucompliance.tools,1,45,Discoverable,,pass,fail,fail,fail,skip,skip,fail,skip,skip,pass,fail,mcp-server-card-json,,18,0.4.0,2026-08-07
euearth.com,1,50,Discoverable,,pass,fail,fail,fail,fail,skip,fail,skip,skip,pass,pass,mcp-json,,21,0.4.0,2026-08-07
eurc402.com,1,95,Agent-ready,,fail,fail,pass,fail,pass,pass,fail,skip,pass,pass,fail,,legacy,20,0.4.0,2026-08-07
eureka.md,1,85,Connectable,,fail,fail,pass,fail,pass,fail,fail,skip,skip,pass,pass,,modern,21,0.4.0,2026-08-07
eurocomply.app,1,50,Discoverable,,pass,fail,fail,pass,fail,skip,fail,skip,skip,pass,pass,mcp-server-card-json,,15,0.4.0,2026-08-07
eurolytics.app,1,45,Discoverable,,fail,fail,fail,pass,skip,skip,fail,skip,skip,pass,fail,,,14,0.4.0,2026-08-07
europe-west3-mhs-bloom.cloudfunctions.net,1,0,Absent,,fail,fail,fail,fail,skip,skip,fail,skip,skip,fail,fail,,,28,0.4.0,2026-08-07
europebeachmap.com,1,80,Connectable,,fail,fail,pass,fail,pass,fail,fail,skip,skip,pass,fail,,legacy,20,0.4.0,2026-08-07
eurorackref.com,1,80,Connectable,,fail,fail,pass,fail,pass,pass,fail,skip,fail,pass,fail,,legacy,20,0.4.0,2026-08-07
euroref.dev,1,15,Text-only,,fail,fail,fail,fail,skip,skip,fail,skip,skip,pass,pass,,,16,0.4.0,2026-08-07
eutsoqdpjurknjsshxes.supabase.co,1,0,Absent,,fail,fail,fail,fail,skip,skip,fail,skip,skip,fail,fail,,,15,0.4.0,2026-08-07
event-resolver-x402-production.up.railway.app,1,0,Absent,,fail,fail,fail,fail,skip,skip,fail,skip,skip,fail,fail,,,28,0.4.0,2026-08-07
eventchat-events-mcp-production.up.railway.app,1,70,Connectable,,fail,fail,pass,fail,pass,pass,fail,skip,fail,fail,fail,,modern,32,0.4.0,2026-08-07
eventescapes.com,1,10,Text-only,,fail,fail,fail,fail,skip,skip,fail,skip,skip,pass,fail,,,16,0.4.0,2026-08-07
eventify.io,1,45,Discoverable,,pass,fail,fail,pass,skip,skip,fail,skip,skip,pass,fail,mcp-server-card-json,,18,0.4.0,2026-08-07
eventmatey.com,1,0,Absent,,fail,fail,fail,fail,skip,skip,fail,skip,skip,fail,fail,,,18,0.4.0,2026-08-07
eventship.com,1,80,Connectable,,pass,fail,fail,pass,pass,fail,fail,skip,skip,pass,fail,mcp-json|mcp-server-card-json,modern,21,0.4.0,2026-08-07
eventsynoptic.com,1,85,Connectable,,fail,fail,pass,fail,pass,pass,fail,skip,fail,pass,pass,,legacy,20,0.4.0,2026-08-07
eveoy.com,1,50,Discoverable,,pass,fail,fail,pass,skip,skip,fail,skip,skip,pass,pass,mcp-server-card-json,,31,0.4.0,2026-08-07
everjust.app,1,10,Text-only,,fail,fail,fail,fail,skip,skip,fail,skip,skip,pass,fail,,,14,0.4.0,2026-08-07
everpop.app,1,45,Discoverable,,fail,fail,fail,pass,skip,skip,fail,skip,skip,pass,fail,,,14,0.4.0,2026-08-07
everstake.one,1,85,Connectable,,pass,fail,fail,fail,pass,fail,fail,pass,skip,pass,pass,mcp-json|mcp-server-card-json,legacy,21,0.4.0,2026-08-07
everway.ai,1,45,Discoverable,,fail,fail,fail,pass,skip,skip,fail,skip,skip,pass,fail,,,14,0.4.0,2026-08-07
everydaybudd.com,1,15,Text-only,,fail,fail,fail,fail,skip,skip,fail,skip,skip,pass,pass,,,27,0.4.0,2026-08-07
evlek.app,1,100,Agent-ready,,pass,fail,fail,fail,pass,pass,fail,fail,pass,pass,pass,mcp-json,legacy,19,0.4.0,2026-08-07
exa.ai,1,80,Connectable,,fail,fail,pass,pass,pass,fail,fail,skip,skip,pass,fail,,legacy,23,0.4.0,2026-08-07
exactpdf.com,1,15,Text-only,,fail,fail,fail,fail,skip,skip,fail,skip,skip,pass,pass,,,14,0.4.0,2026-08-07
examova.com,1,50,Discoverable,,pass,fail,fail,fail,fail,skip,fail,skip,skip,pass,pass,mcp-json|mcp-server-card-json,,15,0.4.0,2026-08-07
example4.ai,1,95,Agent-ready,,fail,fail,pass,fail,pass,pass,fail,skip,pass,pass,fail,,legacy,27,0.4.0,2026-08-07
exascale.build,1,40,Discoverable,,pass,fail,fail,fail,fail,skip,fail,skip,skip,fail,pass,ai-catalog,,20,0.4.0,2026-08-07
exatoshi.uk,1,80,Connectable,,pass,fail,pass,fail,pass,pass,fail,skip,fail,pass,fail,mcp-json|mcp-bare|mcp-server-card-json,modern,18,0.4.0,2026-08-07
exchangerate.dev,1,50,Discoverable,,pass,fail,fail,fail,fail,skip,fail,skip,skip,pass,pass,mcp-json|mcp-server-card-json,,17,0.4.0,2026-08-07
exclusive-magical-insights-usr.trycloudflare.com,1,0,Absent,,error,fail,fail,error,skip,skip,error,skip,skip,fail,fail,,,3,0.4.0,2026-08-07
execbro.com,1,15,Text-only,,fail,fail,fail,fail,skip,skip,fail,skip,skip,pass,pass,,,14,0.4.0,2026-08-07
execution.market,1,45,Discoverable,,pass,fail,fail,fail,skip,skip,pass,skip,skip,pass,fail,mcp-server-card-json,,22,0.4.0,2026-08-07
exoquery.com,1,10,Text-only,,fail,fail,fail,fail,skip,skip,fail,skip,skip,pass,fail,,,15,0.4.0,2026-08-07
expatriator.com,1,70,Connectable,,fail,fail,pass,fail,pass,fail,fail,skip,skip,fail,fail,,legacy,24,0.4.0,2026-08-07
exploit-intel.com,1,0,Absent,,fail,fail,fail,fail,skip,skip,fail,skip,skip,fail,fail,,,18,0.4.0,2026-08-07
explorium.ai,1,10,Text-only,,fail,fail,fail,fail,skip,skip,fail,skip,skip,pass,fail,,,33,0.4.0,2026-08-07
extentos.com,1,10,Text-only,,fail,fail,fail,fail,skip,skip,fail,skip,skip,pass,fail,,,15,0.4.0,2026-08-07
eyeot.fr,1,0,Absent,,fail,fail,fail,fail,skip,skip,fail,skip,skip,fail,fail,,,16,0.4.0,2026-08-07
eyepup.com,1,85,Connectable,,fail,fail,pass,fail,pass,fail,fail,skip,skip,pass,pass,,legacy,29,0.4.0,2026-08-07
ezatwork.com,1,0,Absent,,fail,fail,fail,fail,skip,skip,fail,skip,skip,fail,fail,,,18,0.4.0,2026-08-07
ezbizservices.com,1,10,Text-only,,fail,fail,fail,fail,skip,skip,fail,skip,skip,pass,fail,,,27,0.4.0,2026-08-07
ezel.ai,1,15,Text-only,,fail,fail,fail,fail,skip,skip,fail,skip,skip,pass,pass,,,17,0.4.0,2026-08-07
ezi-app.com,1,0,Absent,,fail,fail,fail,fail,skip,skip,fail,skip,skip,fail,fail,,,17,0.4.0,2026-08-07
ezoic.com,1,0,Absent,,fail,fail,fail,fail,skip,skip,fail,skip,skip,fail,fail,,,34,0.4.0,2026-08-07
ezstats.io,1,15,Text-only,,fail,fail,fail,fail,skip,skip,fail,skip,skip,pass,pass,,,17,0.4.0,2026-08-07
eztexting.com,1,10,Text-only,,fail,fail,fail,fail,skip,skip,fail,skip,skip,pass,fail,,,37,0.4.0,2026-08-07
fablerlabs.com,1,10,Text-only,,fail,fail,fail,fail,skip,skip,fail,skip,skip,pass,fail,,,17,0.4.0,2026-08-07
fabric-api-393345198409.us-west1.run.app,1,10,Text-only,,fail,fail,fail,fail,skip,skip,fail,skip,skip,pass,fail,,,29,0.4.0,2026-08-07
fabric.so,1,10,Text-only,,fail,fail,fail,fail,skip,skip,fail,skip,skip,pass,fail,,,18,0.4.0,2026-08-07
facet.llc,1,10,Text-only,,fail,fail,fail,fail,skip,skip,fail,skip,skip,pass,fail,,,19,0.4.0,2026-08-07
facilities-radical-advantage-flashers.trycloudflare.com,1,0,Absent,,error,fail,fail,error,skip,skip,error,skip,skip,fail,fail,,,5,0.4.0,2026-08-07
fact-check-mcp-production.up.railway.app,1,0,Absent,,error,fail,fail,error,skip,skip,error,skip,skip,fail,fail,,,41,0.4.0,2026-08-07
fact-checker-x402-production.up.railway.app,1,0,Absent,,fail,fail,fail,fail,skip,skip,fail,skip,skip,fail,fail,,,28,0.4.0,2026-08-07
factorguide.io,1,45,Discoverable,,pass,fail,fail,fail,skip,skip,fail,skip,skip,pass,fail,mcp-json,,15,0.4.0,2026-08-07
factori.ai,1,15,Text-only,,fail,fail,fail,fail,skip,skip,fail,skip,skip,pass,pass,,,20,0.4.0,2026-08-07
factry.cloud,1,10,Text-only,,fail,fail,fail,fail,skip,skip,fail,skip,skip,pass,fail,,,16,0.4.0,2026-08-07
facturacobra.com,1,80,Connectable,,fail,fail,pass,fail,pass,fail,fail,skip,skip,pass,fail,,modern,20,0.4.0,2026-08-07
faf.one,1,50,Discoverable,,pass,fail,fail,fail,fail,skip,pass,skip,skip,pass,pass,ai-catalog,,19,0.4.0,2026-08-07
fahaliai.com,1,50,Discoverable,,pass,fail,fail,fail,skip,skip,fail,skip,skip,pass,pass,mcp-bare,,17,0.4.0,2026-08-07
failmodes.com,1,80,Connectable,,fail,fail,pass,fail,pass,fail,fail,skip,skip,pass,fail,,legacy,42,0.4.0,2026-08-07
faireplace.com,1,100,Agent-ready,,fail,fail,pass,fail,pass,pass,fail,skip,pass,pass,pass,,legacy,27,0.4.0,2026-08-07
fakturai.de,1,80,Connectable,,pass,fail,fail,fail,pass,fail,fail,skip,skip,pass,fail,mcp-json|mcp-server-card-json,modern,19,0.4.0,2026-08-07
falkordb.com,1,10,Text-only,,fail,fail,fail,fail,skip,skip,fail,skip,skip,pass,fail,,,29,0.4.0,2026-08-07
familiartarot.com,1,15,Text-only,,fail,fail,fail,fail,skip,skip,fail,skip,skip,pass,pass,,,18,0.4.0,2026-08-07
familiarvtt.com,1,0,Absent,,fail,fail,fail,fail,skip,skip,fail,skip,skip,fail,fail,,,15,0.4.0,2026-08-07
famulor.io,1,50,Discoverable,,pass,fail,fail,pass,skip,skip,fail,skip,skip,pass,pass,mcp-server-card-json,,29,0.4.0,2026-08-07
fantasy-bald-shark-stereo.trycloudflare.com,1,0,Absent,,error,fail,fail,error,skip,skip,error,skip,skip,fail,fail,,,3,0.4.0,2026-08-07
fantasytabletophelper.com,1,10,Text-only,,fail,fail,fail,fail,skip,skip,fail,skip,skip,pass,fail,,,27,0.4.0,2026-08-07
fantopy.ai,1,0,Absent,,fail,fail,fail,fail,skip,skip,fail,skip,skip,fail,fail,,,32,0.4.0,2026-08-07
fanvault.shop,1,50,Discoverable,,fail,fail,fail,pass,skip,skip,fail,skip,skip,pass,pass,,,14,0.4.0,2026-08-07
faqai.app,1,15,Text-only,,fail,fail,fail,fail,skip,skip,fail,skip,skip,pass,pass,,,15,0.4.0,2026-08-07
farofinance.app,1,0,Absent,,fail,fail,fail,fail,skip,skip,fail,skip,skip,fail,fail,,,32,0.4.0,2026-08-07
fastcrw.com,1,50,Discoverable,,fail,fail,fail,pass,skip,skip,fail,skip,skip,pass,pass,,,15,0.4.0,2026-08-07
fastdb.in,1,0,Absent,,error,fail,fail,error,skip,skip,error,skip,skip,fail,fail,,,3,0.4.0,2026-08-07
fastdrop.dev,1,80,Connectable,,fail,fail,pass,pass,pass,fail,fail,skip,skip,pass,fail,,legacy,27,0.4.0,2026-08-07
fate-craft.com,1,0,Absent,,fail,fail,fail,fail,skip,skip,fail,skip,skip,fail,fail,,,15,0.4.0,2026-08-07
fatestar.top,1,10,Text-only,,fail,fail,fail,fail,skip,skip,fail,skip,skip,pass,fail,,,30,0.4.0,2026-08-07
fathom-mcp-server.com,1,45,Discoverable,,fail,fail,fail,pass,skip,skip,fail,skip,skip,pass,fail,,,15,0.4.0,2026-08-07
fathom.ai,1,10,Text-only,,fail,fail,fail,fail,skip,skip,fail,skip,skip,pass,fail,,,24,0.4.0,2026-08-07
faultkey.com,1,15,Text-only,,fail,fail,fail,fail,skip,skip,fail,skip,skip,pass,pass,,,16,0.4.0,2026-08-07
favcrm.io,1,10,Text-only,,fail,fail,fail,fail,skip,skip,fail,skip,skip,pass,fail,,,22,0.4.0,2026-08-07
favo.workers.dev,1,0,Absent,,error,fail,fail,error,skip,skip,error,skip,skip,fail,fail,,,6,0.4.0,2026-08-07
faxer.me,1,15,Text-only,,fail,fail,fail,fail,skip,skip,fail,skip,skip,pass,pass,,,15,0.4.0,2026-08-07
fcapp.run,1,0,Absent,,error,fail,fail,error,skip,skip,error,skip,skip,fail,fail,,,3,0.4.0,2026-08-07
fccdb.com,1,85,Connectable,,pass,fail,fail,fail,pass,fail,fail,pass,skip,pass,pass,mcp-server-card-json,legacy,19,0.4.0,2026-08-07
fcefnmdlggldmfusydix.supabase.co,1,0,Absent,,fail,fail,fail,fail,skip,skip,fail,skip,skip,fail,fail,,,15,0.4.0,2026-08-07
fdcommercial-uk.workers.dev,1,0,Absent,,error,fail,fail,error,skip,skip,error,skip,skip,fail,fail,,,6,0.4.0,2026-08-07
feasibly.com.au,1,45,Discoverable,,pass,fail,fail,fail,skip,skip,fail,skip,skip,pass,fail,mcp-json|mcp-server-card-json,,19,0.4.0,2026-08-07
featureboard.ai,1,10,Text-only,,fail,fail,fail,fail,skip,skip,fail,skip,skip,pass,fail,,,15,0.4.0,2026-08-07
featurejet.com,1,10,Text-only,,fail,fail,fail,fail,skip,skip,fail,skip,skip,pass,fail,,,17,0.4.0,2026-08-07
fed-spend.com,1,15,Text-only,,fail,fail,fail,fail,skip,skip,fail,skip,skip,pass,pass,,,15,0.4.0,2026-08-07
fedlex-connector.ch,1,70,Connectable,,fail,fail,pass,fail,pass,fail,fail,skip,skip,fail,fail,,legacy,22,0.4.0,2026-08-07
feedbk.ai,1,0,Absent,,fail,fail,fail,fail,skip,skip,fail,skip,skip,fail,fail,,,18,0.4.0,2026-08-07
feedhipppo.com,1,0,Absent,,fail,fail,fail,fail,skip,skip,fail,skip,skip,fail,fail,,,15,0.4.0,2026-08-07
feedsquad.com,1,80,Connectable,,pass,fail,pass,pass,pass,fail,fail,skip,skip,pass,fail,mcp-server-card-json,modern,27,0.4.0,2026-08-07
feeless402.com,1,10,Text-only,,fail,fail,fail,fail,skip,skip,fail,skip,skip,pass,fail,,,15,0.4.0,2026-08-07
fenetresurciel.com,1,0,Absent,,fail,fail,fail,fail,skip,skip,fail,skip,skip,fail,fail,,,15,0.4.0,2026-08-07
fentz.dev,1,0,Absent,,fail,fail,fail,fail,skip,skip,fail,skip,skip,fail,fail,,,29,0.4.0,2026-08-07
feode.com,1,0,Absent,,error,fail,fail,error,skip,skip,error,skip,skip,fail,fail,,,4,0.4.0,2026-08-07
feranor.com,1,95,Agent-ready,,pass,fail,pass,fail,pass,pass,fail,pass,pass,pass,fail,mcp-json|mcp-bare,modern,37,0.4.0,2026-08-07
fermyon.app,1,0,Absent,,fail,fail,fail,fail,skip,skip,fail,skip,skip,fail,fail,,,18,0.4.0,2026-08-07
ferritin.rs,1,0,Absent,,skip,fail,fail,skip,skip,skip,fail,skip,skip,skip,fail,,,4,0.4.0,2026-08-07
ferrolaser.com,1,10,Text-only,,fail,fail,fail,fail,skip,skip,fail,skip,skip,pass,fail,,,17,0.4.0,2026-08-07
ferryflighthub.com,1,0,Absent,,fail,fail,fail,fail,skip,skip,fail,skip,skip,fail,fail,,,29,0.4.0,2026-08-07
fetcher.cloud,1,15,Text-only,,fail,fail,fail,fail,skip,skip,fail,skip,skip,pass,pass,,,16,0.4.0,2026-08-07
fetcher.sh,1,85,Connectable,,fail,fail,pass,fail,pass,fail,fail,skip,skip,pass,pass,,legacy,23,0.4.0,2026-08-07
fetter.io,1,0,Absent,,fail,fail,fail,fail,skip,skip,fail,skip,skip,fail,fail,,,17,0.4.0,2026-08-07
fflpdljiuruqdnewvwkk.supabase.co,1,0,Absent,,fail,fail,fail,fail,skip,skip,fail,skip,skip,fail,fail,,,15,0.4.0,2026-08-07
ffmpeg-micro.com,1,15,Text-only,,fail,fail,fail,fail,skip,skip,fail,skip,skip,pass,pass,,,30,0.4.0,2026-08-07
ffmpegapi.net,1,15,Text-only,,fail,fail,fail,fail,skip,skip,fail,skip,skip,pass,pass,,,16,0.4.0,2026-08-07
fftcompanion.app,1,70,Connectable,,pass,fail,fail,fail,pass,fail,fail,pass,skip,fail,fail,mcp-server-card-json,legacy,24,0.4.0,2026-08-07
fhirfly.io,1,10,Text-only,,fail,fail,fail,fail,skip,skip,fail,skip,skip,pass,fail,,,15,0.4.0,2026-08-07
fhsc.com.vn,1,10,Text-only,,fail,fail,fail,fail,skip,skip,fail,skip,skip,pass,fail,,,15,0.4.0,2026-08-07
fiasignals.com,1,50,Discoverable,,pass,fail,fail,fail,skip,skip,fail,skip,skip,pass,pass,mcp-json|mcp-bare,,16,0.4.0,2026-08-07
fiatdock.com,1,85,Connectable,,pass,fail,pass,fail,pass,fail,fail,pass,skip,pass,pass,mcp-server-card-json,legacy,20,0.4.0,2026-08-07
fiber.ai,1,80,Connectable,,fail,fail,pass,fail,pass,fail,fail,skip,skip,pass,fail,,legacy,38,0.4.0,2026-08-07
fiberfinder.ai,1,95,Agent-ready,,fail,fail,pass,fail,pass,pass,fail,skip,pass,pass,fail,,legacy,23,0.4.0,2026-08-07
fibery.io,1,70,Connectable,,fail,fail,pass,pass,pass,fail,fail,skip,skip,fail,fail,,modern,23,0.4.0,2026-08-07
fibrous.finance,1,15,Text-only,,fail,fail,fail,fail,skip,skip,fail,skip,skip,pass,pass,,,28,0.4.0,2026-08-07
fichepro.ai,1,35,Discoverable,,fail,fail,fail,pass,skip,skip,fail,skip,skip,fail,fail,,,27,0.4.0,2026-08-07
fidacy.com,1,10,Text-only,,fail,fail,fail,fail,skip,skip,fail,skip,skip,pass,fail,,,18,0.4.0,2026-08-07
fidensa.com,1,0,Absent,,skip,fail,fail,skip,skip,skip,fail,skip,skip,fail,fail,,,9,0.4.0,2026-08-07
figma.com,1,75,Connectable,,fail,fail,pass,pass,pass,fail,fail,skip,skip,fail,pass,,modern,35,0.4.0,2026-08-07
filae.workers.dev,1,0,Absent,,error,fail,fail,error,skip,skip,error,skip,skip,fail,fail,,,6,0.4.0,2026-08-07
filechanger.io,1,10,Text-only,,fail,fail,fail,fail,skip,skip,fail,skip,skip,pass,fail,,,13,0.4.0,2026-08-07
filegraph.ai,1,5,Text-only,,fail,fail,fail,fail,skip,skip,fail,skip,skip,fail,pass,,,30,0.4.0,2026-08-07
filepad.ai,1,0,Absent,,fail,fail,fail,fail,skip,skip,fail,skip,skip,fail,fail,,,20,0.4.0,2026-08-07
files.com,1,10,Text-only,,fail,fail,fail,fail,skip,skip,fail,skip,skip,pass,fail,,,27,0.4.0,2026-08-07
filetopdf.dev,1,70,Connectable,,fail,fail,pass,fail,pass,fail,fail,skip,skip,fail,fail,,legacy,22,0.4.0,2026-08-07
filetourl.org,1,10,Text-only,,fail,fail,fail,fail,skip,skip,fail,skip,skip,pass,fail,,,14,0.4.0,2026-08-07
filingapi.dev,1,0,Absent,,fail,fail,fail,fail,skip,skip,fail,skip,skip,fail,fail,,,18,0.4.0,2026-08-07
filingfirehose.com,1,5,Text-only,,fail,fail,fail,fail,skip,skip,fail,skip,skip,fail,pass,,,15,0.4.0,2026-08-07
filipe.coffee,1,100,Agent-ready,,pass,fail,pass,fail,pass,pass,fail,pass,pass,pass,pass,mcp-json,legacy,40,0.4.0,2026-08-07
filtrix.ai,1,10,Text-only,,fail,fail,fail,fail,skip,skip,fail,skip,skip,pass,fail,,,29,0.4.0,2026-08-07
filtrous.com,1,45,Discoverable,,fail,fail,fail,pass,skip,skip,fail,skip,skip,pass,fail,,,15,0.4.0,2026-08-07
filtrous.workers.dev,1,0,Absent,,error,fail,fail,error,skip,skip,error,skip,skip,fail,fail,,,6,0.4.0,2026-08-07
fin-discovery.com,1,0,Absent,,fail,fail,fail,fail,skip,skip,fail,skip,skip,fail,fail,,,17,0.4.0,2026-08-07
finalnotice.io,1,15,Text-only,,fail,fail,fail,fail,skip,skip,fail,skip,skip,pass,pass,,,18,0.4.0,2026-08-07
finalpos.com,1,80,Connectable,,fail,fail,pass,fail,pass,fail,fail,skip,skip,pass,fail,,legacy,24,0.4.0,2026-08-07
financegenius.ai,1,0,Absent,,fail,fail,fail,fail,skip,skip,fail,skip,skip,fail,fail,,,19,0.4.0,2026-08-07
financial-signals-mcp-production.up.railway.app,1,0,Absent,,error,fail,fail,error,skip,skip,error,skip,skip,fail,fail,,,41,0.4.0,2026-08-07
financialdatapi.com,1,85,Connectable,,fail,fail,pass,fail,pass,fail,fail,skip,skip,pass,pass,,modern,22,0.4.0,2026-08-07
fincontext.ai,1,85,Connectable,,fail,fail,pass,pass,pass,fail,fail,skip,skip,pass,pass,,modern,19,0.4.0,2026-08-07
find-me.casa,1,10,Text-only,,fail,fail,fail,fail,skip,skip,fail,skip,skip,pass,fail,,,15,0.4.0,2026-08-07
find.codes,1,100,Agent-ready,,pass,fail,pass,fail,pass,pass,fail,pass,pass,pass,pass,mcp-server-card-json,legacy,20,0.4.0,2026-08-07
findable.ai,1,15,Text-only,,fail,fail,fail,fail,skip,skip,fail,skip,skip,pass,pass,,,30,0.4.0,2026-08-07
findip.ai,1,0,Absent,,fail,fail,fail,skip,skip,skip,fail,skip,skip,fail,fail,,,19,0.4.0,2026-08-07
findvise.com,1,40,Discoverable,,pass,fail,fail,fail,fail,skip,fail,skip,skip,fail,pass,mcp-json,,19,0.4.0,2026-08-07
findyourfivepm.com,1,0,Absent,,fail,fail,fail,fail,skip,skip,fail,skip,skip,fail,fail,,,17,0.4.0,2026-08-07
finerxfinder.com,1,15,Text-only,,fail,fail,fail,fail,skip,skip,fail,skip,skip,pass,pass,,,27,0.4.0,2026-08-07
finestructure.ai,1,100,Agent-ready,,fail,fail,pass,fail,pass,pass,fail,skip,pass,pass,pass,,legacy,23,0.4.0,2026-08-07
finhay.com.vn,1,15,Text-only,,fail,fail,fail,fail,skip,skip,fail,skip,skip,pass,pass,,,34,0.4.0,2026-08-07
fininfostation.com,1,80,Connectable,,fail,fail,pass,fail,pass,pass,fail,skip,fail,pass,fail,,modern,20,0.4.0,2026-08-07
finlight.me,1,10,Text-only,,fail,fail,fail,fail,skip,skip,fail,skip,skip,pass,fail,,,18,0.4.0,2026-08-07
finmanagerai.com,1,15,Text-only,,fail,fail,fail,fail,skip,skip,fail,skip,skip,pass,pass,,,27,0.4.0,2026-08-07
finn-tannlege.com,1,50,Discoverable,,pass,fail,fail,fail,skip,skip,fail,skip,skip,pass,pass,mcp-json|mcp-server-card-json,,15,0.4.0,2026-08-07
finn.com,1,0,Absent,,fail,fail,fail,fail,skip,skip,fail,skip,skip,fail,fail,,,27,0.4.0,2026-08-07
finstat.ai,1,70,Connectable,,fail,fail,pass,fail,pass,fail,fail,skip,skip,fail,fail,,modern,31,0.4.0,2026-08-07
fintalio.com,1,80,Connectable,,fail,fail,pass,fail,pass,fail,fail,skip,skip,pass,fail,,modern,19,0.4.0,2026-08-07
fintent.ai,1,80,Connectable,,pass,fail,fail,pass,pass,fail,fail,skip,skip,pass,fail,mcp-json,modern,21,0.4.0,2026-08-07
fintrx.com,1,0,Absent,,fail,fail,fail,fail,skip,skip,fail,skip,skip,fail,fail,,,29,0.4.0,2026-08-07
fintrx.net,1,0,Absent,,fail,fail,fail,fail,skip,skip,fail,skip,skip,fail,fail,,,15,0.4.0,2026-08-07
fipex.com.br,1,85,Connectable,,pass,fail,pass,fail,pass,fail,fail,fail,skip,pass,pass,mcp-json|mcp-server-card-json,legacy,34,0.4.0,2026-08-07
firestore.googleapis.com,1,70,Connectable,,fail,fail,pass,pass,pass,fail,fail,skip,skip,fail,fail,,legacy,20,0.4.0,2026-08-07
firmaradar.no,1,40,Discoverable,,fail,fail,fail,pass,skip,skip,fail,skip,skip,fail,pass,,,17,0.4.0,2026-08-07
firmastat.cz,1,85,Connectable,,pass,fail,pass,fail,pass,pass,fail,pass,pass,fail,fail,mcp-server-card-json,legacy,19,0.4.0,2026-08-07
firmbrain.ai,1,0,Absent,,fail,fail,fail,fail,skip,skip,fail,skip,skip,fail,fail,,,15,0.4.0,2026-08-07
firmeromanesti.com,1,85,Connectable,,pass,fail,fail,fail,pass,fail,fail,pass,skip,pass,pass,mcp-json,legacy,18,0.4.0,2026-08-07
firmoscop.ro,1,45,Discoverable,,fail,fail,fail,pass,skip,skip,fail,skip,skip,pass,fail,,,13,0.4.0,2026-08-07
firsttouch.ai,1,0,Absent,,fail,fail,fail,fail,skip,skip,fail,skip,skip,fail,fail,,,22,0.4.0,2026-08-07
fitllm.run,1,80,Connectable,,fail,fail,pass,fail,pass,fail,fail,skip,skip,pass,fail,,legacy,20,0.4.0,2026-08-07
fitnito.com,1,15,Text-only,,fail,fail,fail,fail,skip,skip,fail,skip,skip,pass,pass,,,19,0.4.0,2026-08-07
fiuto.ai,1,85,Connectable,,fail,fail,pass,pass,pass,fail,fail,skip,skip,pass,pass,,modern,23,0.4.0,2026-08-07
fivem.no,1,0,Absent,,fail,fail,fail,fail,skip,skip,fail,skip,skip,fail,fail,,,27,0.4.0,2026-08-07
fixatia.com,1,15,Text-only,,fail,fail,fail,fail,skip,skip,fail,skip,skip,pass,pass,,,15,0.4.0,2026-08-07
fixflow-mcp.onrender.com,1,0,Absent,,fail,fail,fail,fail,skip,skip,fail,skip,skip,fail,fail,,,27,0.4.0,2026-08-07
fixmypdfonline.com,1,45,Discoverable,,pass,fail,fail,fail,skip,skip,fail,skip,skip,pass,fail,mcp-json,,32,0.4.0,2026-08-07
fixou.fr,1,80,Connectable,,fail,fail,pass,fail,pass,fail,fail,skip,skip,pass,fail,,legacy,22,0.4.0,2026-08-07
fixyourdocs.io,1,0,Absent,,fail,fail,fail,fail,skip,skip,fail,skip,skip,fail,fail,,,16,0.4.0,2026-08-07
fixzi.ai,1,10,Text-only,,fail,fail,fail,fail,skip,skip,fail,skip,skip,pass,fail,,,16,0.4.0,2026-08-07
flagram.com,1,0,Absent,,error,fail,fail,error,skip,skip,error,skip,skip,fail,fail,,,40,0.4.0,2026-08-07
flaim.app,1,80,Connectable,,fail,fail,pass,pass,pass,fail,fail,skip,skip,pass,fail,,modern,22,0.4.0,2026-08-07
flarelink.dev,1,10,Text-only,,fail,fail,fail,fail,skip,skip,fail,skip,skip,pass,fail,,,16,0.4.0,2026-08-07
flashalpha.com,1,10,Text-only,,fail,fail,fail,fail,skip,skip,fail,skip,skip,pass,fail,,,17,0.4.0,2026-08-07
flashcards-open-source-app.com,1,10,Text-only,,fail,fail,fail,fail,skip,skip,fail,skip,skip,pass,fail,,,21,0.4.0,2026-08-07
flashodds.live,1,5,Text-only,,fail,fail,fail,fail,skip,skip,fail,skip,skip,fail,pass,,,17,0.4.0,2026-08-07
flask.do,1,15,Text-only,,fail,fail,fail,fail,skip,skip,fail,skip,skip,pass,pass,,,19,0.4.0,2026-08-07
flat.cash,1,80,Connectable,,pass,pass,pass,pass,pass,fail,fail,skip,skip,pass,fail,ai-catalog|mcp-json|mcp-server-card-json,modern,24,0.4.0,2026-08-07
flatlandfi.com,1,15,Text-only,,fail,fail,fail,fail,skip,skip,fail,skip,skip,pass,pass,,,19,0.4.0,2026-08-07
flato.ai,1,10,Text-only,,fail,fail,fail,fail,skip,skip,fail,skip,skip,pass,fail,,,31,0.4.0,2026-08-07
flatscope.co.uk,1,15,Text-only,,fail,fail,fail,fail,skip,skip,fail,skip,skip,pass,pass,,,28,0.4.0,2026-08-07
flatway.fr,1,0,Absent,,fail,fail,fail,fail,skip,skip,fail,skip,skip,fail,fail,,,24,0.4.0,2026-08-07
fleetstreet.ai,1,15,Text-only,,fail,fail,fail,fail,skip,skip,fail,skip,skip,pass,pass,,,17,0.4.0,2026-08-07
flevy.com,1,85,Connectable,,pass,fail,fail,fail,pass,pass,fail,pass,pass,fail,fail,mcp-server-card-json,legacy,20,0.4.0,2026-08-07
flightdb.org,1,50,Discoverable,,fail,fail,fail,pass,skip,skip,fail,skip,skip,pass,pass,,,18,0.4.0,2026-08-07
flightmussy.com,1,0,Absent,,error,fail,fail,error,skip,skip,fail,skip,skip,fail,fail,,,27,0.4.0,2026-08-07
flightqueue.com,1,85,Connectable,,pass,fail,fail,pass,pass,fail,fail,skip,skip,pass,pass,mcp-json|mcp-server-card-json,modern,20,0.4.0,2026-08-07
flightseatmap.com,1,80,Connectable,,pass,fail,pass,pass,pass,fail,fail,skip,skip,pass,fail,mcp-server-card-json,modern,22,0.4.0,2026-08-07
flingflyers.com,1,80,Connectable,,fail,fail,pass,fail,pass,fail,fail,skip,skip,pass,fail,,legacy,20,0.4.0,2026-08-07
flint.network,1,85,Connectable,,pass,fail,pass,fail,pass,fail,pass,skip,skip,pass,pass,ai-catalog,legacy,23,0.4.0,2026-08-07
flipdomain.ai,1,85,Connectable,,pass,fail,fail,fail,pass,pass,fail,pass,fail,pass,pass,mcp-json|mcp-server-card-json,legacy,19,0.4.0,2026-08-07
flipnem.com,1,45,Discoverable,,fail,fail,fail,pass,skip,skip,fail,skip,skip,pass,fail,,,14,0.4.0,2026-08-07
flipr-x402.fly.dev,1,10,Text-only,,fail,fail,fail,fail,skip,skip,fail,skip,skip,pass,fail,,,15,0.4.0,2026-08-07
flomoapp.com,1,35,Discoverable,,fail,fail,fail,pass,skip,skip,fail,skip,skip,fail,fail,,,15,0.4.0,2026-08-07
floot.com,1,70,Connectable,,fail,fail,pass,pass,pass,fail,fail,skip,skip,fail,fail,,modern,23,0.4.0,2026-08-07
flow2.co,1,35,Discoverable,,fail,pass,fail,fail,skip,skip,fail,skip,skip,fail,fail,,,17,0.4.0,2026-08-07
flowcastle.ai,1,10,Text-only,,fail,fail,fail,fail,skip,skip,fail,skip,skip,pass,fail,,,16,0.4.0,2026-08-07
flowcontent.io,1,5,Text-only,,fail,fail,fail,fail,skip,skip,fail,skip,skip,fail,pass,,,33,0.4.0,2026-08-07
flowgraf.in,1,0,Absent,,fail,fail,fail,fail,skip,skip,fail,skip,skip,fail,fail,,,17,0.4.0,2026-08-07
flowstep.ai,1,0,Absent,,fail,fail,fail,fail,skip,skip,fail,skip,skip,fail,fail,,,15,0.4.0,2026-08-07
flowstudio.app,1,85,Connectable,,fail,fail,pass,fail,pass,pass,fail,skip,pass,fail,fail,,modern,23,0.4.0,2026-08-07
flowvolt-strike-engine.vercel.app,1,0,Absent,,fail,fail,fail,fail,skip,skip,fail,skip,skip,fail,fail,,,28,0.4.0,2026-08-07
flowvolt.io,1,0,Absent,,fail,fail,fail,fail,skip,skip,fail,skip,skip,fail,fail,,,31,0.4.0,2026-08-07
fltln.io,1,15,Text-only,,fail,fail,fail,fail,skip,skip,fail,skip,skip,pass,pass,,,22,0.4.0,2026-08-07
fluentive.app,1,85,Connectable,,fail,fail,pass,fail,pass,fail,fail,skip,skip,pass,pass,,legacy,23,0.4.0,2026-08-07
fluf.io,1,15,Text-only,,fail,fail,fail,fail,skip,skip,fail,skip,skip,pass,pass,,,21,0.4.0,2026-08-07
fluora-mcp-172867820131.us-west1.run.app,1,80,Connectable,,pass,fail,fail,fail,pass,fail,fail,pass,skip,pass,fail,mcp-json,legacy,32,0.4.0,2026-08-07
fluxink.ai,1,0,Absent,,error,fail,fail,error,skip,skip,error,skip,skip,fail,fail,,,44,0.4.0,2026-08-07
fluxiq.xyz,1,10,Text-only,,fail,fail,fail,fail,skip,skip,fail,skip,skip,pass,fail,,,15,0.4.0,2026-08-07
flyweel.co,1,50,Discoverable,,pass,fail,fail,fail,skip,skip,fail,skip,skip,pass,pass,mcp-json,,30,0.4.0,2026-08-07
foam.ai,1,0,Absent,,fail,fail,fail,fail,skip,skip,fail,skip,skip,fail,fail,,,16,0.4.0,2026-08-07
focxle.com,1,50,Discoverable,,pass,fail,fail,pass,fail,skip,fail,skip,skip,pass,pass,ai-catalog,,18,0.4.0,2026-08-07
fodda.ai,1,35,Discoverable,,error,pass,fail,error,skip,skip,error,skip,skip,fail,fail,,,44,0.4.0,2026-08-07
foliofact.com,1,50,Discoverable,,pass,fail,fail,pass,skip,skip,fail,skip,skip,pass,pass,mcp-json|mcp-bare|mcp-server-card-json,,13,0.4.0,2026-08-07
followontours.com,1,5,Text-only,,fail,fail,fail,fail,skip,skip,fail,skip,skip,fail,pass,,,27,0.4.0,2026-08-07
foodnear.me,1,50,Discoverable,,fail,pass,fail,fail,skip,skip,fail,skip,skip,pass,pass,,,14,0.4.0,2026-08-07
foodtruck-nation.de,1,0,Absent,,fail,fail,fail,fail,skip,skip,fail,skip,skip,fail,fail,,,15,0.4.0,2026-08-07
foomworks.workers.dev,1,0,Absent,,error,fail,fail,error,skip,skip,error,skip,skip,fail,fail,,,6,0.4.0,2026-08-07
footdigest.com,1,0,Absent,,fail,fail,fail,fail,skip,skip,fail,skip,skip,fail,fail,,,19,0.4.0,2026-08-07
foqal.io,1,0,Absent,,fail,fail,fail,fail,skip,skip,fail,skip,skip,fail,fail,,,29,0.4.0,2026-08-07
for-ai-agents.workers.dev,1,0,Absent,,error,fail,fail,error,skip,skip,error,skip,skip,fail,fail,,,6,0.4.0,2026-08-07
forageshopping.com,1,35,Discoverable,,pass,fail,fail,fail,skip,skip,fail,skip,skip,fail,fail,mcp-server-card-json,,16,0.4.0,2026-08-07
forcedream.ai,1,15,Text-only,,fail,fail,fail,fail,skip,skip,fail,skip,skip,pass,pass,,,16,0.4.0,2026-08-07
foresea.ink,1,85,Connectable,,pass,fail,fail,fail,pass,fail,fail,fail,skip,pass,pass,mcp-json,legacy,20,0.4.0,2026-08-07
forex-gpt.ai,1,35,Discoverable,,pass,fail,fail,pass,skip,skip,fail,skip,skip,fail,fail,mcp-server-card-json,,22,0.4.0,2026-08-07
forgecascade.org,1,50,Discoverable,,pass,fail,fail,pass,skip,skip,fail,skip,skip,pass,pass,mcp-json|mcp-server-card-json,,17,0.4.0,2026-08-07
forgeengine.app,1,15,Text-only,,fail,fail,fail,fail,skip,skip,fail,skip,skip,pass,pass,,,18,0.4.0,2026-08-07
forgeorbital.com,1,0,Absent,,fail,fail,fail,fail,skip,skip,fail,skip,skip,fail,fail,,,14,0.4.0,2026-08-07
forgesworn.dev,1,10,Text-only,,fail,fail,fail,fail,skip,skip,fail,skip,skip,pass,fail,,,15,0.4.0,2026-08-07
forgetreasury.com,1,0,Absent,,fail,fail,fail,fail,skip,skip,fail,skip,skip,fail,fail,,,17,0.4.0,2026-08-07
forinvest.com,1,15,Text-only,,fail,fail,fail,fail,skip,skip,fail,skip,skip,pass,pass,,,31,0.4.0,2026-08-07
forkast.gg,1,0,Absent,,fail,fail,fail,fail,skip,skip,fail,skip,skip,fail,fail,,,21,0.4.0,2026-08-07
forkbit.io,1,15,Text-only,,fail,fail,fail,fail,skip,skip,fail,skip,skip,pass,pass,,,16,0.4.0,2026-08-07
forkmate.ai,1,15,Text-only,,fail,fail,fail,fail,skip,skip,fail,skip,skip,pass,pass,,,15,0.4.0,2026-08-07
form.io,1,10,Text-only,,fail,fail,fail,fail,skip,skip,fail,skip,skip,pass,fail,,,22,0.4.0,2026-08-07
formbro.ca,1,5,Text-only,,fail,fail,fail,fail,skip,skip,fail,skip,skip,fail,pass,,,23,0.4.0,2026-08-07
formdesigner.pro,1,0,Absent,,fail,fail,fail,fail,skip,skip,fail,skip,skip,fail,fail,,,18,0.4.0,2026-08-07
formester.com,1,0,Absent,,fail,fail,fail,fail,skip,skip,fail,skip,skip,fail,fail,,,20,0.4.0,2026-08-07
formpaste.com,1,80,Connectable,,pass,fail,fail,fail,pass,fail,fail,skip,skip,pass,fail,mcp-bare,legacy,21,0.4.0,2026-08-07
fortfiapp.com,1,50,Discoverable,,pass,fail,fail,fail,skip,skip,fail,skip,skip,pass,pass,mcp-server-card-json,,14,0.4.0,2026-08-07
fortytwo.network,1,85,Connectable,,fail,fail,pass,fail,pass,pass,fail,skip,pass,fail,fail,,legacy,24,0.4.0,2026-08-07
fotify.app,1,15,Text-only,,fail,fail,fail,fail,skip,skip,fail,skip,skip,pass,pass,,,19,0.4.0,2026-08-07
fotohub.app,1,15,Text-only,,fail,fail,fail,fail,skip,skip,fail,skip,skip,pass,pass,,,17,0.4.0,2026-08-07
foundrole.com,1,85,Connectable,,fail,fail,pass,pass,pass,fail,fail,skip,skip,pass,pass,,legacy,39,0.4.0,2026-08-07
foundryims.com,1,0,Absent,,fail,fail,fail,fail,skip,skip,fail,skip,skip,fail,fail,,,18,0.4.0,2026-08-07
foundrynet-geo-production.up.railway.app,1,0,Absent,,error,fail,fail,error,skip,skip,error,skip,skip,fail,fail,,,41,0.4.0,2026-08-07
foundrynet-inference-production.up.railway.app,1,0,Absent,,error,fail,fail,error,skip,skip,error,skip,skip,fail,fail,,,41,0.4.0,2026-08-07
foundrynet-mcp-production.up.railway.app,1,0,Absent,,fail,fail,fail,fail,skip,skip,fail,skip,skip,fail,fail,,,28,0.4.0,2026-08-07
foundrynet-scrape-production.up.railway.app,1,0,Absent,,error,fail,fail,error,skip,skip,error,skip,skip,fail,fail,,,41,0.4.0,2026-08-07
foundrynet-search-production.up.railway.app,1,0,Absent,,error,fail,fail,error,skip,skip,error,skip,skip,fail,fail,,,41,0.4.0,2026-08-07
four-leaf.ai,1,50,Discoverable,,fail,fail,fail,pass,skip,skip,fail,skip,skip,pass,pass,,,14,0.4.0,2026-08-07
four02proof.onrender.com,1,0,Absent,,fail,fail,fail,fail,skip,skip,fail,skip,skip,fail,fail,,,28,0.4.0,2026-08-07
foura.ai,1,85,Connectable,,fail,fail,pass,fail,pass,fail,fail,skip,skip,pass,pass,,legacy,24,0.4.0,2026-08-07
fourmemeclaw.com,1,0,Absent,,fail,fail,fail,fail,skip,skip,fail,skip,skip,fail,fail,,,15,0.4.0,2026-08-07
foxfiver.com,1,0,Absent,,error,fail,fail,error,skip,skip,error,skip,skip,fail,fail,,,3,0.4.0,2026-08-07
foyekanoxpnkydoibaas.supabase.co,1,0,Absent,,fail,fail,fail,fail,skip,skip,fail,skip,skip,fail,fail,,,15,0.4.0,2026-08-07
fpjs.io,1,0,Absent,,fail,fail,fail,fail,skip,skip,fail,skip,skip,fail,fail,,,18,0.4.0,2026-08-07
fractera.ai,1,10,Text-only,,fail,fail,fail,fail,skip,skip,fail,skip,skip,pass,fail,,,27,0.4.0,2026-08-07
framebench.app,1,90,Agent-ready,,fail,fail,pass,fail,pass,pass,fail,skip,pass,fail,pass,,legacy,21,0.4.0,2026-08-07
framefetch.net,1,50,Discoverable,,fail,fail,fail,pass,skip,skip,fail,skip,skip,pass,pass,,,15,0.4.0,2026-08-07
framekeep.com,1,85,Connectable,,pass,fail,pass,fail,pass,fail,fail,pass,skip,pass,pass,mcp-server-card-json,legacy,22,0.4.0,2026-08-07
framelane.io,1,10,Text-only,,fail,fail,fail,fail,skip,skip,fail,skip,skip,pass,fail,,,17,0.4.0,2026-08-07
framesail.com,1,10,Text-only,,fail,fail,fail,fail,skip,skip,fail,skip,skip,pass,fail,,,16,0.4.0,2026-08-07
france-care.fr,1,45,Discoverable,,pass,fail,fail,fail,skip,skip,fail,skip,skip,pass,fail,mcp-json,,35,0.4.0,2026-08-07
france-data-mcp.vercel.app,1,0,Absent,,fail,fail,fail,fail,skip,skip,fail,skip,skip,fail,fail,,,28,0.4.0,2026-08-07
francolabs.vercel.app,1,70,Connectable,,fail,fail,pass,pass,pass,fail,fail,skip,skip,fail,fail,,modern,32,0.4.0,2026-08-07
frankfurter.dev,1,80,Connectable,,fail,fail,pass,fail,pass,fail,fail,skip,skip,pass,fail,,legacy,24,0.4.0,2026-08-07
frankponcelet.com,1,100,Agent-ready,,pass,fail,pass,fail,pass,pass,fail,pass,pass,pass,pass,ai-catalog|mcp-server-card-json,legacy,23,0.4.0,2026-08-07
frankspace.co.uk,1,50,Discoverable,,pass,fail,fail,fail,skip,skip,fail,skip,skip,pass,pass,mcp-json,,15,0.4.0,2026-08-07
frase.io,1,85,Connectable,,pass,fail,fail,pass,pass,fail,fail,skip,skip,pass,pass,mcp-json|mcp-server-card-json,modern,36,0.4.0,2026-08-07
frazzlecrm.com,1,85,Connectable,,fail,fail,pass,fail,pass,fail,fail,skip,skip,pass,pass,,modern,22,0.4.0,2026-08-07
freddy.coach,1,50,Discoverable,,fail,fail,fail,pass,skip,skip,fail,skip,skip,pass,pass,,,16,0.4.0,2026-08-07
free-sign.com,1,85,Connectable,,pass,fail,fail,fail,pass,pass,fail,pass,fail,pass,pass,mcp-json,legacy,19,0.4.0,2026-08-07
freeappstore.online,1,100,Agent-ready,,pass,fail,pass,fail,pass,pass,fail,fail,pass,pass,pass,mcp-json,legacy,24,0.4.0,2026-08-07
freeastroapi.com,1,15,Text-only,,fail,fail,fail,fail,skip,skip,fail,skip,skip,pass,pass,,,28,0.4.0,2026-08-07
freebatteryfactory.com,1,85,Connectable,,fail,fail,pass,fail,pass,fail,fail,skip,skip,pass,pass,,legacy,20,0.4.0,2026-08-07
freelance-os-production.up.railway.app,1,0,Absent,,fail,fail,fail,fail,skip,skip,fail,skip,skip,fail,fail,,,28,0.4.0,2026-08-07
freelancertax.ca,1,10,Text-only,,fail,fail,fail,fail,skip,skip,fail,skip,skip,pass,fail,,,15,0.4.0,2026-08-07
freelax.cz,1,75,Connectable,,fail,fail,pass,fail,pass,pass,fail,skip,fail,fail,pass,,modern,32,0.4.0,2026-08-07
freight-pulse-mcp.vercel.app,1,0,Absent,,fail,fail,fail,fail,skip,skip,fail,skip,skip,fail,fail,,,28,0.4.0,2026-08-07
freightutils.com,1,85,Connectable,,fail,fail,pass,fail,pass,fail,fail,skip,skip,pass,pass,,legacy,39,0.4.0,2026-08-07
freqblog.com,1,0,Absent,,fail,fail,fail,fail,skip,skip,fail,skip,skip,fail,fail,,,18,0.4.0,2026-08-07
freshjots.com,1,35,Discoverable,,fail,fail,fail,pass,skip,skip,fail,skip,skip,fail,fail,,,14,0.4.0,2026-08-07
friday-seller-tools-production.up.railway.app,1,80,Connectable,,pass,fail,pass,fail,pass,pass,fail,pass,fail,pass,fail,mcp-server-card-json,legacy,33,0.4.0,2026-08-07
frigolog.fr,1,15,Text-only,,fail,fail,fail,fail,skip,skip,fail,skip,skip,pass,pass,,,14,0.4.0,2026-08-07
frihet.io,1,50,Discoverable,,pass,fail,fail,fail,fail,skip,fail,skip,skip,pass,pass,ai-catalog,,36,0.4.0,2026-08-07
frisian-mcp.com,1,85,Connectable,,pass,fail,pass,pass,pass,pass,fail,pass,pass,fail,fail,mcp-server-serra,legacy,23,0.4.0,2026-08-07
frogeye.ai,1,45,Discoverable,,pass,fail,fail,fail,skip,skip,fail,skip,skip,pass,fail,mcp-server-card-json,,18,0.4.0,2026-08-07
frontdeskreview.com,1,15,Text-only,,fail,fail,fail,fail,skip,skip,fail,skip,skip,pass,pass,,,17,0.4.0,2026-08-07
frontsail.app,1,0,Absent,,error,fail,fail,error,skip,skip,error,skip,skip,fail,fail,,,3,0.4.0,2026-08-07
fryd.app,1,15,Text-only,,fail,fail,fail,fail,skip,skip,fail,skip,skip,pass,pass,,,18,0.4.0,2026-08-07
ftir.fun,1,40,Discoverable,,pass,fail,fail,fail,skip,skip,fail,skip,skip,fail,pass,mcp-server-card-json,,15,0.4.0,2026-08-07
fuechvghummojkgliyha.supabase.co,1,0,Absent,,fail,fail,fail,fail,skip,skip,fail,skip,skip,fail,fail,,,15,0.4.0,2026-08-07
fuelcenter.co,1,100,Agent-ready,,pass,fail,pass,fail,pass,pass,fail,pass,pass,pass,pass,mcp-server-card-json,legacy,20,0.4.0,2026-08-07
fugentic.ai,1,85,Connectable,,pass,fail,fail,fail,pass,pass,fail,skip,pass,fail,fail,ai-catalog,legacy,22,0.4.0,2026-08-07
fulcradynamics.com,1,10,Text-only,,fail,fail,fail,fail,skip,skip,fail,skip,skip,pass,fail,,,19,0.4.0,2026-08-07
fulcru.app,1,85,Connectable,,pass,fail,pass,pass,pass,fail,fail,skip,skip,pass,pass,mcp-server-card-json,modern,35,0.4.0,2026-08-07
funding-arb-x402-production.up.railway.app,1,0,Absent,,fail,fail,fail,fail,skip,skip,fail,skip,skip,fail,fail,,,28,0.4.0,2026-08-07
funding-rates-x402-production.up.railway.app,1,0,Absent,,fail,fail,fail,fail,skip,skip,fail,skip,skip,fail,fail,,,28,0.4.0,2026-08-07
fundinglandscape.com,1,50,Discoverable,,pass,fail,fail,pass,skip,skip,fail,skip,skip,pass,pass,mcp-json,,14,0.4.0,2026-08-07
fundmomentum.vc,1,15,Text-only,,fail,fail,fail,fail,skip,skip,fail,skip,skip,pass,pass,,,28,0.4.0,2026-08-07
funn.to,1,10,Text-only,,fail,fail,fail,fail,skip,skip,fail,skip,skip,pass,fail,,,14,0.4.0,2026-08-07
fursat.fun,1,15,Text-only,,fail,fail,fail,fail,skip,skip,fail,skip,skip,pass,pass,,,27,0.4.0,2026-08-07
fuse.io,1,10,Text-only,,fail,fail,fail,fail,skip,skip,fail,skip,skip,pass,fail,,,26,0.4.0,2026-08-07
fusionauth.dev,1,0,Absent,,fail,fail,fail,fail,skip,skip,fail,skip,skip,fail,fail,,,15,0.4.0,2026-08-07
fusionauth.io,1,10,Text-only,,fail,fail,fail,fail,skip,skip,fail,skip,skip,pass,fail,,,17,0.4.0,2026-08-07
futia.io,1,10,Text-only,,fail,fail,fail,fail,skip,skip,fail,skip,skip,pass,fail,,,22,0.4.0,2026-08-07
futur-panda.dev,1,5,Text-only,,fail,fail,fail,fail,skip,skip,fail,skip,skip,fail,pass,,,20,0.4.0,2026-08-07
future.video,1,0,Absent,,fail,fail,fail,fail,skip,skip,fail,skip,skip,fail,fail,,,17,0.4.0,2026-08-07
futureagi.com,1,15,Text-only,,fail,fail,fail,fail,skip,skip,fail,skip,skip,pass,pass,,,16,0.4.0,2026-08-07
futuremultihousing.workers.dev,1,0,Absent,,error,fail,fail,error,skip,skip,error,skip,skip,fail,fail,,,6,0.4.0,2026-08-07
futureproof.work,1,0,Absent,,fail,fail,fail,fail,skip,skip,fail,skip,skip,fail,fail,,,15,0.4.0,2026-08-07
futuronoti.workers.dev,1,0,Absent,,error,fail,fail,error,skip,skip,error,skip,skip,fail,fail,,,6,0.4.0,2026-08-07
fuzz-breaker-mcp.vercel.app,1,0,Absent,,fail,fail,fail,fail,skip,skip,fail,skip,skip,fail,fail,,,28,0.4.0,2026-08-07
fxmacrodata.com,1,80,Connectable,,pass,fail,fail,pass,pass,fail,fail,pass,skip,pass,fail,mcp-json,legacy,22,0.4.0,2026-08-07
fylings.com,1,15,Text-only,,fail,fail,fail,fail,skip,skip,fail,skip,skip,pass,pass,,,27,0.4.0,2026-08-07
fynqo.app,1,50,Discoverable,,pass,fail,fail,fail,skip,skip,fail,skip,skip,pass,pass,mcp-json,,14,0.4.0,2026-08-07
fysio.care,1,10,Text-only,,fail,fail,fail,fail,skip,skip,fail,skip,skip,pass,fail,,,14,0.4.0,2026-08-07
gabrielgusmao.com,1,10,Text-only,,fail,fail,fail,fail,skip,skip,fail,skip,skip,pass,fail,,,27,0.4.0,2026-08-07
gachi-tokusuru.com,1,100,Agent-ready,,fail,fail,pass,pass,pass,pass,fail,skip,pass,pass,pass,,legacy,22,0.4.0,2026-08-07
gadgethumans.com,1,85,Connectable,,pass,fail,pass,fail,pass,pass,fail,fail,fail,pass,pass,mcp-json|mcp-server-card-json,legacy,22,0.4.0,2026-08-07
gaijin.team,1,0,Absent,,fail,fail,fail,fail,skip,skip,fail,skip,skip,fail,fail,,,15,0.4.0,2026-08-07
gainium.io,1,0,Absent,,fail,fail,fail,fail,skip,skip,fail,skip,skip,fail,fail,,,17,0.4.0,2026-08-07
gaizkajimenez.com,1,0,Absent,,fail,fail,fail,fail,skip,skip,fail,skip,skip,fail,fail,,,15,0.4.0,2026-08-07
galaxymind.space,1,15,Text-only,,fail,fail,fail,fail,skip,skip,fail,skip,skip,pass,pass,,,17,0.4.0,2026-08-07
gallandigital.com,1,0,Absent,,fail,fail,fail,fail,skip,skip,fail,skip,skip,fail,fail,,,14,0.4.0,2026-08-07
gameanalytics.com,1,10,Text-only,,fail,fail,fail,fail,skip,skip,fail,skip,skip,pass,fail,,,24,0.4.0,2026-08-07
gamedev.net,1,15,Text-only,,fail,fail,fail,fail,skip,skip,fail,skip,skip,pass,pass,,,14,0.4.0,2026-08-07
gamefork.dev,1,90,Agent-ready,,fail,fail,pass,pass,pass,pass,fail,skip,pass,fail,pass,,modern,19,0.4.0,2026-08-07
gamefork.io,1,15,Text-only,,fail,fail,fail,fail,skip,skip,fail,skip,skip,pass,pass,,,15,0.4.0,2026-08-07
gameindustrylibrary.com,1,45,Discoverable,,fail,fail,fail,pass,skip,skip,fail,skip,skip,pass,fail,,,14,0.4.0,2026-08-07
gammainfra.com,1,0,Absent,,error,fail,fail,error,skip,skip,error,skip,skip,fail,fail,,,36,0.4.0,2026-08-07
gammarips-mcp-406581297632.us-central1.run.app,1,35,Discoverable,,pass,fail,fail,fail,skip,skip,fail,skip,skip,fail,fail,mcp-server-card-json,,28,0.4.0,2026-08-07
gammarips.com,1,45,Discoverable,,pass,fail,fail,fail,fail,skip,fail,skip,skip,pass,fail,ai-catalog,,21,0.4.0,2026-08-07
gankdat.com,1,15,Text-only,,fail,fail,fail,fail,skip,skip,fail,skip,skip,pass,pass,,,15,0.4.0,2026-08-07
ganty.app,1,45,Discoverable,,fail,fail,fail,pass,skip,skip,fail,skip,skip,pass,fail,,,17,0.4.0,2026-08-07
gapup.io,1,80,Connectable,,fail,fail,pass,fail,pass,fail,fail,skip,skip,pass,fail,,legacy,34,0.4.0,2026-08-07
garchi.co.uk,1,85,Connectable,,fail,fail,pass,pass,pass,fail,fail,skip,skip,pass,pass,,modern,19,0.4.0,2026-08-07
garmin-mcp-nuqd.onrender.com,1,70,Connectable,,fail,fail,pass,pass,pass,fail,fail,skip,skip,fail,fail,,modern,32,0.4.0,2026-08-07
garmolabs.com,1,0,Absent,,fail,fail,fail,fail,skip,skip,fail,skip,skip,fail,fail,,,15,0.4.0,2026-08-07
gas-estimator-x402-production.up.railway.app,1,0,Absent,,fail,fail,fail,fail,skip,skip,fail,skip,skip,fail,fail,,,28,0.4.0,2026-08-07
gas-oracle-x402-production.up.railway.app,1,0,Absent,,fail,fail,fail,fail,skip,skip,fail,skip,skip,fail,fail,,,28,0.4.0,2026-08-07
gas-pulse-mcp.vercel.app,1,0,Absent,,fail,fail,fail,fail,skip,skip,fail,skip,skip,fail,fail,,,28,0.4.0,2026-08-07
gastor-motherboard-mcp.vercel.app,1,0,Absent,,fail,fail,fail,fail,skip,skip,fail,skip,skip,fail,fail,,,28,0.4.0,2026-08-07
gateco.ai,1,15,Text-only,,fail,fail,fail,fail,skip,skip,fail,skip,skip,pass,pass,,,30,0.4.0,2026-08-07
gatetest.ai,1,0,Absent,,error,fail,fail,error,skip,skip,error,skip,skip,fail,fail,,,3,0.4.0,2026-08-07
gatewayticketing.hosting,1,0,Absent,,error,fail,fail,error,skip,skip,error,skip,skip,fail,fail,,,3,0.4.0,2026-08-07
gaudiolab.com,1,0,Absent,,fail,fail,fail,fail,skip,skip,fail,skip,skip,fail,fail,,,32,0.4.0,2026-08-07
gavelin.ai,1,0,Absent,,fail,fail,fail,fail,skip,skip,fail,skip,skip,fail,fail,,,17,0.4.0,2026-08-07
gbgplatforms.com,1,0,Absent,,fail,fail,fail,fail,skip,skip,fail,skip,skip,fail,fail,,,23,0.4.0,2026-08-07
gblin-mcp-worker.workers.dev,1,0,Absent,,error,fail,fail,error,skip,skip,error,skip,skip,fail,fail,,,6,0.4.0,2026-08-07
gcwmjfotygqnlsyfhiyq.supabase.co,1,0,Absent,,fail,fail,fail,fail,skip,skip,fail,skip,skip,fail,fail,,,15,0.4.0,2026-08-07
gdacs.org,1,70,Connectable,,fail,fail,pass,fail,pass,fail,fail,skip,skip,fail,fail,,legacy,22,0.4.0,2026-08-07
gdpr-scanner-x402-production.up.railway.app,1,0,Absent,,fail,fail,fail,fail,skip,skip,fail,skip,skip,fail,fail,,,28,0.4.0,2026-08-07
geckovision.tech,1,15,Text-only,,fail,fail,fail,fail,skip,skip,fail,skip,skip,pass,pass,,,37,0.4.0,2026-08-07
geczbtsjfbvfukdzdemr.supabase.co,1,0,Absent,,fail,fail,fail,fail,skip,skip,fail,skip,skip,fail,fail,,,15,0.4.0,2026-08-07
geekflare.com,1,10,Text-only,,fail,fail,fail,fail,skip,skip,fail,skip,skip,pass,fail,,,21,0.4.0,2026-08-07
geezerkeeper.com,1,95,Agent-ready,,pass,fail,pass,fail,pass,pass,fail,pass,pass,pass,fail,mcp-json,modern,19,0.4.0,2026-08-07
geiant-agentcore-production.up.railway.app,1,0,Absent,,fail,fail,fail,fail,skip,skip,fail,skip,skip,fail,fail,,,28,0.4.0,2026-08-07
geiant.com,1,0,Absent,,fail,fail,fail,fail,skip,skip,fail,skip,skip,fail,fail,,,15,0.4.0,2026-08-07
gembook.xyz,1,0,Absent,,fail,fail,fail,fail,skip,skip,fail,skip,skip,fail,fail,,,14,0.4.0,2026-08-07
gemina.co,1,50,Discoverable,,pass,fail,fail,fail,skip,skip,fail,skip,skip,pass,pass,mcp-json,,30,0.4.0,2026-08-07
gemot.dev,1,0,Absent,,fail,fail,fail,fail,skip,skip,fail,skip,skip,fail,fail,,,15,0.4.0,2026-08-07
gemsift.com,1,15,Text-only,,fail,fail,fail,fail,skip,skip,fail,skip,skip,pass,pass,,,17,0.4.0,2026-08-07
gemus.ai,1,35,Discoverable,,fail,fail,fail,pass,skip,skip,fail,skip,skip,fail,fail,,,19,0.4.0,2026-08-07
gencove.com,1,10,Text-only,,fail,fail,fail,fail,skip,skip,fail,skip,skip,pass,fail,,,16,0.4.0,2026-08-07
gency.ai,1,0,Absent,,fail,fail,fail,fail,skip,skip,fail,skip,skip,fail,fail,,,15,0.4.0,2026-08-07
genefoundry.org,1,85,Connectable,,fail,fail,pass,pass,pass,fail,fail,skip,skip,pass,pass,,modern,19,0.4.0,2026-08-07
generect.com,1,10,Text-only,,fail,fail,fail,fail,skip,skip,fail,skip,skip,pass,fail,,,18,0.4.0,2026-08-07
genesis.social,1,100,Agent-ready,,pass,fail,pass,fail,pass,pass,fail,pass,pass,pass,pass,mcp-json,legacy,40,0.4.0,2026-08-07
genesisconductor.io,1,10,Text-only,,fail,fail,fail,fail,skip,skip,fail,skip,skip,pass,fail,,,22,0.4.0,2026-08-07
genesisre.io,1,70,Connectable,,fail,fail,pass,fail,pass,fail,fail,skip,skip,fail,fail,,legacy,33,0.4.0,2026-08-07
genflik.com,1,80,Connectable,,fail,fail,pass,pass,pass,fail,fail,skip,skip,pass,fail,,modern,20,0.4.0,2026-08-07
genflowai.io,1,50,Discoverable,,pass,fail,fail,pass,skip,skip,fail,skip,skip,pass,pass,mcp-server-card-json,,27,0.4.0,2026-08-07
gengeo.co,1,10,Text-only,,fail,fail,fail,fail,skip,skip,fail,skip,skip,pass,fail,,,19,0.4.0,2026-08-07
geniusflow-federation.vercel.app,1,80,Connectable,,fail,fail,pass,fail,pass,pass,fail,skip,fail,pass,fail,,legacy,33,0.4.0,2026-08-07
genmb.com,1,50,Discoverable,,fail,fail,fail,pass,skip,skip,fail,skip,skip,pass,pass,,,17,0.4.0,2026-08-07
genome-api-production.up.railway.app,1,0,Absent,,fail,fail,fail,fail,skip,skip,fail,skip,skip,fail,fail,,,28,0.4.0,2026-08-07
genomicintelligence.ai,1,0,Absent,,fail,fail,fail,fail,skip,skip,fail,skip,skip,fail,fail,,,18,0.4.0,2026-08-07
gentkey.com,1,15,Text-only,,fail,fail,fail,fail,skip,skip,fail,skip,skip,pass,pass,,,18,0.4.0,2026-08-07
geoclear.io,1,10,Text-only,,fail,fail,fail,fail,skip,skip,fail,skip,skip,pass,fail,,,27,0.4.0,2026-08-07
geodesiclabs.ai,1,5,Text-only,,fail,fail,fail,fail,skip,skip,fail,skip,skip,fail,pass,,,15,0.4.0,2026-08-07
geospatialsystem.com,1,0,Absent,,fail,fail,fail,fail,skip,skip,fail,skip,skip,fail,fail,,,16,0.4.0,2026-08-07
geotone.news,1,100,Agent-ready,,fail,fail,pass,fail,pass,pass,fail,skip,pass,pass,pass,,legacy,20,0.4.0,2026-08-07
gepuro.net,1,0,Absent,,fail,fail,fail,fail,skip,skip,fail,skip,skip,fail,fail,,,15,0.4.0,2026-08-07
gera.services,1,50,Discoverable,,pass,fail,fail,fail,fail,skip,fail,skip,skip,pass,pass,mcp-json,,17,0.4.0,2026-08-07
get-obra.com,1,10,Text-only,,fail,fail,fail,fail,skip,skip,fail,skip,skip,pass,fail,,,15,0.4.0,2026-08-07
getagentdocs.com,1,45,Discoverable,,fail,fail,fail,pass,skip,skip,fail,skip,skip,pass,fail,,,15,0.4.0,2026-08-07
getagentictools.com,1,85,Connectable,,fail,fail,pass,fail,pass,fail,fail,skip,skip,pass,pass,,legacy,23,0.4.0,2026-08-07
getaiaiai.ru,1,0,Absent,,fail,fail,fail,fail,skip,skip,fail,skip,skip,fail,fail,,,17,0.4.0,2026-08-07
getaiform.com,1,45,Discoverable,,pass,fail,fail,pass,fail,skip,fail,skip,skip,pass,fail,mcp-json,,15,0.4.0,2026-08-07
getalai.com,1,0,Absent,,fail,fail,fail,fail,skip,skip,fail,skip,skip,fail,fail,,,16,0.4.0,2026-08-07
getamber.dev,1,15,Text-only,,fail,fail,fail,fail,skip,skip,fail,skip,skip,pass,pass,,,15,0.4.0,2026-08-07
getandiamo.app,1,35,Discoverable,,fail,fail,fail,pass,skip,skip,fail,skip,skip,fail,fail,,,17,0.4.0,2026-08-07
getanyapi.com,1,45,Discoverable,,pass,fail,fail,fail,skip,skip,fail,skip,skip,pass,fail,mcp-server-card-json,,16,0.4.0,2026-08-07
getappniche.com,1,100,Agent-ready,,fail,fail,pass,fail,pass,pass,fail,skip,pass,pass,pass,,modern,21,0.4.0,2026-08-07
getbeachfinder.com,1,85,Connectable,,pass,fail,pass,fail,pass,fail,fail,fail,skip,pass,pass,mcp-json|mcp-server-card-json,legacy,22,0.4.0,2026-08-07
getboothiq.com,1,45,Discoverable,,fail,fail,fail,pass,skip,skip,fail,skip,skip,pass,fail,,,14,0.4.0,2026-08-07
getbooyah.com,1,50,Discoverable,,pass,fail,fail,fail,fail,skip,fail,skip,skip,pass,pass,mcp-server-card-json,,16,0.4.0,2026-08-07
getboxkite.com,1,15,Text-only,,fail,fail,fail,fail,skip,skip,fail,skip,skip,pass,pass,,,28,0.4.0,2026-08-07
getcaboo.com,1,15,Text-only,,fail,fail,fail,fail,skip,skip,fail,skip,skip,pass,pass,,,21,0.4.0,2026-08-07
getcallable.dev,1,0,Absent,,fail,fail,fail,fail,skip,skip,fail,skip,skip,fail,fail,,,15,0.4.0,2026-08-07
getcallme.app,1,70,Connectable,,fail,fail,pass,pass,pass,fail,fail,skip,skip,fail,fail,,modern,19,0.4.0,2026-08-07
getcims.com,1,0,Absent,,fail,fail,fail,fail,skip,skip,fail,skip,skip,fail,fail,,,16,0.4.0,2026-08-07
getcoherence.io,1,50,Discoverable,,pass,fail,fail,fail,skip,skip,fail,skip,skip,pass,pass,mcp-bare|mcp-server-card-json,,16,0.4.0,2026-08-07
getconsultkit.com,1,20,Text-only,,fail,fail,pass,fail,fail,skip,fail,skip,skip,fail,fail,,,21,0.4.0,2026-08-07
getcotrader.com,1,0,Absent,,error,fail,fail,error,skip,skip,error,skip,skip,fail,fail,,,41,0.4.0,2026-08-07
getcourier.dev,1,50,Discoverable,,pass,fail,fail,fail,skip,skip,fail,skip,skip,pass,pass,mcp-server-serra,,19,0.4.0,2026-08-07
getcurrentoffer.com,1,50,Discoverable,,fail,fail,fail,pass,skip,skip,fail,skip,skip,pass,pass,,,17,0.4.0,2026-08-07
getdealboard.com,1,10,Text-only,,fail,fail,fail,fail,skip,skip,fail,skip,skip,pass,fail,,,15,0.4.0,2026-08-07
getdial.ai,1,50,Discoverable,,fail,fail,fail,pass,skip,skip,fail,skip,skip,pass,pass,,,16,0.4.0,2026-08-07
getdialer.app,1,0,Absent,,fail,fail,fail,fail,skip,skip,fail,skip,skip,fail,fail,,,15,0.4.0,2026-08-07
getdomus.app,1,70,Connectable,,fail,fail,pass,pass,pass,fail,fail,skip,skip,fail,fail,,modern,21,0.4.0,2026-08-07
getdot.ai,1,10,Text-only,,fail,fail,fail,fail,skip,skip,fail,skip,skip,pass,fail,,,27,0.4.0,2026-08-07
getdrishti.in,1,0,Absent,,fail,fail,fail,fail,skip,skip,fail,skip,skip,fail,fail,,,32,0.4.0,2026-08-07
getengram.app,1,85,Connectable,,fail,fail,pass,pass,pass,fail,fail,skip,skip,pass,pass,,modern,22,0.4.0,2026-08-07
getexperience.com,1,35,Discoverable,,fail,fail,fail,pass,skip,skip,fail,skip,skip,fail,fail,,,15,0.4.0,2026-08-07
getfirmament.com,1,15,Text-only,,fail,fail,fail,fail,skip,skip,fail,skip,skip,pass,pass,,,17,0.4.0,2026-08-07
getforward.xyz,1,0,Absent,,error,fail,fail,error,skip,skip,error,skip,skip,fail,fail,,,46,0.4.0,2026-08-07
getfreedomos.com,1,15,Text-only,,fail,fail,fail,fail,skip,skip,fail,skip,skip,pass,pass,,,15,0.4.0,2026-08-07
getfrenchie.dev,1,85,Connectable,,fail,fail,pass,fail,pass,fail,fail,skip,skip,pass,pass,,legacy,37,0.4.0,2026-08-07
getguru.com,1,0,Absent,,fail,fail,fail,fail,skip,skip,fail,skip,skip,fail,fail,,,23,0.4.0,2026-08-07
gethal.ai,1,45,Discoverable,,pass,fail,fail,fail,skip,skip,fail,skip,skip,pass,fail,mcp-server-card-json,,15,0.4.0,2026-08-07
getholdings.com,1,85,Connectable,,fail,fail,pass,fail,pass,fail,fail,skip,skip,pass,pass,,modern,21,0.4.0,2026-08-07
gethumandesign.com,1,80,Connectable,,fail,fail,pass,pass,pass,fail,fail,skip,skip,pass,fail,,modern,29,0.4.0,2026-08-07
getinquira.com,1,15,Text-only,,fail,fail,fail,fail,skip,skip,fail,skip,skip,pass,pass,,,17,0.4.0,2026-08-07
getintel.ai,1,15,Text-only,,fail,fail,fail,fail,skip,skip,fail,skip,skip,pass,pass,,,15,0.4.0,2026-08-07
getjobzi.com,1,15,Text-only,,fail,fail,fail,fail,skip,skip,fail,skip,skip,pass,pass,,,18,0.4.0,2026-08-07
getlulu.dev,1,15,Text-only,,fail,fail,fail,fail,skip,skip,fail,skip,skip,pass,pass,,,20,0.4.0,2026-08-07
getmanymeet.com,1,10,Text-only,,fail,fail,fail,fail,skip,skip,fail,skip,skip,pass,fail,,,15,0.4.0,2026-08-07
getminds.ai,1,45,Discoverable,,pass,fail,fail,fail,skip,skip,fail,skip,skip,pass,fail,mcp-server-card-json,,22,0.4.0,2026-08-07
getmontecarlo.com,1,0,Absent,,fail,fail,fail,fail,skip,skip,fail,skip,skip,fail,fail,,,18,0.4.0,2026-08-07
getmunin.com,1,0,Absent,,fail,fail,fail,fail,skip,skip,fail,skip,skip,fail,fail,,,32,0.4.0,2026-08-07
getmyhotels.com,1,85,Connectable,,fail,fail,pass,pass,pass,pass,fail,skip,pass,fail,fail,,legacy,35,0.4.0,2026-08-07
getomnier.com,1,10,Text-only,,fail,fail,fail,fail,skip,skip,fail,skip,skip,pass,fail,,,17,0.4.0,2026-08-07
getonbrd.com,1,50,Discoverable,,fail,fail,fail,pass,skip,skip,fail,skip,skip,pass,pass,,,15,0.4.0,2026-08-07
getoptimal.ai,1,15,Text-only,,fail,fail,fail,fail,skip,skip,fail,skip,skip,pass,pass,,,14,0.4.0,2026-08-07
getpanes.com,1,35,Discoverable,,fail,fail,fail,pass,skip,skip,fail,skip,skip,fail,fail,,,16,0.4.0,2026-08-07
getpapi.ai,1,50,Discoverable,,fail,fail,fail,pass,skip,skip,fail,skip,skip,pass,pass,,,23,0.4.0,2026-08-07
getperspective.ai,1,50,Discoverable,,pass,fail,fail,fail,skip,skip,fail,skip,skip,pass,pass,mcp-server-card-json,,14,0.4.0,2026-08-07
getplexa.com,1,0,Absent,,fail,fail,fail,fail,skip,skip,fail,skip,skip,fail,fail,,,16,0.4.0,2026-08-07
getppcprophet.com,1,0,Absent,,fail,fail,fail,fail,skip,skip,fail,skip,skip,fail,fail,,,30,0.4.0,2026-08-07
getquieta.app,1,75,Connectable,,fail,fail,pass,pass,pass,fail,fail,skip,skip,fail,pass,,modern,19,0.4.0,2026-08-07
getrewired.org,1,20,Text-only,,fail,fail,pass,fail,fail,skip,fail,skip,skip,fail,fail,,,20,0.4.0,2026-08-07
getsalta.app,1,85,Connectable,,fail,fail,pass,pass,pass,fail,fail,skip,skip,pass,pass,,modern,21,0.4.0,2026-08-07
getsavitools.com,1,45,Discoverable,,pass,fail,fail,pass,skip,skip,fail,skip,skip,pass,fail,mcp-server-card-json,,15,0.4.0,2026-08-07
getsocialclaw.com,1,10,Text-only,,fail,fail,fail,fail,skip,skip,fail,skip,skip,pass,fail,,,15,0.4.0,2026-08-07
getsoma.store,1,85,Connectable,,pass,fail,pass,fail,pass,fail,fail,fail,skip,pass,pass,mcp-json,legacy,20,0.4.0,2026-08-07
getsortio.com,1,15,Text-only,,fail,fail,fail,fail,skip,skip,fail,skip,skip,pass,pass,,,32,0.4.0,2026-08-07
getspm.com,1,70,Connectable,,pass,fail,fail,fail,pass,fail,fail,skip,skip,fail,fail,mcp-bare|mcp-server-card-json,modern,18,0.4.0,2026-08-07
getsquish.app,1,80,Connectable,,fail,fail,pass,fail,pass,fail,fail,skip,skip,pass,fail,,legacy,22,0.4.0,2026-08-07
getstack.run,1,10,Text-only,,fail,fail,fail,fail,skip,skip,fail,skip,skip,pass,fail,,,17,0.4.0,2026-08-07
getthroughline.ai,1,45,Discoverable,,fail,fail,fail,pass,skip,skip,fail,skip,skip,pass,fail,,,15,0.4.0,2026-08-07
gettimen.com,1,35,Discoverable,,fail,fail,fail,pass,skip,skip,fail,skip,skip,fail,fail,,,32,0.4.0,2026-08-07
gettransformseo.com,1,35,Discoverable,,fail,fail,fail,pass,skip,skip,fail,skip,skip,fail,fail,,,18,0.4.0,2026-08-07
gettreatmenthelp.com,1,40,Discoverable,,fail,fail,fail,pass,skip,skip,fail,skip,skip,fail,pass,,,18,0.4.0,2026-08-07
getunblocked.com,1,50,Discoverable,,fail,fail,fail,pass,skip,skip,fail,skip,skip,pass,pass,,,16,0.4.0,2026-08-07
getunleash.io,1,0,Absent,,fail,fail,fail,fail,skip,skip,fail,skip,skip,fail,fail,,,27,0.4.0,2026-08-07
getuserfeedback.com,1,0,Absent,,fail,fail,fail,fail,skip,skip,fail,skip,skip,fail,fail,,,18,0.4.0,2026-08-07
getvaletparking.com,1,85,Connectable,,fail,fail,pass,fail,pass,fail,fail,skip,skip,pass,pass,,legacy,21,0.4.0,2026-08-07
getvalyou.co,1,15,Text-only,,fail,fail,fail,fail,skip,skip,fail,skip,skip,pass,pass,,,15,0.4.0,2026-08-07
getveles.com,1,0,Absent,,fail,fail,fail,fail,skip,skip,fail,skip,skip,fail,fail,,,29,0.4.0,2026-08-07
getvest.ai,1,15,Text-only,,fail,fail,fail,fail,skip,skip,fail,skip,skip,pass,pass,,,16,0.4.0,2026-08-07
getvet.ai,1,0,Absent,,fail,fail,fail,fail,skip,skip,fail,skip,skip,fail,fail,,,14,0.4.0,2026-08-07
getvia.xyz,1,40,Discoverable,,pass,fail,fail,fail,skip,skip,fail,skip,skip,fail,pass,mcp-server-card-json,,27,0.4.0,2026-08-07
getvitamind.app,1,35,Discoverable,,fail,fail,fail,pass,skip,skip,fail,skip,skip,fail,fail,,,18,0.4.0,2026-08-07
getwpagent.com,1,5,Text-only,,fail,fail,fail,fail,skip,skip,fail,skip,skip,fail,pass,,,30,0.4.0,2026-08-07
ghostblock-mcp.vercel.app,1,0,Absent,,fail,fail,fail,fail,skip,skip,fail,skip,skip,fail,fail,,,28,0.4.0,2026-08-07
ghosts.lk,1,15,Text-only,,fail,fail,fail,fail,skip,skip,fail,skip,skip,pass,pass,,,14,0.4.0,2026-08-07
ghostswap.io,1,15,Text-only,,fail,fail,fail,fail,skip,skip,fail,skip,skip,pass,pass,,,17,0.4.0,2026-08-07
ghurt.org,1,35,Discoverable,,fail,fail,fail,pass,skip,skip,fail,skip,skip,fail,fail,,,15,0.4.0,2026-08-07
gibsonai.com,1,0,Absent,,fail,fail,fail,fail,skip,skip,fail,skip,skip,fail,fail,,,18,0.4.0,2026-08-07
giftcardshop.org,1,0,Absent,,fail,fail,fail,fail,skip,skip,fail,skip,skip,fail,fail,,,18,0.4.0,2026-08-07
gigaverse.ai,1,85,Connectable,,fail,fail,pass,fail,pass,fail,fail,skip,skip,pass,pass,,legacy,21,0.4.0,2026-08-07
gigora.live,1,15,Text-only,,fail,fail,fail,fail,skip,skip,fail,skip,skip,pass,pass,,,14,0.4.0,2026-08-07
gigstamp.co.uk,1,95,Agent-ready,,fail,fail,pass,fail,pass,pass,fail,skip,pass,pass,fail,,legacy,39,0.4.0,2026-08-07
gildara.io,1,35,Discoverable,,fail,fail,fail,pass,skip,skip,fail,skip,skip,fail,fail,,,15,0.4.0,2026-08-07
gimmanuel73.workers.dev,1,0,Absent,,error,fail,fail,error,skip,skip,error,skip,skip,fail,fail,,,6,0.4.0,2026-08-07
girlfriend-giant-celebrities-ride.trycloudflare.com,1,0,Absent,,error,fail,fail,error,skip,skip,error,skip,skip,fail,fail,,,3,0.4.0,2026-08-07
gisgp.com,1,15,Text-only,,fail,fail,fail,fail,skip,skip,fail,skip,skip,pass,pass,,,14,0.4.0,2026-08-07
gisti.workers.dev,1,0,Absent,,error,fail,fail,error,skip,skip,error,skip,skip,fail,fail,,,6,0.4.0,2026-08-07
git.ci,1,0,Absent,,fail,fail,fail,fail,skip,skip,fail,skip,skip,fail,fail,,,27,0.4.0,2026-08-07
git.top,1,50,Discoverable,,pass,fail,fail,fail,skip,skip,fail,skip,skip,pass,pass,mcp-json|mcp-bare,,15,0.4.0,2026-08-07
gitdealflow.com,1,50,Discoverable,,pass,fail,fail,fail,fail,skip,fail,skip,skip,pass,pass,mcp-json,,21,0.4.0,2026-08-07
giteasy-mcp.azurewebsites.net,1,45,Discoverable,,pass,fail,fail,fail,fail,skip,fail,skip,skip,pass,fail,mcp-json|mcp-bare,,15,0.4.0,2026-08-07
githits.com,1,10,Text-only,,fail,fail,fail,fail,skip,skip,fail,skip,skip,pass,fail,,,18,0.4.0,2026-08-07
github.com,1,15,Text-only,,fail,fail,fail,fail,skip,skip,fail,skip,skip,pass,pass,,,16,0.4.0,2026-08-07
githubcopilot.com,1,0,Absent,,error,fail,fail,error,skip,skip,error,skip,skip,fail,fail,,,42,0.4.0,2026-08-07
githunt.ai,1,15,Text-only,,fail,fail,fail,fail,skip,skip,fail,skip,skip,pass,pass,,,18,0.4.0,2026-08-07
gitkraken.com,1,15,Text-only,,fail,fail,fail,fail,skip,skip,fail,skip,skip,pass,pass,,,29,0.4.0,2026-08-07
gitlab-mcp-server.fly.dev,1,0,Absent,,error,fail,fail,error,skip,skip,error,skip,skip,fail,fail,,,3,0.4.0,2026-08-07
gitlab.com,1,35,Discoverable,,fail,fail,fail,pass,skip,skip,fail,skip,skip,fail,fail,,,28,0.4.0,2026-08-07
gitlumen.com,1,0,Absent,,fail,fail,fail,fail,skip,skip,fail,skip,skip,fail,fail,,,16,0.4.0,2026-08-07
gitresume.co,1,50,Discoverable,,fail,fail,fail,pass,skip,skip,fail,skip,skip,pass,pass,,,14,0.4.0,2026-08-07
gitscrum.com,1,40,Discoverable,,fail,pass,fail,fail,skip,skip,fail,skip,skip,fail,pass,,,14,0.4.0,2026-08-07
gitsim.com,1,0,Absent,,fail,fail,fail,fail,skip,skip,fail,skip,skip,fail,fail,,,21,0.4.0,2026-08-07
giuelvy.workers.dev,1,0,Absent,,error,fail,fail,error,skip,skip,error,skip,skip,fail,fail,,,6,0.4.0,2026-08-07
giveradar.com,1,45,Discoverable,,pass,fail,fail,fail,skip,skip,fail,skip,skip,pass,fail,mcp-json|mcp-server-card-json,,17,0.4.0,2026-08-07
gjalla.io,1,15,Text-only,,fail,fail,fail,fail,skip,skip,fail,skip,skip,pass,pass,,,14,0.4.0,2026-08-07
glance.com,1,80,Connectable,,pass,fail,pass,pass,pass,fail,fail,skip,skip,pass,fail,mcp-json,legacy,20,0.4.0,2026-08-07
glasp.co,1,70,Connectable,,fail,fail,pass,pass,pass,fail,fail,skip,skip,fail,fail,,modern,20,0.4.0,2026-08-07
glassfrog.com,1,0,Absent,,fail,fail,fail,fail,skip,skip,fail,skip,skip,fail,fail,,,28,0.4.0,2026-08-07
glasswarp.com,1,80,Connectable,,fail,fail,pass,fail,pass,fail,fail,skip,skip,pass,fail,,modern,36,0.4.0,2026-08-07
glasswerkskimny.workers.dev,1,0,Absent,,error,fail,fail,error,skip,skip,error,skip,skip,fail,fail,,,6,0.4.0,2026-08-07
glassypic.com,1,50,Discoverable,,pass,fail,fail,fail,skip,skip,fail,skip,skip,pass,pass,mcp-json,,18,0.4.0,2026-08-07
glc-rag.hu,1,10,Text-only,,fail,fail,fail,fail,skip,skip,fail,skip,skip,pass,fail,,,16,0.4.0,2026-08-07
gleaming-cassata-d41682.netlify.app,1,95,Agent-ready,,pass,fail,pass,fail,pass,pass,fail,pass,pass,pass,fail,mcp-json,legacy,33,0.4.0,2026-08-07
glean.com,1,5,Text-only,,fail,fail,fail,fail,skip,skip,fail,skip,skip,fail,pass,,,23,0.4.0,2026-08-07
gleanit.co,1,0,Absent,,fail,fail,fail,fail,skip,skip,fail,skip,skip,fail,fail,,,21,0.4.0,2026-08-07
gleanmark.com,1,95,Agent-ready,,fail,fail,pass,skip,pass,pass,fail,skip,pass,pass,fail,,modern,11,0.4.0,2026-08-07
glif.app,1,45,Discoverable,,fail,fail,fail,pass,skip,skip,fail,skip,skip,pass,fail,,,16,0.4.0,2026-08-07
glim.sh,1,80,Connectable,,fail,fail,pass,pass,pass,fail,fail,skip,skip,pass,fail,,legacy,20,0.4.0,2026-08-07
glimind.com,1,100,Agent-ready,,pass,fail,pass,fail,pass,pass,fail,pass,pass,pass,pass,mcp-server-card-json,modern,19,0.4.0,2026-08-07
glitchexecutor.com,1,15,Text-only,,fail,fail,fail,fail,skip,skip,fail,skip,skip,pass,pass,,,14,0.4.0,2026-08-07
global-chat.io,1,50,Discoverable,,pass,fail,fail,fail,fail,skip,fail,skip,skip,pass,pass,mcp-json,,17,0.4.0,2026-08-07
globalexchangerates.org,1,15,Text-only,,fail,fail,fail,fail,skip,skip,fail,skip,skip,pass,pass,,,32,0.4.0,2026-08-07
globalgov.io,1,100,Agent-ready,,fail,fail,pass,pass,pass,pass,fail,skip,pass,pass,pass,,legacy,21,0.4.0,2026-08-07
globalize.now,1,15,Text-only,,fail,fail,fail,fail,skip,skip,fail,skip,skip,pass,pass,,,25,0.4.0,2026-08-07
globalping.io,1,10,Text-only,,fail,fail,fail,fail,skip,skip,fail,skip,skip,pass,fail,,,16,0.4.0,2026-08-07
globalsourcepartners.com,1,85,Connectable,,fail,fail,pass,pass,pass,pass,fail,skip,pass,fail,fail,,modern,19,0.4.0,2026-08-07
globalsurfari.com,1,100,Agent-ready,,pass,fail,pass,fail,pass,pass,fail,pass,pass,pass,pass,mcp-json|mcp-server-card-json,legacy,20,0.4.0,2026-08-07
globimmo.net,1,50,Discoverable,,pass,fail,fail,pass,skip,skip,fail,skip,skip,pass,pass,mcp-json,,29,0.4.0,2026-08-07
globkurier.pl,1,10,Text-only,,fail,fail,fail,fail,skip,skip,fail,skip,skip,pass,fail,,,36,0.4.0,2026-08-07
gluecron.com,1,45,Discoverable,,fail,fail,fail,pass,skip,skip,fail,skip,skip,pass,fail,,,14,0.4.0,2026-08-07
gluten-free.fr,1,15,Text-only,,fail,fail,fail,fail,skip,skip,fail,skip,skip,pass,pass,,,14,0.4.0,2026-08-07
glyphapi.dev,1,45,Discoverable,,pass,fail,fail,fail,skip,skip,fail,skip,skip,pass,fail,mcp-server-card-json,,15,0.4.0,2026-08-07
glyt.net,1,80,Connectable,,pass,fail,pass,fail,pass,pass,fail,fail,fail,pass,fail,mcp-json,legacy,20,0.4.0,2026-08-07
gmapsextractor.com,1,10,Text-only,,fail,fail,fail,fail,skip,skip,fail,skip,skip,pass,fail,,,20,0.4.0,2026-08-07
gmapsscraper.io,1,10,Text-only,,fail,fail,fail,fail,skip,skip,fail,skip,skip,pass,fail,,,15,0.4.0,2026-08-07
gnosem.dev,1,100,Agent-ready,,pass,fail,pass,fail,pass,pass,fail,fail,pass,pass,pass,mcp-server-card-json,legacy,20,0.4.0,2026-08-07
gnosismemory.com,1,70,Connectable,,pass,fail,fail,pass,pass,fail,fail,skip,skip,fail,fail,mcp-json|mcp-server-card-json,modern,18,0.4.0,2026-08-07
gntai.dev,1,10,Text-only,,fail,fail,fail,fail,skip,skip,fail,skip,skip,pass,fail,,,19,0.4.0,2026-08-07
goalieip.com,1,45,Discoverable,,pass,fail,fail,fail,skip,skip,fail,skip,skip,pass,fail,mcp-server-card-json,,27,0.4.0,2026-08-07
goanywhere.guru,1,15,Text-only,,fail,fail,fail,fail,skip,skip,fail,skip,skip,pass,pass,,,14,0.4.0,2026-08-07
gocontentflow.com,1,5,Text-only,,fail,fail,fail,fail,skip,skip,fail,skip,skip,fail,pass,,,15,0.4.0,2026-08-07
gocosmik.com,1,85,Connectable,,pass,fail,pass,fail,pass,fail,fail,fail,skip,pass,pass,mcp-server-card-json,legacy,20,0.4.0,2026-08-07
gocreativeai.com,1,15,Text-only,,fail,fail,fail,fail,skip,skip,fail,skip,skip,pass,pass,,,18,0.4.0,2026-08-07
gocushy.com,1,50,Discoverable,,pass,fail,fail,fail,skip,skip,fail,skip,skip,pass,pass,ai-catalog,,18,0.4.0,2026-08-07
godmodeai.co,1,0,Absent,,fail,fail,fail,fail,skip,skip,fail,skip,skip,fail,fail,,,21,0.4.0,2026-08-07
gofrantic.com,1,10,Text-only,,fail,fail,fail,fail,skip,skip,fail,skip,skip,pass,fail,,,16,0.4.0,2026-08-07
gogonka.com,1,85,Connectable,,fail,fail,pass,fail,pass,fail,fail,skip,skip,pass,pass,,legacy,24,0.4.0,2026-08-07
goji.agency,1,80,Connectable,,pass,fail,pass,fail,pass,pass,fail,fail,fail,pass,fail,mcp-server-card-json,modern,22,0.4.0,2026-08-07
gojinko.com,1,75,Connectable,,fail,fail,pass,fail,pass,fail,fail,skip,skip,fail,pass,,legacy,24,0.4.0,2026-08-07
gold-silver-analytics-mcp-production.up.railway.app,1,70,Connectable,,fail,fail,pass,fail,pass,fail,fail,skip,skip,fail,fail,,legacy,33,0.4.0,2026-08-07
goldbean-api.xyz,1,45,Discoverable,,pass,fail,fail,fail,skip,skip,fail,skip,skip,pass,fail,mcp-json,,15,0.4.0,2026-08-07
goldencheck-mcp-production.up.railway.app,1,35,Discoverable,,pass,fail,fail,fail,skip,skip,fail,skip,skip,fail,fail,mcp-server-card-json,,29,0.4.0,2026-08-07
goldenflow-mcp-production.up.railway.app,1,0,Absent,,fail,fail,fail,fail,skip,skip,fail,skip,skip,fail,fail,,,28,0.4.0,2026-08-07
goldenmatch-mcp-production.up.railway.app,1,35,Discoverable,,pass,fail,fail,fail,skip,skip,fail,skip,skip,fail,fail,mcp-server-card-json,,29,0.4.0,2026-08-07
goldenpipe-mcp-production.up.railway.app,1,0,Absent,,fail,fail,fail,fail,skip,skip,fail,skip,skip,fail,fail,,,28,0.4.0,2026-08-07
goldhold.ai,1,10,Text-only,,fail,fail,fail,fail,skip,skip,fail,skip,skip,pass,fail,,,18,0.4.0,2026-08-07
goldprice.dev,1,50,Discoverable,,pass,fail,fail,fail,fail,skip,fail,skip,skip,pass,pass,mcp-json|mcp-server-card-json,,17,0.4.0,2026-08-07
golemry.com,1,10,Text-only,,fail,fail,fail,fail,skip,skip,fail,skip,skip,pass,fail,,,17,0.4.0,2026-08-07
golexvibe.com,1,50,Discoverable,,pass,fail,fail,fail,fail,skip,fail,skip,skip,pass,pass,mcp-json,,15,0.4.0,2026-08-07
gomarble.ai,1,0,Absent,,fail,fail,fail,fail,skip,skip,fail,skip,skip,fail,fail,,,37,0.4.0,2026-08-07
gomission.io,1,50,Discoverable,,fail,fail,fail,pass,skip,skip,fail,skip,skip,pass,pass,,,15,0.4.0,2026-08-07
gondola.ai,1,15,Text-only,,fail,fail,fail,fail,skip,skip,fail,skip,skip,pass,pass,,,30,0.4.0,2026-08-07
good-sport.ai,1,0,Absent,,fail,fail,fail,fail,skip,skip,fail,skip,skip,fail,fail,,,17,0.4.0,2026-08-07
goodbarber.dev,1,0,Absent,,fail,fail,fail,fail,skip,skip,fail,skip,skip,fail,fail,,,17,0.4.0,2026-08-07
goodeye.dev,1,80,Connectable,,fail,fail,pass,pass,pass,fail,fail,skip,skip,pass,fail,,modern,23,0.4.0,2026-08-07
goodmeta.co,1,0,Absent,,fail,fail,fail,fail,skip,skip,fail,skip,skip,fail,fail,,,14,0.4.0,2026-08-07
goodword.com,1,0,Absent,,fail,fail,fail,fail,skip,skip,fail,skip,skip,fail,fail,,,26,0.4.0,2026-08-07
google.com,1,0,Absent,,fail,fail,fail,fail,skip,skip,fail,skip,skip,fail,fail,,,19,0.4.0,2026-08-07
goscoutgo.com,1,10,Text-only,,fail,fail,fail,fail,skip,skip,fail,skip,skip,pass,fail,,,29,0.4.0,2026-08-07
goshipyard.app,1,80,Connectable,,fail,fail,pass,fail,pass,fail,fail,skip,skip,pass,fail,,legacy,21,0.4.0,2026-08-07
gossiper.ai,1,0,Absent,,fail,fail,fail,fail,skip,skip,fail,skip,skip,fail,fail,,,20,0.4.0,2026-08-07
gossiper.io,1,0,Absent,,fail,fail,fail,fail,skip,skip,fail,skip,skip,fail,fail,,,17,0.4.0,2026-08-07
gotcosy.com,1,85,Connectable,,fail,fail,pass,fail,pass,fail,fail,skip,skip,pass,pass,,legacy,20,0.4.0,2026-08-07
gotfreefax.com,1,95,Agent-ready,,fail,fail,pass,fail,pass,pass,fail,skip,pass,pass,fail,,legacy,39,0.4.0,2026-08-07
gotolstoy.com,1,10,Text-only,,fail,fail,fail,fail,skip,skip,fail,skip,skip,pass,fail,,,24,0.4.0,2026-08-07
gov-contracts-mcp-production.up.railway.app,1,0,Absent,,error,fail,fail,error,skip,skip,error,skip,skip,fail,fail,,,41,0.4.0,2026-08-07
govauctions.app,1,15,Text-only,,fail,fail,fail,fail,skip,skip,fail,skip,skip,pass,pass,,,14,0.4.0,2026-08-07
govbase.com,1,70,Connectable,,fail,fail,pass,fail,pass,fail,fail,skip,skip,fail,fail,,legacy,48,0.4.0,2026-08-07
goveda.com,1,15,Text-only,,fail,fail,fail,fail,skip,skip,fail,skip,skip,pass,pass,,,32,0.4.0,2026-08-07
govparse.io,1,85,Connectable,,fail,fail,pass,fail,pass,pass,fail,skip,pass,fail,fail,,legacy,21,0.4.0,2026-08-07
govtribe.com,1,85,Connectable,,pass,fail,fail,pass,pass,fail,fail,skip,skip,pass,pass,mcp-json,modern,18,0.4.0,2026-08-07
gp-intel.com,1,50,Discoverable,,fail,fail,fail,pass,skip,skip,fail,skip,skip,pass,pass,,,27,0.4.0,2026-08-07
gph-mcp-server.pages.dev,1,0,Absent,,fail,fail,fail,fail,skip,skip,fail,skip,skip,fail,fail,,,18,0.4.0,2026-08-07
gphub.app,1,70,Connectable,,fail,fail,pass,pass,pass,fail,fail,skip,skip,fail,fail,,modern,22,0.4.0,2026-08-07
gponcrussdahcdyrlhcr.supabase.co,1,0,Absent,,fail,fail,fail,fail,skip,skip,fail,skip,skip,fail,fail,,,15,0.4.0,2026-08-07
gpt-food-calendar-mcp-dskqn4blgq-uc.a.run.app,1,35,Discoverable,,fail,fail,fail,pass,skip,skip,fail,skip,skip,fail,fail,,,28,0.4.0,2026-08-07
gpt.social,1,85,Connectable,,fail,fail,pass,pass,pass,fail,fail,skip,skip,pass,pass,,modern,23,0.4.0,2026-08-07
gpthuman.ai,1,35,Discoverable,,fail,fail,fail,pass,skip,skip,fail,skip,skip,fail,fail,,,17,0.4.0,2026-08-07
gpusmarket.com,1,15,Text-only,,fail,fail,fail,fail,skip,skip,fail,skip,skip,pass,pass,,,17,0.4.0,2026-08-07
grabbit.live,1,15,Text-only,,fail,fail,fail,fail,skip,skip,fail,skip,skip,pass,pass,,,32,0.4.0,2026-08-07
grabbit.sh,1,80,Connectable,,pass,fail,pass,pass,pass,fail,fail,skip,skip,pass,fail,mcp-json,modern,38,0.4.0,2026-08-07
grace-hello-mcp.onrender.com,1,0,Absent,,fail,fail,fail,fail,skip,skip,fail,skip,skip,fail,fail,,,54,0.4.0,2026-08-07
graciebarrajiujitsu.site,1,100,Agent-ready,,pass,fail,pass,fail,pass,pass,fail,pass,pass,pass,pass,mcp-json,legacy,40,0.4.0,2026-08-07
graded.sh,1,10,Text-only,,fail,fail,fail,fail,skip,skip,fail,skip,skip,pass,fail,,,15,0.4.0,2026-08-07
gradusmusic.com,1,15,Text-only,,fail,fail,fail,fail,skip,skip,fail,skip,skip,pass,pass,,,16,0.4.0,2026-08-07
grafana.com,1,10,Text-only,,fail,fail,fail,fail,skip,skip,fail,skip,skip,pass,fail,,,19,0.4.0,2026-08-07
graneth.com,1,10,Text-only,,fail,fail,fail,fail,skip,skip,fail,skip,skip,pass,fail,,,14,0.4.0,2026-08-07
granoflow.com,1,5,Text-only,,fail,fail,fail,fail,skip,skip,fail,skip,skip,fail,pass,,,16,0.4.0,2026-08-07
grantiq.co.uk,1,45,Discoverable,,fail,fail,fail,pass,skip,skip,fail,skip,skip,pass,fail,,,15,0.4.0,2026-08-07
grantiq.us,1,0,Absent,,fail,fail,fail,fail,skip,skip,fail,skip,skip,fail,fail,,,18,0.4.0,2026-08-07
grantsonar.com,1,15,Text-only,,fail,fail,fail,fail,skip,skip,fail,skip,skip,pass,pass,,,14,0.4.0,2026-08-07
grapecity.com.cn,1,0,Absent,,fail,fail,fail,fail,skip,skip,fail,skip,skip,fail,fail,,,31,0.4.0,2026-08-07
graphmaxer.workers.dev,1,0,Absent,,error,fail,fail,error,skip,skip,error,skip,skip,fail,fail,,,6,0.4.0,2026-08-07
graqle.com,1,0,Absent,,fail,fail,fail,fail,skip,skip,fail,skip,skip,fail,fail,,,14,0.4.0,2026-08-07
gravitee.io,1,0,Absent,,fail,fail,fail,fail,skip,skip,fail,skip,skip,fail,fail,,,29,0.4.0,2026-08-07
grcmigrate.com,1,85,Connectable,,pass,fail,pass,fail,pass,fail,fail,pass,skip,pass,pass,mcp-server-card-json,legacy,20,0.4.0,2026-08-07
gread.dev,1,0,Absent,,fail,fail,fail,fail,skip,skip,fail,skip,skip,fail,fail,,,16,0.4.0,2026-08-07
greatquestion.co,1,10,Text-only,,fail,fail,fail,fail,skip,skip,fail,skip,skip,pass,fail,,,17,0.4.0,2026-08-07
green-api.com,1,10,Text-only,,fail,fail,fail,fail,skip,skip,fail,skip,skip,pass,fail,,,19,0.4.0,2026-08-07
greeneris.io,1,0,Absent,,fail,fail,fail,fail,skip,skip,fail,skip,skip,fail,fail,,,17,0.4.0,2026-08-07
greengooding.com,1,10,Text-only,,fail,fail,fail,fail,skip,skip,fail,skip,skip,pass,fail,,,17,0.4.0,2026-08-07
greetwell.com,1,45,Discoverable,,pass,fail,fail,fail,skip,skip,fail,skip,skip,pass,fail,mcp-json|mcp-server-card-json,,33,0.4.0,2026-08-07
gribstream.com,1,35,Discoverable,,pass,fail,fail,pass,skip,skip,fail,skip,skip,fail,fail,mcp-server-card-json,,15,0.4.0,2026-08-07
gridbert.at,1,80,Connectable,,fail,fail,pass,pass,pass,fail,fail,skip,skip,pass,fail,,modern,36,0.4.0,2026-08-07
gridgarden.eu,1,50,Discoverable,,fail,fail,fail,pass,skip,skip,fail,skip,skip,pass,pass,,,28,0.4.0,2026-08-07
gridscoot.vercel.app,1,35,Discoverable,,pass,fail,fail,fail,skip,skip,fail,skip,skip,fail,fail,mcp-json,,27,0.4.0,2026-08-07
griffnode.com,1,15,Text-only,,fail,fail,fail,fail,skip,skip,fail,skip,skip,pass,pass,,,15,0.4.0,2026-08-07
grocery-mcp-production.up.railway.app,1,0,Absent,,fail,fail,fail,fail,skip,skip,fail,skip,skip,fail,fail,,,28,0.4.0,2026-08-07
grok-faf-mcp.vercel.app,1,0,Absent,,fail,fail,fail,fail,skip,skip,fail,skip,skip,fail,fail,,,28,0.4.0,2026-08-07
groniz.com,1,10,Text-only,,fail,fail,fail,fail,skip,skip,fail,skip,skip,pass,fail,,,18,0.4.0,2026-08-07
ground.fyi,1,0,Absent,,fail,fail,fail,fail,skip,skip,fail,skip,skip,fail,fail,,,54,0.4.0,2026-08-07
groundapi.net,1,10,Text-only,,fail,fail,fail,fail,skip,skip,fail,skip,skip,pass,fail,,,17,0.4.0,2026-08-07
groundedaeo.com,1,85,Connectable,,fail,fail,pass,fail,pass,pass,fail,skip,fail,pass,pass,,legacy,23,0.4.0,2026-08-07
groundlogic.ai,1,0,Absent,,fail,fail,fail,fail,skip,skip,fail,skip,skip,fail,fail,,,15,0.4.0,2026-08-07
groundroute.ai,1,0,Absent,,fail,fail,fail,fail,skip,skip,fail,skip,skip,fail,fail,,,27,0.4.0,2026-08-07
grovs.io,1,85,Connectable,,pass,fail,pass,pass,pass,fail,fail,skip,skip,pass,pass,mcp-json,modern,36,0.4.0,2026-08-07
growthkit.tools,1,15,Text-only,,fail,fail,fail,fail,skip,skip,fail,skip,skip,pass,pass,,,17,0.4.0,2026-08-07
grtwo.app,1,45,Discoverable,,fail,fail,fail,pass,skip,skip,fail,skip,skip,pass,fail,,,27,0.4.0,2026-08-07
gsb-swarm-production.up.railway.app,1,85,Connectable,,pass,fail,fail,fail,pass,pass,fail,fail,pass,fail,fail,mcp-json|mcp-server-card-json,legacy,32,0.4.0,2026-08-07
gsc-em.com,1,45,Discoverable,,pass,fail,fail,fail,skip,skip,fail,skip,skip,pass,fail,ai-catalog,,17,0.4.0,2026-08-07
gsc-fleet.ai,1,70,Connectable,,pass,fail,pass,fail,pass,fail,fail,pass,skip,fail,fail,ai-catalog,legacy,22,0.4.0,2026-08-07
gtdbrain.com,1,15,Text-only,,fail,fail,fail,fail,skip,skip,fail,skip,skip,pass,pass,,,23,0.4.0,2026-08-07
gtfi.ai,1,100,Agent-ready,,pass,fail,pass,fail,pass,pass,fail,fail,pass,pass,pass,mcp-json,legacy,19,0.4.0,2026-08-07
gtfo.dev,1,0,Absent,,fail,fail,fail,fail,skip,skip,fail,skip,skip,fail,fail,,,15,0.4.0,2026-08-07
gth-mcp-server.pages.dev,1,85,Connectable,,pass,fail,pass,fail,pass,pass,fail,pass,pass,fail,fail,mcp-json,legacy,23,0.4.0,2026-08-07
gtm-api.com,1,85,Connectable,,pass,fail,pass,pass,pass,fail,fail,skip,skip,pass,pass,mcp-server-card-json,modern,22,0.4.0,2026-08-07
gtmeditor.com,1,0,Absent,,fail,fail,fail,fail,skip,skip,fail,skip,skip,fail,fail,,,17,0.4.0,2026-08-07
gtmetrix.com,1,70,Connectable,,pass,fail,fail,pass,pass,fail,fail,skip,skip,fail,fail,ai-catalog|mcp-server-card-json,modern,19,0.4.0,2026-08-07
gtmtools.dev,1,15,Text-only,,fail,fail,fail,fail,skip,skip,fail,skip,skip,pass,pass,,,19,0.4.0,2026-08-07
guapu.io,1,0,Absent,,fail,fail,fail,fail,skip,skip,fail,skip,skip,fail,fail,,,15,0.4.0,2026-08-07
guesty-mcp-server.vercel.app,1,0,Absent,,fail,fail,fail,fail,skip,skip,fail,skip,skip,fail,fail,,,28,0.4.0,2026-08-07
guffeyholdings.com,1,0,Absent,,error,fail,fail,error,skip,skip,error,skip,skip,fail,fail,,,3,0.4.0,2026-08-07
guleki.com,1,0,Absent,,fail,fail,fail,fail,skip,skip,fail,skip,skip,fail,fail,,,15,0.4.0,2026-08-07
gulltoppr-mcp.fly.dev,1,70,Connectable,,fail,fail,pass,fail,pass,fail,fail,skip,skip,fail,fail,,legacy,20,0.4.0,2026-08-07
gulltoppr.dev,1,80,Connectable,,fail,fail,pass,fail,pass,fail,fail,skip,skip,pass,fail,,legacy,25,0.4.0,2026-08-07
gummble.com,1,15,Text-only,,fail,fail,fail,fail,skip,skip,fail,skip,skip,pass,pass,,,18,0.4.0,2026-08-07
guruwalk.com,1,45,Discoverable,,pass,fail,fail,fail,skip,skip,fail,skip,skip,pass,fail,ai-catalog,,27,0.4.0,2026-08-07
gvnr.dev,1,75,Connectable,,pass,fail,fail,fail,pass,fail,fail,skip,skip,fail,pass,mcp-json,modern,18,0.4.0,2026-08-07
gvrn.ai,1,85,Connectable,,pass,fail,fail,fail,pass,fail,fail,skip,skip,pass,pass,mcp-json,legacy,30,0.4.0,2026-08-07
gx7rt55cmrb2ilws3nrl5hpvli0lvzxg.lambda-url.eu-west-2.on.aws,1,35,Discoverable,,fail,fail,fail,pass,skip,skip,fail,skip,skip,fail,fail,,,28,0.4.0,2026-08-07
gyibb.com,1,85,Connectable,,pass,fail,fail,fail,pass,fail,fail,fail,skip,pass,pass,mcp-json,legacy,24,0.4.0,2026-08-07
gym.plus,1,45,Discoverable,,fail,fail,fail,pass,skip,skip,fail,skip,skip,pass,fail,,,14,0.4.0,2026-08-07
h2-papers.org,1,15,Text-only,,fail,fail,fail,fail,skip,skip,fail,skip,skip,pass,pass,,,16,0.4.0,2026-08-07
haas.my,1,15,Text-only,,fail,fail,fail,fail,skip,skip,fail,skip,skip,pass,pass,,,17,0.4.0,2026-08-07
haasbot.com,1,70,Connectable,,fail,fail,pass,pass,pass,fail,error,skip,skip,fail,fail,,legacy,10,0.4.0,2026-08-07
haasonline.com,1,0,Absent,,fail,fail,fail,fail,skip,skip,fail,skip,skip,fail,fail,,,15,0.4.0,2026-08-07
hacecuentas.com,1,100,Agent-ready,,fail,fail,pass,fail,pass,pass,fail,skip,pass,pass,pass,,legacy,19,0.4.0,2026-08-07
hackle.io,1,80,Connectable,,fail,fail,pass,pass,pass,fail,fail,skip,skip,pass,fail,,modern,24,0.4.0,2026-08-07
hafslund.no,1,0,Absent,,fail,fail,fail,fail,skip,skip,fail,skip,skip,fail,fail,,,29,0.4.0,2026-08-07
hail.so,1,15,Text-only,,fail,fail,fail,fail,skip,skip,fail,skip,skip,pass,pass,,,18,0.4.0,2026-08-07
haiyixiang.cn,1,0,Absent,,error,fail,fail,error,skip,skip,error,skip,skip,fail,fail,,,41,0.4.0,2026-08-07
halalterminal.com,1,10,Text-only,,fail,fail,fail,fail,skip,skip,fail,skip,skip,pass,fail,,,30,0.4.0,2026-08-07
halinc.tech,1,5,Text-only,,fail,fail,fail,fail,skip,skip,fail,skip,skip,fail,pass,,,15,0.4.0,2026-08-07
halversonco.com,1,0,Absent,,fail,fail,fail,fail,skip,skip,fail,skip,skip,fail,fail,,,15,0.4.0,2026-08-07
halversondm.com,1,0,Absent,,error,fail,fail,error,skip,skip,error,skip,skip,fail,fail,,,41,0.4.0,2026-08-07
handiworks.studio,1,0,Absent,,error,fail,fail,error,skip,skip,error,skip,skip,fail,fail,,,5,0.4.0,2026-08-07
handoff-mcp-server-production.up.railway.app,1,0,Absent,,fail,fail,fail,fail,skip,skip,fail,skip,skip,fail,fail,,,28,0.4.0,2026-08-07
handoff-tracker-mcp.vercel.app,1,0,Absent,,fail,fail,fail,fail,skip,skip,fail,skip,skip,fail,fail,,,28,0.4.0,2026-08-07
handover.sh,1,50,Discoverable,,pass,fail,fail,pass,fail,skip,fail,skip,skip,pass,pass,mcp-json,,14,0.4.0,2026-08-07
hankookilbo.com,1,75,Connectable,,fail,fail,pass,fail,pass,fail,fail,skip,skip,fail,pass,,legacy,36,0.4.0,2026-08-07
hannwill999.workers.dev,1,0,Absent,,error,fail,fail,error,skip,skip,error,skip,skip,fail,fail,,,6,0.4.0,2026-08-07
happlen.com,1,0,Absent,,fail,fail,fail,fail,skip,skip,fail,skip,skip,fail,fail,,,18,0.4.0,2026-08-07
hapticpaper.com,1,0,Absent,,fail,fail,fail,fail,skip,skip,fail,skip,skip,fail,fail,,,18,0.4.0,2026-08-07
hartjustin6.workers.dev,1,0,Absent,,error,fail,fail,error,skip,skip,error,skip,skip,fail,fail,,,6,0.4.0,2026-08-07
hash-generator-x402-production.up.railway.app,1,0,Absent,,fail,fail,fail,fail,skip,skip,fail,skip,skip,fail,fail,,,28,0.4.0,2026-08-07
hashlock.duckdns.org,1,0,Absent,,error,fail,fail,error,skip,skip,error,skip,skip,fail,fail,,,36,0.4.0,2026-08-07
hashlock.markets,1,50,Discoverable,,fail,fail,fail,pass,skip,skip,fail,skip,skip,pass,pass,,,16,0.4.0,2026-08-07
hatchable.com,1,35,Discoverable,,fail,fail,fail,pass,skip,skip,fail,skip,skip,fail,fail,,,21,0.4.0,2026-08-07
hatchable.site,1,0,Absent,,fail,fail,fail,fail,skip,skip,fail,skip,skip,fail,fail,,,18,0.4.0,2026-08-07
hatchloop.dev,1,50,Discoverable,,pass,fail,fail,fail,skip,skip,fail,skip,skip,pass,pass,mcp-json|mcp-server-card-json,,18,0.4.0,2026-08-07
haveibeenpwned.com,1,70,Connectable,,pass,fail,pass,pass,pass,fail,fail,pass,skip,fail,fail,mcp-server-card-json,legacy,21,0.4.0,2026-08-07
haveny.co,1,5,Text-only,,fail,fail,fail,fail,skip,skip,fail,skip,skip,fail,pass,,,15,0.4.0,2026-08-07
havenyy.workers.dev,1,0,Absent,,error,fail,fail,error,skip,skip,error,skip,skip,fail,fail,,,6,0.4.0,2026-08-07
havnre.app,1,15,Text-only,,fail,fail,fail,fail,skip,skip,fail,skip,skip,pass,pass,,,19,0.4.0,2026-08-07
hawaii-conditions.vercel.app,1,50,Discoverable,,pass,fail,fail,fail,fail,skip,fail,skip,skip,pass,pass,mcp-server-card-json,,28,0.4.0,2026-08-07
hawudqgbvwmgwhhcbthb.supabase.co,1,0,Absent,,fail,fail,fail,fail,skip,skip,fail,skip,skip,fail,fail,,,15,0.4.0,2026-08-07
haymon.ai,1,0,Absent,,error,fail,fail,error,skip,skip,error,skip,skip,fail,fail,,,41,0.4.0,2026-08-07
hcelnlqmgddxzvjegpdr.supabase.co,1,0,Absent,,fail,fail,fail,fail,skip,skip,fail,skip,skip,fail,fail,,,15,0.4.0,2026-08-07
hcompany.ai,1,0,Absent,,fail,fail,fail,fail,skip,skip,fail,skip,skip,fail,fail,,,16,0.4.0,2026-08-07
hcti.io,1,70,Connectable,,pass,fail,pass,pass,pass,fail,fail,skip,skip,fail,fail,mcp-server-card-json,modern,21,0.4.0,2026-08-07
headlessoracle.com,1,50,Discoverable,,pass,fail,fail,pass,skip,skip,fail,skip,skip,pass,pass,mcp-json|mcp-bare|mcp-server-card-json,,16,0.4.0,2026-08-07
healingsunhaven.workers.dev,1,0,Absent,,error,fail,fail,error,skip,skip,error,skip,skip,fail,fail,,,6,0.4.0,2026-08-07
healthai.com,1,15,Text-only,,fail,fail,fail,fail,skip,skip,fail,skip,skip,pass,pass,,,17,0.4.0,2026-08-07
healthcovered-mcp.onrender.com,1,35,Discoverable,,pass,fail,fail,fail,skip,skip,fail,skip,skip,fail,fail,mcp-server-card-json,,28,0.4.0,2026-08-07
healthparse.io,1,85,Connectable,,fail,fail,pass,fail,pass,pass,fail,skip,fail,pass,pass,,legacy,21,0.4.0,2026-08-07
healthyagingatlas.com,1,50,Discoverable,,pass,fail,fail,fail,fail,skip,fail,skip,skip,pass,pass,mcp-json,,23,0.4.0,2026-08-07
heartly.io,1,15,Text-only,,fail,fail,fail,fail,skip,skip,fail,skip,skip,pass,pass,,,28,0.4.0,2026-08-07
hebcal.com,1,70,Connectable,,fail,fail,pass,fail,pass,fail,fail,skip,skip,fail,fail,,legacy,39,0.4.0,2026-08-07
hebertmagic.com,1,0,Absent,,fail,fail,fail,fail,skip,skip,fail,skip,skip,fail,fail,,,14,0.4.0,2026-08-07
hebrewbible.app,1,100,Agent-ready,,pass,fail,pass,fail,pass,pass,fail,pass,pass,pass,pass,mcp-server-card-json,legacy,21,0.4.0,2026-08-07
hecher.app,1,5,Text-only,,fail,fail,fail,fail,skip,skip,fail,skip,skip,fail,pass,,,16,0.4.0,2026-08-07
hedgefundalpha.com,1,15,Text-only,,fail,fail,fail,fail,skip,skip,fail,skip,skip,pass,pass,,,12,0.4.0,2026-08-07
heera.it,1,50,Discoverable,,pass,fail,fail,pass,fail,skip,fail,skip,skip,pass,pass,mcp-json|mcp-server-card-json,,17,0.4.0,2026-08-07
heirmos.com,1,0,Absent,,fail,fail,fail,fail,skip,skip,fail,skip,skip,fail,fail,,,32,0.4.0,2026-08-07
heista.co,1,50,Discoverable,,pass,fail,fail,pass,fail,skip,fail,skip,skip,pass,pass,mcp-server-card-json,,29,0.4.0,2026-08-07
hekkova.com,1,70,Connectable,,fail,fail,pass,fail,pass,fail,fail,skip,skip,fail,fail,,modern,22,0.4.0,2026-08-07
helavgrvwipmdvyejfom.supabase.co,1,0,Absent,,error,fail,fail,error,skip,skip,error,skip,skip,fail,fail,,,3,0.4.0,2026-08-07
heldly.io,1,0,Absent,,skip,fail,fail,skip,skip,skip,fail,skip,skip,fail,fail,,,8,0.4.0,2026-08-07
helium-financial-mcp.vercel.app,1,0,Absent,,fail,fail,fail,fail,skip,skip,fail,skip,skip,fail,fail,,,28,0.4.0,2026-08-07
heliumtrades.com,1,0,Absent,,fail,fail,fail,fail,skip,skip,fail,skip,skip,fail,fail,,,15,0.4.0,2026-08-07
helixar.ai,1,15,Text-only,,fail,fail,fail,fail,skip,skip,fail,skip,skip,pass,pass,,,18,0.4.0,2026-08-07
hellobasestation.com,1,0,Absent,,fail,fail,fail,fail,skip,skip,fail,skip,skip,fail,fail,,,29,0.4.0,2026-08-07
hellobooks.ai,1,5,Text-only,,fail,fail,fail,fail,skip,skip,fail,skip,skip,fail,pass,,,33,0.4.0,2026-08-07
hellosafe.com,1,50,Discoverable,,fail,fail,fail,pass,skip,skip,fail,skip,skip,pass,pass,,,15,0.4.0,2026-08-07
helpfulbutton140.workers.dev,1,0,Absent,,error,fail,fail,error,skip,skip,error,skip,skip,fail,fail,,,6,0.4.0,2026-08-07
helprentdanang.com,1,35,Discoverable,,fail,fail,pass,fail,fail,skip,fail,skip,skip,pass,pass,,,21,0.4.0,2026-08-07
hemelion.com,1,50,Discoverable,,pass,fail,fail,fail,fail,skip,fail,skip,skip,pass,pass,ai-catalog|mcp-server-card-json,,31,0.4.0,2026-08-07
hemmabo-mcp-server.vercel.app,1,45,Discoverable,,pass,fail,fail,pass,skip,skip,fail,skip,skip,pass,fail,mcp-json|mcp-server-card-json,,28,0.4.0,2026-08-07
hemmabo.com,1,50,Discoverable,,pass,fail,fail,pass,fail,skip,fail,skip,skip,pass,pass,mcp-server-serra|mcp-json|mcp-bare|mcp-server-card-json,,33,0.4.0,2026-08-07
hemmabo.se,1,0,Absent,,fail,fail,fail,fail,skip,skip,fail,skip,skip,fail,fail,,,15,0.4.0,2026-08-07
hempdata.io,1,15,Text-only,,fail,fail,fail,fail,skip,skip,fail,skip,skip,pass,pass,,,19,0.4.0,2026-08-07
hemrock.com,1,15,Text-only,,fail,fail,fail,fail,skip,skip,fail,skip,skip,pass,pass,,,28,0.4.0,2026-08-07
herbertkokholm.dk,1,0,Absent,,fail,fail,fail,fail,skip,skip,fail,skip,skip,fail,fail,,,15,0.4.0,2026-08-07
hergertsynthora.com,1,15,Text-only,,fail,fail,fail,fail,skip,skip,fail,skip,skip,pass,pass,,,18,0.4.0,2026-08-07
hermes-storefront.onrender.com,1,10,Text-only,,fail,fail,fail,fail,skip,skip,fail,skip,skip,pass,fail,,,28,0.4.0,2026-08-07
hermesplant.com,1,50,Discoverable,,pass,fail,fail,pass,skip,skip,fail,skip,skip,pass,pass,mcp-server-card-json,,17,0.4.0,2026-08-07
hermitcrab.me,1,0,Absent,,fail,fail,fail,fail,skip,skip,fail,skip,skip,fail,fail,,,29,0.4.0,2026-08-07
hermitsh.ai,1,10,Text-only,,fail,fail,fail,fail,skip,skip,fail,skip,skip,pass,fail,,,15,0.4.0,2026-08-07
hermoso.ai,1,85,Connectable,,pass,fail,fail,pass,pass,fail,fail,skip,skip,pass,pass,mcp-json,modern,21,0.4.0,2026-08-07
heronapp.io,1,0,Absent,,fail,fail,fail,fail,skip,skip,fail,skip,skip,fail,fail,,,16,0.4.0,2026-08-07
hexpm-mcp.fly.dev,1,0,Absent,,fail,fail,fail,fail,skip,skip,fail,skip,skip,fail,fail,,,15,0.4.0,2026-08-07
heyclau.de,1,50,Discoverable,,pass,fail,fail,fail,fail,skip,fail,skip,skip,pass,pass,mcp-json|mcp-server-card-json,,19,0.4.0,2026-08-07
heydolfin.com,1,0,Absent,,fail,fail,fail,fail,skip,skip,fail,skip,skip,fail,fail,,,23,0.4.0,2026-08-07
heykody.dev,1,35,Discoverable,,fail,fail,fail,pass,skip,skip,fail,skip,skip,fail,fail,,,15,0.4.0,2026-08-07
heylead-api-141730336364.us-central1.run.app,1,0,Absent,,fail,fail,fail,fail,skip,skip,fail,skip,skip,fail,fail,,,28,0.4.0,2026-08-07
heyoden.com,1,0,Absent,,fail,fail,fail,fail,skip,skip,fail,skip,skip,fail,fail,,,30,0.4.0,2026-08-07
heyspark.co,1,85,Connectable,,fail,fail,pass,fail,pass,pass,fail,skip,pass,fail,fail,,legacy,24,0.4.0,2026-08-07
hgfbxjxghp.workers.dev,1,0,Absent,,error,fail,fail,error,skip,skip,error,skip,skip,fail,fail,,,6,0.4.0,2026-08-07
hiddenevents.online,1,15,Text-only,,fail,fail,fail,fail,skip,skip,fail,skip,skip,pass,pass,,,17,0.4.0,2026-08-07
hilt.so,1,85,Connectable,,fail,fail,pass,fail,pass,fail,fail,skip,skip,pass,pass,,legacy,36,0.4.0,2026-08-07
himalayas.app,1,10,Text-only,,fail,fail,fail,fail,skip,skip,fail,skip,skip,pass,fail,,,17,0.4.0,2026-08-07
hinducalendar.app,1,10,Text-only,,fail,fail,fail,fail,skip,skip,fail,skip,skip,pass,fail,,,16,0.4.0,2026-08-07
hipaaagent.ai,1,0,Absent,,fail,fail,fail,fail,skip,skip,fail,skip,skip,fail,fail,,,15,0.4.0,2026-08-07
hireeli.io,1,50,Discoverable,,fail,fail,fail,pass,skip,skip,fail,skip,skip,pass,pass,,,15,0.4.0,2026-08-07
hirejack.com,1,75,Connectable,,fail,fail,pass,pass,pass,fail,fail,skip,skip,fail,pass,,modern,19,0.4.0,2026-08-07
hirelocksmiths-mcp.onrender.com,1,0,Absent,,fail,fail,fail,fail,skip,skip,fail,skip,skip,fail,fail,,,28,0.4.0,2026-08-07
hirelocksmiths.com,1,15,Text-only,,fail,fail,fail,fail,skip,skip,fail,skip,skip,pass,pass,,,15,0.4.0,2026-08-07
hirenimbus.com,1,50,Discoverable,,pass,fail,fail,pass,skip,skip,fail,skip,skip,pass,pass,mcp-json|mcp-server-card-json,,19,0.4.0,2026-08-07
hiresignal-mcp-production-d4d9.up.railway.app,1,0,Absent,,fail,fail,fail,fail,skip,skip,fail,skip,skip,fail,fail,,,28,0.4.0,2026-08-07
hirey.ai,1,85,Connectable,,pass,fail,fail,pass,pass,fail,fail,skip,skip,pass,pass,mcp-server-card-json,modern,21,0.4.0,2026-08-07
hirosecure.com,1,85,Connectable,,pass,fail,fail,pass,pass,fail,fail,skip,skip,pass,pass,mcp-server-card-json,modern,22,0.4.0,2026-08-07
historicalsoundscapes.com,1,0,Absent,,fail,fail,fail,fail,skip,skip,fail,skip,skip,fail,fail,,,29,0.4.0,2026-08-07
historis-api-production.up.railway.app,1,35,Discoverable,,pass,fail,fail,pass,skip,skip,fail,skip,skip,fail,fail,mcp-bare|mcp-server-card-json,,28,0.4.0,2026-08-07
historis.app,1,85,Connectable,,pass,fail,fail,pass,pass,fail,fail,skip,skip,pass,pass,mcp-bare|mcp-server-card-json,modern,20,0.4.0,2026-08-07
hitsteps.com,1,70,Connectable,,fail,fail,pass,pass,pass,fail,fail,skip,skip,fail,fail,,legacy,31,0.4.0,2026-08-07
hittheroad.rentals,1,15,Text-only,,fail,fail,fail,fail,skip,skip,fail,skip,skip,pass,pass,,,15,0.4.0,2026-08-07
hive-execute.onrender.com,1,0,Absent,,fail,fail,fail,fail,skip,skip,fail,skip,skip,fail,fail,,,28,0.4.0,2026-08-07
hive-mcp-abtest.onrender.com,1,0,Absent,,fail,fail,fail,fail,skip,skip,fail,skip,skip,fail,fail,,,28,0.4.0,2026-08-07
hive-mcp-agent-kyc.onrender.com,1,0,Absent,,fail,fail,fail,fail,skip,skip,fail,skip,skip,fail,fail,,,28,0.4.0,2026-08-07
hive-mcp-agent-quota.onrender.com,1,0,Absent,,fail,fail,fail,fail,skip,skip,fail,skip,skip,fail,fail,,,28,0.4.0,2026-08-07
hive-mcp-agent-storage.onrender.com,1,0,Absent,,fail,fail,fail,fail,skip,skip,fail,skip,skip,fail,fail,,,28,0.4.0,2026-08-07
hive-mcp-aml-screen.onrender.com,1,0,Absent,,fail,fail,fail,fail,skip,skip,fail,skip,skip,fail,fail,,,28,0.4.0,2026-08-07
hive-mcp-attest.onrender.com,1,45,Discoverable,,pass,fail,fail,fail,skip,skip,fail,skip,skip,pass,fail,mcp-json,,28,0.4.0,2026-08-07
hive-mcp-auction.onrender.com,1,0,Absent,,fail,fail,fail,fail,skip,skip,fail,skip,skip,fail,fail,,,28,0.4.0,2026-08-07
hive-mcp-audit-readiness.onrender.com,1,0,Absent,,fail,fail,fail,fail,skip,skip,fail,skip,skip,fail,fail,,,28,0.4.0,2026-08-07
hive-mcp-backup.onrender.com,1,0,Absent,,fail,fail,fail,fail,skip,skip,fail,skip,skip,fail,fail,,,28,0.4.0,2026-08-07
hive-mcp-barter.onrender.com,1,0,Absent,,fail,fail,fail,fail,skip,skip,fail,skip,skip,fail,fail,,,28,0.4.0,2026-08-07
hive-mcp-capital.onrender.com,1,0,Absent,,fail,fail,fail,fail,skip,skip,fail,skip,skip,fail,fail,,,28,0.4.0,2026-08-07
hive-mcp-cdn.onrender.com,1,0,Absent,,fail,fail,fail,fail,skip,skip,fail,skip,skip,fail,fail,,,28,0.4.0,2026-08-07
hive-mcp-compute-grid.onrender.com,1,35,Discoverable,,pass,fail,fail,fail,skip,skip,fail,skip,skip,fail,fail,mcp-json,,28,0.4.0,2026-08-07
hive-mcp-compute.onrender.com,1,35,Discoverable,,pass,fail,fail,fail,skip,skip,fail,skip,skip,fail,fail,mcp-json,,28,0.4.0,2026-08-07
hive-mcp-connector.onrender.com,1,45,Discoverable,,pass,fail,fail,fail,skip,skip,fail,skip,skip,pass,fail,ai-catalog|mcp-server-serra|mcp-json|mcp-bare|mcp-server-card-json,,28,0.4.0,2026-08-07
hive-mcp-credit.onrender.com,1,0,Absent,,fail,fail,fail,fail,skip,skip,fail,skip,skip,fail,fail,,,28,0.4.0,2026-08-07
hive-mcp-depin.onrender.com,1,35,Discoverable,,pass,fail,fail,fail,skip,skip,fail,skip,skip,fail,fail,mcp-json,,28,0.4.0,2026-08-07
hive-mcp-escrow.onrender.com,1,0,Absent,,fail,fail,fail,fail,skip,skip,fail,skip,skip,fail,fail,,,28,0.4.0,2026-08-07
hive-mcp-evaluator.onrender.com,1,35,Discoverable,,pass,fail,fail,fail,skip,skip,fail,skip,skip,fail,fail,mcp-json,,28,0.4.0,2026-08-07
hive-mcp-exchange.onrender.com,1,0,Absent,,fail,fail,fail,fail,skip,skip,fail,skip,skip,fail,fail,,,28,0.4.0,2026-08-07
hive-mcp-flag.onrender.com,1,0,Absent,,fail,fail,fail,fail,skip,skip,fail,skip,skip,fail,fail,,,28,0.4.0,2026-08-07
hive-mcp-identity.onrender.com,1,35,Discoverable,,pass,fail,fail,fail,skip,skip,fail,skip,skip,fail,fail,mcp-json,,28,0.4.0,2026-08-07
hive-mcp-insurance.onrender.com,1,0,Absent,,fail,fail,fail,fail,skip,skip,fail,skip,skip,fail,fail,,,28,0.4.0,2026-08-07
hive-mcp-log.onrender.com,1,0,Absent,,fail,fail,fail,fail,skip,skip,fail,skip,skip,fail,fail,,,28,0.4.0,2026-08-07
hive-mcp-mining.onrender.com,1,0,Absent,,fail,fail,fail,fail,skip,skip,fail,skip,skip,fail,fail,,,28,0.4.0,2026-08-07
hive-mcp-morph.onrender.com,1,35,Discoverable,,pass,fail,fail,fail,skip,skip,fail,skip,skip,fail,fail,mcp-json,,28,0.4.0,2026-08-07
hive-mcp-mos.onrender.com,1,0,Absent,,fail,fail,fail,fail,skip,skip,fail,skip,skip,fail,fail,,,28,0.4.0,2026-08-07
hive-mcp-oracle.onrender.com,1,35,Discoverable,,pass,fail,fail,fail,skip,skip,fail,skip,skip,fail,fail,mcp-json,,28,0.4.0,2026-08-07
hive-mcp-secrets.onrender.com,1,0,Absent,,fail,fail,fail,fail,skip,skip,fail,skip,skip,fail,fail,,,28,0.4.0,2026-08-07
hive-mcp-sla-monitor.onrender.com,1,0,Absent,,fail,fail,fail,fail,skip,skip,fail,skip,skip,fail,fail,,,28,0.4.0,2026-08-07
hive-mcp-swap.onrender.com,1,45,Discoverable,,pass,fail,fail,fail,skip,skip,fail,skip,skip,pass,fail,mcp-json,,28,0.4.0,2026-08-07
hive-mcp-tax-observer.onrender.com,1,0,Absent,,fail,fail,fail,fail,skip,skip,fail,skip,skip,fail,fail,,,28,0.4.0,2026-08-07
hive-mcp-trade.onrender.com,1,35,Discoverable,,pass,fail,fail,fail,skip,skip,fail,skip,skip,fail,fail,mcp-json,,28,0.4.0,2026-08-07
hive-mcp-vault.onrender.com,1,45,Discoverable,,pass,fail,fail,fail,skip,skip,fail,skip,skip,pass,fail,mcp-json,,28,0.4.0,2026-08-07
hive-mcp-wallet.onrender.com,1,35,Discoverable,,pass,fail,fail,fail,skip,skip,fail,skip,skip,fail,fail,mcp-json,,28,0.4.0,2026-08-07
hive-mcp-zk-attestation.onrender.com,1,35,Discoverable,,pass,fail,fail,fail,skip,skip,fail,skip,skip,fail,fail,mcp-json,,28,0.4.0,2026-08-07
hiveagentiq.com,1,0,Absent,,fail,fail,fail,fail,skip,skip,fail,skip,skip,fail,fail,,,16,0.4.0,2026-08-07
hivebank.onrender.com,1,45,Discoverable,,pass,fail,fail,fail,skip,skip,fail,skip,skip,pass,fail,ai-catalog|mcp-server-serra|mcp-json|mcp-bare|mcp-server-card-json,,28,0.4.0,2026-08-07
hiveclaw.ai,1,0,Absent,,fail,fail,fail,fail,skip,skip,fail,skip,skip,fail,fail,,,24,0.4.0,2026-08-07
hiveclear.onrender.com,1,0,Absent,,fail,fail,fail,fail,skip,skip,fail,skip,skip,fail,fail,,,28,0.4.0,2026-08-07
hiveconsciousness.onrender.com,1,0,Absent,,fail,fail,fail,fail,skip,skip,fail,skip,skip,fail,fail,,,28,0.4.0,2026-08-07
hiveconsult.onrender.com,1,0,Absent,,fail,fail,fail,fail,skip,skip,fail,skip,skip,fail,fail,,,28,0.4.0,2026-08-07
hiveecho.onrender.com,1,0,Absent,,fail,fail,fail,fail,skip,skip,fail,skip,skip,fail,fail,,,28,0.4.0,2026-08-07
hiveforge-lhu4.onrender.com,1,0,Absent,,fail,fail,fail,fail,skip,skip,fail,skip,skip,fail,fail,,,28,0.4.0,2026-08-07
hivegate.onrender.com,1,45,Discoverable,,pass,fail,fail,fail,skip,skip,fail,skip,skip,pass,fail,mcp-json|mcp-server-card-json,,28,0.4.0,2026-08-07
hiveintelligence.xyz,1,50,Discoverable,,pass,fail,fail,pass,skip,skip,fail,skip,skip,pass,pass,mcp-json|mcp-server-card-json,,27,0.4.0,2026-08-07
hivelaw.onrender.com,1,0,Absent,,fail,fail,fail,fail,skip,skip,fail,skip,skip,fail,fail,,,28,0.4.0,2026-08-07
hivelearn.app,1,0,Absent,,fail,fail,fail,fail,skip,skip,fail,skip,skip,fail,fail,,,17,0.4.0,2026-08-07
hivemind-1-52cw.onrender.com,1,0,Absent,,fail,fail,fail,fail,skip,skip,fail,skip,skip,fail,fail,,,28,0.4.0,2026-08-07
hivepulse-y7li.onrender.com,1,0,Absent,,fail,fail,fail,fail,skip,skip,fail,skip,skip,fail,fail,,,28,0.4.0,2026-08-07
hiveround.com,1,50,Discoverable,,pass,fail,fail,pass,skip,skip,pass,skip,skip,pass,pass,mcp-server-card-json,,14,0.4.0,2026-08-07
hivetrust.onrender.com,1,45,Discoverable,,pass,fail,fail,fail,skip,skip,fail,skip,skip,pass,fail,ai-catalog|mcp-server-serra|mcp-json|mcp-bare|mcp-server-card-json,,28,0.4.0,2026-08-07
hivewiki.ai,1,0,Absent,,fail,fail,fail,fail,skip,skip,fail,skip,skip,fail,fail,,,17,0.4.0,2026-08-07
hjarni.com,1,50,Discoverable,,fail,fail,fail,pass,skip,skip,fail,skip,skip,pass,pass,,,16,0.4.0,2026-08-07
hl-funding-production.up.railway.app,1,0,Absent,,fail,fail,fail,fail,skip,skip,fail,skip,skip,fail,fail,,,28,0.4.0,2026-08-07
hl-funding-x402-production.up.railway.app,1,0,Absent,,fail,fail,fail,fail,skip,skip,fail,skip,skip,fail,fail,,,28,0.4.0,2026-08-07
hl-portfolio-production.up.railway.app,1,0,Absent,,fail,fail,fail,fail,skip,skip,fail,skip,skip,fail,fail,,,28,0.4.0,2026-08-07
hl-portfolio-x402-production.up.railway.app,1,0,Absent,,fail,fail,fail,fail,skip,skip,fail,skip,skip,fail,fail,,,28,0.4.0,2026-08-07
hl-spot-production.up.railway.app,1,0,Absent,,fail,fail,fail,fail,skip,skip,fail,skip,skip,fail,fail,,,28,0.4.0,2026-08-07
hl-spot-x402-production.up.railway.app,1,0,Absent,,fail,fail,fail,fail,skip,skip,fail,skip,skip,fail,fail,,,28,0.4.0,2026-08-07
hl-vaults-x402-production.up.railway.app,1,0,Absent,,fail,fail,fail,fail,skip,skip,fail,skip,skip,fail,fail,,,28,0.4.0,2026-08-07
hlido.eu,1,100,Agent-ready,,pass,fail,fail,fail,pass,pass,fail,fail,pass,pass,pass,mcp-json|mcp-server-card-json,legacy,19,0.4.0,2026-08-07
hns-chatgpt-app.onrender.com,1,0,Absent,,fail,fail,fail,fail,skip,skip,fail,skip,skip,fail,fail,,,28,0.4.0,2026-08-07
hoangha.shop,1,5,Text-only,,fail,fail,fail,fail,skip,skip,fail,skip,skip,fail,pass,,,18,0.4.0,2026-08-07
hoaster.app,1,35,Discoverable,,fail,fail,fail,pass,skip,skip,fail,skip,skip,fail,fail,,,14,0.4.0,2026-08-07
hodlxxi.com,1,70,Connectable,,pass,fail,fail,pass,pass,fail,fail,pass,skip,fail,fail,mcp-json|mcp-server-card-json,legacy,19,0.4.0,2026-08-07
hogarmas.net,1,50,Discoverable,,pass,fail,fail,pass,skip,skip,fail,skip,skip,pass,pass,mcp-server-card-json,,15,0.4.0,2026-08-07
hojincheck.com,1,10,Text-only,,fail,fail,fail,fail,skip,skip,fail,skip,skip,pass,fail,,,17,0.4.0,2026-08-07
hokai.io,1,15,Text-only,,fail,fail,fail,fail,skip,skip,fail,skip,skip,pass,pass,,,14,0.4.0,2026-08-07
hokmah.dev,1,0,Absent,,fail,fail,fail,fail,skip,skip,fail,skip,skip,fail,fail,,,17,0.4.0,2026-08-07
holdingsintel.com,1,10,Text-only,,fail,fail,fail,fail,skip,skip,fail,skip,skip,pass,fail,,,45,0.4.0,2026-08-07
holiday-forever-2.vercel.app,1,70,Connectable,,pass,fail,fail,fail,pass,fail,fail,fail,skip,fail,fail,mcp-json,legacy,32,0.4.0,2026-08-07
holiday-photo-plus-2.vercel.app,1,70,Connectable,,fail,fail,pass,fail,pass,fail,fail,skip,skip,fail,fail,,legacy,33,0.4.0,2026-08-07
holiday-photo-plus.vercel.app,1,70,Connectable,,fail,fail,pass,fail,pass,fail,fail,skip,skip,fail,fail,,legacy,33,0.4.0,2026-08-07
holidayforever.vercel.app,1,0,Absent,,fail,fail,fail,fail,skip,skip,fail,skip,skip,fail,fail,,,28,0.4.0,2026-08-07
holidayforeverphoto.vercel.app,1,0,Absent,,fail,fail,fail,fail,skip,skip,fail,skip,skip,fail,fail,,,28,0.4.0,2026-08-07
holydb.com,1,5,Text-only,,fail,fail,fail,fail,skip,skip,fail,skip,skip,fail,pass,,,40,0.4.0,2026-08-07
homecastr.com,1,100,Agent-ready,,pass,fail,fail,fail,pass,pass,fail,fail,pass,pass,pass,mcp-json|mcp-server-card-json,legacy,22,0.4.0,2026-08-07
homechecker.com.au,1,10,Text-only,,fail,fail,fail,fail,skip,skip,fail,skip,skip,pass,fail,,,14,0.4.0,2026-08-07
homeclip.us,1,10,Text-only,,fail,fail,fail,fail,skip,skip,fail,skip,skip,pass,fail,,,14,0.4.0,2026-08-07
homepage-flax-two.vercel.app,1,95,Agent-ready,,fail,fail,pass,fail,pass,pass,fail,skip,pass,pass,fail,,legacy,33,0.4.0,2026-08-07
homespun.dev,1,45,Discoverable,,fail,fail,fail,pass,skip,skip,fail,skip,skip,pass,fail,,,14,0.4.0,2026-08-07
hometownwire.com,1,5,Text-only,,fail,fail,fail,fail,skip,skip,fail,skip,skip,fail,pass,,,15,0.4.0,2026-08-07
homevisto.com,1,85,Connectable,,fail,fail,pass,fail,pass,pass,fail,skip,pass,fail,fail,,legacy,23,0.4.0,2026-08-07
honestdog.de,1,15,Text-only,,fail,fail,fail,fail,skip,skip,fail,skip,skip,pass,pass,,,15,0.4.0,2026-08-07
honeycomb.io,1,80,Connectable,,fail,fail,pass,pass,pass,fail,fail,skip,skip,pass,fail,,modern,37,0.4.0,2026-08-07
honeylabs.net,1,10,Text-only,,fail,fail,fail,fail,skip,skip,fail,skip,skip,pass,fail,,,17,0.4.0,2026-08-07
hood.ag,1,10,Text-only,,fail,fail,fail,fail,skip,skip,fail,skip,skip,pass,fail,,,32,0.4.0,2026-08-07
hoodex.app,1,80,Connectable,,fail,fail,pass,pass,pass,fail,fail,skip,skip,pass,fail,,modern,18,0.4.0,2026-08-07
hoodly.ai,1,0,Absent,,error,fail,fail,error,skip,skip,error,skip,skip,fail,fail,,,28,0.4.0,2026-08-07
hoodly.io,1,5,Text-only,,fail,fail,fail,fail,skip,skip,fail,skip,skip,fail,pass,,,16,0.4.0,2026-08-07
hooka.to,1,85,Connectable,,fail,fail,pass,pass,pass,fail,fail,skip,skip,pass,pass,,modern,24,0.4.0,2026-08-07
hooklayer.dev,1,50,Discoverable,,fail,fail,fail,pass,skip,skip,fail,skip,skip,pass,pass,,,14,0.4.0,2026-08-07
hopgraph.com,1,0,Absent,,fail,fail,fail,fail,skip,skip,fail,skip,skip,fail,fail,,,17,0.4.0,2026-08-07
horizonmedia.com,1,0,Absent,,fail,fail,fail,fail,skip,skip,fail,skip,skip,fail,fail,,,29,0.4.0,2026-08-07
hormonaly.ai,1,0,Absent,,fail,fail,fail,fail,skip,skip,fail,skip,skip,fail,fail,,,18,0.4.0,2026-08-07
horustek.pro,1,5,Text-only,,fail,fail,fail,fail,skip,skip,fail,skip,skip,fail,pass,,,16,0.4.0,2026-08-07
hosco.com,1,5,Text-only,,fail,fail,fail,fail,skip,skip,fail,skip,skip,fail,pass,,,28,0.4.0,2026-08-07
hoshin.app,1,45,Discoverable,,fail,fail,fail,pass,skip,skip,fail,skip,skip,pass,fail,,,14,0.4.0,2026-08-07
hosted-server-1039762986179.us-central1.run.app,1,35,Discoverable,,pass,fail,fail,fail,skip,skip,fail,skip,skip,fail,fail,mcp-server-card-json,,28,0.4.0,2026-08-07
hostingbrain.ai,1,15,Text-only,,fail,fail,fail,fail,skip,skip,fail,skip,skip,pass,pass,,,15,0.4.0,2026-08-07
hostprofit-mcp-production.up.railway.app,1,0,Absent,,error,fail,fail,error,skip,skip,error,skip,skip,fail,fail,,,41,0.4.0,2026-08-07
hostprofit.ai,1,5,Text-only,,fail,fail,fail,fail,skip,skip,fail,skip,skip,fail,pass,,,15,0.4.0,2026-08-07
hostsmith.net,1,0,Absent,,fail,fail,fail,fail,skip,skip,fail,skip,skip,fail,fail,,,17,0.4.0,2026-08-07
housenstars.com,1,0,Absent,,fail,fail,fail,fail,skip,skip,fail,skip,skip,fail,fail,,,15,0.4.0,2026-08-07
housingsentinel.cn,1,80,Connectable,,fail,fail,pass,fail,pass,fail,fail,skip,skip,pass,fail,,modern,36,0.4.0,2026-08-07
hove.capital,1,45,Discoverable,,fail,pass,fail,fail,skip,skip,fail,skip,skip,pass,fail,,,15,0.4.0,2026-08-07
howtoreadthefuture.com,1,85,Connectable,,pass,fail,pass,fail,pass,fail,fail,pass,skip,pass,pass,mcp-server-card-json,legacy,21,0.4.0,2026-08-07
hpcontrol.pl,1,15,Text-only,,fail,fail,fail,fail,skip,skip,fail,skip,skip,pass,pass,,,15,0.4.0,2026-08-07
hpsilab.com,1,80,Connectable,,pass,fail,fail,pass,pass,fail,fail,pass,skip,pass,fail,mcp-json,legacy,19,0.4.0,2026-08-07
hpt.su,1,40,Discoverable,,fail,fail,fail,pass,skip,skip,fail,skip,skip,fail,pass,,,18,0.4.0,2026-08-07
hs-code-classifier-mcp-production.up.railway.app,1,0,Absent,,fail,fail,fail,fail,skip,skip,fail,skip,skip,fail,fail,,,28,0.4.0,2026-08-07
hs-code-classifier-mcp-server-production.up.railway.app,1,35,Discoverable,,pass,fail,fail,fail,skip,skip,fail,skip,skip,fail,fail,mcp-server-card-json,,28,0.4.0,2026-08-07
hshintelligence.com,1,0,Absent,,fail,fail,fail,fail,skip,skip,fail,skip,skip,fail,fail,,,30,0.4.0,2026-08-07
htagai.com,1,0,Absent,,error,fail,fail,error,skip,skip,error,skip,skip,fail,fail,,,4,0.4.0,2026-08-07
html-to-markdown-production-3fc7.up.railway.app,1,0,Absent,,fail,fail,fail,fail,skip,skip,fail,skip,skip,fail,fail,,,28,0.4.0,2026-08-07
html-to-markdown-x402-production.up.railway.app,1,0,Absent,,fail,fail,fail,fail,skip,skip,fail,skip,skip,fail,fail,,,28,0.4.0,2026-08-07
html2img.com,1,10,Text-only,,fail,fail,fail,fail,skip,skip,fail,skip,skip,pass,fail,,,15,0.4.0,2026-08-07
htmlbook.io,1,50,Discoverable,,fail,fail,fail,pass,skip,skip,fail,skip,skip,pass,pass,,,14,0.4.0,2026-08-07
htmldrop.app,1,50,Discoverable,,fail,fail,fail,pass,skip,skip,fail,skip,skip,pass,pass,,,17,0.4.0,2026-08-07
htmldrop.link,1,95,Agent-ready,,pass,fail,pass,fail,pass,pass,fail,pass,pass,pass,fail,mcp-server-card-json,legacy,23,0.4.0,2026-08-07
htmlpub.com,1,50,Discoverable,,fail,fail,fail,pass,skip,skip,fail,skip,skip,pass,pass,,,16,0.4.0,2026-08-07
htmlvault.com,1,45,Discoverable,,fail,fail,fail,pass,skip,skip,fail,skip,skip,pass,fail,,,14,0.4.0,2026-08-07
htmlweb.ru,1,0,Absent,,fail,fail,fail,fail,skip,skip,fail,skip,skip,fail,fail,,,17,0.4.0,2026-08-07
htsapp.tech,1,15,Text-only,,fail,fail,fail,fail,skip,skip,fail,skip,skip,pass,pass,,,18,0.4.0,2026-08-07
httiyebjgxxwtgggkpgw.supabase.co,1,0,Absent,,fail,fail,fail,fail,skip,skip,fail,skip,skip,fail,fail,,,15,0.4.0,2026-08-07
http-headers-production.up.railway.app,1,0,Absent,,fail,fail,fail,fail,skip,skip,fail,skip,skip,fail,fail,,,28,0.4.0,2026-08-07
http-headers-x402-production.up.railway.app,1,0,Absent,,fail,fail,fail,fail,skip,skip,fail,skip,skip,fail,fail,,,28,0.4.0,2026-08-07
httpstatus.com,1,5,Text-only,,fail,fail,fail,fail,skip,skip,fail,skip,skip,fail,pass,,,17,0.4.0,2026-08-07
huangting.ai,1,0,Absent,,fail,fail,fail,fail,skip,skip,fail,skip,skip,fail,fail,,,17,0.4.0,2026-08-07
hub-equity.com,1,10,Text-only,,fail,fail,fail,fail,skip,skip,fail,skip,skip,pass,fail,,,16,0.4.0,2026-08-07
huettentouren.org,1,85,Connectable,,pass,fail,fail,fail,pass,fail,fail,fail,skip,pass,pass,mcp-json,legacy,21,0.4.0,2026-08-07
hugendubel.info,1,0,Absent,,fail,fail,fail,fail,skip,skip,fail,skip,skip,fail,fail,,,25,0.4.0,2026-08-07
huggingbay.xyz,1,50,Discoverable,,pass,fail,fail,fail,fail,skip,fail,skip,skip,pass,pass,ai-catalog|mcp-json|mcp-server-card-json,,18,0.4.0,2026-08-07
huggingface.co,1,85,Connectable,,pass,fail,pass,pass,pass,pass,fail,skip,pass,fail,fail,ai-catalog,modern,19,0.4.0,2026-08-07
huint.io,1,0,Absent,,fail,fail,fail,fail,skip,skip,fail,skip,skip,fail,fail,,,17,0.4.0,2026-08-07
human.tech,1,0,Absent,,fail,fail,fail,fail,skip,skip,fail,skip,skip,fail,fail,,,15,0.4.0,2026-08-07
humandesignhub.app,1,15,Text-only,,fail,fail,fail,fail,skip,skip,fail,skip,skip,pass,pass,,,16,0.4.0,2026-08-07
humanforai.dev,1,80,Connectable,,pass,fail,pass,fail,pass,fail,fail,skip,skip,pass,fail,mcp-json,legacy,20,0.4.0,2026-08-07
humanform.app,1,10,Text-only,,fail,fail,fail,fail,skip,skip,fail,skip,skip,pass,fail,,,15,0.4.0,2026-08-07
humanhours.dev,1,50,Discoverable,,fail,fail,fail,pass,skip,skip,fail,skip,skip,pass,pass,,,16,0.4.0,2026-08-07
humanified.dk,1,0,Absent,,fail,fail,fail,fail,skip,skip,fail,skip,skip,fail,fail,,,18,0.4.0,2026-08-07
humanjesse.github.io,1,0,Absent,,fail,fail,fail,fail,skip,skip,fail,skip,skip,fail,fail,,,28,0.4.0,2026-08-07
humanlayer.dev,1,0,Absent,,fail,fail,fail,fail,skip,skip,fail,skip,skip,fail,fail,,,29,0.4.0,2026-08-07
humanlineage.org,1,15,Text-only,,fail,fail,fail,fail,skip,skip,fail,skip,skip,pass,pass,,,16,0.4.0,2026-08-07
humanmcp.net,1,0,Absent,,fail,fail,fail,fail,skip,skip,fail,skip,skip,fail,fail,,,28,0.4.0,2026-08-07
humanpages.ai,1,85,Connectable,,fail,fail,pass,fail,pass,fail,fail,skip,skip,pass,pass,,legacy,22,0.4.0,2026-08-07
humantaste.app,1,45,Discoverable,,pass,fail,fail,fail,skip,skip,fail,skip,skip,pass,fail,mcp-json,,17,0.4.0,2026-08-07
humaux.com,1,40,Discoverable,,fail,fail,fail,pass,skip,skip,fail,skip,skip,fail,pass,,,16,0.4.0,2026-08-07
hummatch.me,1,15,Text-only,,fail,fail,fail,fail,skip,skip,fail,skip,skip,pass,pass,,,14,0.4.0,2026-08-07
hunchful.io,1,80,Connectable,,fail,fail,pass,pass,pass,fail,fail,skip,skip,pass,fail,,legacy,20,0.4.0,2026-08-07
hunter-seeker.net,1,80,Connectable,,pass,fail,fail,pass,pass,fail,fail,skip,skip,pass,fail,mcp-json,modern,18,0.4.0,2026-08-07
huntertech.io,1,70,Connectable,,fail,fail,pass,pass,pass,fail,fail,skip,skip,fail,fail,,legacy,39,0.4.0,2026-08-07
hunterzai.workers.dev,1,0,Absent,,error,fail,fail,error,skip,skip,error,skip,skip,fail,fail,,,6,0.4.0,2026-08-07
hushvert.com,1,15,Text-only,,fail,fail,fail,fail,skip,skip,fail,skip,skip,pass,pass,,,14,0.4.0,2026-08-07
hvilkenai.no,1,100,Agent-ready,,fail,fail,pass,pass,pass,pass,fail,skip,pass,pass,pass,,legacy,24,0.4.0,2026-08-07
hvtracker.net,1,50,Discoverable,,pass,fail,fail,fail,skip,skip,fail,skip,skip,pass,pass,mcp-server-card-json,,15,0.4.0,2026-08-07
hydrata.com,1,85,Connectable,,fail,fail,pass,fail,pass,fail,fail,skip,skip,pass,pass,,legacy,23,0.4.0,2026-08-07
hypathesis.com,1,0,Absent,,fail,fail,fail,fail,skip,skip,fail,skip,skip,fail,fail,,,15,0.4.0,2026-08-07
hypeline.io,1,0,Absent,,fail,fail,fail,fail,skip,skip,fail,skip,skip,fail,fail,,,15,0.4.0,2026-08-07
hyperai.com.vn,1,0,Absent,,fail,fail,fail,fail,skip,skip,fail,skip,skip,fail,fail,,,22,0.4.0,2026-08-07
hypergpt.ai,1,15,Text-only,,fail,fail,fail,fail,skip,skip,fail,skip,skip,pass,pass,,,28,0.4.0,2026-08-07
hyperliquid-data-x402-production.up.railway.app,1,0,Absent,,fail,fail,fail,fail,skip,skip,fail,skip,skip,fail,fail,,,28,0.4.0,2026-08-07
hyperliquid-whales-x402-production.up.railway.app,1,0,Absent,,fail,fail,fail,fail,skip,skip,fail,skip,skip,fail,fail,,,28,0.4.0,2026-08-07
hypernatt.com,1,50,Discoverable,,pass,fail,fail,fail,skip,skip,fail,skip,skip,pass,pass,mcp-server-card-json,,18,0.4.0,2026-08-07
hyperping.com,1,10,Text-only,,fail,fail,fail,fail,skip,skip,fail,skip,skip,pass,fail,,,15,0.4.0,2026-08-07
hyperping.io,1,0,Absent,,fail,fail,fail,fail,skip,skip,fail,skip,skip,fail,fail,,,24,0.4.0,2026-08-07
hypertext.live,1,95,Agent-ready,,pass,fail,pass,fail,pass,pass,fail,pass,pass,pass,fail,mcp-json,legacy,20,0.4.0,2026-08-07
hypotheques-en-ligne.fr,1,50,Discoverable,,fail,fail,fail,pass,skip,skip,fail,skip,skip,pass,pass,,,27,0.4.0,2026-08-07
hzinsights.com,1,0,Absent,,error,fail,fail,error,skip,skip,error,skip,skip,fail,fail,,,4,0.4.0,2026-08-07
i-gaming.tools,1,10,Text-only,,fail,fail,fail,fail,skip,skip,fail,skip,skip,pass,fail,,,17,0.4.0,2026-08-07
i18nagent.ai,1,10,Text-only,,fail,fail,fail,fail,skip,skip,fail,skip,skip,pass,fail,,,19,0.4.0,2026-08-07
i3deploy.com,1,0,Absent,,fail,fail,fail,fail,skip,skip,fail,skip,skip,fail,fail,,,17,0.4.0,2026-08-07
ia-asso.fr,1,50,Discoverable,,pass,fail,fail,pass,skip,skip,fail,skip,skip,pass,pass,mcp-json|mcp-server-card-json,,14,0.4.0,2026-08-07
ia-qa.com,1,50,Discoverable,,pass,fail,fail,fail,skip,skip,fail,skip,skip,pass,pass,mcp-server-card-json,,29,0.4.0,2026-08-07
iban-test.eu,1,35,Discoverable,,fail,fail,fail,pass,skip,skip,fail,skip,skip,fail,fail,,,42,0.4.0,2026-08-07
ibanchecker.cash,1,35,Discoverable,,fail,fail,pass,fail,fail,skip,fail,skip,skip,pass,pass,,,21,0.4.0,2026-08-07
ibanforge.com,1,50,Discoverable,,pass,fail,fail,fail,skip,skip,fail,skip,skip,pass,pass,mcp-json,,18,0.4.0,2026-08-07
ibitlabs.com,1,10,Text-only,,fail,fail,fail,fail,skip,skip,fail,skip,skip,pass,fail,,,14,0.4.0,2026-08-07
ibkr.com,1,0,Absent,,fail,fail,fail,fail,skip,skip,fail,skip,skip,fail,fail,,,30,0.4.0,2026-08-07
ibouniverse.com,1,85,Connectable,,pass,fail,pass,pass,pass,pass,fail,pass,fail,pass,pass,mcp-server-card-json,legacy,19,0.4.0,2026-08-07
icecat.biz,1,5,Text-only,,fail,fail,fail,fail,skip,skip,fail,skip,skip,fail,pass,,,18,0.4.0,2026-08-07
icemoon.app,1,50,Discoverable,,pass,fail,fail,fail,skip,skip,fail,skip,skip,pass,pass,mcp-server-card-json,,15,0.4.0,2026-08-07
iching.rocks,1,10,Text-only,,fail,fail,fail,fail,skip,skip,fail,skip,skip,pass,fail,,,17,0.4.0,2026-08-07
icme.io,1,85,Connectable,,fail,fail,pass,fail,pass,pass,fail,skip,pass,fail,fail,,legacy,22,0.4.0,2026-08-07
icons-for-agents.workers.dev,1,0,Absent,,error,fail,fail,error,skip,skip,error,skip,skip,fail,fail,,,6,0.4.0,2026-08-07
iconsroom.com,1,5,Text-only,,fail,fail,fail,fail,skip,skip,fail,skip,skip,fail,pass,,,14,0.4.0,2026-08-07
ideafactorylab.org,1,0,Absent,,error,fail,fail,error,skip,skip,error,skip,skip,fail,fail,,,6,0.4.0,2026-08-07
idealo.com,1,0,Absent,,fail,fail,fail,fail,skip,skip,fail,skip,skip,fail,fail,,,32,0.4.0,2026-08-07
idencify.com,1,10,Text-only,,fail,fail,fail,fail,skip,skip,fail,skip,skip,pass,fail,,,17,0.4.0,2026-08-07
identark.io,1,5,Text-only,,fail,fail,fail,fail,skip,skip,fail,skip,skip,fail,pass,,,16,0.4.0,2026-08-07
identifai.net,1,80,Connectable,,fail,fail,pass,fail,pass,fail,fail,skip,skip,pass,fail,,legacy,23,0.4.0,2026-08-07
identityforge.io,1,15,Text-only,,fail,fail,fail,fail,skip,skip,fail,skip,skip,pass,pass,,,17,0.4.0,2026-08-07
idevice.com,1,15,Text-only,,fail,fail,fail,fail,skip,skip,fail,skip,skip,pass,pass,,,14,0.4.0,2026-08-07
idfmetale.pl,1,80,Connectable,,fail,fail,pass,fail,pass,fail,fail,skip,skip,pass,fail,,legacy,24,0.4.0,2026-08-07
idxpro.id,1,15,Text-only,,fail,fail,fail,fail,skip,skip,fail,skip,skip,pass,pass,,,17,0.4.0,2026-08-07
ifillpdf.com,1,45,Discoverable,,fail,fail,fail,pass,skip,skip,fail,skip,skip,pass,fail,,,29,0.4.0,2026-08-07
ifrcoworker.com,1,45,Discoverable,,pass,fail,fail,pass,skip,skip,fail,skip,skip,pass,fail,mcp-json|mcp-server-card-json,,26,0.4.0,2026-08-07
ifthenpay.com,1,15,Text-only,,fail,fail,fail,fail,skip,skip,fail,skip,skip,pass,pass,,,25,0.4.0,2026-08-07
ignav.com,1,95,Agent-ready,,fail,fail,pass,pass,pass,pass,fail,skip,pass,pass,fail,,legacy,20,0.4.0,2026-08-07
ignission.io,1,35,Discoverable,,pass,fail,fail,fail,fail,skip,fail,skip,skip,fail,fail,mcp-json,,16,0.4.0,2026-08-07
ihateinvoicing.io,1,80,Connectable,,fail,fail,pass,pass,pass,fail,fail,skip,skip,pass,fail,,modern,37,0.4.0,2026-08-07
iihzbnyxbxhsrexqsori.supabase.co,1,0,Absent,,fail,fail,fail,fail,skip,skip,fail,skip,skip,fail,fail,,,15,0.4.0,2026-08-07
iknow.dev,1,70,Connectable,,fail,fail,pass,pass,pass,fail,fail,skip,skip,fail,fail,,modern,21,0.4.0,2026-08-07
iknowthepilot.com.au,1,90,Agent-ready,,fail,fail,pass,fail,pass,pass,fail,skip,pass,fail,pass,,legacy,20,0.4.0,2026-08-07
illumora.io,1,45,Discoverable,,fail,fail,fail,pass,skip,skip,fail,skip,skip,pass,fail,,,17,0.4.0,2026-08-07
ilovevideoeditor.com,1,50,Discoverable,,pass,fail,fail,fail,skip,skip,fail,skip,skip,pass,pass,mcp-json,,16,0.4.0,2026-08-07
imagcon.app,1,15,Text-only,,fail,fail,fail,fail,skip,skip,fail,skip,skip,pass,pass,,,16,0.4.0,2026-08-07
image-generator-x402-production.up.railway.app,1,0,Absent,,fail,fail,fail,fail,skip,skip,fail,skip,skip,fail,fail,,,28,0.4.0,2026-08-07
image-resize-x402-production.up.railway.app,1,0,Absent,,fail,fail,fail,fail,skip,skip,fail,skip,skip,fail,fail,,,28,0.4.0,2026-08-07
imboard.ai,1,10,Text-only,,fail,fail,fail,fail,skip,skip,fail,skip,skip,pass,fail,,,27,0.4.0,2026-08-07
imejis.io,1,85,Connectable,,pass,fail,pass,pass,pass,fail,fail,skip,skip,pass,pass,mcp-json|mcp-bare|mcp-server-card-json,modern,43,0.4.0,2026-08-07
immersivecommons.com,1,85,Connectable,,pass,fail,pass,pass,pass,fail,fail,pass,skip,pass,pass,ai-catalog|mcp-json|mcp-server-card-json,legacy,37,0.4.0,2026-08-07
immo-spot.com,1,10,Text-only,,fail,fail,fail,fail,skip,skip,fail,skip,skip,pass,fail,,,20,0.4.0,2026-08-07
immoapi.app,1,45,Discoverable,,fail,fail,fail,pass,skip,skip,fail,skip,skip,pass,fail,,,14,0.4.0,2026-08-07
immostage.ai,1,15,Text-only,,fail,fail,fail,fail,skip,skip,fail,skip,skip,pass,pass,,,31,0.4.0,2026-08-07
immoswipe.ch,1,50,Discoverable,,fail,pass,fail,fail,skip,skip,fail,skip,skip,pass,pass,,,18,0.4.0,2026-08-07
imnoo.com,1,0,Absent,,fail,fail,fail,fail,skip,skip,fail,skip,skip,fail,fail,,,30,0.4.0,2026-08-07
imperioutils.com,1,95,Agent-ready,,pass,fail,pass,fail,pass,pass,fail,pass,pass,pass,fail,mcp-json,legacy,20,0.4.0,2026-08-07
importly.io,1,0,Absent,,fail,fail,fail,fail,skip,skip,fail,skip,skip,fail,fail,,,30,0.4.0,2026-08-07
imprezahost.com,1,85,Connectable,,fail,fail,pass,pass,pass,pass,fail,skip,pass,fail,fail,,modern,25,0.4.0,2026-08-07
imqueue.org,1,85,Connectable,,fail,fail,pass,fail,pass,fail,fail,skip,skip,pass,pass,,legacy,24,0.4.0,2026-08-07
in-context.me,1,0,Absent,,fail,fail,fail,fail,skip,skip,fail,skip,skip,fail,fail,,,15,0.4.0,2026-08-07
in.bio,1,50,Discoverable,,pass,fail,fail,fail,skip,skip,fail,skip,skip,pass,pass,mcp-server-card-json,,17,0.4.0,2026-08-07
inbin.dev,1,45,Discoverable,,fail,fail,fail,pass,skip,skip,fail,skip,skip,pass,fail,,,15,0.4.0,2026-08-07
inboxguard.io,1,100,Agent-ready,,pass,fail,pass,pass,pass,pass,fail,pass,pass,pass,pass,mcp-server-card-json,legacy,23,0.4.0,2026-08-07
inboxpolicy.com,1,15,Text-only,,fail,fail,fail,fail,skip,skip,fail,skip,skip,pass,pass,,,18,0.4.0,2026-08-07
incisory.com,1,45,Discoverable,,fail,fail,fail,pass,skip,skip,fail,skip,skip,pass,fail,,,14,0.4.0,2026-08-07
incrediblefi.com,1,50,Discoverable,,pass,fail,fail,fail,skip,skip,fail,skip,skip,pass,pass,mcp-json,,27,0.4.0,2026-08-07
incwo.com,1,0,Absent,,skip,fail,fail,skip,skip,skip,skip,skip,skip,skip,fail,,,6,0.4.0,2026-08-07
inday.co,1,0,Absent,,fail,fail,fail,fail,skip,skip,fail,skip,skip,fail,fail,,,15,0.4.0,2026-08-07
index-now.ru,1,10,Text-only,,fail,fail,fail,fail,skip,skip,fail,skip,skip,pass,fail,,,15,0.4.0,2026-08-07
indexone.io,1,10,Text-only,,fail,fail,fail,fail,skip,skip,fail,skip,skip,pass,fail,,,16,0.4.0,2026-08-07
indicadores.ar,1,85,Connectable,,pass,fail,pass,fail,pass,fail,fail,pass,skip,pass,pass,mcp-json,legacy,20,0.4.0,2026-08-07
indicate-data.io,1,0,Absent,,fail,fail,fail,fail,skip,skip,fail,skip,skip,fail,fail,,,15,0.4.0,2026-08-07
indicia.app,1,35,Discoverable,,fail,fail,fail,pass,skip,skip,fail,skip,skip,fail,fail,,,18,0.4.0,2026-08-07
indieco.shop,1,0,Absent,,fail,fail,fail,fail,skip,skip,fail,skip,skip,fail,fail,,,19,0.4.0,2026-08-07
indocourtatlas.com,1,45,Discoverable,,fail,fail,fail,pass,skip,skip,fail,skip,skip,pass,fail,,,15,0.4.0,2026-08-07
indotender.com,1,45,Discoverable,,fail,fail,fail,pass,skip,skip,fail,skip,skip,pass,fail,,,18,0.4.0,2026-08-07
industry-lens.com,1,85,Connectable,,fail,fail,pass,pass,pass,fail,fail,skip,skip,pass,pass,,modern,20,0.4.0,2026-08-07
infaqa.com,1,0,Absent,,error,fail,fail,error,skip,skip,error,skip,skip,fail,fail,,,34,0.4.0,2026-08-07
inference.ac,1,0,Absent,,error,fail,fail,error,skip,skip,error,skip,skip,fail,fail,,,34,0.4.0,2026-08-07
inference.sh,1,10,Text-only,,fail,fail,fail,fail,skip,skip,fail,skip,skip,pass,fail,,,21,0.4.0,2026-08-07
infermap-mcp-production.up.railway.app,1,0,Absent,,fail,fail,fail,fail,skip,skip,fail,skip,skip,fail,fail,,,28,0.4.0,2026-08-07
infersports.dev,1,10,Text-only,,fail,fail,fail,fail,skip,skip,fail,skip,skip,pass,fail,,,16,0.4.0,2026-08-07
infiniteappsai.com,1,0,Absent,,fail,fail,fail,fail,skip,skip,fail,skip,skip,fail,fail,,,32,0.4.0,2026-08-07
inflowpay.ai,1,0,Absent,,fail,fail,fail,fail,skip,skip,fail,skip,skip,fail,fail,,,24,0.4.0,2026-08-07
influship.com,1,10,Text-only,,fail,fail,fail,fail,skip,skip,fail,skip,skip,pass,fail,,,32,0.4.0,2026-08-07
info-subscription.com,1,70,Connectable,,fail,fail,pass,pass,pass,fail,fail,skip,skip,fail,fail,,modern,22,0.4.0,2026-08-07
infobip.com,1,50,Discoverable,,pass,fail,fail,fail,fail,skip,fail,skip,skip,pass,pass,mcp-server-card-json,,38,0.4.0,2026-08-07
infolang.ai,1,5,Text-only,,fail,fail,fail,fail,skip,skip,fail,skip,skip,fail,pass,,,16,0.4.0,2026-08-07
infosecjobboard.com,1,15,Text-only,,fail,fail,fail,fail,skip,skip,fail,skip,skip,pass,pass,,,27,0.4.0,2026-08-07
infotrack.com,1,0,Absent,,fail,fail,fail,fail,skip,skip,fail,skip,skip,fail,fail,,,30,0.4.0,2026-08-07
infranode.dev,1,15,Text-only,,fail,fail,fail,fail,skip,skip,fail,skip,skip,pass,pass,,,18,0.4.0,2026-08-07
infumar.com,1,10,Text-only,,fail,fail,fail,fail,skip,skip,fail,skip,skip,pass,fail,,,15,0.4.0,2026-08-07
ingest0r.com,1,0,Absent,,error,fail,fail,error,skip,skip,error,skip,skip,fail,fail,,,4,0.4.0,2026-08-07
inistate.com,1,0,Absent,,fail,fail,fail,fail,skip,skip,fail,skip,skip,fail,fail,,,18,0.4.0,2026-08-07
inite.ai,1,15,Text-only,,fail,fail,fail,fail,skip,skip,fail,skip,skip,pass,pass,,,15,0.4.0,2026-08-07
inkflowstudio.org,1,85,Connectable,,fail,fail,pass,fail,pass,pass,fail,skip,fail,pass,pass,,legacy,30,0.4.0,2026-08-07
inkmotion.app,1,75,Connectable,,fail,fail,pass,pass,pass,fail,fail,skip,skip,fail,pass,,modern,22,0.4.0,2026-08-07
inktdlomgdqrsqaalpey.supabase.co,1,0,Absent,,fail,fail,fail,fail,skip,skip,fail,skip,skip,fail,fail,,,15,0.4.0,2026-08-07
inktree.ai,1,10,Text-only,,fail,fail,fail,fail,skip,skip,fail,skip,skip,pass,fail,,,16,0.4.0,2026-08-07
inlay.dev,1,50,Discoverable,,pass,fail,fail,fail,fail,skip,fail,skip,skip,pass,pass,mcp-json,,31,0.4.0,2026-08-07
innergcomplete.com,1,45,Discoverable,,fail,fail,fail,pass,skip,skip,fail,skip,skip,pass,fail,,,15,0.4.0,2026-08-07
innernet.live,1,50,Discoverable,,fail,fail,fail,pass,skip,skip,fail,skip,skip,pass,pass,,,15,0.4.0,2026-08-07
insforge.dev,1,15,Text-only,,fail,fail,fail,fail,skip,skip,fail,skip,skip,pass,pass,,,18,0.4.0,2026-08-07
insidedcpulse.com,1,0,Absent,,error,fail,fail,error,skip,skip,error,skip,skip,fail,fail,,,33,0.4.0,2026-08-07
insideralpha.ai,1,15,Text-only,,fail,fail,fail,fail,skip,skip,fail,skip,skip,pass,pass,,,17,0.4.0,2026-08-07
insidergraph.com,1,0,Absent,,fail,fail,fail,fail,skip,skip,fail,skip,skip,fail,fail,,,15,0.4.0,2026-08-07
insightgenius.io,1,5,Text-only,,fail,fail,fail,fail,skip,skip,fail,skip,skip,fail,pass,,,18,0.4.0,2026-08-07
instadash.io,1,45,Discoverable,,pass,fail,fail,fail,skip,skip,fail,skip,skip,pass,fail,mcp-json,,19,0.4.0,2026-08-07
instadomain.fly.dev,1,45,Discoverable,,pass,fail,fail,fail,skip,skip,fail,skip,skip,pass,fail,mcp-json,,15,0.4.0,2026-08-07
install.md,1,0,Absent,,fail,fail,fail,fail,skip,skip,fail,skip,skip,fail,fail,,,15,0.4.0,2026-08-07
instapods.com,1,15,Text-only,,fail,fail,fail,fail,skip,skip,fail,skip,skip,pass,pass,,,15,0.4.0,2026-08-07
instavar.com,1,10,Text-only,,fail,fail,fail,fail,skip,skip,fail,skip,skip,pass,fail,,,15,0.4.0,2026-08-07
instxnt.xyz,1,5,Text-only,,fail,fail,fail,fail,skip,skip,fail,skip,skip,fail,pass,,,18,0.4.0,2026-08-07
insyncanalytics.com,1,0,Absent,,error,fail,fail,error,skip,skip,error,skip,skip,fail,fail,,,35,0.4.0,2026-08-07
intelcue.ai,1,15,Text-only,,fail,fail,fail,fail,skip,skip,fail,skip,skip,pass,pass,,,27,0.4.0,2026-08-07
intencheck.com,1,0,Absent,,fail,fail,fail,fail,skip,skip,fail,skip,skip,fail,fail,,,15,0.4.0,2026-08-07
intencion.io,1,10,Text-only,,fail,fail,fail,fail,skip,skip,fail,skip,skip,pass,fail,,,14,0.4.0,2026-08-07
intentions.me,1,5,Text-only,,fail,fail,fail,fail,skip,skip,fail,skip,skip,fail,pass,,,29,0.4.0,2026-08-07
intentlink.io,1,0,Absent,,fail,fail,fail,fail,skip,skip,fail,skip,skip,fail,fail,,,16,0.4.0,2026-08-07
intentwake.com,1,80,Connectable,,fail,fail,pass,fail,pass,fail,fail,skip,skip,pass,fail,,modern,23,0.4.0,2026-08-07
intentweave-mcp.onrender.com,1,70,Connectable,,pass,fail,pass,fail,pass,fail,fail,fail,skip,fail,fail,mcp-server-card-json,legacy,34,0.4.0,2026-08-07
interbang.app,1,50,Discoverable,,fail,fail,fail,pass,skip,skip,fail,skip,skip,pass,pass,,,16,0.4.0,2026-08-07
interlagos.sampa.br,1,100,Agent-ready,,pass,fail,pass,fail,pass,pass,fail,pass,pass,pass,pass,mcp-json,legacy,23,0.4.0,2026-08-07
intermediair.nl,1,40,Discoverable,,pass,fail,pass,fail,fail,skip,fail,skip,skip,fail,pass,mcp-json,,37,0.4.0,2026-08-07
interpretai.tech,1,5,Text-only,,fail,fail,fail,fail,skip,skip,fail,skip,skip,fail,pass,,,15,0.4.0,2026-08-07
interzoid.com,1,10,Text-only,,fail,fail,fail,error,skip,skip,fail,skip,skip,pass,fail,,,25,0.4.0,2026-08-07
inthread.dev,1,0,Absent,,error,error,fail,error,skip,skip,error,skip,skip,fail,fail,,,25,0.4.0,2026-08-07
intrane.fr,1,0,Absent,,fail,fail,fail,fail,skip,skip,fail,skip,skip,fail,fail,,,25,0.4.0,2026-08-07
intuitek.ai,1,45,Discoverable,,fail,pass,fail,fail,skip,skip,fail,skip,skip,pass,fail,,,18,0.4.0,2026-08-07
inutriplan.com,1,15,Text-only,,fail,fail,fail,fail,skip,skip,fail,skip,skip,pass,pass,,,17,0.4.0,2026-08-07
invaro.ai,1,0,Absent,,fail,fail,fail,fail,skip,skip,fail,skip,skip,fail,fail,,,30,0.4.0,2026-08-07
inventoryhero.ai,1,15,Text-only,,fail,fail,fail,fail,skip,skip,fail,skip,skip,pass,pass,,,27,0.4.0,2026-08-07
investhive.com,1,10,Text-only,,fail,fail,fail,fail,skip,skip,fail,skip,skip,pass,fail,,,14,0.4.0,2026-08-07
investmint.ru,1,70,Connectable,,fail,fail,pass,fail,pass,fail,fail,skip,skip,fail,fail,,legacy,23,0.4.0,2026-08-07
inviaggioallecanarie.it,1,10,Text-only,,fail,fail,fail,fail,skip,skip,fail,skip,skip,pass,fail,,,18,0.4.0,2026-08-07
invisibleexit.com,1,50,Discoverable,,pass,fail,fail,fail,skip,skip,fail,skip,skip,pass,pass,mcp-json,,15,0.4.0,2026-08-07
invoicebadger.com,1,45,Discoverable,,fail,fail,fail,pass,skip,skip,fail,skip,skip,pass,fail,,,15,0.4.0,2026-08-07
invoicehub.dev,1,10,Text-only,,fail,fail,fail,fail,skip,skip,fail,skip,skip,pass,fail,,,16,0.4.0,2026-08-07
invoicexml.com,1,50,Discoverable,,fail,fail,fail,pass,skip,skip,fail,skip,skip,pass,pass,,,36,0.4.0,2026-08-07
invoker.page,1,0,Absent,,fail,fail,fail,fail,skip,skip,fail,skip,skip,fail,fail,,,20,0.4.0,2026-08-07
invokera.com,1,10,Text-only,,fail,fail,fail,fail,skip,skip,fail,skip,skip,pass,fail,,,20,0.4.0,2026-08-07
inxy.ai,1,10,Text-only,,fail,fail,fail,fail,skip,skip,fail,skip,skip,pass,fail,,,21,0.4.0,2026-08-07
io-aerospace.org,1,10,Text-only,,fail,fail,fail,fail,skip,skip,fail,skip,skip,pass,fail,,,33,0.4.0,2026-08-07
iox.cloud,1,0,Absent,,fail,fail,fail,fail,skip,skip,fail,skip,skip,fail,fail,,,22,0.4.0,2026-08-07
ip-geolocation-x402-production.up.railway.app,1,0,Absent,,fail,fail,fail,fail,skip,skip,fail,skip,skip,fail,fail,,,34,0.4.0,2026-08-07
ip.app,1,10,Text-only,,fail,fail,fail,fail,skip,skip,fail,skip,skip,pass,fail,,,20,0.4.0,2026-08-07
ipayx.ai,1,45,Discoverable,,pass,fail,fail,fail,skip,skip,fail,skip,skip,pass,fail,mcp-json,,33,0.4.0,2026-08-07
ipdefender.eu,1,35,Discoverable,,fail,fail,fail,pass,skip,skip,fail,skip,skip,fail,fail,,,41,0.4.0,2026-08-07
ipnex.ai,1,10,Text-only,,fail,fail,fail,fail,skip,skip,fail,skip,skip,pass,fail,,,21,0.4.0,2026-08-07
ipnex.onrender.com,1,10,Text-only,,fail,fail,fail,fail,skip,skip,fail,skip,skip,pass,fail,,,34,0.4.0,2026-08-07
ipogrid.com,1,35,Discoverable,,pass,fail,fail,pass,skip,skip,fail,skip,skip,fail,fail,mcp-server-card-json,,19,0.4.0,2026-08-07
iquesta.com,1,0,Absent,,fail,fail,fail,fail,skip,skip,fail,skip,skip,fail,fail,,,27,0.4.0,2026-08-07
irishealth.bio,1,0,Absent,,fail,fail,fail,fail,skip,skip,fail,skip,skip,fail,fail,,,31,0.4.0,2026-08-07
ironcladverified.com,1,10,Text-only,,fail,fail,fail,fail,skip,skip,fail,skip,skip,pass,fail,,,19,0.4.0,2026-08-07
ironflip.duckdns.org,1,10,Text-only,,fail,fail,fail,fail,skip,skip,fail,skip,skip,pass,fail,,,33,0.4.0,2026-08-07
ironscout.ai,1,70,Connectable,,fail,fail,pass,fail,pass,fail,fail,skip,skip,fail,fail,,legacy,38,0.4.0,2026-08-07
ironshell.io,1,0,Absent,,fail,fail,fail,fail,skip,skip,fail,skip,skip,fail,fail,,,22,0.4.0,2026-08-07
irrational.pages.dev,1,10,Text-only,,fail,fail,fail,fail,skip,skip,fail,skip,skip,pass,fail,,,20,0.4.0,2026-08-07
is-real-biz.workers.dev,1,0,Absent,,error,fail,fail,error,skip,skip,error,skip,skip,fail,fail,,,10,0.4.0,2026-08-07
isitdeprecated.com,1,0,Absent,,fail,fail,fail,fail,skip,skip,fail,skip,skip,fail,fail,,,32,0.4.0,2026-08-07
isittrustready.ai,1,95,Agent-ready,,pass,fail,fail,fail,pass,pass,fail,fail,pass,pass,fail,mcp-bare|mcp-server-card-json,legacy,35,0.4.0,2026-08-07
iskra-bot.xyz,1,0,Absent,,error,fail,fail,error,skip,skip,error,skip,skip,fail,fail,,,48,0.4.0,2026-08-07
it-e3f.workers.dev,1,0,Absent,,error,fail,fail,error,skip,skip,error,skip,skip,fail,fail,,,6,0.4.0,2026-08-07
itaimbibi.sampa.br,1,100,Agent-ready,,pass,fail,pass,fail,pass,pass,fail,pass,pass,pass,pass,mcp-json,legacy,22,0.4.0,2026-08-07
itcons.app,1,5,Text-only,,fail,fail,fail,fail,skip,skip,fail,skip,skip,fail,pass,,,17,0.4.0,2026-08-07
itechsmart.dev,1,0,Absent,,fail,fail,fail,fail,skip,skip,fail,skip,skip,fail,fail,,,20,0.4.0,2026-08-07
iteon.pl,1,15,Text-only,,fail,fail,fail,fail,skip,skip,fail,skip,skip,pass,pass,,,24,0.4.0,2026-08-07
iterationlayer.com,1,0,Absent,,fail,fail,fail,fail,skip,skip,fail,skip,skip,fail,fail,,,23,0.4.0,2026-08-07
iterruptivo.com,1,15,Text-only,,fail,fail,fail,fail,skip,skip,fail,skip,skip,pass,pass,,,24,0.4.0,2026-08-07
ithz.dev,1,15,Text-only,,fail,fail,fail,fail,skip,skip,fail,skip,skip,pass,pass,,,27,0.4.0,2026-08-07
itjuzi.com,1,0,Absent,,fail,fail,fail,fail,skip,skip,fail,skip,skip,fail,fail,,,34,0.4.0,2026-08-07
itmplatform.com,1,10,Text-only,,fail,fail,fail,fail,skip,skip,fail,skip,skip,pass,fail,,,35,0.4.0,2026-08-07
itsgloria.ai,1,0,Absent,,fail,fail,fail,fail,skip,skip,fail,skip,skip,fail,fail,,,37,0.4.0,2026-08-07
iturri.ai,1,80,Connectable,,pass,fail,fail,fail,pass,pass,fail,skip,fail,pass,fail,mcp-bare,legacy,27,0.4.0,2026-08-07
itutoronline.com,1,95,Agent-ready,,pass,fail,fail,fail,pass,pass,fail,pass,pass,pass,fail,mcp-json,legacy,28,0.4.0,2026-08-07
iunera.com,1,0,Absent,,fail,fail,fail,fail,skip,skip,fail,skip,skip,fail,fail,,,40,0.4.0,2026-08-07
ivanstanojevic.me,1,0,Absent,,fail,fail,fail,fail,skip,skip,fail,skip,skip,fail,fail,,,23,0.4.0,2026-08-07
ivdframework.dev,1,0,Absent,,fail,fail,fail,fail,skip,skip,fail,skip,skip,fail,fail,,,23,0.4.0,2026-08-07
ivisa.com,1,45,Discoverable,,fail,fail,fail,pass,skip,skip,fail,skip,skip,pass,fail,,,34,0.4.0,2026-08-07
ivnmscuuljqubunqcgkh.supabase.co,1,0,Absent,,fail,fail,fail,fail,skip,skip,fail,skip,skip,fail,fail,,,23,0.4.0,2026-08-07
ivoryriver.store,1,45,Discoverable,,pass,fail,fail,fail,fail,skip,fail,skip,skip,pass,fail,mcp-json,,27,0.4.0,2026-08-07
iwant.fyi,1,95,Agent-ready,,pass,fail,fail,fail,pass,pass,fail,fail,pass,pass,fail,mcp-json,legacy,28,0.4.0,2026-08-07
iwebdevelopment.com,1,0,Absent,,fail,fail,fail,fail,skip,skip,fail,skip,skip,fail,fail,,,36,0.4.0,2026-08-07
izap.ai,1,45,Discoverable,,fail,fail,fail,pass,skip,skip,fail,skip,skip,pass,fail,,,23,0.4.0,2026-08-07
izhost.com,1,10,Text-only,,fail,fail,fail,fail,skip,skip,fail,skip,skip,pass,fail,,,27,0.4.0,2026-08-07
izifete.fr,1,80,Connectable,,pass,fail,fail,fail,pass,fail,fail,pass,skip,pass,fail,mcp-json,legacy,25,0.4.0,2026-08-07
jacktrade.co,1,35,Discoverable,,fail,pass,fail,fail,skip,skip,fail,skip,skip,fail,fail,,,19,0.4.0,2026-08-07
jacktrade.xyz,1,0,Absent,,error,fail,fail,error,skip,skip,error,skip,skip,fail,fail,,,29,0.4.0,2026-08-07
jaco-veldsman.workers.dev,1,0,Absent,,error,fail,fail,error,skip,skip,error,skip,skip,fail,fail,,,7,0.4.0,2026-08-07
jadagnino.workers.dev,1,0,Absent,,error,fail,fail,error,skip,skip,error,skip,skip,fail,fail,,,7,0.4.0,2026-08-07
jadennuckels.chatgpt.site,1,0,Absent,,fail,fail,fail,fail,skip,skip,fail,skip,skip,fail,fail,,,19,0.4.0,2026-08-07
jadenote.app,1,15,Text-only,,fail,fail,fail,fail,skip,skip,fail,skip,skip,pass,pass,,,16,0.4.0,2026-08-07
jail.li,1,0,Absent,,error,fail,fail,error,skip,skip,error,skip,skip,fail,fail,,,31,0.4.0,2026-08-07
jakeoborn.workers.dev,1,0,Absent,,error,fail,fail,error,skip,skip,error,skip,skip,fail,fail,,,6,0.4.0,2026-08-07
jakvab.se,1,20,Text-only,,fail,fail,pass,fail,fail,skip,fail,skip,skip,fail,fail,,,19,0.4.0,2026-08-07
jamesprompt.com,1,70,Connectable,,fail,fail,pass,pass,pass,fail,fail,skip,skip,fail,fail,,modern,22,0.4.0,2026-08-07
jamesrosingmd.com,1,0,Absent,,fail,fail,fail,fail,skip,skip,fail,skip,skip,fail,fail,,,29,0.4.0,2026-08-07
jamp.io,1,45,Discoverable,,fail,fail,fail,pass,skip,skip,fail,skip,skip,pass,fail,,,14,0.4.0,2026-08-07
jampolls.com,1,0,Absent,,fail,fail,fail,fail,skip,skip,fail,skip,skip,fail,fail,,,17,0.4.0,2026-08-07
jani-828.workers.dev,1,0,Absent,,error,fail,fail,error,skip,skip,error,skip,skip,fail,fail,,,6,0.4.0,2026-08-07
janis7ewski.org,1,0,Absent,,fail,fail,fail,fail,skip,skip,fail,skip,skip,fail,fail,,,18,0.4.0,2026-08-07
jardins.sampa.br,1,100,Agent-ready,,pass,fail,pass,fail,pass,pass,fail,pass,pass,pass,pass,mcp-json,legacy,22,0.4.0,2026-08-07
jarvisclaw.ai,1,15,Text-only,,fail,fail,fail,fail,skip,skip,fail,skip,skip,pass,pass,,,25,0.4.0,2026-08-07
jason-12c.workers.dev,1,0,Absent,,error,fail,fail,error,skip,skip,error,skip,skip,fail,fail,,,6,0.4.0,2026-08-07
jasonpearson.dev,1,0,Absent,,fail,fail,fail,fail,skip,skip,fail,skip,skip,fail,fail,,,42,0.4.0,2026-08-07
jassverband.ch,1,0,Absent,,fail,fail,fail,fail,skip,skip,fail,skip,skip,fail,fail,,,29,0.4.0,2026-08-07
jasswiki.ch,1,85,Connectable,,pass,fail,fail,fail,pass,fail,fail,pass,skip,pass,pass,mcp-json|mcp-server-card-json,legacy,20,0.4.0,2026-08-07
jaymiller.workers.dev,1,0,Absent,,error,fail,fail,error,skip,skip,error,skip,skip,fail,fail,,,6,0.4.0,2026-08-07
jayson-be1.workers.dev,1,0,Absent,,error,fail,fail,error,skip,skip,error,skip,skip,fail,fail,,,6,0.4.0,2026-08-07
jcposada.workers.dev,1,0,Absent,,error,fail,fail,error,skip,skip,error,skip,skip,fail,fail,,,6,0.4.0,2026-08-07
jeda.ai,1,15,Text-only,,fail,fail,fail,fail,skip,skip,fail,skip,skip,pass,pass,,,18,0.4.0,2026-08-07
jediapps.com,1,10,Text-only,,fail,fail,fail,fail,skip,skip,fail,skip,skip,pass,fail,,,15,0.4.0,2026-08-07
jeeva-jyotish.com,1,75,Connectable,,fail,fail,pass,fail,pass,fail,fail,skip,skip,fail,pass,,legacy,26,0.4.0,2026-08-07
jeikin.com,1,15,Text-only,,fail,fail,fail,fail,skip,skip,fail,skip,skip,pass,pass,,,17,0.4.0,2026-08-07
jellypod.com,1,10,Text-only,,fail,fail,fail,fail,skip,skip,fail,skip,skip,pass,fail,,,32,0.4.0,2026-08-07
jenniferrebholz.com,1,10,Text-only,,fail,fail,fail,fail,skip,skip,fail,skip,skip,pass,fail,,,18,0.4.0,2026-08-07
jentic.com,1,10,Text-only,,fail,fail,fail,fail,skip,skip,fail,skip,skip,pass,fail,,,15,0.4.0,2026-08-07
jepto.com,1,80,Connectable,,fail,fail,pass,pass,pass,fail,fail,skip,skip,pass,fail,,modern,30,0.4.0,2026-08-07
jeremytwogood.com,1,85,Connectable,,pass,fail,pass,fail,pass,fail,fail,pass,skip,pass,pass,mcp-server-card-json,legacy,52,0.4.0,2026-08-07
jeroenbouma.com,1,5,Text-only,,fail,fail,fail,fail,skip,skip,fail,skip,skip,fail,pass,,,28,0.4.0,2026-08-07
jessesay.chatgpt.site,1,0,Absent,,fail,fail,fail,fail,skip,skip,fail,skip,skip,fail,fail,,,18,0.4.0,2026-08-07
jettyd.com,1,15,Text-only,,fail,fail,fail,fail,skip,skip,fail,skip,skip,pass,pass,,,18,0.4.0,2026-08-07
jewelrybysweetpea.com,1,80,Connectable,,pass,fail,fail,fail,pass,fail,fail,fail,skip,pass,fail,mcp-json|mcp-server-card-json,legacy,22,0.4.0,2026-08-07
jflamb.com,1,0,Absent,,error,fail,fail,error,skip,skip,error,skip,skip,fail,fail,,,41,0.4.0,2026-08-07
jfrog.github.io,1,0,Absent,,fail,fail,fail,fail,skip,skip,fail,skip,skip,fail,fail,,,28,0.4.0,2026-08-07
jiebang.site,1,40,Discoverable,,pass,fail,fail,fail,skip,skip,fail,skip,skip,fail,pass,mcp-server-card-json,,22,0.4.0,2026-08-07
jinero.online,1,95,Agent-ready,,fail,fail,pass,fail,pass,pass,fail,skip,pass,pass,fail,,legacy,23,0.4.0,2026-08-07
jinko.so,1,5,Text-only,,fail,fail,fail,fail,skip,skip,fail,skip,skip,fail,pass,,,15,0.4.0,2026-08-07
jinn.works,1,15,Text-only,,fail,fail,fail,fail,skip,skip,fail,skip,skip,pass,pass,,,30,0.4.0,2026-08-07
jithox.com,1,80,Connectable,,pass,fail,pass,pass,pass,fail,fail,fail,skip,pass,fail,mcp-json,legacy,23,0.4.0,2026-08-07
jitsu.com,1,10,Text-only,,fail,fail,fail,fail,skip,skip,fail,skip,skip,pass,fail,,,15,0.4.0,2026-08-07
jktjj.com,1,85,Connectable,,fail,fail,pass,fail,pass,fail,fail,skip,skip,pass,pass,,legacy,24,0.4.0,2026-08-07
jmavid.workers.dev,1,0,Absent,,error,fail,fail,error,skip,skip,error,skip,skip,fail,fail,,,6,0.4.0,2026-08-07
jmpy.me,1,50,Discoverable,,fail,fail,fail,pass,skip,skip,fail,skip,skip,pass,pass,,,17,0.4.0,2026-08-07
jmspfggpztykyubyzvlx.supabase.co,1,0,Absent,,fail,fail,fail,fail,skip,skip,fail,skip,skip,fail,fail,,,15,0.4.0,2026-08-07
jnexum.com,1,10,Text-only,,fail,fail,fail,fail,skip,skip,fail,skip,skip,pass,fail,,,13,0.4.0,2026-08-07
jobasean.com,1,0,Absent,,fail,fail,fail,fail,skip,skip,fail,skip,skip,fail,fail,,,17,0.4.0,2026-08-07
jobctl.app,1,0,Absent,,fail,fail,fail,fail,skip,skip,fail,skip,skip,fail,fail,,,15,0.4.0,2026-08-07
jobdonebot.com,1,50,Discoverable,,pass,fail,fail,fail,fail,skip,fail,skip,skip,pass,pass,mcp-json,,15,0.4.0,2026-08-07
jobero.ai,1,100,Agent-ready,,pass,fail,pass,pass,pass,pass,pass,fail,pass,pass,pass,server-card-endpoint-relative|ai-catalog|mcp-json|mcp-server-card-json,modern,19,0.4.0,2026-08-07
jobkeepr.com,1,80,Connectable,,fail,fail,pass,pass,pass,fail,fail,skip,skip,pass,fail,,modern,19,0.4.0,2026-08-07
jobmojito.com,1,80,Connectable,,fail,fail,pass,pass,pass,fail,fail,skip,skip,pass,fail,,modern,23,0.4.0,2026-08-07
jobo.world,1,75,Connectable,,fail,fail,pass,pass,pass,fail,fail,skip,skip,fail,pass,,modern,23,0.4.0,2026-08-07
jobsai.cz,1,15,Text-only,,fail,fail,fail,fail,skip,skip,fail,skip,skip,pass,pass,,,19,0.4.0,2026-08-07
jobsbase.io,1,85,Connectable,,pass,fail,pass,fail,pass,fail,fail,pass,skip,pass,pass,mcp-server-card-json,legacy,20,0.4.0,2026-08-07
jobspipe.dev,1,85,Connectable,,pass,fail,pass,pass,pass,fail,fail,skip,skip,pass,pass,ai-catalog|mcp-json|mcp-bare|mcp-server-card-json,modern,21,0.4.0,2026-08-07
jobstack-mcp.vercel.app,1,70,Connectable,,fail,fail,pass,fail,pass,fail,fail,skip,skip,fail,fail,,legacy,33,0.4.0,2026-08-07
jobyap.com,1,85,Connectable,,fail,fail,pass,fail,pass,pass,fail,skip,fail,pass,pass,,modern,21,0.4.0,2026-08-07
joe-glines.workers.dev,1,0,Absent,,error,fail,fail,error,skip,skip,error,skip,skip,fail,fail,,,6,0.4.0,2026-08-07
joelverhagen.com,1,0,Absent,,fail,fail,fail,fail,skip,skip,fail,skip,skip,fail,fail,,,29,0.4.0,2026-08-07
joerg-krauter.workers.dev,1,0,Absent,,error,fail,fail,error,skip,skip,error,skip,skip,fail,fail,,,6,0.4.0,2026-08-07
jogo.team,1,15,Text-only,,fail,fail,fail,fail,skip,skip,fail,skip,skip,pass,pass,,,14,0.4.0,2026-08-07
johnsessentials.com,1,5,Text-only,,fail,fail,fail,fail,skip,skip,fail,skip,skip,fail,pass,,,16,0.4.0,2026-08-07
joinbudget.com,1,45,Discoverable,,pass,fail,fail,pass,skip,skip,fail,skip,skip,pass,fail,mcp-json,,15,0.4.0,2026-08-07
joinmultiplayer.ai,1,10,Text-only,,fail,fail,fail,fail,skip,skip,fail,skip,skip,pass,fail,,,15,0.4.0,2026-08-07
joinnod.com,1,0,Absent,,fail,fail,fail,fail,skip,skip,fail,skip,skip,fail,fail,,,32,0.4.0,2026-08-07
joinplexa.com,1,50,Discoverable,,pass,fail,fail,fail,fail,skip,pass,skip,skip,pass,pass,ai-catalog|mcp-server-card-json,,28,0.4.0,2026-08-07
joinsandwich.com,1,95,Agent-ready,,pass,fail,fail,fail,pass,pass,fail,pass,pass,pass,fail,mcp-json,legacy,35,0.4.0,2026-08-07
joinways.app,1,50,Discoverable,,pass,fail,fail,pass,skip,skip,fail,skip,skip,pass,pass,mcp-server-card-json,,15,0.4.0,2026-08-07
jonathanmostov.workers.dev,1,0,Absent,,error,fail,fail,error,skip,skip,error,skip,skip,fail,fail,,,6,0.4.0,2026-08-07
jordan-trana.workers.dev,1,0,Absent,,error,fail,fail,error,skip,skip,error,skip,skip,fail,fail,,,6,0.4.0,2026-08-07
jotform.com,1,5,Text-only,,fail,fail,fail,fail,skip,skip,fail,skip,skip,fail,pass,,,32,0.4.0,2026-08-07
joules.cc,1,10,Text-only,,fail,fail,fail,fail,skip,skip,fail,skip,skip,pass,fail,,,17,0.4.0,2026-08-07
journalize.dev,1,10,Text-only,,fail,fail,fail,fail,skip,skip,fail,skip,skip,pass,fail,,,15,0.4.0,2026-08-07
joy-connect.fly.dev,1,0,Absent,,fail,fail,fail,fail,skip,skip,fail,skip,skip,fail,fail,,,15,0.4.0,2026-08-07
jp-biz-opportunity-62ko7b2uwa-an.a.run.app,1,80,Connectable,,fail,fail,pass,fail,pass,fail,fail,skip,skip,pass,fail,,legacy,33,0.4.0,2026-08-07
jp-crypto-tax-rules-62ko7b2uwa-an.a.run.app,1,80,Connectable,,fail,fail,pass,fail,pass,fail,fail,skip,skip,pass,fail,,legacy,33,0.4.0,2026-08-07
jp-data-api-production.up.railway.app,1,0,Absent,,fail,fail,fail,fail,skip,skip,fail,skip,skip,fail,fail,,,28,0.4.0,2026-08-07
jp-m2m-gateway-62ko7b2uwa-an.a.run.app,1,80,Connectable,,fail,fail,pass,fail,pass,fail,fail,skip,skip,pass,fail,,legacy,33,0.4.0,2026-08-07
jpyc-info.com,1,5,Text-only,,fail,fail,fail,fail,skip,skip,fail,skip,skip,fail,pass,,,15,0.4.0,2026-08-07
jpyc-service.com,1,0,Absent,,error,fail,fail,error,skip,skip,error,skip,skip,fail,fail,,,3,0.4.0,2026-08-07
json-validator-x402-production.up.railway.app,1,0,Absent,,fail,fail,fail,fail,skip,skip,fail,skip,skip,fail,fail,,,28,0.4.0,2026-08-07
jsonaut-shaurya.workers.dev,1,0,Absent,,error,fail,fail,error,skip,skip,error,skip,skip,fail,fail,,,6,0.4.0,2026-08-07
jsonlify.com,1,70,Connectable,,pass,fail,pass,fail,pass,fail,fail,skip,skip,fail,fail,mcp-json,legacy,39,0.4.0,2026-08-07
jsonshelf.vercel.app,1,45,Discoverable,,pass,fail,fail,fail,skip,skip,fail,skip,skip,pass,fail,mcp-json,,28,0.4.0,2026-08-07
jtrholidays.com,1,0,Absent,,fail,fail,fail,fail,skip,skip,fail,skip,skip,fail,fail,,,44,0.4.0,2026-08-07
jumpcloud.com,1,10,Text-only,,fail,fail,fail,fail,skip,skip,fail,skip,skip,pass,fail,,,18,0.4.0,2026-08-07
jumpseller.com,1,10,Text-only,,fail,fail,fail,fail,skip,skip,fail,skip,skip,pass,fail,,,18,0.4.0,2026-08-07
junely.co,1,85,Connectable,,fail,fail,pass,pass,pass,pass,fail,skip,fail,pass,pass,,legacy,20,0.4.0,2026-08-07
junglecleaner.com,1,95,Agent-ready,,fail,fail,pass,fail,pass,pass,fail,skip,pass,pass,fail,,legacy,20,0.4.0,2026-08-07
junkyard.guru,1,0,Absent,,error,fail,fail,error,skip,skip,error,skip,skip,fail,fail,,,41,0.4.0,2026-08-07
juno-health-tools.vercel.app,1,70,Connectable,,fail,fail,pass,fail,pass,pass,fail,skip,fail,fail,fail,,modern,32,0.4.0,2026-08-07
juno.ventures,1,0,Absent,,fail,fail,fail,fail,skip,skip,fail,skip,skip,fail,fail,,,32,0.4.0,2026-08-07
jupiter-quotes-x402-production.up.railway.app,1,0,Absent,,fail,fail,fail,fail,skip,skip,fail,skip,skip,fail,fail,,,28,0.4.0,2026-08-07
jupiterinvoice.com,1,45,Discoverable,,pass,fail,fail,fail,skip,skip,fail,skip,skip,pass,fail,mcp-json,,14,0.4.0,2026-08-07
jupitersignup.com,1,85,Connectable,,pass,fail,pass,fail,pass,fail,fail,skip,skip,pass,pass,mcp-json,modern,18,0.4.0,2026-08-07
juribase.com.br,1,5,Text-only,,fail,fail,fail,fail,skip,skip,fail,skip,skip,fail,pass,,,15,0.4.0,2026-08-07
jurisprudencias.ai,1,45,Discoverable,,fail,fail,fail,pass,skip,skip,fail,skip,skip,pass,fail,,,13,0.4.0,2026-08-07
justack.ai,1,0,Absent,,fail,fail,fail,fail,skip,skip,fail,skip,skip,fail,fail,,,15,0.4.0,2026-08-07
justcall.host,1,0,Absent,,error,fail,fail,error,skip,skip,error,skip,skip,fail,fail,,,5,0.4.0,2026-08-07
justdeploy.ai,1,10,Text-only,,fail,fail,fail,fail,skip,skip,fail,skip,skip,pass,fail,,,31,0.4.0,2026-08-07
justdomain.ai,1,45,Discoverable,,pass,fail,fail,fail,skip,skip,fail,skip,skip,pass,fail,mcp-server-card-json,,18,0.4.0,2026-08-07
justdrop.ai,1,15,Text-only,,fail,fail,fail,fail,skip,skip,fail,skip,skip,pass,pass,,,14,0.4.0,2026-08-07
justfill.app,1,50,Discoverable,,pass,fail,fail,pass,fail,skip,fail,skip,skip,pass,pass,mcp-json,,16,0.4.0,2026-08-07
justfix.app,1,0,Absent,,fail,fail,fail,fail,skip,skip,fail,skip,skip,fail,fail,,,30,0.4.0,2026-08-07
justhappened.wtf,1,0,Absent,,fail,fail,fail,fail,skip,skip,fail,skip,skip,fail,fail,,,14,0.4.0,2026-08-07
justicelibre.org,1,10,Text-only,,fail,fail,fail,fail,skip,skip,fail,skip,skip,pass,fail,,,13,0.4.0,2026-08-07
justonce.ai,1,15,Text-only,,fail,fail,fail,fail,skip,skip,fail,skip,skip,pass,pass,,,18,0.4.0,2026-08-07
justpublish.ai,1,95,Agent-ready,,pass,fail,pass,fail,pass,pass,fail,pass,pass,pass,fail,mcp-server-card-json,legacy,21,0.4.0,2026-08-07
jwpalm99.workers.dev,1,0,Absent,,error,fail,fail,error,skip,skip,error,skip,skip,fail,fail,,,6,0.4.0,2026-08-07
jwt-decoder-production.up.railway.app,1,0,Absent,,fail,fail,fail,fail,skip,skip,fail,skip,skip,fail,fail,,,28,0.4.0,2026-08-07
jwt-decoder-x402-production.up.railway.app,1,0,Absent,,fail,fail,fail,fail,skip,skip,fail,skip,skip,fail,fail,,,28,0.4.0,2026-08-07
jyotishintelligence.com,1,50,Discoverable,,pass,fail,fail,fail,skip,skip,fail,skip,skip,pass,pass,mcp-json,,15,0.4.0,2026-08-07
k-work-trust-api.fly.dev,1,0,Absent,,error,fail,fail,error,skip,skip,error,skip,skip,fail,fail,,,3,0.4.0,2026-08-07
k01.is,1,15,Text-only,,fail,fail,fail,fail,skip,skip,fail,skip,skip,pass,pass,,,17,0.4.0,2026-08-07
k4tech.net,1,0,Absent,,fail,fail,fail,fail,skip,skip,fail,skip,skip,fail,fail,,,15,0.4.0,2026-08-07
kaalshodh.com,1,0,Absent,,fail,fail,fail,fail,skip,skip,fail,skip,skip,fail,fail,,,19,0.4.0,2026-08-07
kabrawala.workers.dev,1,0,Absent,,error,fail,fail,error,skip,skip,error,skip,skip,fail,fail,,,6,0.4.0,2026-08-07
kachink.app,1,0,Absent,,fail,fail,fail,fail,skip,skip,fail,skip,skip,fail,fail,,,14,0.4.0,2026-08-07
kael.ink,1,0,Absent,,error,fail,fail,error,skip,skip,error,skip,skip,fail,fail,,,31,0.4.0,2026-08-07
kage-core.com,1,0,Absent,,fail,fail,fail,fail,skip,skip,fail,skip,skip,fail,fail,,,15,0.4.0,2026-08-07
kahvetabela.com,1,85,Connectable,,pass,fail,fail,fail,pass,pass,fail,pass,fail,pass,pass,mcp-server-card-json,legacy,21,0.4.0,2026-08-07
kai-agi.com,1,0,Absent,,fail,fail,fail,fail,skip,skip,fail,skip,skip,fail,fail,,,17,0.4.0,2026-08-07
kaicalls.com,1,50,Discoverable,,pass,fail,fail,pass,skip,skip,fail,skip,skip,pass,pass,mcp-json|mcp-server-card-json,,27,0.4.0,2026-08-07
kaidn.io,1,10,Text-only,,fail,fail,fail,fail,skip,skip,fail,skip,skip,pass,fail,,,16,0.4.0,2026-08-07
kaimeilabs.dev,1,0,Absent,,fail,fail,fail,fail,skip,skip,fail,skip,skip,fail,fail,,,16,0.4.0,2026-08-07
kairossignal.com,1,45,Discoverable,,pass,fail,fail,fail,fail,skip,fail,skip,skip,pass,fail,mcp-json|mcp-server-card-json,,24,0.4.0,2026-08-07
kaitoi.io,1,10,Text-only,,fail,fail,fail,fail,skip,skip,fail,skip,skip,pass,fail,,,15,0.4.0,2026-08-07
kaizan.ai,1,0,Absent,,fail,fail,fail,fail,skip,skip,fail,skip,skip,fail,fail,,,15,0.4.0,2026-08-07
kajabi.com,1,85,Connectable,,fail,fail,pass,pass,pass,fail,fail,skip,skip,pass,pass,,modern,29,0.4.0,2026-08-07
kajaril.com,1,75,Connectable,,pass,fail,fail,fail,pass,fail,pass,skip,skip,fail,pass,mcp-server-card-json,modern,20,0.4.0,2026-08-07
kaka-mcp-server-production.up.railway.app,1,70,Connectable,,fail,fail,pass,fail,pass,fail,fail,skip,skip,fail,fail,,legacy,33,0.4.0,2026-08-07
kalender-sync.de,1,10,Text-only,,fail,fail,fail,fail,skip,skip,fail,skip,skip,pass,fail,,,16,0.4.0,2026-08-07
kalicart.com,1,10,Text-only,,fail,fail,fail,fail,skip,skip,fail,skip,skip,pass,fail,,,31,0.4.0,2026-08-07
kalshi-mcp.com,1,45,Discoverable,,fail,fail,fail,pass,skip,skip,fail,skip,skip,pass,fail,,,17,0.4.0,2026-08-07
kamy.dev,1,85,Connectable,,pass,fail,fail,fail,pass,fail,fail,skip,skip,pass,pass,mcp-json,modern,20,0.4.0,2026-08-07
kanbanai.dev,1,85,Connectable,,pass,fail,fail,fail,pass,fail,fail,skip,skip,pass,pass,mcp-server-serra,modern,18,0.4.0,2026-08-07
kanbanthing.com,1,80,Connectable,,fail,fail,pass,fail,pass,fail,fail,skip,skip,pass,fail,,legacy,42,0.4.0,2026-08-07
kanera.app,1,15,Text-only,,fail,fail,fail,fail,skip,skip,fail,skip,skip,pass,pass,,,31,0.4.0,2026-08-07
kansei-link-mcp-production-b054.up.railway.app,1,70,Connectable,,fail,fail,pass,fail,pass,fail,fail,skip,skip,fail,fail,,legacy,33,0.4.0,2026-08-07
kapa.ai,1,45,Discoverable,,pass,fail,pass,fail,fail,skip,fail,skip,skip,pass,fail,mcp-server-card-json,,38,0.4.0,2026-08-07
kapoost-humanmcp.fly.dev,1,95,Agent-ready,,fail,fail,pass,fail,pass,pass,fail,skip,pass,pass,fail,,legacy,20,0.4.0,2026-08-07
kapruka.com,1,15,Text-only,,fail,fail,fail,fail,skip,skip,fail,skip,skip,pass,pass,,,31,0.4.0,2026-08-07
kariops.com,1,15,Text-only,,fail,fail,fail,fail,skip,skip,fail,skip,skip,pass,pass,,,17,0.4.0,2026-08-07
karve.sa,1,85,Connectable,,fail,fail,pass,fail,pass,fail,fail,skip,skip,pass,pass,,legacy,22,0.4.0,2026-08-07
kasabeh.tech,1,0,Absent,,fail,fail,fail,fail,skip,skip,fail,skip,skip,fail,fail,,,15,0.4.0,2026-08-07
kasahorow.com,1,5,Text-only,,fail,fail,fail,fail,skip,skip,fail,skip,skip,fail,pass,,,24,0.4.0,2026-08-07
kasanegi123.workers.dev,1,0,Absent,,error,fail,fail,error,skip,skip,error,skip,skip,fail,fail,,,6,0.4.0,2026-08-07
katalon.io,1,0,Absent,,error,fail,fail,error,skip,skip,error,skip,skip,fail,fail,,,44,0.4.0,2026-08-07
kavara.ai,1,15,Text-only,,fail,fail,fail,fail,skip,skip,fail,skip,skip,pass,pass,,,16,0.4.0,2026-08-07
kavel.ai,1,15,Text-only,,fail,fail,fail,fail,skip,skip,fail,skip,skip,pass,pass,,,27,0.4.0,2026-08-07
kavra.cloud,1,0,Absent,,fail,fail,fail,fail,skip,skip,fail,skip,skip,fail,fail,,,28,0.4.0,2026-08-07
kawacode.ai,1,0,Absent,,fail,fail,fail,fail,skip,skip,fail,skip,skip,fail,fail,,,16,0.4.0,2026-08-07
kcaldata.com,1,15,Text-only,,fail,fail,fail,fail,skip,skip,fail,skip,skip,pass,pass,,,16,0.4.0,2026-08-07
kcaldata.onrender.com,1,0,Absent,,fail,fail,fail,fail,skip,skip,fail,skip,skip,fail,fail,,,28,0.4.0,2026-08-07
kdandoc.com,1,15,Text-only,,fail,fail,fail,fail,skip,skip,fail,skip,skip,pass,pass,,,31,0.4.0,2026-08-07
kdata-gate.vercel.app,1,85,Connectable,,fail,fail,pass,fail,pass,fail,fail,skip,skip,pass,pass,,legacy,33,0.4.0,2026-08-07
keboola.com,1,85,Connectable,,pass,fail,pass,pass,pass,fail,pass,skip,skip,pass,pass,mcp-server-card-json,modern,37,0.4.0,2026-08-07
keenable.ai,1,10,Text-only,,fail,fail,fail,fail,skip,skip,fail,skip,skip,pass,fail,,,16,0.4.0,2026-08-07
keenethics-labs.com,1,0,Absent,,fail,fail,fail,fail,skip,skip,fail,skip,skip,fail,fail,,,15,0.4.0,2026-08-07
keenielts.com,1,80,Connectable,,pass,fail,fail,fail,pass,fail,fail,fail,skip,pass,fail,mcp-json,legacy,20,0.4.0,2026-08-07
keeperhub.com,1,15,Text-only,,fail,fail,fail,fail,skip,skip,fail,skip,skip,pass,pass,,,18,0.4.0,2026-08-07
keepflash.com,1,0,Absent,,fail,fail,fail,fail,skip,skip,fail,skip,skip,fail,fail,,,16,0.4.0,2026-08-07
keepingtrack.biz,1,0,Absent,,fail,fail,fail,fail,skip,skip,fail,skip,skip,fail,fail,,,15,0.4.0,2026-08-07
keepmysubs.com,1,35,Discoverable,,fail,fail,fail,pass,skip,skip,fail,skip,skip,fail,fail,,,15,0.4.0,2026-08-07
keibai-hub.com,1,15,Text-only,,fail,fail,fail,fail,skip,skip,fail,skip,skip,pass,pass,,,16,0.4.0,2026-08-07
keito.ai,1,10,Text-only,,fail,fail,fail,fail,skip,skip,fail,skip,skip,pass,fail,,,20,0.4.0,2026-08-07
kekwanu.com,1,5,Text-only,,fail,fail,fail,fail,skip,skip,fail,skip,skip,fail,pass,,,15,0.4.0,2026-08-07
kenoodl.com,1,100,Agent-ready,,pass,fail,pass,pass,pass,pass,fail,pass,pass,pass,pass,mcp-server-card-json,legacy,20,0.4.0,2026-08-07
kenva.workers.dev,1,0,Absent,,error,fail,fail,error,skip,skip,error,skip,skip,fail,fail,,,6,0.4.0,2026-08-07
kenwea.com,1,50,Discoverable,,pass,fail,fail,fail,fail,skip,fail,skip,skip,pass,pass,mcp-bare,,34,0.4.0,2026-08-07
keploy.io,1,15,Text-only,,fail,fail,fail,fail,skip,skip,fail,skip,skip,pass,pass,,,24,0.4.0,2026-08-07
kernelcad.com,1,0,Absent,,fail,fail,fail,fail,skip,skip,fail,skip,skip,fail,fail,,,20,0.4.0,2026-08-07
kernelscan.io,1,0,Absent,,fail,fail,fail,fail,skip,skip,fail,skip,skip,fail,fail,,,15,0.4.0,2026-08-07
kernora.ai,1,85,Connectable,,fail,fail,pass,fail,pass,pass,fail,skip,pass,fail,fail,,legacy,23,0.4.0,2026-08-07
keryo.io,1,80,Connectable,,fail,fail,pass,pass,pass,fail,fail,skip,skip,pass,fail,,modern,22,0.4.0,2026-08-07
keryx.cc,1,10,Text-only,,fail,fail,fail,fail,skip,skip,fail,skip,skip,pass,fail,,,14,0.4.0,2026-08-07
kesey.agency,1,15,Text-only,,fail,fail,fail,fail,skip,skip,fail,skip,skip,pass,pass,,,15,0.4.0,2026-08-07
kettlelogic.com,1,15,Text-only,,fail,fail,fail,fail,skip,skip,fail,skip,skip,pass,pass,,,15,0.4.0,2026-08-07
kevincogan.github.io,1,0,Absent,,fail,fail,fail,fail,skip,skip,fail,skip,skip,fail,fail,,,28,0.4.0,2026-08-07
keyboardcrumbs.com,1,0,Absent,,fail,fail,fail,fail,skip,skip,fail,skip,skip,fail,fail,,,15,0.4.0,2026-08-07
keyboardia.dev,1,85,Connectable,,fail,fail,pass,fail,pass,pass,fail,skip,pass,fail,fail,,modern,19,0.4.0,2026-08-07
keyhalve.com,1,85,Connectable,,fail,fail,pass,fail,pass,pass,fail,skip,pass,fail,fail,,legacy,23,0.4.0,2026-08-07
keyid.ai,1,10,Text-only,,fail,fail,fail,fail,skip,skip,fail,skip,skip,pass,fail,,,15,0.4.0,2026-08-07
keypup.io,1,15,Text-only,,fail,fail,fail,fail,skip,skip,fail,skip,skip,pass,pass,,,37,0.4.0,2026-08-07
keyword-research-x402-production.up.railway.app,1,0,Absent,,fail,fail,fail,fail,skip,skip,fail,skip,skip,fail,fail,,,28,0.4.0,2026-08-07
kfdadgtwmcmgehstagbe.supabase.co,1,0,Absent,,fail,fail,fail,fail,skip,skip,fail,skip,skip,fail,fail,,,15,0.4.0,2026-08-07
kgninja.dev,1,70,Connectable,,fail,fail,pass,pass,pass,pass,fail,skip,fail,fail,fail,,modern,23,0.4.0,2026-08-07
khamenei-online.org,1,0,Absent,,fail,fail,fail,fail,skip,skip,fail,skip,skip,fail,fail,,,17,0.4.0,2026-08-07
kidsstay.workers.dev,1,85,Connectable,,fail,fail,pass,fail,pass,pass,error,skip,pass,fail,fail,,legacy,12,0.4.0,2026-08-07
kifly.ai,1,35,Discoverable,,pass,fail,fail,pass,skip,skip,fail,skip,skip,fail,fail,mcp-server-card-json,,17,0.4.0,2026-08-07
kifly.io,1,0,Absent,,fail,fail,fail,fail,skip,skip,fail,skip,skip,fail,fail,,,18,0.4.0,2026-08-07
kilocode.ai,1,0,Absent,,fail,fail,fail,fail,skip,skip,fail,skip,skip,fail,fail,,,16,0.4.0,2026-08-07
kiloiot.io,1,50,Discoverable,,pass,fail,fail,pass,skip,skip,fail,skip,skip,pass,pass,mcp-server-card-json,,18,0.4.0,2026-08-07
kimchi-sushi.com,1,15,Text-only,,fail,fail,fail,fail,skip,skip,fail,skip,skip,pass,pass,,,14,0.4.0,2026-08-07
kimnchai.com,1,0,Absent,,error,fail,fail,error,skip,skip,error,skip,skip,fail,fail,,,3,0.4.0,2026-08-07
kimoun.com,1,15,Text-only,,fail,fail,fail,fail,skip,skip,fail,skip,skip,pass,pass,,,15,0.4.0,2026-08-07
kindora-mcp.azurewebsites.net,1,70,Connectable,,fail,fail,pass,fail,pass,fail,fail,skip,skip,fail,fail,,legacy,20,0.4.0,2026-08-07
kiprio.com,1,15,Text-only,,fail,fail,fail,fail,skip,skip,fail,skip,skip,pass,pass,,,25,0.4.0,2026-08-07
kismet.travel,1,100,Agent-ready,,pass,fail,pass,pass,pass,pass,fail,pass,pass,pass,pass,mcp-json,legacy,22,0.4.0,2026-08-07
kit-project.com,1,85,Connectable,,pass,fail,fail,fail,pass,fail,fail,pass,skip,pass,pass,mcp-json,legacy,21,0.4.0,2026-08-07
kite-mcp-server.fly.dev,1,35,Discoverable,,pass,fail,fail,pass,skip,skip,fail,skip,skip,fail,fail,mcp-server-card-json,,16,0.4.0,2026-08-07
kitsdeals.com,1,85,Connectable,,fail,fail,pass,fail,pass,pass,fail,skip,pass,fail,fail,,modern,21,0.4.0,2026-08-07
kive.ai,1,80,Connectable,,fail,fail,pass,pass,pass,fail,fail,skip,skip,pass,fail,,modern,22,0.4.0,2026-08-07
klanexai.com,1,70,Connectable,,fail,fail,pass,fail,pass,fail,fail,skip,skip,fail,fail,,legacy,22,0.4.0,2026-08-07
klavis.ai,1,10,Text-only,,fail,fail,fail,fail,skip,skip,fail,skip,skip,pass,fail,,,29,0.4.0,2026-08-07
klever.org,1,70,Connectable,,fail,fail,pass,fail,pass,fail,fail,skip,skip,fail,fail,,legacy,23,0.4.0,2026-08-07
klodkot.ai,1,80,Connectable,,fail,fail,pass,pass,pass,fail,fail,skip,skip,pass,fail,,modern,28,0.4.0,2026-08-07
klokin.io,1,15,Text-only,,fail,fail,fail,fail,skip,skip,fail,skip,skip,pass,pass,,,18,0.4.0,2026-08-07
kloudle.dev,1,0,Absent,,fail,fail,fail,fail,skip,skip,fail,skip,skip,fail,fail,,,22,0.4.0,2026-08-07
knigochit.ru,1,0,Absent,,fail,fail,fail,fail,skip,skip,fail,skip,skip,fail,fail,,,16,0.4.0,2026-08-07
knitli.com,1,0,Absent,,fail,fail,fail,fail,skip,skip,fail,skip,skip,fail,fail,,,15,0.4.0,2026-08-07
knotrik.com,1,70,Connectable,,fail,fail,pass,pass,pass,fail,fail,skip,skip,fail,fail,,modern,23,0.4.0,2026-08-07
knowalabs.com,1,5,Text-only,,fail,fail,fail,fail,skip,skip,fail,skip,skip,fail,pass,,,14,0.4.0,2026-08-07
knowledge-raven.com,1,5,Text-only,,fail,fail,fail,fail,skip,skip,fail,skip,skip,fail,pass,,,22,0.4.0,2026-08-07
knownissue.dev,1,70,Connectable,,fail,fail,pass,pass,pass,fail,fail,skip,skip,fail,fail,,modern,22,0.4.0,2026-08-07
knowtis.app,1,0,Absent,,fail,fail,fail,fail,skip,skip,fail,skip,skip,fail,fail,,,18,0.4.0,2026-08-07
knurl.tools,1,0,Absent,,fail,fail,fail,fail,skip,skip,fail,skip,skip,fail,fail,,,17,0.4.0,2026-08-07
ko.io,1,15,Text-only,,fail,fail,fail,fail,skip,skip,fail,skip,skip,pass,pass,,,19,0.4.0,2026-08-07
koalcheck.com,1,70,Connectable,,fail,fail,pass,pass,pass,fail,fail,skip,skip,fail,fail,,legacy,28,0.4.0,2026-08-07
kochava.com,1,15,Text-only,,fail,fail,fail,fail,skip,skip,fail,skip,skip,pass,pass,,,30,0.4.0,2026-08-07
kogcat.com,1,0,Absent,,fail,fail,fail,fail,skip,skip,fail,skip,skip,fail,fail,,,17,0.4.0,2026-08-07
kognitrix.com,1,5,Text-only,,fail,fail,fail,fail,skip,skip,fail,skip,skip,fail,pass,,,14,0.4.0,2026-08-07
kojwpbbznaxyoxyqfacc.supabase.co,1,0,Absent,,fail,fail,fail,fail,skip,skip,fail,skip,skip,fail,fail,,,15,0.4.0,2026-08-07
kokofinance.net,1,35,Discoverable,,fail,fail,fail,pass,skip,skip,fail,skip,skip,fail,fail,,,11,0.4.0,2026-08-07
kolada-mcp-pafn.onrender.com,1,0,Absent,,fail,fail,fail,fail,skip,skip,fail,skip,skip,fail,fail,,,54,0.4.0,2026-08-07
kolens.ai,1,85,Connectable,,fail,fail,pass,pass,pass,fail,fail,skip,skip,pass,pass,,modern,19,0.4.0,2026-08-07
kolmo.io,1,85,Connectable,,pass,fail,fail,fail,pass,fail,fail,fail,skip,pass,pass,mcp-json,legacy,34,0.4.0,2026-08-07
kolvera.io,1,50,Discoverable,,fail,fail,fail,pass,skip,skip,fail,skip,skip,pass,pass,,,29,0.4.0,2026-08-07
konbiniapi.com,1,85,Connectable,,fail,fail,pass,pass,pass,fail,fail,skip,skip,pass,pass,,modern,22,0.4.0,2026-08-07
kondux.io,1,0,Absent,,fail,fail,fail,fail,skip,skip,fail,skip,skip,fail,fail,,,29,0.4.0,2026-08-07
kontato.ai,1,10,Text-only,,fail,fail,fail,fail,skip,skip,fail,skip,skip,pass,fail,,,16,0.4.0,2026-08-07
kooexperience.com,1,15,Text-only,,fail,fail,fail,fail,skip,skip,fail,skip,skip,pass,pass,,,15,0.4.0,2026-08-07
kordiapp.com,1,35,Discoverable,,pass,fail,fail,pass,skip,skip,fail,skip,skip,fail,fail,mcp-server-card-json,,15,0.4.0,2026-08-07
kordic.io,1,0,Absent,,fail,fail,fail,fail,skip,skip,fail,skip,skip,fail,fail,,,18,0.4.0,2026-08-07
korea-flight-mcp.fly.dev,1,0,Absent,,error,fail,fail,error,skip,skip,error,skip,skip,fail,fail,,,3,0.4.0,2026-08-07
koreal6803.workers.dev,1,0,Absent,,error,fail,fail,error,skip,skip,error,skip,skip,fail,fail,,,6,0.4.0,2026-08-07
korean-agriculture-mcp.onrender.com,1,0,Absent,,fail,fail,fail,fail,skip,skip,fail,skip,skip,fail,fail,,,28,0.4.0,2026-08-07
korean-news-mcp.onrender.com,1,0,Absent,,fail,fail,fail,fail,skip,skip,fail,skip,skip,fail,fail,,,28,0.4.0,2026-08-07
korean-public-data-mcp.onrender.com,1,0,Absent,,fail,fail,fail,fail,skip,skip,fail,skip,skip,fail,fail,,,28,0.4.0,2026-08-07
korean-stock-mcp.onrender.com,1,0,Absent,,fail,fail,fail,fail,skip,skip,fail,skip,skip,fail,fail,,,28,0.4.0,2026-08-07
koreanpulse.dev,1,50,Discoverable,,pass,fail,pass,fail,fail,skip,fail,skip,skip,pass,pass,mcp-json,,22,0.4.0,2026-08-07
korext.com,1,0,Absent,,fail,fail,fail,fail,skip,skip,fail,skip,skip,fail,fail,,,22,0.4.0,2026-08-07
korey.ai,1,10,Text-only,,fail,fail,fail,fail,skip,skip,fail,skip,skip,pass,fail,,,24,0.4.0,2026-08-07
kortexio.io,1,0,Absent,,fail,fail,fail,fail,skip,skip,fail,skip,skip,fail,fail,,,19,0.4.0,2026-08-07
korture.com,1,0,Absent,,fail,fail,fail,fail,skip,skip,fail,skip,skip,fail,fail,,,31,0.4.0,2026-08-07
koyeb.app,1,0,Absent,,error,fail,fail,error,skip,skip,error,skip,skip,fail,fail,,,44,0.4.0,2026-08-07
kpidepot.com,1,85,Connectable,,pass,fail,fail,pass,pass,pass,fail,pass,pass,fail,fail,mcp-server-card-json,legacy,21,0.4.0,2026-08-07
krasoft.ru,1,0,Absent,,fail,fail,fail,fail,skip,skip,fail,skip,skip,fail,fail,,,15,0.4.0,2026-08-07
kresmion.com,1,45,Discoverable,,pass,fail,fail,pass,fail,skip,fail,skip,skip,pass,fail,mcp-json,,15,0.4.0,2026-08-07
krmfxedkxoyzkeqnijcd.supabase.co,1,0,Absent,,fail,fail,fail,fail,skip,skip,fail,skip,skip,fail,fail,,,15,0.4.0,2026-08-07
krobar.ai,1,45,Discoverable,,pass,fail,fail,fail,fail,skip,fail,skip,skip,pass,fail,mcp-json,,20,0.4.0,2026-08-07
krosos.com,1,0,Absent,,fail,fail,fail,fail,skip,skip,fail,skip,skip,fail,fail,,,14,0.4.0,2026-08-07
krtr.ai,1,35,Discoverable,,fail,fail,fail,pass,skip,skip,fail,skip,skip,fail,fail,,,14,0.4.0,2026-08-07
krystalview.com,1,35,Discoverable,,fail,fail,fail,pass,skip,skip,fail,skip,skip,fail,fail,,,20,0.4.0,2026-08-07
ksrnyx.top,1,5,Text-only,,fail,fail,fail,fail,skip,skip,fail,skip,skip,fail,pass,,,17,0.4.0,2026-08-07
kta-oracle.vercel.app,1,0,Absent,,fail,fail,fail,fail,skip,skip,fail,skip,skip,fail,fail,,,28,0.4.0,2026-08-07
ktcrystals.com,1,15,Text-only,,fail,fail,fail,fail,skip,skip,fail,skip,skip,pass,pass,,,17,0.4.0,2026-08-07
kubedoll.com,1,0,Absent,,fail,fail,fail,fail,skip,skip,fail,skip,skip,fail,fail,,,18,0.4.0,2026-08-07
kubik.tools,1,5,Text-only,,fail,fail,fail,fail,skip,skip,fail,skip,skip,fail,pass,,,18,0.4.0,2026-08-07
kubit.ai,1,70,Connectable,,fail,fail,pass,pass,pass,fail,fail,skip,skip,fail,fail,,modern,24,0.4.0,2026-08-07
kubova.com,1,10,Text-only,,fail,fail,fail,fail,skip,skip,fail,skip,skip,pass,fail,,,15,0.4.0,2026-08-07
kudosity.com,1,10,Text-only,,fail,fail,fail,fail,skip,skip,fail,skip,skip,pass,fail,,,18,0.4.0,2026-08-07
kuickr.co,1,80,Connectable,,pass,fail,fail,pass,pass,fail,fail,skip,skip,pass,fail,mcp-json,modern,19,0.4.0,2026-08-07
kultur.dev,1,0,Absent,,error,fail,fail,error,skip,skip,error,skip,skip,fail,fail,,,41,0.4.0,2026-08-07
kumbuka.ai,1,0,Absent,,fail,fail,fail,fail,skip,skip,fail,skip,skip,fail,fail,,,36,0.4.0,2026-08-07
kundlit.com,1,45,Discoverable,,pass,fail,fail,fail,fail,skip,fail,skip,skip,pass,fail,mcp-server-card-json,,15,0.4.0,2026-08-07
kunstudio.workers.dev,1,0,Absent,,error,fail,fail,error,skip,skip,error,skip,skip,fail,fail,,,6,0.4.0,2026-08-07
kurdishtts.com,1,15,Text-only,,fail,fail,fail,fail,skip,skip,fail,skip,skip,pass,pass,,,30,0.4.0,2026-08-07
kvasir.legal,1,50,Discoverable,,fail,fail,fail,pass,skip,skip,fail,skip,skip,pass,pass,,,14,0.4.0,2026-08-07
kwant.sh,1,15,Text-only,,fail,fail,fail,fail,skip,skip,fail,skip,skip,pass,pass,,,15,0.4.0,2026-08-07
kweenkl.com,1,35,Discoverable,,pass,fail,fail,fail,skip,skip,fail,skip,skip,fail,fail,mcp-json,,16,0.4.0,2026-08-07
kynosure.ai,1,0,Absent,,fail,fail,fail,fail,skip,skip,fail,skip,skip,fail,fail,,,20,0.4.0,2026-08-07
kynth.studio,1,80,Connectable,,fail,fail,pass,fail,pass,fail,fail,skip,skip,pass,fail,,modern,23,0.4.0,2026-08-07
l0g.fr,1,80,Connectable,,fail,fail,pass,fail,pass,fail,fail,skip,skip,pass,fail,,legacy,21,0.4.0,2026-08-07
l1979.ru,1,0,Absent,,fail,fail,fail,fail,skip,skip,fail,skip,skip,fail,fail,,,15,0.4.0,2026-08-07
la-palma24.net,1,45,Discoverable,,pass,fail,fail,fail,skip,skip,fail,skip,skip,pass,fail,mcp-json,,31,0.4.0,2026-08-07
labelchop.com,1,10,Text-only,,fail,fail,fail,fail,skip,skip,fail,skip,skip,pass,fail,,,14,0.4.0,2026-08-07
labelhead-mcp-public-production.up.railway.app,1,0,Absent,,fail,fail,fail,fail,skip,skip,fail,skip,skip,fail,fail,,,28,0.4.0,2026-08-07
labfolio.org,1,0,Absent,,fail,fail,fail,fail,skip,skip,fail,skip,skip,fail,fail,,,18,0.4.0,2026-08-07
labnotes.org,1,10,Text-only,,fail,fail,fail,fail,skip,skip,fail,skip,skip,pass,fail,,,21,0.4.0,2026-08-07
labor-trends-mcp.vercel.app,1,0,Absent,,fail,fail,fail,fail,skip,skip,fail,skip,skip,fail,fail,,,28,0.4.0,2026-08-07
labsaps-d35810f00db3.herokuapp.com,1,0,Absent,,fail,fail,fail,fail,skip,skip,fail,skip,skip,fail,fail,,,15,0.4.0,2026-08-07
lad.lviv.ua,1,80,Connectable,,pass,fail,pass,fail,pass,fail,pass,fail,skip,pass,fail,mcp-server-card-json,legacy,23,0.4.0,2026-08-07
ladderflow.ai,1,85,Connectable,,fail,fail,pass,pass,pass,fail,fail,skip,skip,pass,pass,,modern,21,0.4.0,2026-08-07
laddro.com,1,10,Text-only,,fail,fail,fail,fail,skip,skip,fail,skip,skip,pass,fail,,,30,0.4.0,2026-08-07
laei.ro,1,10,Text-only,,fail,fail,fail,fail,skip,skip,fail,skip,skip,pass,fail,,,14,0.4.0,2026-08-07
laguna-pools.ru,1,0,Absent,,fail,fail,fail,fail,skip,skip,fail,skip,skip,fail,fail,,,20,0.4.0,2026-08-07
lahend.ee,1,45,Discoverable,,pass,fail,fail,fail,skip,skip,fail,skip,skip,pass,fail,mcp-server-card-json,,14,0.4.0,2026-08-07
laibniz-scholarfetch-web.hf.space,1,20,Text-only,,fail,fail,pass,fail,fail,skip,fail,skip,skip,fail,fail,,,32,0.4.0,2026-08-07
lakpura.com,1,50,Discoverable,,fail,fail,fail,pass,skip,skip,fail,skip,skip,pass,pass,,,18,0.4.0,2026-08-07
lambdatest.com,1,0,Absent,,fail,fail,fail,fail,skip,skip,fail,skip,skip,fail,fail,,,30,0.4.0,2026-08-07
lance.app,1,10,Text-only,,fail,fail,fail,fail,skip,skip,fail,skip,skip,pass,fail,,,28,0.4.0,2026-08-07
landed.jobs,1,85,Connectable,,fail,fail,pass,fail,pass,fail,fail,skip,skip,pass,pass,,legacy,36,0.4.0,2026-08-07
landingconnect.com,1,10,Text-only,,fail,fail,fail,fail,skip,skip,fail,skip,skip,pass,fail,,,18,0.4.0,2026-08-07
language-detector-x402-production.up.railway.app,1,0,Absent,,fail,fail,fail,fail,skip,skip,fail,skip,skip,fail,fail,,,28,0.4.0,2026-08-07
lanlan.site,1,10,Text-only,,fail,fail,fail,fail,skip,skip,fail,skip,skip,pass,fail,,,18,0.4.0,2026-08-07
lantangtang54.workers.dev,1,0,Absent,,error,fail,fail,error,skip,skip,error,skip,skip,fail,fail,,,6,0.4.0,2026-08-07
larabench.com,1,100,Agent-ready,,pass,fail,pass,fail,pass,pass,fail,pass,pass,pass,pass,mcp-json,legacy,23,0.4.0,2026-08-07
larabi.fr,1,0,Absent,,fail,fail,fail,fail,skip,skip,fail,skip,skip,fail,fail,,,15,0.4.0,2026-08-07
laraplugins.io,1,45,Discoverable,,pass,fail,fail,fail,skip,skip,fail,skip,skip,pass,fail,mcp-server-card-json,,15,0.4.0,2026-08-07
larklaon.chatgpt.site,1,0,Absent,,fail,fail,fail,fail,skip,skip,fail,skip,skip,fail,fail,,,18,0.4.0,2026-08-07
laspi.pro,1,15,Text-only,,fail,fail,fail,fail,skip,skip,fail,skip,skip,pass,pass,,,16,0.4.0,2026-08-07
lassare.com,1,80,Connectable,,fail,fail,pass,fail,pass,fail,fail,skip,skip,pass,fail,,modern,28,0.4.0,2026-08-07
lassotech.com,1,0,Absent,,fail,fail,fail,fail,skip,skip,fail,skip,skip,fail,fail,,,24,0.4.0,2026-08-07
lastlookdata.com,1,15,Text-only,,fail,fail,fail,fail,skip,skip,fail,skip,skip,pass,pass,,,18,0.4.0,2026-08-07
lastminutedealshq.com,1,0,Absent,,error,fail,fail,error,skip,skip,error,skip,skip,fail,fail,,,3,0.4.0,2026-08-07
latamref.dev,1,15,Text-only,,fail,fail,fail,fail,skip,skip,fail,skip,skip,pass,pass,,,16,0.4.0,2026-08-07
latchshot.fly.dev,1,80,Connectable,,pass,fail,pass,fail,pass,fail,pass,skip,skip,pass,fail,ai-catalog,modern,18,0.4.0,2026-08-07
latex-tools.online,1,50,Discoverable,,pass,fail,fail,fail,skip,skip,fail,skip,skip,pass,pass,mcp-json,,15,0.4.0,2026-08-07
latlng.work,1,0,Absent,,fail,fail,fail,fail,skip,skip,fail,skip,skip,fail,fail,,,29,0.4.0,2026-08-07
lattiq.ai,1,0,Absent,,error,fail,fail,error,skip,skip,error,skip,skip,fail,fail,,,29,0.4.0,2026-08-07
lattis.dev,1,0,Absent,,fail,fail,fail,fail,skip,skip,fail,skip,skip,fail,fail,,,18,0.4.0,2026-08-07
launchchair.io,1,15,Text-only,,fail,fail,fail,fail,skip,skip,fail,skip,skip,pass,pass,,,27,0.4.0,2026-08-07
launchtrust.co,1,85,Connectable,,fail,fail,pass,fail,pass,pass,fail,skip,pass,fail,fail,,legacy,23,0.4.0,2026-08-07
law.ai,1,10,Text-only,,fail,fail,fail,fail,skip,skip,fail,skip,skip,pass,fail,,,16,0.4.0,2026-08-07
lawmadi-os-v60-938146962157.asia-northeast3.run.app,1,10,Text-only,,fail,fail,fail,fail,skip,skip,fail,skip,skip,pass,fail,,,28,0.4.0,2026-08-07
lawmadi.com,1,100,Agent-ready,,pass,fail,fail,fail,pass,pass,fail,pass,pass,pass,pass,mcp-json,legacy,18,0.4.0,2026-08-07
lawstronaut.com,1,0,Absent,,fail,fail,fail,fail,skip,skip,fail,skip,skip,fail,fail,,,17,0.4.0,2026-08-07
lawyerd.net,1,85,Connectable,,fail,fail,pass,fail,pass,fail,fail,skip,skip,pass,pass,,legacy,22,0.4.0,2026-08-07
laxis.tech,1,0,Absent,,fail,fail,fail,fail,skip,skip,fail,skip,skip,fail,fail,,,15,0.4.0,2026-08-07
layercall.com,1,10,Text-only,,fail,fail,fail,fail,skip,skip,fail,skip,skip,pass,fail,,,14,0.4.0,2026-08-07
layero.ru,1,10,Text-only,,fail,fail,fail,fail,skip,skip,fail,skip,skip,pass,fail,,,17,0.4.0,2026-08-07
layerz.cc,1,45,Discoverable,,fail,fail,fail,pass,skip,skip,fail,skip,skip,pass,fail,,,14,0.4.0,2026-08-07
layupsport.com,1,85,Connectable,,fail,fail,pass,fail,pass,pass,fail,skip,pass,fail,fail,,legacy,35,0.4.0,2026-08-07
layven.io,1,85,Connectable,,fail,fail,pass,pass,pass,fail,fail,skip,skip,pass,pass,,modern,21,0.4.0,2026-08-07
lazaretto.dev,1,85,Connectable,,fail,fail,pass,fail,pass,pass,fail,skip,pass,fail,fail,,legacy,20,0.4.0,2026-08-07
le-teen.com,1,15,Text-only,,fail,fail,fail,fail,skip,skip,fail,skip,skip,pass,pass,,,15,0.4.0,2026-08-07
lead-stampede-mcp-server-production.up.railway.app,1,0,Absent,,fail,fail,fail,fail,skip,skip,fail,skip,skip,fail,fail,,,28,0.4.0,2026-08-07
lead411.com,1,10,Text-only,,fail,fail,fail,fail,skip,skip,fail,skip,skip,pass,fail,,,32,0.4.0,2026-08-07
leadbay.app,1,0,Absent,,fail,fail,fail,fail,skip,skip,fail,skip,skip,fail,fail,,,18,0.4.0,2026-08-07
leaddelta.com,1,10,Text-only,,fail,fail,fail,fail,skip,skip,fail,skip,skip,pass,fail,,,18,0.4.0,2026-08-07
leaderra.ai,1,15,Text-only,,fail,fail,fail,fail,skip,skip,fail,skip,skip,pass,pass,,,14,0.4.0,2026-08-07
leadfoxconnect.com,1,10,Text-only,,fail,fail,fail,fail,skip,skip,fail,skip,skip,pass,fail,,,15,0.4.0,2026-08-07
leadhoundapi.com,1,10,Text-only,,fail,fail,fail,fail,skip,skip,fail,skip,skip,pass,fail,,,16,0.4.0,2026-08-07
leadmarina.com,1,85,Connectable,,pass,fail,pass,pass,pass,pass,fail,skip,pass,fail,fail,mcp-server-card-json,modern,19,0.4.0,2026-08-07
leadsapp.com,1,10,Text-only,,fail,fail,fail,fail,skip,skip,fail,skip,skip,pass,fail,,,14,0.4.0,2026-08-07
leagueloom.com,1,50,Discoverable,,fail,fail,fail,pass,skip,skip,fail,skip,skip,pass,pass,,,14,0.4.0,2026-08-07
leagueofspin.com,1,15,Text-only,,fail,fail,fail,fail,skip,skip,fail,skip,skip,pass,pass,,,14,0.4.0,2026-08-07
leap-labs.com,1,10,Text-only,,fail,fail,fail,fail,skip,skip,fail,skip,skip,pass,fail,,,29,0.4.0,2026-08-07
leapmemory.com,1,85,Connectable,,fail,fail,pass,pass,pass,fail,fail,skip,skip,pass,pass,,modern,21,0.4.0,2026-08-07
learnthat-mcp-3bqygzrtsa-uc.a.run.app,1,0,Absent,,fail,fail,fail,fail,skip,skip,fail,skip,skip,fail,fail,,,28,0.4.0,2026-08-07
learnthedao.com,1,15,Text-only,,fail,fail,fail,fail,skip,skip,fail,skip,skip,pass,pass,,,23,0.4.0,2026-08-07
learnwithagents.app,1,35,Discoverable,,fail,fail,fail,pass,skip,skip,fail,skip,skip,fail,fail,,,15,0.4.0,2026-08-07
lebenslaufheld.de,1,0,Absent,,fail,fail,fail,fail,skip,skip,fail,skip,skip,fail,fail,,,14,0.4.0,2026-08-07
lebonfoin-mcp-production.up.railway.app,1,0,Absent,,fail,fail,fail,fail,skip,skip,fail,skip,skip,fail,fail,,,28,0.4.0,2026-08-07
ledgenter.com,1,15,Text-only,,fail,fail,fail,fail,skip,skip,fail,skip,skip,pass,pass,,,15,0.4.0,2026-08-07
ledgerhq.pro,1,0,Absent,,skip,fail,fail,skip,skip,skip,skip,skip,skip,skip,fail,,,3,0.4.0,2026-08-07
ledgerproofhq.io,1,15,Text-only,,fail,fail,fail,fail,skip,skip,fail,skip,skip,pass,pass,,,16,0.4.0,2026-08-07
ledgy.app,1,15,Text-only,,fail,fail,fail,fail,skip,skip,fail,skip,skip,pass,pass,,,15,0.4.0,2026-08-07
leeway.tech,1,10,Text-only,,fail,fail,fail,fail,skip,skip,fail,skip,skip,pass,fail,,,18,0.4.0,2026-08-07
leewaystudio.com,1,0,Absent,,fail,fail,fail,fail,skip,skip,fail,skip,skip,fail,fail,,,18,0.4.0,2026-08-07
legacy-migrator-mcp.vercel.app,1,0,Absent,,fail,fail,fail,fail,skip,skip,fail,skip,skip,fail,fail,,,28,0.4.0,2026-08-07
legal-grounding-199120533535.europe-north2.run.app,1,0,Absent,,fail,fail,fail,fail,skip,skip,fail,skip,skip,fail,fail,,,54,0.4.0,2026-08-07
legal-logic-fuzzer-mcp.vercel.app,1,0,Absent,,fail,fail,fail,fail,skip,skip,fail,skip,skip,fail,fail,,,28,0.4.0,2026-08-07
legal-validator-mcp.vercel.app,1,0,Absent,,fail,fail,fail,fail,skip,skip,fail,skip,skip,fail,fail,,,28,0.4.0,2026-08-07
legalaimcp.com,1,70,Connectable,,fail,fail,pass,fail,pass,fail,fail,skip,skip,fail,fail,,legacy,23,0.4.0,2026-08-07
legaldatahunter.com,1,15,Text-only,,skip,fail,fail,skip,skip,skip,fail,skip,skip,pass,pass,,,12,0.4.0,2026-08-07
legalfournier.com,1,45,Discoverable,,pass,fail,fail,fail,skip,skip,fail,skip,skip,pass,fail,mcp-server-card-json,,17,0.4.0,2026-08-07
legendsoflearning.com,1,70,Connectable,,fail,fail,pass,fail,pass,fail,fail,skip,skip,fail,fail,,legacy,36,0.4.0,2026-08-07
lemma.workers.dev,1,0,Absent,,error,fail,fail,error,skip,skip,error,skip,skip,fail,fail,,,6,0.4.0,2026-08-07
lemmebuyit.com,1,15,Text-only,,fail,fail,fail,fail,skip,skip,fail,skip,skip,pass,pass,,,31,0.4.0,2026-08-07
lemonado.io,1,0,Absent,,fail,fail,fail,fail,skip,skip,fail,skip,skip,fail,fail,,,18,0.4.0,2026-08-07
lenderprice.com,1,0,Absent,,fail,fail,fail,fail,skip,skip,fail,skip,skip,fail,fail,,,19,0.4.0,2026-08-07
lenshub.ai,1,0,Absent,,fail,fail,fail,fail,skip,skip,fail,skip,skip,fail,fail,,,27,0.4.0,2026-08-07
lenz.io,1,85,Connectable,,fail,fail,pass,pass,pass,fail,fail,skip,skip,pass,pass,,modern,19,0.4.0,2026-08-07
leocelis.com,1,0,Absent,,fail,fail,fail,fail,skip,skip,fail,skip,skip,fail,fail,,,26,0.4.0,2026-08-07
leor.cn,1,15,Text-only,,fail,fail,fail,fail,skip,skip,fail,skip,skip,pass,pass,,,16,0.4.0,2026-08-07
letmediff.it,1,0,Absent,,fail,fail,fail,fail,skip,skip,fail,skip,skip,fail,fail,,,15,0.4.0,2026-08-07
letsvibe.love,1,0,Absent,,fail,fail,fail,fail,skip,skip,fail,skip,skip,fail,fail,,,31,0.4.0,2026-08-07
letta.com,1,10,Text-only,,fail,fail,fail,fail,skip,skip,fail,skip,skip,pass,fail,,,30,0.4.0,2026-08-07
lexbase.pt,1,50,Discoverable,,pass,fail,fail,fail,skip,skip,fail,skip,skip,pass,pass,mcp-json,,14,0.4.0,2026-08-07
lexguard-mcp.vercel.app,1,0,Absent,,fail,fail,fail,fail,skip,skip,fail,skip,skip,fail,fail,,,27,0.4.0,2026-08-07
lexia-pro.workers.dev,1,0,Absent,,error,fail,fail,error,skip,skip,error,skip,skip,fail,fail,,,6,0.4.0,2026-08-07
lexsocket.ai,1,0,Absent,,error,fail,fail,error,skip,skip,error,skip,skip,fail,fail,,,47,0.4.0,2026-08-07
lexvector.eu,1,0,Absent,,fail,fail,fail,fail,skip,skip,fail,skip,skip,fail,fail,,,24,0.4.0,2026-08-07
lianban.net,1,100,Agent-ready,,fail,fail,pass,fail,pass,pass,fail,skip,pass,pass,pass,,legacy,20,0.4.0,2026-08-07
liberated.site,1,45,Discoverable,,pass,fail,fail,fail,fail,skip,fail,skip,skip,pass,fail,ai-catalog,,18,0.4.0,2026-08-07
liberdade.sampa.br,1,100,Agent-ready,,pass,fail,pass,fail,pass,pass,fail,pass,pass,pass,pass,mcp-json,legacy,22,0.4.0,2026-08-07
libers.ai,1,45,Discoverable,,fail,fail,fail,pass,skip,skip,fail,skip,skip,pass,fail,,,11,0.4.0,2026-08-07
librarymcp.vercel.app,1,0,Absent,,fail,fail,fail,fail,skip,skip,fail,skip,skip,fail,fail,,,26,0.4.0,2026-08-07
librejustice.fr,1,50,Discoverable,,fail,fail,fail,pass,skip,skip,fail,skip,skip,pass,pass,,,15,0.4.0,2026-08-07
licensy.ai,1,10,Text-only,,fail,fail,fail,fail,skip,skip,fail,skip,skip,pass,fail,,,32,0.4.0,2026-08-07
licium.ai,1,45,Discoverable,,pass,fail,fail,fail,fail,skip,fail,skip,skip,pass,fail,ai-catalog,,33,0.4.0,2026-08-07
liedetectortest.com,1,0,Absent,,fail,fail,fail,fail,skip,skip,fail,skip,skip,fail,fail,,,15,0.4.0,2026-08-07
liepin.com,1,0,Absent,,fail,fail,fail,fail,skip,skip,fail,skip,skip,fail,fail,,,34,0.4.0,2026-08-07
lifeisagame.ai,1,0,Absent,,error,error,fail,error,skip,skip,error,skip,skip,fail,fail,,,15,0.4.0,2026-08-07
lifelongedge.com,1,100,Agent-ready,,fail,fail,pass,fail,pass,pass,fail,skip,pass,pass,pass,,legacy,20,0.4.0,2026-08-07
lifescored.com,1,95,Agent-ready,,fail,fail,pass,fail,pass,pass,fail,skip,pass,pass,fail,,legacy,20,0.4.0,2026-08-07
liftli-strategist-mcp.onrender.com,1,35,Discoverable,,fail,fail,fail,pass,skip,skip,fail,skip,skip,fail,fail,,,26,0.4.0,2026-08-07
liftmcp.com,1,80,Connectable,,pass,fail,fail,pass,pass,fail,fail,pass,skip,pass,fail,mcp-json|mcp-server-card-json,legacy,24,0.4.0,2026-08-07
lightbringer.com,1,15,Text-only,,fail,fail,fail,fail,skip,skip,fail,skip,skip,pass,pass,,,20,0.4.0,2026-08-07
lightgen.app,1,45,Discoverable,,fail,fail,fail,pass,skip,skip,fail,skip,skip,pass,fail,,,19,0.4.0,2026-08-07
lightpaper.org,1,50,Discoverable,,pass,fail,fail,fail,skip,skip,fail,skip,skip,pass,pass,mcp-server-card-json,,18,0.4.0,2026-08-07
lightres.com,1,0,Absent,,fail,fail,fail,fail,skip,skip,fail,skip,skip,fail,fail,,,30,0.4.0,2026-08-07
lightsyncpro.com,1,45,Discoverable,,fail,fail,fail,pass,skip,skip,fail,skip,skip,pass,fail,,,21,0.4.0,2026-08-07
lighttune.com.au,1,0,Absent,,fail,fail,fail,fail,skip,skip,fail,skip,skip,fail,fail,,,17,0.4.0,2026-08-07
lightyear.build,1,85,Connectable,,fail,fail,pass,fail,pass,pass,fail,skip,pass,fail,fail,,legacy,26,0.4.0,2026-08-07
likarika.se,1,45,Discoverable,,pass,fail,fail,fail,skip,skip,fail,skip,skip,pass,fail,mcp-server-card-json,,19,0.4.0,2026-08-07
lilaonthegrid.com,1,0,Absent,,error,fail,fail,error,skip,skip,error,skip,skip,fail,fail,,,30,0.4.0,2026-08-07
lilo.property,1,0,Absent,,fail,fail,fail,fail,skip,skip,fail,skip,skip,fail,fail,,,20,0.4.0,2026-08-07
limeflight.com,1,0,Absent,,fail,fail,fail,fail,skip,skip,fail,skip,skip,fail,fail,,,24,0.4.0,2026-08-07
liminary.io,1,0,Absent,,fail,fail,fail,fail,skip,skip,fail,skip,skip,fail,fail,,,18,0.4.0,2026-08-07
limitguard.ai,1,0,Absent,,fail,fail,fail,fail,skip,skip,fail,skip,skip,fail,fail,,,22,0.4.0,2026-08-07
limner.us,1,0,Absent,,error,fail,fail,error,skip,skip,error,skip,skip,fail,fail,,,7,0.4.0,2026-08-07
limzo.com,1,10,Text-only,,fail,fail,fail,fail,skip,skip,fail,skip,skip,pass,fail,,,16,0.4.0,2026-08-07
linatora.com,1,45,Discoverable,,pass,fail,fail,fail,skip,skip,fail,skip,skip,pass,fail,mcp-json|mcp-server-card-json,,17,0.4.0,2026-08-07
lindo.ai,1,80,Connectable,,pass,fail,pass,pass,pass,fail,fail,skip,skip,pass,fail,mcp-server-card-json,modern,24,0.4.0,2026-08-07
linear-broker-mcp.vercel.app,1,0,Absent,,fail,fail,fail,fail,skip,skip,fail,skip,skip,fail,fail,,,27,0.4.0,2026-08-07
linear.app,1,0,Absent,,fail,fail,fail,fail,skip,skip,fail,skip,skip,fail,fail,,,19,0.4.0,2026-08-07
lingo.dev,1,15,Text-only,,fail,fail,fail,fail,skip,skip,fail,skip,skip,pass,pass,,,28,0.4.0,2026-08-07
linkbreakers.com,1,10,Text-only,,fail,fail,fail,fail,skip,skip,fail,skip,skip,pass,fail,,,18,0.4.0,2026-08-07
linkdeal.ai,1,70,Connectable,,pass,fail,fail,fail,pass,fail,fail,skip,skip,fail,fail,mcp-json,modern,40,0.4.0,2026-08-07
linkedmash.com,1,80,Connectable,,pass,fail,pass,fail,pass,fail,fail,pass,skip,pass,fail,mcp-json,legacy,39,0.4.0,2026-08-07
linkguard.ai,1,5,Text-only,,fail,fail,fail,fail,skip,skip,fail,skip,skip,fail,pass,,,18,0.4.0,2026-08-07
linklist.io,1,10,Text-only,,fail,fail,fail,fail,skip,skip,fail,skip,skip,pass,fail,,,17,0.4.0,2026-08-07
linklore.io,1,10,Text-only,,fail,fail,fail,fail,skip,skip,fail,skip,skip,pass,fail,,,18,0.4.0,2026-08-07
linklyhq.com,1,10,Text-only,,fail,fail,fail,fail,skip,skip,fail,skip,skip,pass,fail,,,21,0.4.0,2026-08-07
linkmcp.io,1,45,Discoverable,,pass,fail,fail,pass,fail,skip,fail,skip,skip,pass,fail,mcp-server-card-json,,30,0.4.0,2026-08-07
linkpulse-neon.vercel.app,1,45,Discoverable,,pass,fail,fail,fail,skip,skip,fail,skip,skip,pass,fail,mcp-json,,28,0.4.0,2026-08-07
linkup.so,1,10,Text-only,,fail,fail,fail,fail,skip,skip,fail,skip,skip,pass,fail,,,29,0.4.0,2026-08-07
linxule.workers.dev,1,0,Absent,,error,fail,fail,error,skip,skip,error,skip,skip,fail,fail,,,10,0.4.0,2026-08-07
lionmaster-operations.workers.dev,1,0,Absent,,error,fail,fail,error,skip,skip,error,skip,skip,fail,fail,,,10,0.4.0,2026-08-07
lionx402.com,1,10,Text-only,,fail,fail,fail,fail,skip,skip,fail,skip,skip,pass,fail,,,17,0.4.0,2026-08-07
liqaa.io,1,10,Text-only,,fail,fail,fail,fail,skip,skip,fail,skip,skip,pass,fail,,,21,0.4.0,2026-08-07
liquidation-oracle-x402-production.up.railway.app,1,0,Absent,,fail,fail,fail,fail,skip,skip,fail,skip,skip,fail,fail,,,29,0.4.0,2026-08-07
liquilens.in,1,50,Discoverable,,pass,fail,fail,fail,fail,skip,fail,skip,skip,pass,pass,ai-catalog,,22,0.4.0,2026-08-07
listentosadhu.app,1,0,Absent,,fail,fail,fail,fail,skip,skip,fail,skip,skip,fail,fail,,,20,0.4.0,2026-08-07
lithtrix.ai,1,10,Text-only,,fail,fail,fail,fail,skip,skip,fail,skip,skip,pass,fail,,,18,0.4.0,2026-08-07
lity.club,1,0,Absent,,fail,fail,fail,fail,skip,skip,fail,skip,skip,fail,fail,,,30,0.4.0,2026-08-07
liveability.jp,1,35,Discoverable,,pass,fail,fail,fail,skip,skip,fail,skip,skip,fail,fail,mcp-server-card-json,,17,0.4.0,2026-08-07
livebustimes.org,1,80,Connectable,,fail,fail,pass,fail,pass,fail,fail,skip,skip,pass,fail,,legacy,22,0.4.0,2026-08-07
livedatalink.ai,1,80,Connectable,,pass,fail,fail,fail,pass,fail,fail,pass,skip,pass,fail,mcp-server-card-json,legacy,20,0.4.0,2026-08-07
livetennisapi.com,1,80,Connectable,,fail,fail,pass,fail,pass,fail,fail,skip,skip,pass,fail,,legacy,35,0.4.0,2026-08-07
livetraintimes.org,1,15,Text-only,,fail,fail,fail,fail,skip,skip,fail,skip,skip,pass,pass,,,11,0.4.0,2026-08-07
livingmeta.ai,1,15,Text-only,,fail,fail,fail,fail,skip,skip,fail,skip,skip,pass,pass,,,15,0.4.0,2026-08-07
livtakt.app,1,35,Discoverable,,fail,fail,fail,pass,skip,skip,fail,skip,skip,fail,fail,,,25,0.4.0,2026-08-07
llamanotes.ai,1,80,Connectable,,fail,fail,pass,pass,pass,fail,fail,skip,skip,pass,fail,,modern,25,0.4.0,2026-08-07
llm-bus.com,1,35,Discoverable,,fail,fail,fail,pass,skip,skip,fail,skip,skip,fail,fail,,,19,0.4.0,2026-08-07
llmabacus.com,1,10,Text-only,,fail,fail,fail,fail,skip,skip,fail,skip,skip,pass,fail,,,29,0.4.0,2026-08-07
llmemory.xyz,1,30,Text-only,,fail,fail,pass,fail,fail,skip,fail,skip,skip,pass,fail,,,25,0.4.0,2026-08-07
llmhosting.ai,1,10,Text-only,,fail,fail,fail,fail,skip,skip,fail,skip,skip,pass,fail,,,17,0.4.0,2026-08-07
llmintel.ai,1,35,Discoverable,,pass,fail,fail,fail,skip,skip,fail,skip,skip,fail,fail,mcp-server-card-json,,17,0.4.0,2026-08-07
llmlatency.dev,1,95,Agent-ready,,pass,fail,fail,fail,pass,pass,fail,pass,pass,pass,fail,mcp-server-card-json,legacy,21,0.4.0,2026-08-07
llmotions.com,1,0,Absent,,fail,fail,fail,fail,skip,skip,fail,skip,skip,fail,fail,,,17,0.4.0,2026-08-07
llmpulse.ai,1,45,Discoverable,,pass,fail,fail,pass,fail,skip,pass,skip,skip,pass,fail,ai-catalog,,17,0.4.0,2026-08-07
llmref.org,1,0,Absent,,fail,fail,fail,fail,skip,skip,fail,skip,skip,fail,fail,,,18,0.4.0,2026-08-07
llmse.ai,1,10,Text-only,,fail,fail,fail,fail,skip,skip,fail,skip,skip,pass,fail,,,17,0.4.0,2026-08-07
llmsmap.me,1,10,Text-only,,fail,fail,fail,fail,skip,skip,fail,skip,skip,pass,fail,,,17,0.4.0,2026-08-07
lmgram.com,1,45,Discoverable,,pass,fail,fail,fail,fail,skip,pass,skip,skip,pass,fail,ai-catalog,,21,0.4.0,2026-08-07
lmk.today,1,10,Text-only,,fail,fail,fail,fail,skip,skip,fail,skip,skip,pass,fail,,,18,0.4.0,2026-08-07
lmxcloud.io,1,0,Absent,,fail,fail,fail,fail,skip,skip,fail,skip,skip,fail,fail,,,32,0.4.0,2026-08-07
lnk.bio,1,10,Text-only,,fail,fail,fail,fail,skip,skip,fail,skip,skip,pass,fail,,,27,0.4.0,2026-08-07
loacare.com,1,80,Connectable,,pass,fail,pass,pass,pass,fail,fail,skip,skip,pass,fail,mcp-json,modern,38,0.4.0,2026-08-07
loadbay.xyz,1,80,Connectable,,fail,fail,pass,fail,pass,fail,fail,skip,skip,pass,fail,,legacy,26,0.4.0,2026-08-07
loadingmcp.com,1,10,Text-only,,fail,fail,fail,fail,skip,skip,fail,skip,skip,pass,fail,,,20,0.4.0,2026-08-07
lobbyvoices.com,1,95,Agent-ready,,pass,fail,pass,fail,pass,pass,fail,pass,pass,pass,fail,mcp-json,legacy,22,0.4.0,2026-08-07
lobu.ai,1,45,Discoverable,,pass,fail,fail,pass,skip,skip,fail,skip,skip,pass,fail,mcp-server-card-json,,18,0.4.0,2026-08-07
loc8n.com,1,0,Absent,,error,fail,fail,error,skip,skip,error,skip,skip,fail,fail,,,5,0.4.0,2026-08-07
local-mcp.com,1,45,Discoverable,,pass,fail,fail,pass,skip,skip,fail,skip,skip,pass,fail,mcp-json|mcp-server-card-json,,21,0.4.0,2026-08-07
local-model-suitability-mcp-production.up.railway.app,1,35,Discoverable,,pass,fail,fail,fail,skip,skip,fail,skip,skip,fail,fail,mcp-server-card-json,,28,0.4.0,2026-08-07
localgov.jp,1,15,Text-only,,fail,fail,fail,fail,skip,skip,fail,skip,skip,pass,pass,,,15,0.4.0,2026-08-07
localize.io,1,0,Absent,,fail,fail,fail,fail,skip,skip,fail,skip,skip,fail,fail,,,15,0.4.0,2026-08-07
localkiagent.com,1,0,Absent,,fail,fail,fail,fail,skip,skip,fail,skip,skip,fail,fail,,,36,0.4.0,2026-08-07
localpro.dev,1,0,Absent,,fail,fail,fail,fail,skip,skip,fail,skip,skip,fail,fail,,,17,0.4.0,2026-08-07
locationledger.com,1,10,Text-only,,fail,fail,fail,fail,skip,skip,fail,skip,skip,pass,fail,,,15,0.4.0,2026-08-07
locize.app,1,70,Connectable,,fail,fail,pass,pass,pass,fail,fail,skip,skip,fail,fail,,modern,22,0.4.0,2026-08-07
lockally.com,1,5,Text-only,,fail,fail,fail,fail,skip,skip,fail,skip,skip,fail,pass,,,18,0.4.0,2026-08-07
lockinplanner.com,1,0,Absent,,fail,fail,fail,fail,skip,skip,fail,skip,skip,fail,fail,,,15,0.4.0,2026-08-07
lodekeep.com,1,50,Discoverable,,pass,fail,fail,pass,skip,skip,fail,skip,skip,pass,pass,mcp-server-card-json,,14,0.4.0,2026-08-07
lodgedeck.vercel.app,1,15,Text-only,,fail,fail,fail,fail,skip,skip,fail,skip,skip,pass,pass,,,28,0.4.0,2026-08-07
lodikidsactivities.com,1,45,Discoverable,,pass,fail,fail,pass,fail,skip,fail,skip,skip,pass,fail,mcp-server-card-json,,18,0.4.0,2026-08-07
logicnodes.io,1,0,Absent,,fail,fail,fail,fail,skip,skip,fail,skip,skip,fail,fail,,,20,0.4.0,2026-08-07
logisticflow-mcp.vercel.app,1,0,Absent,,fail,fail,fail,fail,skip,skip,fail,skip,skip,fail,fail,,,28,0.4.0,2026-08-07
logobaker.pro,1,15,Text-only,,fail,fail,fail,fail,skip,skip,fail,skip,skip,pass,pass,,,16,0.4.0,2026-08-07
logokit.com,1,10,Text-only,,fail,fail,fail,fail,skip,skip,fail,skip,skip,pass,fail,,,15,0.4.0,2026-08-07
logoscout-mcp.vercel.app,1,0,Absent,,fail,fail,fail,fail,skip,skip,fail,skip,skip,fail,fail,,,28,0.4.0,2026-08-07
logospell.com,1,45,Discoverable,,pass,fail,fail,fail,skip,skip,fail,skip,skip,pass,fail,mcp-server-card-json,,18,0.4.0,2026-08-07
logsentinel-mcp.vercel.app,1,0,Absent,,fail,fail,fail,fail,skip,skip,fail,skip,skip,fail,fail,,,28,0.4.0,2026-08-07
lolipop.jp,1,5,Text-only,,fail,fail,fail,fail,skip,skip,fail,skip,skip,fail,pass,,,32,0.4.0,2026-08-07
lona.agency,1,15,Text-only,,fail,fail,fail,fail,skip,skip,fail,skip,skip,pass,pass,,,34,0.4.0,2026-08-07
lonestaroracle.xyz,1,70,Connectable,,fail,fail,pass,fail,pass,fail,error,skip,skip,fail,fail,,legacy,49,0.4.0,2026-08-07
longbridge.com,1,10,Text-only,,fail,fail,fail,fail,skip,skip,fail,skip,skip,pass,fail,,,22,0.4.0,2026-08-07
longwatch.dev,1,80,Connectable,,pass,fail,pass,fail,pass,fail,fail,pass,skip,pass,fail,mcp-server-card-json,legacy,20,0.4.0,2026-08-07
loop-mcp-production-13cf.up.railway.app,1,0,Absent,,fail,fail,fail,fail,skip,skip,fail,skip,skip,fail,fail,,,28,0.4.0,2026-08-07
loopgolf.co,1,0,Absent,,fail,fail,fail,fail,skip,skip,fail,skip,skip,fail,fail,,,46,0.4.0,2026-08-07
looptool.dev,1,5,Text-only,,fail,fail,fail,fail,skip,skip,fail,skip,skip,fail,pass,,,20,0.4.0,2026-08-07
loopwise.com,1,0,Absent,,fail,fail,fail,fail,skip,skip,fail,skip,skip,fail,fail,,,18,0.4.0,2026-08-07
loopxxi.com,1,10,Text-only,,fail,fail,fail,fail,skip,skip,fail,skip,skip,pass,fail,,,18,0.4.0,2026-08-07
loppee.com,1,85,Connectable,,fail,fail,pass,fail,pass,fail,fail,skip,skip,pass,pass,,legacy,20,0.4.0,2026-08-07
lorem-ipsum-production-efa3.up.railway.app,1,0,Absent,,fail,fail,fail,fail,skip,skip,fail,skip,skip,fail,fail,,,28,0.4.0,2026-08-07
lorem-ipsum-x402-production.up.railway.app,1,0,Absent,,fail,fail,fail,fail,skip,skip,fail,skip,skip,fail,fail,,,28,0.4.0,2026-08-07
lorensaisolutions.com,1,0,Absent,,fail,fail,fail,fail,skip,skip,fail,skip,skip,fail,fail,,,15,0.4.0,2026-08-07
lorg.ai,1,15,Text-only,,fail,fail,fail,fail,skip,skip,fail,skip,skip,pass,pass,,,30,0.4.0,2026-08-07
lovable.dev,1,85,Connectable,,fail,fail,pass,pass,pass,fail,fail,skip,skip,pass,pass,,modern,23,0.4.0,2026-08-07
loveoracle.app,1,50,Discoverable,,pass,fail,fail,fail,fail,skip,fail,skip,skip,pass,pass,ai-catalog|mcp-server-card-json,,32,0.4.0,2026-08-07
lovie.co,1,50,Discoverable,,pass,fail,fail,pass,fail,skip,fail,skip,skip,pass,pass,mcp-server-card-json,,42,0.4.0,2026-08-07
lowtoxgear.com,1,45,Discoverable,,fail,fail,fail,pass,skip,skip,fail,skip,skip,pass,fail,,,17,0.4.0,2026-08-07
lowvyn.com,1,15,Text-only,,fail,fail,fail,fail,skip,skip,fail,skip,skip,pass,pass,,,15,0.4.0,2026-08-07
loxoneai.com,1,0,Absent,,fail,fail,fail,fail,skip,skip,fail,skip,skip,fail,fail,,,14,0.4.0,2026-08-07
loyaltyvip.com,1,85,Connectable,,pass,fail,fail,pass,pass,pass,fail,pass,fail,pass,pass,mcp-bare|mcp-server-card-json,legacy,18,0.4.0,2026-08-07
lqwdclaw.bot,1,5,Text-only,,fail,fail,fail,fail,skip,skip,fail,skip,skip,fail,pass,,,18,0.4.0,2026-08-07
lrlabs.ai,1,50,Discoverable,,pass,fail,fail,fail,fail,skip,fail,skip,skip,pass,pass,mcp-json,,17,0.4.0,2026-08-07
lrqkraglvppygtmwwsie.supabase.co,1,0,Absent,,fail,fail,fail,fail,skip,skip,fail,skip,skip,fail,fail,,,15,0.4.0,2026-08-07
lsadecrypt.online,1,45,Discoverable,,pass,fail,fail,fail,fail,skip,fail,skip,skip,pass,fail,mcp-server-card-json,,20,0.4.0,2026-08-07
lsoatzzwpltpydwyfqqv.supabase.co,1,0,Absent,,fail,fail,fail,fail,skip,skip,fail,skip,skip,fail,fail,,,15,0.4.0,2026-08-07
lucasandersen.ai,1,80,Connectable,,fail,fail,pass,fail,pass,pass,fail,skip,fail,pass,fail,,legacy,22,0.4.0,2026-08-07
lucid.app,0,,,skipped_by_robots,skip,fail,skip,skip,skip,skip,skip,skip,skip,skip,fail,,,3,0.4.0,2026-08-07
lucidnest.io,1,85,Connectable,,fail,fail,pass,fail,pass,fail,fail,skip,skip,pass,pass,,modern,31,0.4.0,2026-08-07
luckmeai.com,1,0,Absent,,skip,fail,fail,skip,skip,skip,fail,skip,skip,fail,fail,,,10,0.4.0,2026-08-07
ludo.ai,1,0,Absent,,fail,fail,fail,fail,skip,skip,fail,skip,skip,fail,fail,,,18,0.4.0,2026-08-07
lukija.app,1,45,Discoverable,,pass,fail,fail,pass,skip,skip,fail,skip,skip,pass,fail,mcp-server-card-json,,18,0.4.0,2026-08-07
lumabill.ch,1,15,Text-only,,fail,fail,fail,fail,skip,skip,fail,skip,skip,pass,pass,,,18,0.4.0,2026-08-07
lume.living,1,5,Text-only,,fail,fail,fail,fail,skip,skip,fail,skip,skip,fail,pass,,,17,0.4.0,2026-08-07
lumethic.com,1,10,Text-only,,fail,fail,fail,fail,skip,skip,fail,skip,skip,pass,fail,,,31,0.4.0,2026-08-07
lumify.ai,1,15,Text-only,,fail,fail,fail,fail,skip,skip,fail,skip,skip,pass,pass,,,14,0.4.0,2026-08-07
lumind.io,1,15,Text-only,,fail,fail,fail,fail,skip,skip,fail,skip,skip,pass,pass,,,16,0.4.0,2026-08-07
luneresearch.com,1,15,Text-only,,fail,fail,fail,fail,skip,skip,fail,skip,skip,pass,pass,,,16,0.4.0,2026-08-07
luniumpay.com,1,80,Connectable,,fail,fail,pass,fail,pass,fail,fail,skip,skip,pass,fail,,legacy,22,0.4.0,2026-08-07
lunoo.com,1,100,Agent-ready,,fail,fail,pass,fail,pass,pass,fail,skip,pass,pass,pass,,legacy,32,0.4.0,2026-08-07
lusha.com,1,5,Text-only,,fail,fail,fail,fail,skip,skip,fail,skip,skip,fail,pass,,,19,0.4.0,2026-08-07
lusrodri.workers.dev,1,0,Absent,,error,fail,fail,error,skip,skip,error,skip,skip,fail,fail,,,6,0.4.0,2026-08-07
luthersystems.com,1,0,Absent,,fail,fail,fail,fail,skip,skip,fail,skip,skip,fail,fail,,,29,0.4.0,2026-08-07
lutolearn.com,1,0,Absent,,error,fail,fail,error,skip,skip,error,skip,skip,fail,fail,,,3,0.4.0,2026-08-07
luviner.com,1,15,Text-only,,fail,fail,fail,fail,skip,skip,fail,skip,skip,pass,pass,,,17,0.4.0,2026-08-07
luxembourg-mcp.com,1,80,Connectable,,fail,fail,pass,fail,pass,fail,fail,skip,skip,pass,fail,,legacy,23,0.4.0,2026-08-07
luzia.dev,1,50,Discoverable,,pass,fail,fail,fail,skip,skip,pass,skip,skip,pass,pass,mcp-server-card-json,,18,0.4.0,2026-08-07
lvlupauto.com,1,50,Discoverable,,pass,fail,fail,pass,fail,skip,fail,skip,skip,pass,pass,mcp-json|mcp-server-card-json,,15,0.4.0,2026-08-07
lyrenth.com,1,15,Text-only,,fail,fail,fail,fail,skip,skip,fail,skip,skip,pass,pass,,,28,0.4.0,2026-08-07
m-kubriak.workers.dev,1,0,Absent,,error,fail,fail,error,skip,skip,error,skip,skip,fail,fail,,,6,0.4.0,2026-08-07
m-zikriz.workers.dev,1,0,Absent,,error,fail,fail,error,skip,skip,error,skip,skip,fail,fail,,,6,0.4.0,2026-08-07
m2ml.ai,1,5,Text-only,,fail,fail,fail,fail,skip,skip,fail,skip,skip,fail,pass,,,17,0.4.0,2026-08-07
ma-workbench-api-303576587005.us-central1.run.app,1,35,Discoverable,,pass,fail,fail,pass,skip,skip,fail,skip,skip,fail,fail,mcp-server-card-json,,28,0.4.0,2026-08-07
mabl.com,1,5,Text-only,,fail,fail,fail,fail,skip,skip,fail,skip,skip,fail,pass,,,31,0.4.0,2026-08-07
macalculatriceenligne.com,1,85,Connectable,,fail,fail,pass,fail,pass,fail,fail,skip,skip,pass,pass,,legacy,20,0.4.0,2026-08-07
macaroonnetwork.com,1,5,Text-only,,fail,fail,fail,fail,skip,skip,fail,skip,skip,fail,pass,,,16,0.4.0,2026-08-07
macfax.com,1,85,Connectable,,pass,fail,pass,fail,pass,pass,fail,fail,fail,pass,pass,mcp-server-card-json,legacy,19,0.4.0,2026-08-07
machfive.io,1,0,Absent,,fail,fail,fail,fail,skip,skip,fail,skip,skip,fail,fail,,,16,0.4.0,2026-08-07
machinegrade.dev,1,0,Absent,,error,fail,fail,error,skip,skip,error,skip,skip,fail,fail,,,4,0.4.0,2026-08-07
machinesignal.it,1,80,Connectable,,pass,fail,pass,fail,pass,fail,fail,pass,skip,pass,fail,mcp-server-card-json,legacy,26,0.4.0,2026-08-07
machins.co,1,45,Discoverable,,fail,pass,fail,fail,skip,skip,fail,skip,skip,pass,fail,,,17,0.4.0,2026-08-07
machupicchu.org,1,0,Absent,,fail,fail,fail,fail,skip,skip,fail,skip,skip,fail,fail,,,17,0.4.0,2026-08-07
madeinro.eu,1,0,Absent,,fail,fail,fail,fail,skip,skip,fail,skip,skip,fail,fail,,,15,0.4.0,2026-08-07
madtaco.dev,1,95,Agent-ready,,fail,fail,pass,fail,pass,pass,pass,skip,pass,pass,fail,,legacy,22,0.4.0,2026-08-07
maeil.cc,1,100,Agent-ready,,fail,fail,pass,fail,pass,pass,fail,skip,pass,pass,pass,,legacy,24,0.4.0,2026-08-07
mafdet.ai,1,5,Text-only,,fail,fail,fail,fail,skip,skip,fail,skip,skip,fail,pass,,,20,0.4.0,2026-08-07
magellandata.io,1,10,Text-only,,fail,fail,fail,fail,skip,skip,fail,skip,skip,pass,fail,,,16,0.4.0,2026-08-07
maggiegeller.com,1,95,Agent-ready,,pass,fail,pass,pass,pass,pass,fail,pass,pass,pass,fail,mcp-server-card-json,legacy,37,0.4.0,2026-08-07
magicinsights.ai,1,15,Text-only,,fail,fail,fail,fail,skip,skip,fail,skip,skip,pass,pass,,,32,0.4.0,2026-08-07
magicweave.xyz,1,5,Text-only,,fail,fail,fail,fail,skip,skip,fail,skip,skip,fail,pass,,,31,0.4.0,2026-08-07
maguyva.ai,1,50,Discoverable,,pass,fail,fail,fail,skip,skip,fail,skip,skip,pass,pass,mcp-json,,16,0.4.0,2026-08-07
maguyva.tools,1,75,Connectable,,fail,fail,pass,fail,pass,fail,fail,skip,skip,fail,pass,,modern,19,0.4.0,2026-08-07
maha-os.com,1,75,Connectable,,fail,fail,pass,fail,pass,fail,fail,skip,skip,fail,pass,,modern,36,0.4.0,2026-08-07
mahastrategies.com,1,10,Text-only,,fail,fail,fail,fail,skip,skip,fail,skip,skip,pass,fail,,,27,0.4.0,2026-08-07
mailbox.bot,1,50,Discoverable,,pass,fail,fail,pass,fail,skip,fail,skip,skip,pass,pass,ai-catalog|mcp-json|mcp-bare|mcp-server-card-json,,20,0.4.0,2026-08-07
mailbuttons.com,1,10,Text-only,,fail,fail,fail,fail,skip,skip,fail,skip,skip,pass,fail,,,14,0.4.0,2026-08-07
mailfixture.com,1,45,Discoverable,,pass,fail,fail,fail,skip,skip,fail,skip,skip,pass,fail,mcp-server-card-json,,18,0.4.0,2026-08-07
mailjunky.ai,1,0,Absent,,fail,fail,fail,fail,skip,skip,fail,skip,skip,fail,fail,,,17,0.4.0,2026-08-07
mailkite.dev,1,80,Connectable,,fail,fail,pass,pass,pass,fail,fail,skip,skip,pass,fail,,modern,23,0.4.0,2026-08-07
mailopoly.com,1,10,Text-only,,fail,fail,fail,fail,skip,skip,fail,skip,skip,pass,fail,,,34,0.4.0,2026-08-07
mailrith.com,1,80,Connectable,,pass,fail,pass,pass,pass,fail,fail,fail,skip,pass,fail,mcp-json|mcp-server-card-json,legacy,22,0.4.0,2026-08-07
mailstream.app,1,0,Absent,,fail,fail,fail,fail,skip,skip,fail,skip,skip,fail,fail,,,15,0.4.0,2026-08-07
mailtempo.com,1,0,Absent,,fail,fail,fail,fail,skip,skip,fail,skip,skip,fail,fail,,,27,0.4.0,2026-08-07
mailtrap.io,1,10,Text-only,,fail,fail,fail,fail,skip,skip,fail,skip,skip,pass,fail,,,17,0.4.0,2026-08-07
mailverdict.dev,1,85,Connectable,,fail,fail,pass,fail,pass,pass,error,skip,pass,fail,fail,,legacy,10,0.4.0,2026-08-07
maindex.io,1,45,Discoverable,,pass,fail,fail,pass,skip,skip,fail,skip,skip,pass,fail,mcp-json,,16,0.4.0,2026-08-07
mainline.dev,1,45,Discoverable,,pass,fail,fail,fail,fail,skip,fail,skip,skip,pass,fail,mcp-json,,20,0.4.0,2026-08-07
make.com,1,80,Connectable,,fail,fail,pass,pass,pass,fail,fail,skip,skip,pass,fail,,modern,35,0.4.0,2026-08-07
makefx.app,1,10,Text-only,,fail,fail,fail,fail,skip,skip,fail,skip,skip,pass,fail,,,14,0.4.0,2026-08-07
makeitrun.ai,1,85,Connectable,,pass,fail,fail,pass,pass,fail,fail,skip,skip,pass,pass,mcp-json,modern,23,0.4.0,2026-08-07
makemebetter-ai-backend-59998332584.asia-south1.run.app,1,35,Discoverable,,fail,fail,fail,pass,skip,skip,fail,skip,skip,fail,fail,,,28,0.4.0,2026-08-07
makerreels.com,1,70,Connectable,,fail,fail,pass,fail,pass,fail,fail,skip,skip,fail,fail,,modern,19,0.4.0,2026-08-07
makeup.land,1,50,Discoverable,,pass,fail,fail,pass,skip,skip,fail,skip,skip,pass,pass,mcp-json,,14,0.4.0,2026-08-07
makometrics.com,1,35,Discoverable,,pass,fail,fail,fail,skip,skip,fail,skip,skip,fail,fail,mcp-server-card-json,,15,0.4.0,2026-08-07
malgorath.com,1,5,Text-only,,fail,fail,fail,fail,skip,skip,fail,skip,skip,fail,pass,,,29,0.4.0,2026-08-07
malwarepatrol.net,1,0,Absent,,fail,fail,fail,fail,skip,skip,fail,skip,skip,fail,fail,,,32,0.4.0,2026-08-07
mambabuilt.com,1,0,Absent,,fail,fail,fail,fail,skip,skip,fail,skip,skip,fail,fail,,,15,0.4.0,2026-08-07
mamoie.com,1,80,Connectable,,fail,fail,pass,fail,pass,fail,fail,skip,skip,pass,fail,,legacy,23,0.4.0,2026-08-07
mana.am,1,100,Agent-ready,,pass,fail,fail,pass,pass,pass,fail,pass,pass,pass,pass,mcp-bare|mcp-server-card-json,legacy,22,0.4.0,2026-08-07
managelm.com,1,10,Text-only,,fail,fail,fail,fail,skip,skip,fail,skip,skip,pass,fail,,,15,0.4.0,2026-08-07
managers-backup-dolls-seasons.trycloudflare.com,1,0,Absent,,error,fail,fail,error,skip,skip,error,skip,skip,fail,fail,,,3,0.4.0,2026-08-07
manageyourloans.com.au,1,15,Text-only,,fail,fail,fail,fail,skip,skip,fail,skip,skip,pass,pass,,,15,0.4.0,2026-08-07
manda.bz,1,85,Connectable,,fail,fail,pass,fail,pass,fail,fail,skip,skip,pass,pass,,legacy,20,0.4.0,2026-08-07
mandateshield.com,1,85,Connectable,,pass,fail,pass,fail,pass,pass,pass,pass,fail,pass,pass,ai-catalog|mcp-server-card-json,modern,19,0.4.0,2026-08-07
manekami.com,1,15,Text-only,,fail,fail,fail,fail,skip,skip,fail,skip,skip,pass,pass,,,16,0.4.0,2026-08-07
mangofolio.com,1,0,Absent,,error,fail,fail,error,skip,skip,error,skip,skip,fail,fail,,,3,0.4.0,2026-08-07
mangoinventory.com,1,80,Connectable,,fail,fail,pass,pass,pass,fail,fail,skip,skip,pass,fail,,modern,23,0.4.0,2026-08-07
mangrovetraders.com,1,0,Absent,,fail,fail,fail,fail,skip,skip,fail,skip,skip,fail,fail,,,16,0.4.0,2026-08-07
mansaapi.com,1,15,Text-only,,fail,fail,fail,fail,skip,skip,fail,skip,skip,pass,pass,,,14,0.4.0,2026-08-07
mansamarkets.com,1,85,Connectable,,pass,fail,pass,fail,pass,fail,fail,pass,skip,pass,pass,mcp-json,legacy,39,0.4.0,2026-08-07
mantiss.store,1,0,Absent,,fail,fail,fail,fail,skip,skip,fail,skip,skip,fail,fail,,,14,0.4.0,2026-08-07
mantlekit.dev,1,85,Connectable,,fail,fail,pass,fail,pass,fail,fail,skip,skip,pass,pass,,legacy,20,0.4.0,2026-08-07
mapmelon.com,1,85,Connectable,,pass,fail,pass,fail,pass,fail,fail,pass,skip,pass,pass,mcp-server-card-json,legacy,39,0.4.0,2026-08-07
mapnetwork.app,1,95,Agent-ready,,fail,fail,pass,fail,pass,pass,fail,skip,pass,pass,fail,,legacy,22,0.4.0,2026-08-07
mapstools.googleapis.com,1,70,Connectable,,fail,fail,pass,pass,pass,fail,fail,skip,skip,fail,fail,,legacy,33,0.4.0,2026-08-07
maqami.co,1,85,Connectable,,pass,fail,pass,fail,pass,fail,fail,skip,skip,pass,pass,mcp-json,legacy,21,0.4.0,2026-08-07
marbellareport-mcp-production.up.railway.app,1,0,Absent,,fail,fail,fail,fail,skip,skip,fail,skip,skip,fail,fail,,,28,0.4.0,2026-08-07
marchward.ai,1,50,Discoverable,,pass,fail,fail,fail,skip,skip,fail,skip,skip,pass,pass,mcp-server-card-json,,15,0.4.0,2026-08-07
marcora.ai,1,10,Text-only,,fail,fail,fail,fail,skip,skip,fail,skip,skip,pass,fail,,,19,0.4.0,2026-08-07
mareaalcalina.com,1,15,Text-only,,fail,fail,fail,fail,skip,skip,fail,skip,skip,pass,pass,,,18,0.4.0,2026-08-07
marginal.sh,1,10,Text-only,,fail,fail,fail,fail,skip,skip,fail,skip,skip,pass,fail,,,15,0.4.0,2026-08-07
marginofinsight.com,1,50,Discoverable,,pass,fail,fail,fail,skip,skip,fail,skip,skip,pass,pass,mcp-server-card-json,,15,0.4.0,2026-08-07
marian.coach,1,15,Text-only,,fail,fail,fail,fail,skip,skip,fail,skip,skip,pass,pass,,,15,0.4.0,2026-08-07
marigold.page,1,45,Discoverable,,fail,fail,fail,pass,skip,skip,fail,skip,skip,pass,fail,,,17,0.4.0,2026-08-07
marine-356.workers.dev,1,0,Absent,,error,fail,fail,error,skip,skip,error,skip,skip,fail,fail,,,6,0.4.0,2026-08-07
mark-it.co,1,50,Discoverable,,fail,fail,fail,pass,skip,skip,fail,skip,skip,pass,pass,,,14,0.4.0,2026-08-07
markdown-renderer-production.up.railway.app,1,0,Absent,,fail,fail,fail,fail,skip,skip,fail,skip,skip,fail,fail,,,28,0.4.0,2026-08-07
markdown-renderer-x402-production.up.railway.app,1,0,Absent,,fail,fail,fail,fail,skip,skip,fail,skip,skip,fail,fail,,,28,0.4.0,2026-08-07
markdown-to-html-production-da89.up.railway.app,1,0,Absent,,fail,fail,fail,fail,skip,skip,fail,skip,skip,fail,fail,,,28,0.4.0,2026-08-07
markdown-to-html-x402-production.up.railway.app,1,0,Absent,,fail,fail,fail,fail,skip,skip,fail,skip,skip,fail,fail,,,28,0.4.0,2026-08-07
market-data-mcp-production.up.railway.app,1,0,Absent,,error,fail,fail,error,skip,skip,error,skip,skip,fail,fail,,,41,0.4.0,2026-08-07
marketcheck.com,1,10,Text-only,,fail,fail,fail,fail,skip,skip,fail,skip,skip,pass,fail,,,24,0.4.0,2026-08-07
marketcore.ai,1,0,Absent,,fail,fail,fail,fail,skip,skip,fail,skip,skip,fail,fail,,,18,0.4.0,2026-08-07
marketeyeslive.com,1,95,Agent-ready,,fail,fail,pass,fail,pass,pass,fail,skip,pass,pass,fail,,legacy,19,0.4.0,2026-08-07
marketgenius.app,1,85,Connectable,,pass,fail,fail,fail,pass,fail,fail,fail,skip,pass,pass,mcp-bare,legacy,19,0.4.0,2026-08-07
marketingskills.directory,1,50,Discoverable,,pass,fail,fail,fail,fail,skip,fail,skip,skip,pass,pass,ai-catalog|mcp-json,,22,0.4.0,2026-08-07
marketintell.ai,1,85,Connectable,,pass,fail,fail,pass,pass,fail,fail,skip,skip,pass,pass,mcp-json|mcp-bare|mcp-server-card-json,modern,19,0.4.0,2026-08-07
marketnow.site,1,50,Discoverable,,pass,fail,fail,fail,skip,skip,fail,skip,skip,pass,pass,mcp-json|mcp-server-card-json,,15,0.4.0,2026-08-07
marketscore.ru,1,10,Text-only,,fail,fail,fail,fail,skip,skip,fail,skip,skip,pass,fail,,,15,0.4.0,2026-08-07
markettrace.ai,1,0,Absent,,fail,fail,fail,fail,skip,skip,fail,skip,skip,fail,fail,,,15,0.4.0,2026-08-07
markifact.com,1,70,Connectable,,fail,fail,pass,pass,pass,fail,fail,skip,skip,fail,fail,,modern,44,0.4.0,2026-08-07
markmesh.com,1,15,Text-only,,fail,fail,fail,fail,skip,skip,fail,skip,skip,pass,pass,,,17,0.4.0,2026-08-07
marksiazon.dev,1,50,Discoverable,,pass,fail,fail,fail,fail,skip,fail,skip,skip,pass,pass,mcp-json,,29,0.4.0,2026-08-07
markustenghamn.com,1,85,Connectable,,fail,fail,pass,fail,pass,fail,fail,skip,skip,pass,pass,,legacy,20,0.4.0,2026-08-07
marmoui.com,1,5,Text-only,,fail,fail,fail,fail,skip,skip,fail,skip,skip,fail,pass,,,29,0.4.0,2026-08-07
marrow.id,1,10,Text-only,,fail,fail,fail,fail,skip,skip,fail,skip,skip,pass,fail,,,20,0.4.0,2026-08-07
mart402.com,1,80,Connectable,,pass,fail,pass,fail,pass,pass,pass,pass,fail,pass,fail,ai-catalog|mcp-json,legacy,20,0.4.0,2026-08-07
martinelli.ch,1,0,Absent,,fail,fail,fail,fail,skip,skip,fail,skip,skip,fail,fail,,,28,0.4.0,2026-08-07
martini.film,1,50,Discoverable,,fail,fail,fail,pass,skip,skip,fail,skip,skip,pass,pass,,,30,0.4.0,2026-08-07
martinsundal.no,1,0,Absent,,fail,fail,fail,fail,skip,skip,fail,skip,skip,fail,fail,,,15,0.4.0,2026-08-07
marywomack.workers.dev,1,0,Absent,,error,fail,fail,error,skip,skip,error,skip,skip,fail,fail,,,6,0.4.0,2026-08-07
masaro.ai,1,50,Discoverable,,fail,fail,fail,pass,skip,skip,fail,skip,skip,pass,pass,,,14,0.4.0,2026-08-07
mascotlab.io,1,45,Discoverable,,pass,fail,fail,pass,skip,skip,fail,skip,skip,pass,fail,mcp-server-card-json,,13,0.4.0,2026-08-07
mashop.app,1,50,Discoverable,,fail,pass,fail,fail,skip,skip,fail,skip,skip,pass,pass,,,15,0.4.0,2026-08-07
masnavi.ai,1,85,Connectable,,pass,fail,fail,fail,pass,fail,fail,fail,skip,pass,pass,mcp-json,legacy,19,0.4.0,2026-08-07
massdriver.cloud,1,0,Absent,,fail,fail,fail,fail,skip,skip,fail,skip,skip,fail,fail,,,30,0.4.0,2026-08-07
massedcompute.com,1,10,Text-only,,fail,fail,fail,fail,skip,skip,fail,skip,skip,pass,fail,,,20,0.4.0,2026-08-07
mathieuberthet.com,1,100,Agent-ready,,pass,fail,fail,fail,pass,pass,fail,pass,pass,pass,pass,mcp-json|mcp-bare|mcp-server-card-json,legacy,21,0.4.0,2026-08-07
matih.ai,1,15,Text-only,,fail,fail,fail,fail,skip,skip,fail,skip,skip,pass,pass,,,17,0.4.0,2026-08-07
matt-merutech.workers.dev,1,0,Absent,,error,fail,fail,error,skip,skip,error,skip,skip,fail,fail,,,6,0.4.0,2026-08-07
matterfact.com,1,15,Text-only,,fail,fail,fail,fail,skip,skip,fail,skip,skip,pass,pass,,,24,0.4.0,2026-08-07
mattherbert.ca,1,85,Connectable,,fail,fail,pass,fail,pass,pass,fail,skip,pass,fail,fail,,legacy,40,0.4.0,2026-08-07
max4.live,1,95,Agent-ready,,fail,fail,pass,fail,pass,pass,fail,skip,pass,pass,fail,,legacy,24,0.4.0,2026-08-07
maxcv.ai,1,15,Text-only,,fail,fail,fail,fail,skip,skip,fail,skip,skip,pass,pass,,,14,0.4.0,2026-08-07
maxiaworld.app,1,10,Text-only,,fail,fail,fail,fail,skip,skip,fail,skip,skip,pass,fail,,,15,0.4.0,2026-08-07
maximem.ai,1,15,Text-only,,fail,fail,fail,fail,skip,skip,fail,skip,skip,pass,pass,,,29,0.4.0,2026-08-07
maximumsats.com,1,0,Absent,,fail,fail,fail,fail,skip,skip,fail,skip,skip,fail,fail,,,17,0.4.0,2026-08-07
maxoperf.com,1,10,Text-only,,fail,fail,fail,fail,skip,skip,fail,skip,skip,pass,fail,,,18,0.4.0,2026-08-07
maxrhinehart.workers.dev,1,0,Absent,,error,fail,fail,error,skip,skip,error,skip,skip,fail,fail,,,6,0.4.0,2026-08-07
maxstat.ru,1,5,Text-only,,fail,fail,fail,fail,skip,skip,fail,skip,skip,fail,pass,,,16,0.4.0,2026-08-07
maxzoa.ru,1,0,Absent,,error,fail,fail,error,skip,skip,error,skip,skip,fail,fail,,,3,0.4.0,2026-08-07
mc-data-monitor-mcp.vercel.app,1,0,Absent,,fail,fail,fail,fail,skip,skip,fail,skip,skip,fail,fail,,,28,0.4.0,2026-08-07
mcd.cn,1,0,Absent,,skip,fail,fail,skip,skip,skip,fail,skip,skip,skip,fail,,,7,0.4.0,2026-08-07
mcp-assist-memory.replit.app,1,0,Absent,,fail,fail,fail,fail,skip,skip,fail,skip,skip,fail,fail,,,28,0.4.0,2026-08-07
mcp-automations.fly.dev,1,0,Absent,,fail,fail,fail,fail,skip,skip,fail,skip,skip,fail,fail,,,15,0.4.0,2026-08-07
mcp-bizintel-production.up.railway.app,1,0,Absent,,fail,fail,fail,fail,skip,skip,fail,skip,skip,fail,fail,,,28,0.4.0,2026-08-07
mcp-commerce-starter.vercel.app,1,0,Absent,,fail,fail,fail,fail,skip,skip,fail,skip,skip,fail,fail,,,29,0.4.0,2026-08-07
mcp-dmarc.com,1,35,Discoverable,,fail,fail,fail,pass,skip,skip,fail,skip,skip,fail,fail,,,15,0.4.0,2026-08-07
mcp-grantiq-api-production.up.railway.app,1,10,Text-only,,fail,fail,fail,fail,skip,skip,fail,skip,skip,pass,fail,,,29,0.4.0,2026-08-07
mcp-hub.stream,1,35,Discoverable,,fail,fail,fail,pass,skip,skip,fail,skip,skip,fail,fail,,,15,0.4.0,2026-08-07
mcp-javabin-archieve.fly.dev,1,85,Connectable,,fail,fail,pass,fail,pass,pass,fail,skip,pass,fail,fail,,legacy,20,0.4.0,2026-08-07
mcp-judge.onrender.com,1,80,Connectable,,fail,fail,pass,fail,pass,fail,fail,skip,skip,pass,fail,,legacy,33,0.4.0,2026-08-07
mcp-market.ru,1,0,Absent,,fail,fail,fail,fail,skip,skip,fail,skip,skip,fail,fail,,,15,0.4.0,2026-08-07
mcp-marketplace.io,1,15,Text-only,,fail,fail,fail,fail,skip,skip,fail,skip,skip,pass,pass,,,15,0.4.0,2026-08-07
mcp-myl-oov7xgbxua-ts.a.run.app,1,0,Absent,,fail,fail,fail,fail,skip,skip,fail,skip,skip,fail,fail,,,28,0.4.0,2026-08-07
mcp-on-cloudrun-673872727624.us-central1.run.app,1,0,Absent,,fail,fail,fail,fail,skip,skip,fail,skip,skip,fail,fail,,,28,0.4.0,2026-08-07
mcp-patient-ilb-psc-cloudrun-d-673872727624.us-central1.run.app,1,0,Absent,,fail,fail,fail,fail,skip,skip,fail,skip,skip,fail,fail,,,28,0.4.0,2026-08-07
mcp-production-f681.up.railway.app,1,35,Discoverable,,fail,fail,fail,pass,skip,skip,fail,skip,skip,fail,fail,,,28,0.4.0,2026-08-07
mcp-pubrecords-production.up.railway.app,1,0,Absent,,fail,fail,fail,fail,skip,skip,fail,skip,skip,fail,fail,,,29,0.4.0,2026-08-07
mcp-registry-test-server-513943347567.europe-west1.run.app,1,0,Absent,,fail,fail,fail,fail,skip,skip,fail,skip,skip,fail,fail,,,28,0.4.0,2026-08-07
mcp-revenue-empire.com,1,50,Discoverable,,pass,fail,fail,fail,skip,skip,fail,skip,skip,pass,pass,mcp-json,,17,0.4.0,2026-08-07
mcp-server-295985738387.europe-west1.run.app,1,0,Absent,,fail,fail,fail,fail,skip,skip,fail,skip,skip,fail,fail,,,28,0.4.0,2026-08-07
mcp-server-nani-v3-20.up.railway.app,1,70,Connectable,,fail,fail,pass,fail,pass,fail,fail,skip,skip,fail,fail,,legacy,33,0.4.0,2026-08-07
mcp-server-production-38c9.up.railway.app,1,0,Absent,,fail,fail,fail,fail,skip,skip,fail,skip,skip,fail,fail,,,28,0.4.0,2026-08-07
mcp-server-production-5112.up.railway.app,1,0,Absent,,fail,fail,fail,fail,skip,skip,fail,skip,skip,fail,fail,,,28,0.4.0,2026-08-07
mcp-server-production-8f66.up.railway.app,1,0,Absent,,fail,fail,fail,fail,skip,skip,fail,skip,skip,fail,fail,,,28,0.4.0,2026-08-07
mcp-snowy-dew-9447.fly.dev,1,0,Absent,,fail,fail,fail,fail,skip,skip,fail,skip,skip,fail,fail,,,15,0.4.0,2026-08-07
mcp-use.com,1,0,Absent,,fail,fail,fail,fail,skip,skip,fail,skip,skip,fail,fail,,,15,0.4.0,2026-08-07
mcp-x402.onrender.com,1,10,Text-only,,fail,fail,fail,fail,skip,skip,fail,skip,skip,pass,fail,,,28,0.4.0,2026-08-07
mcp.com.ai,1,0,Absent,,fail,fail,fail,fail,skip,skip,fail,skip,skip,fail,fail,,,16,0.4.0,2026-08-07
mcp.sv,1,0,Absent,,error,fail,fail,error,skip,skip,error,skip,skip,fail,fail,,,54,0.4.0,2026-08-07
mcpanalytics.ai,1,15,Text-only,,fail,fail,fail,fail,skip,skip,fail,skip,skip,pass,pass,,,16,0.4.0,2026-08-07
mcparmory.com,1,15,Text-only,,fail,fail,fail,fail,skip,skip,fail,skip,skip,pass,pass,,,28,0.4.0,2026-08-07
mcpbundles.com,1,10,Text-only,,fail,fail,fail,fail,skip,skip,error,skip,skip,pass,fail,,,30,0.4.0,2026-08-07
mcpcalc.com,1,0,Absent,,fail,fail,fail,fail,skip,skip,fail,skip,skip,fail,fail,,,14,0.4.0,2026-08-07
mcpcap.ai,1,0,Absent,,fail,fail,fail,fail,skip,skip,fail,skip,skip,fail,fail,,,28,0.4.0,2026-08-07
mcpcensus.com,1,100,Agent-ready,,pass,fail,pass,fail,pass,pass,fail,fail,pass,pass,pass,mcp-json,modern,21,0.4.0,2026-08-07
mcpcentral.io,1,50,Discoverable,,pass,fail,fail,pass,skip,skip,fail,skip,skip,pass,pass,mcp-server-card-json,,15,0.4.0,2026-08-07
mcpcheckup.xyz,1,0,Absent,,fail,fail,fail,fail,skip,skip,fail,skip,skip,fail,fail,,,32,0.4.0,2026-08-07
mcpcut.com,1,0,Absent,,error,fail,fail,error,skip,skip,error,skip,skip,fail,fail,,,28,0.4.0,2026-08-07
mcpdomain.ai,1,95,Agent-ready,,pass,fail,pass,fail,pass,pass,fail,fail,pass,pass,fail,mcp-json,legacy,20,0.4.0,2026-08-07
mcpemails.com,1,45,Discoverable,,fail,fail,fail,pass,skip,skip,fail,skip,skip,pass,fail,,,14,0.4.0,2026-08-07
mcpexplorer.com,1,80,Connectable,,fail,fail,pass,fail,pass,fail,fail,skip,skip,pass,fail,,legacy,19,0.4.0,2026-08-07
mcpfinder.dev,1,15,Text-only,,fail,fail,fail,fail,skip,skip,fail,skip,skip,pass,pass,,,15,0.4.0,2026-08-07
mcpgatepro.com,1,0,Absent,,fail,fail,fail,fail,skip,skip,fail,skip,skip,fail,fail,,,16,0.4.0,2026-08-07
mcpgrade.dev,1,45,Discoverable,,pass,fail,fail,fail,skip,skip,fail,skip,skip,pass,fail,mcp-server-card-json,,15,0.4.0,2026-08-07
mcpindex.ai,1,85,Connectable,,fail,fail,pass,fail,pass,fail,fail,skip,skip,pass,pass,,legacy,24,0.4.0,2026-08-07
mcplint-web.vercel.app,1,70,Connectable,,fail,fail,pass,fail,pass,fail,fail,skip,skip,fail,fail,,legacy,33,0.4.0,2026-08-07
mcploadbudgeter.space,1,80,Connectable,,pass,fail,pass,fail,pass,fail,fail,skip,skip,pass,fail,mcp-server-card-json,modern,18,0.4.0,2026-08-07
mcpmux.com,1,15,Text-only,,fail,fail,fail,fail,skip,skip,fail,skip,skip,pass,pass,,,15,0.4.0,2026-08-07
mcpmyadmin.ai,1,35,Discoverable,,fail,fail,fail,pass,skip,skip,fail,skip,skip,fail,fail,,,15,0.4.0,2026-08-07
mcpqueen.com,1,95,Agent-ready,,fail,fail,pass,fail,pass,pass,fail,skip,pass,pass,fail,,legacy,20,0.4.0,2026-08-07
mcpregistrysearchwilfredleejr.vercel.app,1,0,Absent,,fail,fail,fail,fail,skip,skip,fail,skip,skip,fail,fail,,,29,0.4.0,2026-08-07
mcps.work,1,35,Discoverable,,fail,fail,fail,pass,skip,skip,fail,skip,skip,fail,fail,,,15,0.4.0,2026-08-07
mcpsearchconsole.com,1,10,Text-only,,fail,fail,fail,fail,skip,skip,fail,skip,skip,pass,fail,,,14,0.4.0,2026-08-07
mcpskills.io,1,10,Text-only,,fail,fail,fail,fail,skip,skip,fail,skip,skip,pass,fail,,,15,0.4.0,2026-08-07
mcptoplist.com,1,95,Agent-ready,,fail,fail,pass,fail,pass,pass,fail,skip,pass,pass,fail,,legacy,20,0.4.0,2026-08-07
mcpvillage.com,1,45,Discoverable,,fail,fail,fail,pass,skip,skip,fail,skip,skip,pass,fail,,,18,0.4.0,2026-08-07
mcpvot.xyz,1,50,Discoverable,,pass,fail,fail,fail,skip,skip,fail,skip,skip,pass,pass,mcp-json,,15,0.4.0,2026-08-07
mcpweave.com,1,0,Absent,,fail,fail,fail,fail,skip,skip,fail,skip,skip,fail,fail,,,15,0.4.0,2026-08-07
md-log.com,1,85,Connectable,,fail,fail,pass,fail,pass,fail,fail,skip,skip,pass,pass,,modern,24,0.4.0,2026-08-07
mdedit.ai,1,10,Text-only,,fail,fail,fail,fail,skip,skip,fail,skip,skip,pass,fail,,,18,0.4.0,2026-08-07
mdflow.cz,1,45,Discoverable,,fail,fail,fail,pass,skip,skip,fail,skip,skip,pass,fail,,,35,0.4.0,2026-08-07
mdkit.online,1,85,Connectable,,fail,fail,pass,fail,pass,fail,fail,skip,skip,pass,pass,,legacy,25,0.4.0,2026-08-07
mdmagic.ai,1,5,Text-only,,fail,fail,fail,fail,skip,skip,fail,skip,skip,fail,pass,,,16,0.4.0,2026-08-07
mdtidy.com,1,45,Discoverable,,fail,fail,fail,pass,skip,skip,fail,skip,skip,pass,fail,,,27,0.4.0,2026-08-07
me-qr.com,1,80,Connectable,,fail,fail,pass,pass,pass,fail,fail,skip,skip,pass,fail,,modern,22,0.4.0,2026-08-07
meacheal.ai,1,85,Connectable,,pass,fail,fail,fail,pass,fail,fail,skip,skip,pass,pass,mcp-server-card-json,modern,20,0.4.0,2026-08-07
mearef.dev,1,15,Text-only,,fail,fail,fail,fail,skip,skip,fail,skip,skip,pass,pass,,,16,0.4.0,2026-08-07
measure.events,1,10,Text-only,,fail,fail,fail,fail,skip,skip,fail,skip,skip,pass,fail,,,15,0.4.0,2026-08-07
meatspace.run,1,45,Discoverable,,pass,fail,fail,fail,skip,skip,fail,skip,skip,pass,fail,mcp-json,,15,0.4.0,2026-08-07
mediawork.io,1,100,Agent-ready,,fail,fail,pass,fail,pass,pass,fail,skip,pass,pass,pass,,modern,36,0.4.0,2026-08-07
medibillsaver.com,1,50,Discoverable,,pass,fail,fail,fail,skip,skip,fail,skip,skip,pass,pass,mcp-json,,27,0.4.0,2026-08-07
medical-rag-mcp-test-513943347567.europe-west1.run.app,1,0,Absent,,fail,fail,fail,fail,skip,skip,fail,skip,skip,fail,fail,,,28,0.4.0,2026-08-07
mediora.ai,1,100,Agent-ready,,pass,fail,fail,fail,pass,pass,fail,pass,pass,pass,pass,mcp-json,legacy,35,0.4.0,2026-08-07
medplum.com,1,0,Absent,,fail,fail,fail,fail,skip,skip,fail,skip,skip,fail,fail,,,29,0.4.0,2026-08-07
medprice.ai,1,80,Connectable,,fail,fail,pass,fail,pass,fail,fail,skip,skip,pass,fail,,legacy,24,0.4.0,2026-08-07
medrates.fyi,1,15,Text-only,,fail,fail,fail,fail,skip,skip,fail,skip,skip,pass,pass,,,16,0.4.0,2026-08-07
medrecpro.com,1,75,Connectable,,fail,fail,pass,pass,pass,fail,fail,skip,skip,fail,pass,,modern,19,0.4.0,2026-08-07
medseal.app,1,15,Text-only,,fail,fail,fail,fail,skip,skip,fail,skip,skip,pass,pass,,,15,0.4.0,2026-08-07
medusajs.com,1,10,Text-only,,fail,fail,fail,fail,skip,skip,fail,skip,skip,pass,fail,,,17,0.4.0,2026-08-07
meelion.com,1,85,Connectable,,fail,fail,pass,fail,pass,pass,fail,skip,pass,fail,fail,,legacy,22,0.4.0,2026-08-07
meepo.app,1,15,Text-only,,fail,fail,fail,fail,skip,skip,fail,skip,skip,pass,pass,,,27,0.4.0,2026-08-07
meertrack.com,1,80,Connectable,,fail,fail,pass,pass,pass,fail,fail,skip,skip,pass,fail,,modern,22,0.4.0,2026-08-07
meet.bot,1,10,Text-only,,fail,fail,fail,fail,skip,skip,fail,skip,skip,pass,fail,,,20,0.4.0,2026-08-07
meetdewey.com,1,0,Absent,,error,fail,fail,error,skip,skip,error,skip,skip,fail,fail,,,54,0.4.0,2026-08-07
meetlark.ai,1,10,Text-only,,fail,fail,fail,fail,skip,skip,fail,skip,skip,pass,fail,,,15,0.4.0,2026-08-07
meetmyagent.io,1,50,Discoverable,,fail,fail,fail,pass,skip,skip,fail,skip,skip,pass,pass,,,18,0.4.0,2026-08-07
meetsponsors.com,1,95,Agent-ready,,fail,fail,pass,pass,pass,pass,fail,skip,pass,pass,fail,,modern,24,0.4.0,2026-08-07
meetsquad.ai,1,35,Discoverable,,pass,fail,fail,fail,skip,skip,fail,skip,skip,fail,fail,ai-catalog,,18,0.4.0,2026-08-07
meetvalis.com,1,0,Absent,,fail,fail,fail,fail,skip,skip,fail,skip,skip,fail,fail,,,19,0.4.0,2026-08-07
megachad.xyz,1,85,Connectable,,pass,fail,pass,fail,pass,fail,fail,fail,skip,pass,pass,mcp-json,legacy,20,0.4.0,2026-08-07
megastructure.ai,1,10,Text-only,,fail,fail,fail,fail,skip,skip,fail,skip,skip,pass,fail,,,27,0.4.0,2026-08-07
mehdi-boukenouche.workers.dev,1,0,Absent,,error,fail,fail,error,skip,skip,error,skip,skip,fail,fail,,,6,0.4.0,2026-08-07
meistertask.com,1,10,Text-only,,fail,fail,fail,fail,skip,skip,fail,skip,skip,pass,fail,,,34,0.4.0,2026-08-07
meliorra.co,1,70,Connectable,,fail,fail,pass,pass,pass,pass,fail,skip,fail,fail,fail,,modern,36,0.4.0,2026-08-07
mellowmountainradio.com,1,70,Connectable,,pass,fail,fail,fail,pass,fail,fail,pass,skip,fail,fail,mcp-json|mcp-server-card-json,legacy,22,0.4.0,2026-08-07
meloncafe.github.io,1,0,Absent,,fail,fail,fail,fail,skip,skip,fail,skip,skip,fail,fail,,,28,0.4.0,2026-08-07
meltema.com,1,10,Text-only,,fail,fail,fail,fail,skip,skip,fail,skip,skip,pass,fail,,,16,0.4.0,2026-08-07
melvea.com,1,15,Text-only,,fail,fail,fail,fail,skip,skip,fail,skip,skip,pass,pass,,,17,0.4.0,2026-08-07
mem0.ai,1,10,Text-only,,fail,fail,fail,fail,skip,skip,fail,skip,skip,pass,fail,,,20,0.4.0,2026-08-07
memberpass.net,1,0,Absent,,fail,fail,fail,fail,skip,skip,fail,skip,skip,fail,fail,,,32,0.4.0,2026-08-07
memebo.at,1,70,Connectable,,fail,fail,pass,fail,pass,fail,fail,skip,skip,fail,fail,,legacy,23,0.4.0,2026-08-07
memesio.com,1,45,Discoverable,,pass,fail,fail,fail,fail,skip,fail,skip,skip,pass,fail,mcp-json|mcp-server-card-json,,15,0.4.0,2026-08-07
memestack.ai,1,100,Agent-ready,,fail,fail,pass,fail,pass,pass,fail,skip,pass,pass,pass,,legacy,22,0.4.0,2026-08-07
memfleet.com,1,0,Absent,,fail,fail,fail,fail,skip,skip,fail,skip,skip,fail,fail,,,15,0.4.0,2026-08-07
meminal.ai,1,5,Text-only,,fail,fail,fail,fail,skip,skip,fail,skip,skip,fail,pass,,,15,0.4.0,2026-08-07
memmizgezgin.workers.dev,1,0,Absent,,error,fail,fail,error,skip,skip,error,skip,skip,fail,fail,,,6,0.4.0,2026-08-07
memnode.dev,1,85,Connectable,,pass,fail,pass,pass,pass,fail,fail,skip,skip,pass,pass,mcp-server-card-json,modern,21,0.4.0,2026-08-07
memoai.tech,1,80,Connectable,,fail,fail,pass,pass,pass,fail,fail,skip,skip,pass,fail,,modern,24,0.4.0,2026-08-07
memocore.ai,1,50,Discoverable,,fail,fail,fail,pass,skip,skip,fail,skip,skip,pass,pass,,,14,0.4.0,2026-08-07
memoket.ai,1,95,Agent-ready,,fail,fail,pass,pass,pass,pass,fail,skip,pass,pass,fail,,legacy,24,0.4.0,2026-08-07
memol.app,1,50,Discoverable,,fail,fail,fail,pass,skip,skip,fail,skip,skip,pass,pass,,,17,0.4.0,2026-08-07
memoryapi.org,1,80,Connectable,,fail,fail,pass,fail,pass,fail,fail,skip,skip,pass,fail,,legacy,24,0.4.0,2026-08-07
memoryplugin.com,1,45,Discoverable,,fail,fail,fail,pass,skip,skip,fail,skip,skip,pass,fail,,,29,0.4.0,2026-08-07
memorystore.googleapis.com,1,70,Connectable,,fail,fail,pass,pass,pass,fail,fail,skip,skip,fail,fail,,legacy,33,0.4.0,2026-08-07
memotrader.com,1,10,Text-only,,fail,fail,fail,fail,skip,skip,fail,skip,skip,pass,fail,,,15,0.4.0,2026-08-07
memside.com,1,10,Text-only,,fail,fail,fail,fail,skip,skip,fail,skip,skip,pass,fail,,,30,0.4.0,2026-08-07
memsprout.com,1,10,Text-only,,fail,fail,fail,fail,skip,skip,fail,skip,skip,pass,fail,,,17,0.4.0,2026-08-07
memxus.com,1,15,Text-only,,fail,fail,fail,fail,skip,skip,fail,skip,skip,pass,pass,,,32,0.4.0,2026-08-07
mendapi.com,1,10,Text-only,,fail,fail,fail,fail,skip,skip,fail,skip,skip,pass,fail,,,15,0.4.0,2026-08-07
mengram.io,1,40,Discoverable,,pass,fail,fail,pass,skip,skip,fail,skip,skip,fail,pass,mcp-bare|mcp-server-card-json,,15,0.4.0,2026-08-07
meni.ge,1,10,Text-only,,fail,fail,fail,fail,skip,skip,fail,skip,skip,pass,fail,,,18,0.4.0,2026-08-07
menlolabs.dev,1,10,Text-only,,fail,fail,fail,fail,skip,skip,fail,skip,skip,pass,fail,,,28,0.4.0,2026-08-07
menteorama.workers.dev,1,0,Absent,,error,fail,fail,error,skip,skip,error,skip,skip,fail,fail,,,6,0.4.0,2026-08-07
mentionkit.com,1,10,Text-only,,fail,fail,fail,fail,skip,skip,fail,skip,skip,pass,fail,,,16,0.4.0,2026-08-07
menufresh.jp,1,15,Text-only,,fail,fail,fail,fail,skip,skip,fail,skip,skip,pass,pass,,,18,0.4.0,2026-08-07
mercantry.org,1,85,Connectable,,pass,fail,pass,fail,pass,fail,fail,pass,skip,pass,pass,mcp-json,legacy,33,0.4.0,2026-08-07
merchantwords.com,1,5,Text-only,,fail,fail,fail,fail,skip,skip,fail,skip,skip,fail,pass,,,28,0.4.0,2026-08-07
merchinary.com,1,0,Absent,,fail,fail,fail,fail,skip,skip,fail,skip,skip,fail,fail,,,15,0.4.0,2026-08-07
mercury-hq.com,1,0,Absent,,fail,fail,fail,fail,skip,skip,fail,skip,skip,fail,fail,,,20,0.4.0,2026-08-07
meridianconsensus.com,1,0,Absent,,fail,fail,fail,fail,skip,skip,fail,skip,skip,fail,fail,,,15,0.4.0,2026-08-07
meritvalue.com,1,85,Connectable,,fail,fail,pass,fail,pass,pass,fail,skip,pass,fail,fail,,modern,34,0.4.0,2026-08-07
merlonix.com,1,100,Agent-ready,,pass,fail,pass,fail,pass,pass,fail,pass,pass,pass,pass,mcp-json,legacy,22,0.4.0,2026-08-07
mermaidchart.com,1,70,Connectable,,fail,fail,pass,fail,pass,fail,skip,skip,skip,skip,fail,,legacy,11,0.4.0,2026-08-07
mermail.app,1,45,Discoverable,,pass,fail,fail,pass,skip,skip,fail,skip,skip,pass,fail,mcp-server-card-json,,15,0.4.0,2026-08-07
merx.exchange,1,35,Discoverable,,pass,fail,fail,fail,skip,skip,fail,skip,skip,fail,fail,mcp-bare|mcp-server-card-json,,14,0.4.0,2026-08-07
merxprotocol.eu,1,0,Absent,,fail,fail,fail,fail,skip,skip,fail,skip,skip,fail,fail,,,18,0.4.0,2026-08-07
meseriasi.ro,1,45,Discoverable,,pass,fail,fail,fail,fail,skip,fail,skip,skip,pass,fail,mcp-json,,29,0.4.0,2026-08-07
meshtool.ai,1,0,Absent,,fail,fail,fail,fail,skip,skip,fail,skip,skip,fail,fail,,,16,0.4.0,2026-08-07
mesquared-mcp-server.vercel.app,1,70,Connectable,,fail,fail,pass,fail,pass,fail,fail,skip,skip,fail,fail,,legacy,59,0.4.0,2026-08-07
mess.fyi,1,45,Discoverable,,pass,fail,fail,pass,fail,skip,fail,skip,skip,pass,fail,mcp-json,,15,0.4.0,2026-08-07
messagesbridge.vercel.app,1,35,Discoverable,,fail,fail,fail,pass,skip,skip,fail,skip,skip,fail,fail,,,28,0.4.0,2026-08-07
meta-council.com,1,80,Connectable,,fail,fail,pass,fail,pass,fail,fail,skip,skip,pass,fail,,legacy,19,0.4.0,2026-08-07
meta.com,1,0,Absent,,fail,fail,fail,fail,skip,skip,fail,skip,skip,fail,fail,,,29,0.4.0,2026-08-07
metadock.app,1,10,Text-only,,fail,fail,fail,fail,skip,skip,fail,skip,skip,pass,fail,,,14,0.4.0,2026-08-07
metaengine.eu,1,0,Absent,,fail,fail,fail,fail,skip,skip,fail,skip,skip,fail,fail,,,35,0.4.0,2026-08-07
metagraph.sh,1,80,Connectable,,pass,fail,pass,pass,pass,fail,fail,skip,skip,pass,fail,mcp-json,legacy,22,0.4.0,2026-08-07
metaltakip.com,1,5,Text-only,,fail,fail,fail,fail,skip,skip,fail,skip,skip,fail,pass,,,27,0.4.0,2026-08-07
metamesh-uga.dev,1,15,Text-only,,fail,fail,fail,fail,skip,skip,fail,skip,skip,pass,pass,,,16,0.4.0,2026-08-07
metamodel.app,1,95,Agent-ready,,fail,fail,pass,fail,pass,pass,fail,skip,pass,pass,fail,,legacy,39,0.4.0,2026-08-07
metapartner.ai,1,0,Absent,,fail,fail,fail,fail,skip,skip,fail,skip,skip,fail,fail,,,27,0.4.0,2026-08-07
metarun.dev,1,10,Text-only,,fail,fail,fail,fail,skip,skip,fail,skip,skip,pass,fail,,,23,0.4.0,2026-08-07
metastampv3-production.up.railway.app,1,0,Absent,,fail,fail,fail,fail,skip,skip,fail,skip,skip,fail,fail,,,30,0.4.0,2026-08-07
metatake.net,1,15,Text-only,,fail,fail,fail,fail,skip,skip,fail,skip,skip,pass,pass,,,17,0.4.0,2026-08-07
metavert.io,1,45,Discoverable,,pass,pass,fail,pass,skip,skip,fail,skip,skip,pass,fail,mcp-server-card-json,,15,0.4.0,2026-08-07
meteor.com.co,1,15,Text-only,,fail,fail,fail,fail,skip,skip,fail,skip,skip,pass,pass,,,15,0.4.0,2026-08-07
metricduck.com,1,50,Discoverable,,pass,fail,fail,pass,fail,skip,fail,skip,skip,pass,pass,mcp-json,,29,0.4.0,2026-08-07
metrichub.app,1,0,Absent,,fail,fail,fail,fail,skip,skip,fail,skip,skip,fail,fail,,,15,0.4.0,2026-08-07
metricprovenance.com,1,10,Text-only,,fail,fail,fail,fail,skip,skip,fail,skip,skip,pass,fail,,,29,0.4.0,2026-08-07
metricspot.com,1,15,Text-only,,fail,fail,fail,fail,skip,skip,fail,skip,skip,pass,pass,,,17,0.4.0,2026-08-07
metrifyr.cloud,1,50,Discoverable,,pass,fail,fail,pass,fail,skip,pass,skip,skip,pass,pass,mcp-json|mcp-server-card-json,,30,0.4.0,2026-08-07
meuvelmo.com,1,0,Absent,,fail,fail,fail,fail,skip,skip,fail,skip,skip,fail,fail,,,18,0.4.0,2026-08-07
mfgcalcs.com,1,15,Text-only,,fail,fail,fail,fail,skip,skip,fail,skip,skip,pass,pass,,,30,0.4.0,2026-08-07
mgm-llc.org,1,0,Absent,,fail,fail,fail,fail,skip,skip,fail,skip,skip,fail,fail,,,15,0.4.0,2026-08-07
mgthompo.workers.dev,1,0,Absent,,error,fail,fail,error,skip,skip,error,skip,skip,fail,fail,,,6,0.4.0,2026-08-07
mhai.app,1,0,Absent,,fail,fail,fail,fail,skip,skip,fail,skip,skip,fail,fail,,,15,0.4.0,2026-08-07
mhsbloom.com,1,15,Text-only,,fail,fail,fail,fail,skip,skip,fail,skip,skip,pass,pass,,,17,0.4.0,2026-08-07
mia-platform.eu,1,10,Text-only,,fail,fail,fail,fail,skip,skip,fail,skip,skip,pass,fail,,,15,0.4.0,2026-08-07
micro.mu,1,35,Discoverable,,fail,fail,fail,pass,skip,skip,fail,skip,skip,fail,fail,,,15,0.4.0,2026-08-07
micropay-test-suite.netlify.app,1,0,Absent,,fail,fail,fail,fail,skip,skip,fail,skip,skip,fail,fail,,,28,0.4.0,2026-08-07
microservices.sh,1,10,Text-only,,fail,fail,fail,fail,skip,skip,fail,skip,skip,pass,fail,,,16,0.4.0,2026-08-07
microsoft.com,1,0,Absent,,fail,fail,fail,fail,skip,skip,fail,skip,skip,fail,fail,,,36,0.4.0,2026-08-07
mid-continental.com,1,85,Connectable,,pass,fail,pass,fail,pass,fail,fail,fail,skip,pass,pass,mcp-server-card-json,legacy,20,0.4.0,2026-08-07
midasflow.ai,1,0,Absent,,fail,fail,fail,fail,skip,skip,fail,skip,skip,fail,fail,,,18,0.4.0,2026-08-07
midasprotocol.org,1,15,Text-only,,fail,fail,fail,fail,skip,skip,fail,skip,skip,pass,pass,,,42,0.4.0,2026-08-07
midax402.com,1,95,Agent-ready,,fail,fail,pass,fail,pass,pass,fail,skip,pass,pass,fail,,legacy,23,0.4.0,2026-08-07
midos.dev,1,0,Absent,,error,fail,fail,error,skip,skip,error,skip,skip,fail,fail,,,33,0.4.0,2026-08-07
midvash.com,1,0,Absent,,fail,fail,fail,fail,skip,skip,fail,skip,skip,fail,fail,,,17,0.4.0,2026-08-07
mifactory-email.vercel.app,1,0,Absent,,fail,fail,fail,fail,skip,skip,fail,skip,skip,fail,fail,,,28,0.4.0,2026-08-07
mifactory-payments.vercel.app,1,35,Discoverable,,pass,fail,fail,fail,skip,skip,fail,skip,skip,fail,fail,mcp-server-card-json,,28,0.4.0,2026-08-07
mifactory-pdf.vercel.app,1,0,Absent,,fail,fail,fail,fail,skip,skip,fail,skip,skip,fail,fail,,,28,0.4.0,2026-08-07
miinideck.com,1,50,Discoverable,,fail,fail,fail,pass,skip,skip,fail,skip,skip,pass,pass,,,27,0.4.0,2026-08-07
mike-c63.workers.dev,1,0,Absent,,error,fail,fail,error,skip,skip,error,skip,skip,fail,fail,,,6,0.4.0,2026-08-07
mila.gg,1,0,Absent,,fail,fail,fail,fail,skip,skip,fail,skip,skip,fail,fail,,,18,0.4.0,2026-08-07
milatexai.com,1,10,Text-only,,fail,fail,fail,fail,skip,skip,fail,skip,skip,pass,fail,,,15,0.4.0,2026-08-07
milemaker.com,1,0,Absent,,fail,fail,fail,fail,skip,skip,fail,skip,skip,fail,fail,,,26,0.4.0,2026-08-07
mima.works,1,10,Text-only,,fail,fail,fail,fail,skip,skip,fail,skip,skip,pass,fail,,,14,0.4.0,2026-08-07
mimiqai.com,1,10,Text-only,,fail,fail,fail,fail,skip,skip,fail,skip,skip,pass,fail,,,28,0.4.0,2026-08-07
mimirslab.workers.dev,1,0,Absent,,error,fail,fail,error,skip,skip,error,skip,skip,fail,fail,,,6,0.4.0,2026-08-07
minddory.com,1,10,Text-only,,fail,fail,fail,fail,skip,skip,fail,skip,skip,pass,fail,,,16,0.4.0,2026-08-07
mindflows.us,1,15,Text-only,,fail,fail,fail,fail,skip,skip,fail,skip,skip,pass,pass,,,23,0.4.0,2026-08-07
mindlify.co,1,45,Discoverable,,fail,fail,fail,pass,skip,skip,fail,skip,skip,pass,fail,,,14,0.4.0,2026-08-07
mindmeister.com,1,0,Absent,,fail,fail,fail,fail,skip,skip,fail,skip,skip,fail,fail,,,28,0.4.0,2026-08-07
mindola.ai,1,10,Text-only,,fail,fail,fail,fail,skip,skip,fail,skip,skip,pass,fail,,,15,0.4.0,2026-08-07
mindset-502113.web.app,1,0,Absent,,fail,fail,fail,fail,skip,skip,fail,skip,skip,fail,fail,,,28,0.4.0,2026-08-07
mindset-mcp-183316982259.europe-west2.run.app,1,0,Absent,,fail,fail,fail,fail,skip,skip,fail,skip,skip,fail,fail,,,28,0.4.0,2026-08-07
mindthegates.uk,1,85,Connectable,,pass,fail,pass,fail,pass,pass,fail,pass,pass,fail,fail,mcp-server-card-json,legacy,20,0.4.0,2026-08-07
mingles.ai,1,15,Text-only,,fail,fail,fail,fail,skip,skip,fail,skip,skip,pass,pass,,,15,0.4.0,2026-08-07
mingxinstorage.xyz,1,50,Discoverable,,pass,fail,fail,fail,fail,skip,fail,skip,skip,pass,pass,mcp-json,,18,0.4.0,2026-08-07
minia2a.uk,1,45,Discoverable,,pass,fail,fail,fail,fail,skip,fail,skip,skip,pass,fail,ai-catalog|mcp-json,,14,0.4.0,2026-08-07
miniaccountant.app,1,0,Absent,,fail,fail,fail,fail,skip,skip,fail,skip,skip,fail,fail,,,18,0.4.0,2026-08-07
miniurl.com,1,15,Text-only,,fail,fail,fail,fail,skip,skip,fail,skip,skip,pass,pass,,,16,0.4.0,2026-08-07
mink.is,1,95,Agent-ready,,pass,fail,fail,pass,pass,pass,fail,pass,pass,pass,fail,mcp-json|mcp-bare,legacy,21,0.4.0,2026-08-07
minnas.io,1,5,Text-only,,skip,fail,fail,skip,skip,skip,skip,skip,skip,skip,pass,,,16,0.4.0,2026-08-07
mino-yakking.com,1,0,Absent,,fail,fail,fail,fail,skip,skip,fail,skip,skip,fail,fail,,,15,0.4.0,2026-08-07
mino.ai,1,0,Absent,,fail,fail,fail,fail,skip,skip,fail,skip,skip,fail,fail,,,15,0.4.0,2026-08-07
mint-mcp-production.up.railway.app,1,0,Absent,,error,fail,fail,error,skip,skip,error,skip,skip,fail,fail,,,41,0.4.0,2026-08-07
minter.io,1,45,Discoverable,,fail,fail,fail,pass,skip,skip,fail,skip,skip,pass,fail,,,15,0.4.0,2026-08-07
mintmcp.com,1,10,Text-only,,fail,fail,fail,fail,skip,skip,fail,skip,skip,pass,fail,,,29,0.4.0,2026-08-07
mintqa.dev,1,0,Absent,,fail,fail,fail,fail,skip,skip,fail,skip,skip,fail,fail,,,14,0.4.0,2026-08-07
mintverdict.com,1,0,Absent,,error,fail,fail,error,skip,skip,error,skip,skip,fail,fail,,,4,0.4.0,2026-08-07
minutaia.com.br,1,35,Discoverable,,fail,fail,fail,pass,skip,skip,fail,skip,skip,fail,fail,,,33,0.4.0,2026-08-07
mioffice.ai,1,45,Discoverable,,pass,fail,fail,fail,skip,skip,fail,skip,skip,pass,fail,mcp-json|mcp-server-card-json,,15,0.4.0,2026-08-07
mirabelloconsultancy.com,1,15,Text-only,,fail,fail,fail,fail,skip,skip,fail,skip,skip,pass,pass,,,25,0.4.0,2026-08-07
mirantis.com,1,10,Text-only,,fail,fail,fail,fail,skip,skip,fail,skip,skip,pass,fail,,,29,0.4.0,2026-08-07
mireye.com,1,10,Text-only,,fail,fail,fail,fail,skip,skip,fail,skip,skip,pass,fail,,,32,0.4.0,2026-08-07
miro.com,1,0,Absent,,fail,fail,fail,fail,skip,skip,fail,skip,skip,fail,fail,,,22,0.4.0,2026-08-07
miromiro.app,1,45,Discoverable,,skip,fail,fail,pass,skip,skip,fail,skip,skip,pass,fail,,,17,0.4.0,2026-08-07
misar.blog,1,50,Discoverable,,fail,fail,fail,pass,skip,skip,fail,skip,skip,pass,pass,,,31,0.4.0,2026-08-07
misar.io,1,15,Text-only,,fail,fail,fail,fail,skip,skip,fail,skip,skip,pass,pass,,,32,0.4.0,2026-08-07
misim.ai,1,35,Discoverable,,fail,fail,fail,pass,skip,skip,fail,skip,skip,fail,fail,,,19,0.4.0,2026-08-07
missingmcp.com,1,45,Discoverable,,pass,fail,fail,fail,skip,skip,fail,skip,skip,pass,fail,mcp-server-card-json,,15,0.4.0,2026-08-07
mission-control-six-kohl.vercel.app,1,70,Connectable,,pass,fail,fail,pass,pass,fail,fail,skip,skip,fail,fail,mcp-json,modern,32,0.4.0,2026-08-07
mistaike.ai,1,0,Absent,,error,fail,fail,error,skip,skip,error,skip,skip,fail,fail,,,5,0.4.0,2026-08-07
mitosislabs.ai,1,100,Agent-ready,,pass,fail,pass,pass,pass,pass,fail,pass,pass,pass,pass,ai-catalog|mcp-json|mcp-bare|mcp-server-card-json,legacy,19,0.4.0,2026-08-07
mixer4ai.com,1,45,Discoverable,,pass,fail,fail,fail,fail,skip,fail,skip,skip,pass,fail,mcp-server-card-json,,15,0.4.0,2026-08-07
mixmake.com,1,10,Text-only,,fail,fail,fail,fail,skip,skip,fail,skip,skip,pass,fail,,,32,0.4.0,2026-08-07
mj-mcp-tools.workers.dev,1,0,Absent,,error,fail,fail,error,skip,skip,error,skip,skip,fail,fail,,,6,0.4.0,2026-08-07
mkdshare.dev,1,100,Agent-ready,,pass,fail,fail,pass,pass,pass,fail,skip,pass,pass,pass,mcp-json,modern,26,0.4.0,2026-08-07
mkliniki.co.ke,1,5,Text-only,,fail,fail,fail,fail,skip,skip,fail,skip,skip,fail,pass,,,15,0.4.0,2026-08-07
ml.ink,1,0,Absent,,fail,fail,fail,fail,skip,skip,fail,skip,skip,fail,fail,,,18,0.4.0,2026-08-07
mmatinca.eu,1,85,Connectable,,pass,fail,pass,fail,pass,fail,fail,pass,skip,pass,pass,mcp-server-serra|mcp-server-card-json,legacy,20,0.4.0,2026-08-07
mmsebenzi-oracle.workers.dev,1,0,Absent,,error,fail,fail,error,skip,skip,error,skip,skip,fail,fail,,,6,0.4.0,2026-08-07
mmvdabzadclebfxyzudg.supabase.co,1,0,Absent,,fail,fail,fail,fail,skip,skip,fail,skip,skip,fail,fail,,,15,0.4.0,2026-08-07
mnemolog.com,1,45,Discoverable,,pass,fail,fail,fail,skip,skip,fail,skip,skip,pass,fail,mcp-server-card-json,,15,0.4.0,2026-08-07
mnemolog.pages.dev,1,45,Discoverable,,pass,fail,fail,fail,skip,skip,fail,skip,skip,pass,fail,mcp-server-card-json,,18,0.4.0,2026-08-07
mnemom.ai,1,50,Discoverable,,pass,fail,fail,pass,fail,skip,fail,skip,skip,pass,pass,mcp-server-card-json,,27,0.4.0,2026-08-07
mnemopay.com,1,50,Discoverable,,fail,pass,fail,fail,skip,skip,fail,skip,skip,pass,pass,,,22,0.4.0,2026-08-07
mnemoverse.com,1,15,Text-only,,fail,fail,fail,fail,skip,skip,fail,skip,skip,pass,pass,,,21,0.4.0,2026-08-07
mobbin.com,1,15,Text-only,,fail,fail,fail,fail,skip,skip,fail,skip,skip,pass,pass,,,16,0.4.0,2026-08-07
mobcrm.au,1,0,Absent,,fail,fail,fail,fail,skip,skip,fail,skip,skip,fail,fail,,,28,0.4.0,2026-08-07
mobile-text-alerts.com,1,0,Absent,,fail,fail,fail,fail,skip,skip,fail,skip,skip,fail,fail,,,22,0.4.0,2026-08-07
mobilerun.ai,1,10,Text-only,,fail,fail,fail,fail,skip,skip,fail,skip,skip,pass,fail,,,17,0.4.0,2026-08-07
mochipdf.com,1,70,Connectable,,fail,fail,pass,pass,pass,fail,fail,skip,skip,fail,fail,,modern,19,0.4.0,2026-08-07
mock-server.com,1,15,Text-only,,fail,fail,fail,fail,skip,skip,fail,skip,skip,pass,pass,,,15,0.4.0,2026-08-07
mockbird.workers.dev,1,0,Absent,,error,fail,fail,error,skip,skip,error,skip,skip,fail,fail,,,6,0.4.0,2026-08-07
mockd.io,1,45,Discoverable,,pass,fail,fail,fail,skip,skip,fail,skip,skip,pass,fail,mcp-server-card-json,,16,0.4.0,2026-08-07
mockhero.dev,1,80,Connectable,,fail,fail,pass,fail,pass,pass,fail,skip,fail,pass,fail,,legacy,19,0.4.0,2026-08-07
mockmcp.io,1,0,Absent,,fail,fail,fail,fail,skip,skip,fail,skip,skip,fail,fail,,,15,0.4.0,2026-08-07
moddable.games,1,100,Agent-ready,,pass,fail,fail,fail,pass,pass,fail,pass,pass,pass,pass,mcp-json,legacy,21,0.4.0,2026-08-07
model.spa,1,80,Connectable,,pass,fail,fail,fail,pass,fail,fail,pass,skip,pass,fail,mcp-json,legacy,19,0.4.0,2026-08-07
modelmeter.xyz,1,95,Agent-ready,,fail,fail,pass,fail,pass,pass,fail,skip,pass,pass,fail,,legacy,20,0.4.0,2026-08-07
modelpricewatch.com,1,10,Text-only,,fail,fail,fail,fail,skip,skip,fail,skip,skip,pass,fail,,,15,0.4.0,2026-08-07
modelrunner.ai,1,15,Text-only,,fail,fail,fail,fail,skip,skip,fail,skip,skip,pass,pass,,,27,0.4.0,2026-08-07
modelrunner.run,1,0,Absent,,fail,fail,fail,fail,skip,skip,fail,skip,skip,fail,fail,,,18,0.4.0,2026-08-07
modelsagree.com,1,100,Agent-ready,,pass,fail,pass,fail,pass,pass,fail,pass,pass,pass,pass,mcp-json,legacy,20,0.4.0,2026-08-07
modulos.ai,1,10,Text-only,,fail,fail,fail,fail,skip,skip,fail,skip,skip,pass,fail,,,27,0.4.0,2026-08-07
moema.sampa.br,1,100,Agent-ready,,pass,fail,pass,fail,pass,pass,fail,pass,pass,pass,pass,mcp-json,legacy,22,0.4.0,2026-08-07
mographr.com,1,85,Connectable,,fail,fail,pass,fail,pass,fail,fail,skip,skip,pass,pass,,legacy,37,0.4.0,2026-08-07
moja.work,1,45,Discoverable,,pass,fail,fail,fail,skip,skip,fail,skip,skip,pass,fail,mcp-json|mcp-server-card-json,,16,0.4.0,2026-08-07
mojalab.com,1,75,Connectable,,fail,fail,pass,fail,pass,fail,fail,skip,skip,fail,pass,,legacy,32,0.4.0,2026-08-07
molt2meet.com,1,50,Discoverable,,pass,fail,fail,fail,fail,skip,fail,skip,skip,pass,pass,mcp-json|mcp-bare|mcp-server-card-json,,23,0.4.0,2026-08-07
moltarch.com,1,0,Absent,,fail,fail,fail,fail,skip,skip,fail,skip,skip,fail,fail,,,22,0.4.0,2026-08-07
moltdj.com,1,0,Absent,,error,fail,fail,error,skip,skip,error,skip,skip,fail,fail,,,31,0.4.0,2026-08-07
moltjobs.io,1,15,Text-only,,fail,fail,fail,fail,skip,skip,fail,skip,skip,pass,pass,,,15,0.4.0,2026-08-07
moltravel.com,1,10,Text-only,,fail,fail,fail,fail,skip,skip,fail,skip,skip,pass,fail,,,31,0.4.0,2026-08-07
momenticmarketing.com,1,95,Agent-ready,,pass,fail,pass,fail,pass,pass,fail,pass,pass,pass,fail,mcp-server-card-json,legacy,20,0.4.0,2026-08-07
monday.com,1,50,Discoverable,,pass,fail,fail,pass,skip,skip,fail,skip,skip,pass,pass,mcp-json|mcp-server-card-json,,19,0.4.0,2026-08-07
money4k.com,1,40,Discoverable,,fail,fail,fail,pass,skip,skip,fail,skip,skip,fail,pass,,,15,0.4.0,2026-08-07
moneyyoureowed.com,1,75,Connectable,,pass,fail,pass,fail,pass,fail,fail,skip,skip,fail,pass,ai-catalog,legacy,22,0.4.0,2026-08-07
monikaskorykow.com,1,10,Text-only,,fail,fail,fail,fail,skip,skip,fail,skip,skip,pass,fail,,,15,0.4.0,2026-08-07
monitoring.googleapis.com,1,70,Connectable,,fail,fail,pass,pass,pass,fail,fail,skip,skip,fail,fail,,legacy,20,0.4.0,2026-08-07
monnet.ai,1,0,Absent,,fail,fail,fail,fail,skip,skip,fail,skip,skip,fail,fail,,,30,0.4.0,2026-08-07
monopoly-gold.com,1,0,Absent,,fail,fail,fail,fail,skip,skip,fail,skip,skip,fail,fail,,,18,0.4.0,2026-08-07
monthsleft.netlify.app,1,0,Absent,,fail,fail,fail,fail,skip,skip,fail,skip,skip,fail,fail,,,28,0.4.0,2026-08-07
moonlings.ai,1,70,Connectable,,fail,fail,pass,pass,pass,fail,fail,skip,skip,fail,fail,,legacy,23,0.4.0,2026-08-07
moreright.xyz,1,15,Text-only,,fail,fail,fail,fail,skip,skip,fail,skip,skip,pass,pass,,,17,0.4.0,2026-08-07
mosaique.info,1,5,Text-only,,fail,fail,fail,fail,skip,skip,fail,skip,skip,fail,pass,,,28,0.4.0,2026-08-07
moss.land,1,0,Absent,,fail,fail,fail,fail,skip,skip,fail,skip,skip,fail,fail,,,25,0.4.0,2026-08-07
mostrecommendedbooks.com,1,50,Discoverable,,pass,fail,fail,fail,skip,skip,fail,skip,skip,pass,pass,mcp-server-card-json,,14,0.4.0,2026-08-07
motaword.com,1,15,Text-only,,fail,fail,fail,fail,skip,skip,fail,skip,skip,pass,pass,,,32,0.4.0,2026-08-07
mote.network,1,15,Text-only,,fail,fail,fail,fail,skip,skip,fail,skip,skip,pass,pass,,,16,0.4.0,2026-08-07
motecloud.io,1,10,Text-only,,fail,fail,fail,fail,skip,skip,fail,skip,skip,pass,fail,,,15,0.4.0,2026-08-07
motherwise-api.onrender.com,1,70,Connectable,,fail,fail,pass,fail,pass,fail,fail,skip,skip,fail,fail,,legacy,33,0.4.0,2026-08-07
motionspec.dev,1,85,Connectable,,fail,fail,pass,fail,pass,fail,fail,skip,skip,pass,pass,,legacy,22,0.4.0,2026-08-07
motiontext.video,1,85,Connectable,,fail,fail,pass,pass,pass,fail,fail,skip,skip,pass,pass,,legacy,20,0.4.0,2026-08-07
motley.nyc,1,85,Connectable,,fail,fail,pass,fail,pass,fail,fail,skip,skip,pass,pass,,legacy,22,0.4.0,2026-08-07
motomarks.io,1,50,Discoverable,,fail,fail,fail,pass,skip,skip,fail,skip,skip,pass,pass,,,15,0.4.0,2026-08-07
motorloop.com.au,1,5,Text-only,,fail,fail,fail,fail,skip,skip,fail,skip,skip,fail,pass,,,15,0.4.0,2026-08-07
mowgli.ai,1,0,Absent,,fail,fail,fail,fail,skip,skip,fail,skip,skip,fail,fail,,,14,0.4.0,2026-08-07
moxiedocs.com,1,50,Discoverable,,pass,fail,fail,pass,skip,skip,fail,skip,skip,pass,pass,mcp-server-card-json,,14,0.4.0,2026-08-07
moxt.ai,1,5,Text-only,,fail,fail,fail,fail,skip,skip,fail,skip,skip,fail,pass,,,18,0.4.0,2026-08-07
mozaika.design,1,15,Text-only,,fail,fail,fail,fail,skip,skip,fail,skip,skip,pass,pass,,,16,0.4.0,2026-08-07
mozg.sh,1,50,Discoverable,,fail,fail,fail,pass,skip,skip,fail,skip,skip,pass,pass,,,13,0.4.0,2026-08-07
mozonic.com,1,10,Text-only,,fail,fail,fail,fail,skip,skip,fail,skip,skip,pass,fail,,,17,0.4.0,2026-08-07
mpcfintech.com,1,5,Text-only,,fail,fail,fail,fail,skip,skip,fail,skip,skip,fail,pass,,,16,0.4.0,2026-08-07
mr-bridge.com,1,15,Text-only,,fail,fail,fail,fail,skip,skip,fail,skip,skip,pass,pass,,,15,0.4.0,2026-08-07
mrmarket.ai,1,0,Absent,,fail,fail,fail,fail,skip,skip,fail,skip,skip,fail,fail,,,17,0.4.0,2026-08-07
mru-oracle.com,1,15,Text-only,,fail,fail,fail,fail,skip,skip,fail,skip,skip,pass,pass,,,15,0.4.0,2026-08-07
mtcontext.com,1,0,Absent,,fail,fail,fail,fail,skip,skip,fail,skip,skip,fail,fail,,,16,0.4.0,2026-08-07
mtgmon.com,1,70,Connectable,,pass,fail,fail,fail,pass,fail,fail,fail,skip,fail,fail,mcp-json,legacy,18,0.4.0,2026-08-07
mtok.market,1,80,Connectable,,fail,fail,pass,fail,pass,pass,fail,skip,fail,pass,fail,,legacy,20,0.4.0,2026-08-07
mttrly.com,1,80,Connectable,,fail,fail,pass,pass,pass,fail,fail,skip,skip,pass,fail,,modern,20,0.4.0,2026-08-07
mudko.com,1,50,Discoverable,,pass,fail,fail,pass,skip,skip,fail,skip,skip,pass,pass,mcp-server-card-json,,15,0.4.0,2026-08-07
mudrex.com,1,0,Absent,,fail,fail,fail,fail,skip,skip,fail,skip,skip,fail,fail,,,17,0.4.0,2026-08-07
muffed.ai,1,15,Text-only,,fail,fail,fail,fail,skip,skip,fail,skip,skip,pass,pass,,,15,0.4.0,2026-08-07
mukoko.com,1,15,Text-only,,fail,fail,fail,fail,skip,skip,fail,skip,skip,pass,pass,,,34,0.4.0,2026-08-07
mukoko.dev,1,5,Text-only,,fail,fail,fail,fail,skip,skip,fail,skip,skip,fail,pass,,,15,0.4.0,2026-08-07
multi-bridge-mcp.vercel.app,1,0,Absent,,fail,fail,fail,fail,skip,skip,fail,skip,skip,fail,fail,,,28,0.4.0,2026-08-07
multi-turn.ai,1,15,Text-only,,fail,fail,fail,fail,skip,skip,fail,skip,skip,pass,pass,,,29,0.4.0,2026-08-07
multilocale.com,1,10,Text-only,,fail,fail,fail,fail,skip,skip,fail,skip,skip,pass,fail,,,32,0.4.0,2026-08-07
multimail.dev,1,10,Text-only,,fail,fail,fail,fail,skip,skip,fail,skip,skip,pass,fail,,,18,0.4.0,2026-08-07
multinex.ai,1,50,Discoverable,,pass,fail,fail,pass,skip,skip,fail,skip,skip,pass,pass,mcp-server-card-json,,19,0.4.0,2026-08-07
multyplylabs.com,1,0,Absent,,fail,fail,fail,fail,skip,skip,fail,skip,skip,fail,fail,,,29,0.4.0,2026-08-07
mumo.chat,1,10,Text-only,,fail,fail,fail,fail,skip,skip,fail,skip,skip,pass,fail,,,18,0.4.0,2026-08-07
mundane.market,1,0,Absent,,fail,fail,fail,fail,skip,skip,fail,skip,skip,fail,fail,,,16,0.4.0,2026-08-07
muni-dev-cost-mcp.vercel.app,1,0,Absent,,fail,fail,fail,fail,skip,skip,fail,skip,skip,fail,fail,,,28,0.4.0,2026-08-07
munimind.com,1,5,Text-only,,fail,fail,fail,fail,skip,skip,fail,skip,skip,fail,pass,,,17,0.4.0,2026-08-07
muninx.com,1,10,Text-only,,fail,fail,fail,fail,skip,skip,fail,skip,skip,pass,fail,,,18,0.4.0,2026-08-07
munispot.com,1,0,Absent,,fail,fail,fail,fail,skip,skip,fail,skip,skip,fail,fail,,,27,0.4.0,2026-08-07
muntuai.com,1,0,Absent,,fail,fail,fail,fail,skip,skip,fail,skip,skip,fail,fail,,,18,0.4.0,2026-08-07
muovi.com.ar,1,15,Text-only,,fail,fail,fail,fail,skip,skip,fail,skip,skip,pass,pass,,,31,0.4.0,2026-08-07
muralists.nl,1,85,Connectable,,pass,fail,pass,fail,pass,fail,fail,pass,skip,pass,pass,mcp-server-card-json,legacy,22,0.4.0,2026-08-07
muro.chat,1,10,Text-only,,fail,fail,fail,fail,skip,skip,fail,skip,skip,pass,fail,,,14,0.4.0,2026-08-07
murphys-laws.com,1,15,Text-only,,fail,fail,fail,fail,skip,skip,fail,skip,skip,pass,pass,,,14,0.4.0,2026-08-07
musette.cc,1,15,Text-only,,fail,fail,fail,fail,skip,skip,fail,skip,skip,pass,pass,,,40,0.4.0,2026-08-07
mushimushi.dev,1,0,Absent,,error,fail,fail,error,skip,skip,error,skip,skip,fail,fail,,,3,0.4.0,2026-08-07
music360.com.br,1,40,Discoverable,,pass,fail,fail,pass,skip,skip,fail,skip,skip,fail,pass,mcp-server-card-json,,17,0.4.0,2026-08-07
mustertheforce.com,1,35,Discoverable,,fail,fail,fail,pass,skip,skip,fail,skip,skip,fail,fail,,,29,0.4.0,2026-08-07
muumuu-domain.com,1,85,Connectable,,fail,fail,pass,pass,pass,fail,fail,skip,skip,pass,pass,,modern,26,0.4.0,2026-08-07
mux.com,1,80,Connectable,,fail,fail,pass,pass,pass,fail,fail,skip,skip,pass,fail,,legacy,36,0.4.0,2026-08-07
muzecmo.com,1,15,Text-only,,fail,fail,fail,fail,skip,skip,fail,skip,skip,pass,pass,,,29,0.4.0,2026-08-07
my-tv-channel.com,1,85,Connectable,,fail,fail,pass,fail,pass,pass,fail,skip,fail,pass,pass,,legacy,23,0.4.0,2026-08-07
myagentda.com,1,45,Discoverable,,pass,fail,fail,pass,fail,skip,fail,skip,skip,pass,fail,mcp-server-card-json,,17,0.4.0,2026-08-07
myagentinbox.com,1,0,Absent,,fail,fail,fail,fail,skip,skip,fail,skip,skip,fail,fail,,,13,0.4.0,2026-08-07
myagi.bot,1,10,Text-only,,fail,fail,fail,fail,skip,skip,fail,skip,skip,pass,fail,,,15,0.4.0,2026-08-07
myappstoreranking.com,1,70,Connectable,,fail,fail,pass,pass,pass,fail,fail,skip,skip,fail,fail,,legacy,24,0.4.0,2026-08-07
myarchivist.ai,1,50,Discoverable,,pass,fail,pass,pass,fail,skip,fail,skip,skip,pass,pass,mcp-bare,,35,0.4.0,2026-08-07
mybiblecopilot.com,1,15,Text-only,,fail,fail,fail,fail,skip,skip,fail,skip,skip,pass,pass,,,15,0.4.0,2026-08-07
mycardfolio.com,1,35,Discoverable,,pass,fail,fail,fail,fail,skip,fail,skip,skip,fail,fail,mcp-json,,15,0.4.0,2026-08-07
mycloudclaw.com,1,50,Discoverable,,pass,fail,fail,pass,skip,skip,fail,skip,skip,pass,pass,mcp-json|mcp-server-card-json,,17,0.4.0,2026-08-07
mydatapass.app,1,15,Text-only,,fail,fail,fail,fail,skip,skip,fail,skip,skip,pass,pass,,,17,0.4.0,2026-08-07
mydaughteralya.com,1,80,Connectable,,pass,fail,fail,fail,pass,pass,fail,pass,fail,pass,fail,mcp-json|mcp-server-card-json,legacy,19,0.4.0,2026-08-07
mydriverparis.com,1,50,Discoverable,,pass,fail,fail,pass,skip,skip,fail,skip,skip,pass,pass,mcp-json|mcp-bare,,22,0.4.0,2026-08-07
mydriverparis.workers.dev,1,0,Absent,,error,fail,fail,error,skip,skip,error,skip,skip,fail,fail,,,6,0.4.0,2026-08-07
myfinance-mcp.com,1,50,Discoverable,,pass,fail,fail,pass,skip,skip,fail,skip,skip,pass,pass,mcp-server-card-json,,14,0.4.0,2026-08-07
myghosts.app,1,70,Connectable,,fail,fail,pass,pass,pass,fail,fail,skip,skip,fail,fail,,modern,19,0.4.0,2026-08-07
myhairmailtools.com,1,5,Text-only,,fail,fail,fail,fail,skip,skip,fail,skip,skip,fail,pass,,,17,0.4.0,2026-08-07
myhuiban.com,1,100,Agent-ready,,pass,fail,pass,fail,pass,pass,fail,fail,pass,pass,pass,mcp-server-card-json,legacy,37,0.4.0,2026-08-07
mylinedchart.com,1,10,Text-only,,fail,fail,fail,fail,skip,skip,fail,skip,skip,pass,fail,,,14,0.4.0,2026-08-07
mylink.center,1,45,Discoverable,,fail,fail,fail,pass,skip,skip,fail,skip,skip,pass,fail,,,17,0.4.0,2026-08-07
mymarky.ai,1,15,Text-only,,fail,fail,fail,fail,skip,skip,fail,skip,skip,pass,pass,,,30,0.4.0,2026-08-07
mymcps.dev,1,0,Absent,,error,fail,fail,error,skip,skip,error,skip,skip,fail,fail,,,3,0.4.0,2026-08-07
mymcptools.com,1,15,Text-only,,fail,fail,fail,fail,skip,skip,fail,skip,skip,pass,pass,,,14,0.4.0,2026-08-07
mynatapp.cc,1,0,Absent,,error,fail,fail,error,skip,skip,error,skip,skip,fail,fail,,,28,0.4.0,2026-08-07
mynextadventure.cloud,1,5,Text-only,,fail,fail,fail,fail,skip,skip,fail,skip,skip,fail,pass,,,19,0.4.0,2026-08-07
mynto.no,1,5,Text-only,,fail,fail,fail,fail,skip,skip,fail,skip,skip,fail,pass,,,32,0.4.0,2026-08-07
myoamigo.com,1,10,Text-only,,fail,fail,fail,fail,skip,skip,fail,skip,skip,pass,fail,,,29,0.4.0,2026-08-07
myopc.io,1,50,Discoverable,,fail,fail,fail,pass,skip,skip,fail,skip,skip,pass,pass,,,18,0.4.0,2026-08-07
mypayslip.lk,1,80,Connectable,,pass,fail,pass,fail,pass,fail,fail,pass,skip,pass,fail,mcp-server-card-json,legacy,24,0.4.0,2026-08-07
myplate.food,1,15,Text-only,,fail,fail,fail,fail,skip,skip,fail,skip,skip,pass,pass,,,19,0.4.0,2026-08-07
myriade.ai,1,15,Text-only,,fail,fail,fail,fail,skip,skip,fail,skip,skip,pass,pass,,,29,0.4.0,2026-08-07
myrouteonline.com,1,35,Discoverable,,pass,fail,fail,fail,skip,skip,fail,skip,skip,fail,fail,mcp-json,,27,0.4.0,2026-08-07
mysoma.space,1,0,Absent,,fail,error,fail,fail,skip,skip,fail,skip,skip,fail,fail,,,22,0.4.0,2026-08-07
mysticapi.com,1,80,Connectable,,pass,fail,pass,fail,pass,pass,fail,pass,fail,pass,fail,mcp-json|mcp-bare|mcp-server-card-json,legacy,20,0.4.0,2026-08-07
mystoq.com,1,50,Discoverable,,pass,fail,fail,fail,skip,skip,fail,skip,skip,pass,pass,mcp-json,,18,0.4.0,2026-08-07
mysupermarket.com,1,0,Absent,,error,fail,fail,error,skip,skip,error,skip,skip,fail,fail,,,40,0.4.0,2026-08-07
mytelescope-orchestrator-mcp-amjjfcdvoa-uc.a.run.app,1,0,Absent,,fail,fail,fail,fail,skip,skip,fail,skip,skip,fail,fail,,,28,0.4.0,2026-08-07
mytesla.io,1,85,Connectable,,pass,fail,fail,pass,pass,fail,fail,skip,skip,pass,pass,mcp-server-card-json,modern,21,0.4.0,2026-08-07
myteslamate.com,1,0,Absent,,fail,fail,fail,fail,skip,skip,fail,skip,skip,fail,fail,,,34,0.4.0,2026-08-07
mythsensus.com,1,15,Text-only,,fail,fail,fail,fail,skip,skip,fail,skip,skip,pass,pass,,,15,0.4.0,2026-08-07
mzizi.dev,1,15,Text-only,,fail,fail,fail,fail,skip,skip,fail,skip,skip,pass,pass,,,15,0.4.0,2026-08-07
n0brains.com,1,15,Text-only,,fail,fail,fail,fail,skip,skip,fail,skip,skip,pass,pass,,,15,0.4.0,2026-08-07
n24q02m.com,1,0,Absent,,error,fail,fail,error,skip,skip,error,skip,skip,fail,fail,,,5,0.4.0,2026-08-07
n6k96b1ql7.execute-api.us-west-2.amazonaws.com,1,0,Absent,,fail,fail,fail,fail,skip,skip,fail,skip,skip,fail,fail,,,18,0.4.0,2026-08-07
nahook.com,1,70,Connectable,,fail,fail,pass,pass,pass,fail,fail,skip,skip,fail,fail,,modern,25,0.4.0,2026-08-07
naia.today,1,85,Connectable,,pass,fail,fail,pass,pass,fail,fail,skip,skip,pass,pass,mcp-json|mcp-server-card-json,modern,20,0.4.0,2026-08-07
nakodo.dev,1,0,Absent,,fail,fail,fail,fail,skip,skip,fail,skip,skip,fail,fail,,,26,0.4.0,2026-08-07
nalegalu.org,1,15,Text-only,,fail,fail,fail,fail,skip,skip,fail,skip,skip,pass,pass,,,18,0.4.0,2026-08-07
namasteamerica.us,1,80,Connectable,,pass,fail,fail,fail,pass,fail,fail,fail,skip,pass,fail,mcp-json,legacy,21,0.4.0,2026-08-07
namebrewery.com,1,80,Connectable,,pass,fail,fail,pass,pass,fail,fail,skip,skip,pass,fail,mcp-json,modern,23,0.4.0,2026-08-07
namefi.io,1,10,Text-only,,fail,fail,fail,fail,skip,skip,fail,skip,skip,pass,fail,,,16,0.4.0,2026-08-07
nameintel.io,1,45,Discoverable,,pass,fail,fail,fail,skip,skip,fail,skip,skip,pass,fail,mcp-json,,19,0.4.0,2026-08-07
namemy.app,1,45,Discoverable,,pass,fail,fail,pass,skip,skip,fail,skip,skip,pass,fail,mcp-server-card-json,,18,0.4.0,2026-08-07
namesniper.pro,1,30,Text-only,,fail,fail,pass,fail,fail,skip,fail,skip,skip,pass,fail,,,22,0.4.0,2026-08-07
namewhisper.ai,1,45,Discoverable,,pass,fail,fail,pass,skip,skip,fail,skip,skip,pass,fail,mcp-json|mcp-bare|mcp-server-card-json,,17,0.4.0,2026-08-07
namingsignal.com,1,80,Connectable,,fail,fail,pass,fail,pass,fail,fail,skip,skip,pass,fail,,modern,20,0.4.0,2026-08-07
namu.ai.kr,1,70,Connectable,,fail,fail,pass,fail,pass,fail,error,skip,skip,fail,fail,,legacy,13,0.4.0,2026-08-07
nanami-astro.com,1,0,Absent,,fail,fail,fail,fail,skip,skip,fail,skip,skip,fail,fail,,,16,0.4.0,2026-08-07
nannykeeper.com,1,10,Text-only,,fail,fail,fail,fail,skip,skip,fail,skip,skip,pass,fail,,,31,0.4.0,2026-08-07
nanocart.io,1,0,Absent,,fail,fail,fail,fail,skip,skip,fail,skip,skip,fail,fail,,,19,0.4.0,2026-08-07
nanocorp.app,1,0,Absent,,fail,fail,fail,fail,skip,skip,fail,skip,skip,fail,fail,,,19,0.4.0,2026-08-07
nanostudiopro.com,1,45,Discoverable,,fail,fail,fail,pass,skip,skip,fail,skip,skip,pass,fail,,,19,0.4.0,2026-08-07
nansen.ai,1,75,Connectable,,fail,fail,pass,fail,pass,fail,fail,skip,skip,fail,pass,,legacy,25,0.4.0,2026-08-07
nara-tour.com,1,15,Text-only,,fail,fail,fail,fail,skip,skip,fail,skip,skip,pass,pass,,,17,0.4.0,2026-08-07
narapallc.com,1,0,Absent,,error,fail,fail,error,skip,skip,error,skip,skip,fail,fail,,,39,0.4.0,2026-08-07
narrowhighway.com,1,45,Discoverable,,pass,fail,fail,fail,skip,skip,fail,skip,skip,pass,fail,mcp-json,,17,0.4.0,2026-08-07
naru.build,1,0,Absent,,fail,fail,fail,fail,skip,skip,fail,skip,skip,fail,fail,,,19,0.4.0,2026-08-07
nashboard.ai,1,0,Absent,,error,fail,fail,error,skip,skip,fail,skip,skip,fail,fail,,,29,0.4.0,2026-08-07
natgaslens.com,1,15,Text-only,,fail,fail,fail,fail,skip,skip,fail,skip,skip,pass,pass,,,16,0.4.0,2026-08-07
nationalevacaturebank.nl,1,75,Connectable,,pass,fail,pass,fail,pass,fail,fail,pass,skip,fail,pass,mcp-json,legacy,40,0.4.0,2026-08-07
nativeads.ai,1,70,Connectable,,fail,fail,pass,pass,pass,fail,fail,skip,skip,fail,fail,,legacy,34,0.4.0,2026-08-07
nativesoil.dev,1,10,Text-only,,fail,fail,fail,fail,skip,skip,fail,skip,skip,pass,fail,,,17,0.4.0,2026-08-07
nauro.ai,1,10,Text-only,,fail,fail,fail,fail,skip,skip,fail,skip,skip,pass,fail,,,20,0.4.0,2026-08-07
nausika.app,1,10,Text-only,,fail,fail,fail,fail,skip,skip,fail,skip,skip,pass,fail,,,21,0.4.0,2026-08-07
nautaai.com,1,5,Text-only,,fail,fail,fail,fail,skip,skip,fail,skip,skip,fail,pass,,,15,0.4.0,2026-08-07
navigrants.eu,1,45,Discoverable,,pass,fail,fail,fail,skip,skip,fail,skip,skip,pass,fail,mcp-server-card-json,,32,0.4.0,2026-08-07
navmds.com,1,85,Connectable,,fail,fail,pass,fail,pass,fail,fail,skip,skip,pass,pass,,legacy,44,0.4.0,2026-08-07
naxytra.com,1,0,Absent,,fail,fail,fail,fail,skip,skip,fail,skip,skip,fail,fail,,,20,0.4.0,2026-08-07
nda-mcp-production.up.railway.app,1,40,Discoverable,,pass,fail,fail,fail,skip,skip,fail,skip,skip,fail,pass,mcp-bare,,25,0.4.0,2026-08-07
neblla.com,1,45,Discoverable,,fail,fail,fail,pass,skip,skip,fail,skip,skip,pass,fail,,,21,0.4.0,2026-08-07
nebula-labs.online,1,0,Absent,,fail,fail,fail,fail,skip,skip,fail,skip,skip,fail,fail,,,21,0.4.0,2026-08-07
needhuman.ai,1,45,Discoverable,,pass,fail,fail,fail,skip,skip,fail,skip,skip,pass,fail,mcp-server-card-json,,19,0.4.0,2026-08-07
needl.ai,1,0,Absent,,fail,fail,fail,fail,skip,skip,fail,skip,skip,fail,fail,,,21,0.4.0,2026-08-07
needmoar.games,1,95,Agent-ready,,pass,fail,pass,fail,pass,pass,fail,pass,pass,pass,fail,mcp-json,legacy,24,0.4.0,2026-08-07
nefesh.ai,1,15,Text-only,,fail,fail,fail,fail,skip,skip,fail,skip,skip,pass,pass,,,21,0.4.0,2026-08-07
negativeev.com,1,100,Agent-ready,,pass,fail,pass,fail,pass,pass,fail,pass,pass,pass,pass,mcp-server-card-json,modern,24,0.4.0,2026-08-07
negimaru1025.workers.dev,1,0,Absent,,error,fail,fail,error,skip,skip,error,skip,skip,fail,fail,,,9,0.4.0,2026-08-07
neglect.trade,1,20,Text-only,,fail,fail,pass,fail,fail,skip,fail,skip,skip,fail,fail,,,37,0.4.0,2026-08-07
neighborly-stoat-529.eu-west-1.convex.site,1,35,Discoverable,,fail,fail,fail,pass,skip,skip,fail,skip,skip,fail,fail,,,31,0.4.0,2026-08-07
neilpatelapi.com,1,0,Absent,,error,fail,fail,error,skip,skip,error,skip,skip,fail,fail,,,28,0.4.0,2026-08-07
neo4j.com,1,45,Discoverable,,pass,fail,fail,fail,fail,skip,pass,skip,skip,pass,fail,mcp-server-card-json,,24,0.4.0,2026-08-07
neonia.io,1,10,Text-only,,fail,fail,fail,fail,skip,skip,fail,skip,skip,pass,fail,,,19,0.4.0,2026-08-07
neosyn.io,1,0,Absent,,fail,fail,fail,fail,skip,skip,fail,skip,skip,fail,fail,,,17,0.4.0,2026-08-07
nerdydata.com,1,0,Absent,,fail,fail,fail,fail,skip,skip,fail,skip,skip,fail,fail,,,20,0.4.0,2026-08-07
nervousmachine.com,1,0,Absent,,fail,fail,fail,fail,skip,skip,fail,skip,skip,fail,fail,,,17,0.4.0,2026-08-07
nesimplicity.com,1,15,Text-only,,fail,fail,fail,fail,skip,skip,fail,skip,skip,pass,pass,,,18,0.4.0,2026-08-07
nestegg.money,1,100,Agent-ready,,pass,fail,pass,fail,pass,pass,fail,fail,pass,pass,pass,mcp-json,legacy,20,0.4.0,2026-08-07
nestr.io,1,50,Discoverable,,pass,fail,fail,pass,skip,skip,fail,skip,skip,pass,pass,mcp-server-card-json,,17,0.4.0,2026-08-07
netbrainis.co.za,1,0,Absent,,error,fail,fail,error,skip,skip,error,skip,skip,fail,fail,,,42,0.4.0,2026-08-07
netdata.cloud,1,10,Text-only,,fail,fail,fail,fail,skip,skip,fail,skip,skip,pass,fail,,,30,0.4.0,2026-08-07
netentropyscore.com,1,90,Agent-ready,,fail,fail,pass,fail,pass,pass,fail,skip,pass,fail,pass,,legacy,22,0.4.0,2026-08-07
netgrant.ca,1,90,Agent-ready,,pass,fail,pass,fail,pass,pass,fail,skip,pass,fail,pass,mcp-json,legacy,24,0.4.0,2026-08-07
netify.co.uk,1,15,Text-only,,fail,fail,fail,fail,skip,skip,fail,skip,skip,pass,pass,,,17,0.4.0,2026-08-07
netzhandwerker.de,1,15,Text-only,,fail,fail,fail,fail,skip,skip,fail,skip,skip,pass,pass,,,28,0.4.0,2026-08-07
neural-graph-mapper-mcp.vercel.app,1,0,Absent,,fail,fail,fail,fail,skip,skip,fail,skip,skip,fail,fail,,,28,0.4.0,2026-08-07
neuralbrain.ai,1,10,Text-only,,fail,fail,fail,fail,skip,skip,fail,skip,skip,pass,fail,,,28,0.4.0,2026-08-07
neurall.io,1,0,Absent,,fail,fail,fail,fail,skip,skip,fail,skip,skip,fail,fail,,,16,0.4.0,2026-08-07
neurarelay.com,1,10,Text-only,,fail,fail,fail,skip,skip,skip,fail,skip,skip,pass,fail,,,23,0.4.0,2026-08-07
neurodock.org,1,0,Absent,,fail,fail,fail,fail,skip,skip,fail,skip,skip,fail,fail,,,17,0.4.0,2026-08-07
neuroflash.com,1,35,Discoverable,,fail,fail,fail,pass,skip,skip,fail,skip,skip,fail,fail,,,19,0.4.0,2026-08-07
neuron.ng,1,5,Text-only,,fail,fail,fail,fail,skip,skip,fail,skip,skip,fail,pass,,,17,0.4.0,2026-08-07
neuronik.io,1,5,Text-only,,fail,fail,fail,fail,skip,skip,fail,skip,skip,fail,pass,,,15,0.4.0,2026-08-07
neuronsearchlab.com,1,0,Absent,,fail,fail,fail,fail,skip,skip,fail,skip,skip,fail,fail,,,30,0.4.0,2026-08-07
neurorank.app,1,80,Connectable,,pass,fail,pass,fail,pass,fail,fail,pass,skip,pass,fail,mcp-json,legacy,39,0.4.0,2026-08-07
neurostack.sh,1,0,Absent,,fail,fail,fail,fail,skip,skip,fail,skip,skip,fail,fail,,,23,0.4.0,2026-08-07
neus.network,1,15,Text-only,,fail,fail,fail,fail,skip,skip,fail,skip,skip,pass,pass,,,17,0.4.0,2026-08-07
nevent.ai,1,15,Text-only,,fail,fail,fail,fail,skip,skip,fail,skip,skip,pass,pass,,,18,0.4.0,2026-08-07
nevlo.io,1,80,Connectable,,fail,fail,pass,pass,pass,fail,fail,skip,skip,pass,fail,,modern,34,0.4.0,2026-08-07
new.test,1,0,Absent,,error,fail,fail,error,skip,skip,error,skip,skip,fail,fail,,,3,0.4.0,2026-08-07
newmexicoliteracyproject.org,1,15,Text-only,,fail,fail,fail,fail,skip,skip,fail,skip,skip,pass,pass,,,16,0.4.0,2026-08-07
newrelic.com,1,10,Text-only,,fail,fail,fail,fail,skip,skip,fail,skip,skip,pass,fail,,,18,0.4.0,2026-08-07
newscatcherapi.com,1,10,Text-only,,fail,fail,fail,fail,skip,skip,fail,skip,skip,pass,fail,,,27,0.4.0,2026-08-07
newsflash.sh,1,70,Connectable,,fail,fail,pass,pass,pass,fail,fail,skip,skip,fail,fail,,legacy,23,0.4.0,2026-08-07
newsgurus.ai,1,15,Text-only,,fail,fail,fail,fail,skip,skip,fail,skip,skip,pass,pass,,,16,0.4.0,2026-08-07
newsmind.app,1,35,Discoverable,,fail,fail,fail,pass,skip,skip,fail,skip,skip,fail,fail,,,16,0.4.0,2026-08-07
newtqnia.com,1,45,Discoverable,,fail,fail,fail,pass,skip,skip,fail,skip,skip,pass,fail,,,17,0.4.0,2026-08-07
newzai.ai,1,15,Text-only,,fail,fail,fail,fail,skip,skip,fail,skip,skip,pass,pass,,,17,0.4.0,2026-08-07
nexaaly.com,1,10,Text-only,,fail,fail,fail,fail,skip,skip,fail,skip,skip,pass,fail,,,15,0.4.0,2026-08-07
nexalink.co,1,50,Discoverable,,fail,fail,fail,pass,skip,skip,fail,skip,skip,pass,pass,,,14,0.4.0,2026-08-07
nexatron.io,1,50,Discoverable,,fail,fail,fail,pass,skip,skip,fail,skip,skip,pass,pass,,,17,0.4.0,2026-08-07
nexbid.dev,1,85,Connectable,,pass,fail,pass,fail,pass,fail,fail,pass,skip,pass,pass,mcp-json,legacy,24,0.4.0,2026-08-07
nexez.ai,1,5,Text-only,,fail,fail,fail,fail,skip,skip,fail,skip,skip,fail,pass,,,19,0.4.0,2026-08-07
nexez.app,1,50,Discoverable,,pass,fail,fail,fail,skip,skip,fail,skip,skip,pass,pass,mcp-json,,15,0.4.0,2026-08-07
nexly.to,1,80,Connectable,,fail,fail,pass,pass,pass,fail,fail,skip,skip,pass,fail,,modern,20,0.4.0,2026-08-07
nexsus.com.au,1,0,Absent,,error,fail,fail,error,skip,skip,error,skip,skip,fail,fail,,,41,0.4.0,2026-08-07
nexterait.com.br,1,0,Absent,,error,fail,fail,error,skip,skip,error,skip,skip,fail,fail,,,6,0.4.0,2026-08-07
nextjobz.com.bd,1,70,Connectable,,fail,fail,pass,fail,pass,fail,fail,skip,skip,fail,fail,,legacy,23,0.4.0,2026-08-07
nextrole.site,1,10,Text-only,,fail,fail,fail,fail,skip,skip,fail,skip,skip,pass,fail,,,14,0.4.0,2026-08-07
nexus-api-lab.com,1,0,Absent,,fail,fail,fail,fail,skip,skip,fail,skip,skip,fail,fail,,,16,0.4.0,2026-08-07
nexus-zero.xyz,1,0,Absent,,error,fail,fail,error,skip,skip,error,skip,skip,fail,fail,,,28,0.4.0,2026-08-07
nexusforge.tools,1,15,Text-only,,fail,fail,fail,fail,skip,skip,fail,skip,skip,pass,pass,,,16,0.4.0,2026-08-07
nexusquantum.legal,1,15,Text-only,,fail,fail,fail,fail,skip,skip,fail,skip,skip,pass,pass,,,18,0.4.0,2026-08-07
nexustoken.ai,1,0,Absent,,fail,fail,fail,fail,skip,skip,fail,skip,skip,fail,fail,,,18,0.4.0,2026-08-07
nflmcp.com,1,10,Text-only,,skip,fail,fail,skip,skip,skip,fail,skip,skip,pass,fail,,,16,0.4.0,2026-08-07
nft-floor-x402-production.up.railway.app,1,0,Absent,,fail,fail,fail,fail,skip,skip,fail,skip,skip,fail,fail,,,28,0.4.0,2026-08-07
nft-metadata-production.up.railway.app,1,0,Absent,,fail,fail,fail,fail,skip,skip,fail,skip,skip,fail,fail,,,28,0.4.0,2026-08-07
nft-metadata-x402-production.up.railway.app,1,0,Absent,,fail,fail,fail,fail,skip,skip,fail,skip,skip,fail,fail,,,28,0.4.0,2026-08-07
nhaultcoeur.workers.dev,1,0,Absent,,error,fail,fail,error,skip,skip,error,skip,skip,fail,fail,,,6,0.4.0,2026-08-07
nicheangle.com,1,100,Agent-ready,,pass,fail,pass,pass,pass,pass,fail,skip,pass,pass,pass,mcp-json,legacy,21,0.4.0,2026-08-07
nichedata.dev,1,80,Connectable,,pass,fail,fail,fail,pass,fail,fail,fail,skip,pass,fail,mcp-json,legacy,22,0.4.0,2026-08-07
nifra.dev,1,10,Text-only,,fail,fail,fail,fail,skip,skip,fail,skip,skip,pass,fail,,,18,0.4.0,2026-08-07
niftypm.com,1,15,Text-only,,fail,fail,fail,fail,skip,skip,fail,skip,skip,pass,pass,,,18,0.4.0,2026-08-07
nightwatch-v1-api.onrender.com,1,95,Agent-ready,,fail,fail,pass,fail,pass,pass,fail,skip,pass,pass,fail,,legacy,33,0.4.0,2026-08-07
nikhilkulkarni1755.com,1,5,Text-only,,fail,fail,fail,fail,skip,skip,fail,skip,skip,fail,pass,,,17,0.4.0,2026-08-07
nimistu.ee,1,45,Discoverable,,pass,fail,fail,fail,skip,skip,fail,skip,skip,pass,fail,mcp-server-card-json,,14,0.4.0,2026-08-07
ninar.ai,1,50,Discoverable,,fail,fail,fail,pass,skip,skip,fail,skip,skip,pass,pass,,,15,0.4.0,2026-08-07
ninelayer.in,1,15,Text-only,,fail,fail,fail,fail,skip,skip,fail,skip,skip,pass,pass,,,22,0.4.0,2026-08-07
nineoneninetwo.com.br,1,0,Absent,,error,fail,fail,error,skip,skip,error,skip,skip,fail,fail,,,28,0.4.0,2026-08-07
ninox.com.ar,1,10,Text-only,,fail,fail,fail,fail,skip,skip,fail,skip,skip,pass,fail,,,32,0.4.0,2026-08-07
nip.io,1,0,Absent,,fail,fail,fail,fail,skip,skip,fail,skip,skip,fail,fail,,,15,0.4.0,2026-08-07
nippy.host,1,10,Text-only,,fail,fail,fail,fail,skip,skip,fail,skip,skip,pass,fail,,,16,0.4.0,2026-08-07
nipregon.pl,1,15,Text-only,,fail,fail,fail,fail,skip,skip,fail,skip,skip,pass,pass,,,15,0.4.0,2026-08-07
nirvanahq.com,1,70,Connectable,,pass,fail,pass,pass,pass,fail,fail,skip,skip,fail,fail,mcp-server-card-json,modern,36,0.4.0,2026-08-07
nitrosend.com,1,45,Discoverable,,fail,pass,fail,fail,skip,skip,fail,skip,skip,pass,fail,,,18,0.4.0,2026-08-07
nivelrisk.com,1,10,Text-only,,fail,fail,fail,fail,skip,skip,fail,skip,skip,pass,fail,,,31,0.4.0,2026-08-07
nlarqk54pr464oxhmozxd2sc6e0pkdrd.lambda-url.eu-central-1.on.aws,1,0,Absent,,fail,fail,fail,fail,skip,skip,fail,skip,skip,fail,fail,,,28,0.4.0,2026-08-07
nlqdb.com,1,50,Discoverable,,pass,fail,fail,fail,skip,skip,fail,skip,skip,pass,pass,ai-catalog,,17,0.4.0,2026-08-07
no-shell-agent-architect-mcp.vercel.app,1,80,Connectable,,fail,fail,pass,fail,pass,fail,fail,skip,skip,pass,fail,,legacy,33,0.4.0,2026-08-07
nobleblocks.com,1,15,Text-only,,fail,fail,fail,fail,skip,skip,fail,skip,skip,pass,pass,,,17,0.4.0,2026-08-07
nocrash.io,1,10,Text-only,,fail,fail,fail,fail,skip,skip,fail,skip,skip,pass,fail,,,18,0.4.0,2026-08-07
nocticas.com,1,0,Absent,,fail,fail,fail,fail,skip,skip,fail,skip,skip,fail,fail,,,15,0.4.0,2026-08-07
nocturnus.ai,1,0,Absent,,fail,fail,fail,fail,skip,skip,fail,skip,skip,fail,fail,,,15,0.4.0,2026-08-07
node-core-firstlineaiis.replit.app,1,0,Absent,,fail,fail,fail,fail,skip,skip,fail,skip,skip,fail,fail,,,28,0.4.0,2026-08-07
nodecel.com,1,40,Discoverable,,fail,fail,fail,pass,skip,skip,fail,skip,skip,fail,pass,,,20,0.4.0,2026-08-07
nodeproxy-production.up.railway.app,1,35,Discoverable,,pass,fail,fail,fail,skip,skip,fail,skip,skip,fail,fail,mcp-json,,28,0.4.0,2026-08-07
noderooms.com,1,80,Connectable,,pass,fail,pass,fail,pass,fail,fail,pass,skip,pass,fail,mcp-json,legacy,20,0.4.0,2026-08-07
noemic.app,1,80,Connectable,,fail,fail,pass,fail,pass,fail,fail,skip,skip,pass,fail,,legacy,20,0.4.0,2026-08-07
noesisapi.dev,1,15,Text-only,,fail,fail,fail,fail,skip,skip,fail,skip,skip,pass,pass,,,15,0.4.0,2026-08-07
nohumans.directory,1,95,Agent-ready,,fail,fail,pass,fail,pass,pass,fail,skip,pass,pass,fail,,legacy,21,0.4.0,2026-08-07
nohumans.shop,1,45,Discoverable,,fail,fail,fail,pass,skip,skip,fail,skip,skip,pass,fail,,,15,0.4.0,2026-08-07
nomadforecast.com,1,50,Discoverable,,pass,fail,fail,pass,skip,skip,fail,skip,skip,pass,pass,mcp-json,,16,0.4.0,2026-08-07
nomado24.de,1,15,Text-only,,fail,fail,fail,fail,skip,skip,fail,skip,skip,pass,pass,,,28,0.4.0,2026-08-07
nomadstays.com,1,5,Text-only,,fail,fail,fail,fail,skip,skip,fail,skip,skip,fail,pass,,,30,0.4.0,2026-08-07
nombrio.com,1,85,Connectable,,fail,fail,pass,fail,pass,fail,fail,skip,skip,pass,pass,,legacy,23,0.4.0,2026-08-07
nomnaviet.com,1,70,Connectable,,fail,fail,pass,fail,pass,fail,fail,skip,skip,fail,fail,,legacy,21,0.4.0,2026-08-07
non-blockscholes.com,1,0,Absent,,error,fail,fail,error,skip,skip,error,skip,skip,fail,fail,,,3,0.4.0,2026-08-07
noogat.app,1,15,Text-only,,fail,fail,fail,fail,skip,skip,fail,skip,skip,pass,pass,,,16,0.4.0,2026-08-07
noon-ai.dyndns-server.com,1,35,Discoverable,,pass,fail,fail,pass,skip,skip,fail,skip,skip,fail,fail,mcp-server-card-json,,15,0.4.0,2026-08-07
noonbarbari.xyz,1,95,Agent-ready,,fail,fail,pass,fail,pass,pass,fail,skip,pass,pass,fail,,legacy,22,0.4.0,2026-08-07
nordax.ai,1,50,Discoverable,,pass,fail,pass,fail,fail,skip,fail,skip,skip,pass,pass,mcp-json,,36,0.4.0,2026-08-07
nordic-data-mcp-production.up.railway.app,1,0,Absent,,fail,fail,fail,fail,skip,skip,fail,skip,skip,fail,fail,,,28,0.4.0,2026-08-07
nordicdata.cloud,1,0,Absent,,fail,fail,fail,fail,skip,skip,fail,skip,skip,fail,fail,,,16,0.4.0,2026-08-07
nordsynk.se,1,15,Text-only,,fail,fail,fail,fail,skip,skip,fail,skip,skip,pass,pass,,,17,0.4.0,2026-08-07
norman.finance,1,10,Text-only,,fail,fail,fail,fail,skip,skip,fail,skip,skip,pass,fail,,,17,0.4.0,2026-08-07
normatia.com,1,0,Absent,,fail,fail,fail,fail,skip,skip,fail,skip,skip,fail,fail,,,20,0.4.0,2026-08-07
normhyra.ai,1,85,Connectable,,fail,fail,pass,fail,pass,fail,fail,skip,skip,pass,pass,,legacy,22,0.4.0,2026-08-07
norric.io,1,0,Absent,,fail,fail,fail,fail,skip,skip,fail,skip,skip,fail,fail,,,18,0.4.0,2026-08-07
northtide.workers.dev,1,0,Absent,,error,fail,fail,error,skip,skip,error,skip,skip,fail,fail,,,6,0.4.0,2026-08-07
northwestern.edu,1,0,Absent,,fail,fail,fail,fail,skip,skip,fail,skip,skip,fail,fail,,,29,0.4.0,2026-08-07
norvstar.com,1,5,Text-only,,fail,fail,fail,fail,skip,skip,fail,skip,skip,fail,pass,,,27,0.4.0,2026-08-07
norynta-mcp.vercel.app,1,0,Absent,,fail,fail,fail,fail,skip,skip,fail,skip,skip,fail,fail,,,28,0.4.0,2026-08-07
norynta.com,1,45,Discoverable,,fail,fail,fail,pass,skip,skip,fail,skip,skip,pass,fail,,,17,0.4.0,2026-08-07
noseforleads.com,1,80,Connectable,,pass,fail,fail,pass,pass,fail,fail,skip,skip,pass,fail,mcp-json,modern,34,0.4.0,2026-08-07
nostos.market,1,100,Agent-ready,,fail,fail,pass,fail,pass,pass,fail,skip,pass,pass,pass,,legacy,22,0.4.0,2026-08-07
notcve.org,1,40,Discoverable,,fail,fail,fail,pass,skip,skip,fail,skip,skip,fail,pass,,,14,0.4.0,2026-08-07
note-mcp.vercel.app,1,0,Absent,,fail,fail,fail,fail,skip,skip,fail,skip,skip,fail,fail,,,28,0.4.0,2026-08-07
noteboxd.com,1,85,Connectable,,fail,fail,pass,pass,pass,fail,fail,skip,skip,pass,pass,,modern,36,0.4.0,2026-08-07
noteit-mcp.com,1,40,Discoverable,,fail,fail,fail,pass,skip,skip,fail,skip,skip,fail,pass,,,30,0.4.0,2026-08-07
notepad.page,1,50,Discoverable,,pass,fail,fail,pass,skip,skip,fail,skip,skip,pass,pass,mcp-server-card-json,,18,0.4.0,2026-08-07
notesbridge.vercel.app,1,35,Discoverable,,fail,fail,fail,pass,skip,skip,fail,skip,skip,fail,fail,,,28,0.4.0,2026-08-07
notfair.co,1,50,Discoverable,,fail,fail,fail,pass,skip,skip,fail,skip,skip,pass,pass,,,15,0.4.0,2026-08-07
nothumansearch.ai,1,50,Discoverable,,pass,fail,fail,fail,skip,skip,fail,skip,skip,pass,pass,mcp-json,,15,0.4.0,2026-08-07
notion.com,1,85,Connectable,,pass,fail,fail,pass,pass,fail,fail,skip,skip,pass,pass,mcp-json,modern,36,0.4.0,2026-08-07
notsy.com.mx,1,0,Absent,,fail,fail,fail,fail,skip,skip,fail,skip,skip,fail,fail,,,17,0.4.0,2026-08-07
nourishvedha.com,1,45,Discoverable,,fail,fail,fail,pass,skip,skip,fail,skip,skip,pass,fail,,,15,0.4.0,2026-08-07
nousulabs.workers.dev,1,0,Absent,,error,fail,fail,error,skip,skip,error,skip,skip,fail,fail,,,6,0.4.0,2026-08-07
novacal.io,1,10,Text-only,,fail,fail,fail,fail,skip,skip,fail,skip,skip,pass,fail,,,18,0.4.0,2026-08-07
novelmcp.top,1,0,Absent,,fail,fail,fail,fail,skip,skip,fail,skip,skip,fail,fail,,,15,0.4.0,2026-08-07
novence.ai,1,15,Text-only,,fail,fail,fail,fail,skip,skip,fail,skip,skip,pass,pass,,,18,0.4.0,2026-08-07
novtriq.tech,1,85,Connectable,,fail,fail,pass,fail,pass,pass,fail,skip,fail,pass,pass,,legacy,24,0.4.0,2026-08-07
novumos.app,1,10,Text-only,,fail,fail,fail,fail,skip,skip,fail,skip,skip,pass,fail,,,15,0.4.0,2026-08-07
nowah.xyz,1,5,Text-only,,fail,fail,fail,fail,skip,skip,fail,skip,skip,fail,pass,,,12,0.4.0,2026-08-07
nowen.ai,1,10,Text-only,,fail,fail,fail,fail,skip,skip,fail,skip,skip,pass,fail,,,17,0.4.0,2026-08-07
nowline.io,1,0,Absent,,fail,fail,fail,fail,skip,skip,fail,skip,skip,fail,fail,,,16,0.4.0,2026-08-07
nowpattern.com,1,50,Discoverable,,pass,fail,fail,fail,skip,skip,fail,skip,skip,pass,pass,ai-catalog|mcp-json,,17,0.4.0,2026-08-07
npledger.com,1,50,Discoverable,,fail,fail,fail,pass,skip,skip,fail,skip,skip,pass,pass,,,18,0.4.0,2026-08-07
npm-package-ws-has-241560546-w-production.up.railway.app,1,0,Absent,,fail,fail,fail,fail,skip,skip,fail,skip,skip,fail,fail,,,28,0.4.0,2026-08-07
npmscan.com,1,10,Text-only,,fail,fail,fail,fail,skip,skip,fail,skip,skip,pass,fail,,,14,0.4.0,2026-08-07
nsgoods.org,1,0,Absent,,error,fail,fail,error,skip,skip,error,skip,skip,fail,fail,,,3,0.4.0,2026-08-07
nslookup.io,1,80,Connectable,,fail,fail,pass,pass,pass,fail,fail,skip,skip,pass,fail,,legacy,38,0.4.0,2026-08-07
ntop.com,1,0,Absent,,fail,fail,fail,fail,skip,skip,fail,skip,skip,fail,fail,,,29,0.4.0,2026-08-07
nttzen.cloud,1,0,Absent,,error,fail,fail,error,skip,skip,error,skip,skip,fail,fail,,,3,0.4.0,2026-08-07
nublson.com,1,85,Connectable,,pass,fail,pass,fail,pass,pass,fail,pass,fail,pass,pass,mcp-json|mcp-server-card-json,modern,19,0.4.0,2026-08-07
nuboohub.com,1,50,Discoverable,,pass,fail,fail,fail,skip,skip,fail,skip,skip,pass,pass,mcp-server-card-json,,22,0.4.0,2026-08-07
nucleusos.dev,1,5,Text-only,,fail,fail,fail,fail,skip,skip,fail,skip,skip,fail,pass,,,15,0.4.0,2026-08-07
nudg3.ai,1,15,Text-only,,fail,fail,fail,fail,skip,skip,fail,skip,skip,pass,pass,,,30,0.4.0,2026-08-07
nuepeople.com,1,10,Text-only,,fail,fail,fail,fail,skip,skip,fail,skip,skip,pass,fail,,,27,0.4.0,2026-08-07
nukez.xyz,1,0,Absent,,fail,fail,fail,fail,skip,skip,fail,skip,skip,fail,fail,,,18,0.4.0,2026-08-07
nullary.ai,1,85,Connectable,,fail,fail,pass,fail,pass,fail,fail,skip,skip,pass,pass,,legacy,23,0.4.0,2026-08-07
nullcone.ai,1,0,Absent,,fail,fail,fail,fail,skip,skip,fail,skip,skip,fail,fail,,,15,0.4.0,2026-08-07
nullpath.com,1,0,Absent,,fail,fail,fail,fail,skip,skip,fail,skip,skip,fail,fail,,,15,0.4.0,2026-08-07
numbers-counseling-sub-emperor.trycloudflare.com,1,0,Absent,,error,fail,fail,error,skip,skip,error,skip,skip,fail,fail,,,3,0.4.0,2026-08-07
numbers.online,1,10,Text-only,,fail,fail,fail,fail,skip,skip,fail,skip,skip,pass,fail,,,18,0.4.0,2026-08-07
numbru.com,1,15,Text-only,,fail,fail,fail,fail,skip,skip,fail,skip,skip,pass,pass,,,14,0.4.0,2026-08-07
numbru.workers.dev,1,0,Absent,,error,fail,fail,error,skip,skip,error,skip,skip,fail,fail,,,6,0.4.0,2026-08-07
numeratica.com,1,70,Connectable,,fail,fail,pass,fail,pass,pass,fail,skip,fail,fail,fail,,legacy,36,0.4.0,2026-08-07
numertel.pl,1,15,Text-only,,fail,fail,fail,fail,skip,skip,fail,skip,skip,pass,pass,,,14,0.4.0,2026-08-07
numproof.com,1,0,Absent,,fail,fail,fail,fail,skip,skip,fail,skip,skip,fail,fail,,,15,0.4.0,2026-08-07
nuria.one,1,15,Text-only,,fail,fail,fail,fail,skip,skip,fail,skip,skip,pass,pass,,,18,0.4.0,2026-08-07
nursinghomedatabase.com,1,5,Text-only,,fail,fail,fail,fail,skip,skip,fail,skip,skip,fail,pass,,,32,0.4.0,2026-08-07
nusii.com,1,10,Text-only,,fail,fail,fail,fail,skip,skip,fail,skip,skip,pass,fail,,,15,0.4.0,2026-08-07
nutrition-mcp.com,1,45,Discoverable,,fail,fail,fail,pass,skip,skip,fail,skip,skip,pass,fail,,,13,0.4.0,2026-08-07
nuzur.com,1,15,Text-only,,fail,fail,fail,fail,skip,skip,fail,skip,skip,pass,pass,,,19,0.4.0,2026-08-07
nvidia.com,1,15,Text-only,,fail,fail,fail,fail,skip,skip,fail,skip,skip,pass,pass,,,34,0.4.0,2026-08-07
nvoip.com.br,1,10,Text-only,,fail,fail,fail,fail,skip,skip,fail,skip,skip,pass,fail,,,28,0.4.0,2026-08-07
nyc-property-intel-production.up.railway.app,1,0,Absent,,fail,fail,fail,fail,skip,skip,fail,skip,skip,fail,fail,,,28,0.4.0,2026-08-07
nycrestaurantweek.app,1,80,Connectable,,fail,fail,pass,fail,pass,fail,fail,skip,skip,pass,fail,,legacy,23,0.4.0,2026-08-07
nymbo.net,1,0,Absent,,fail,fail,fail,fail,skip,skip,fail,skip,skip,fail,fail,,,16,0.4.0,2026-08-07
nyu.edu,1,5,Text-only,,fail,fail,fail,fail,skip,skip,fail,skip,skip,fail,pass,,,30,0.4.0,2026-08-07
nyuchi.com,1,50,Discoverable,,pass,fail,fail,fail,skip,skip,fail,skip,skip,pass,pass,mcp-server-card-json,,32,0.4.0,2026-08-07
nyx-intelligence.com,1,0,Absent,,fail,fail,fail,fail,skip,skip,fail,skip,skip,fail,fail,,,15,0.4.0,2026-08-07
nyxory.com,1,10,Text-only,,fail,fail,fail,fail,skip,skip,fail,skip,skip,pass,fail,,,23,0.4.0,2026-08-07
nzxplorer.co.nz,1,15,Text-only,,fail,fail,fail,fail,skip,skip,error,skip,skip,pass,pass,,,25,0.4.0,2026-08-07
o11r.com,1,0,Absent,,fail,fail,fail,fail,skip,skip,fail,skip,skip,fail,fail,,,15,0.4.0,2026-08-07
oakallow.io,1,15,Text-only,,fail,fail,fail,fail,skip,skip,fail,skip,skip,pass,pass,,,28,0.4.0,2026-08-07
oasdiff.com,1,95,Agent-ready,,fail,fail,pass,fail,pass,pass,fail,skip,pass,pass,fail,,modern,35,0.4.0,2026-08-07
oathlayer.com,1,5,Text-only,,fail,fail,fail,fail,skip,skip,fail,skip,skip,fail,pass,,,17,0.4.0,2026-08-07
oathready.ca,1,80,Connectable,,fail,fail,pass,fail,pass,fail,fail,skip,skip,pass,fail,,legacy,24,0.4.0,2026-08-07
obaron.ai,1,0,Absent,,error,fail,fail,error,skip,skip,error,skip,skip,fail,fail,,,3,0.4.0,2026-08-07
obfus.link,1,10,Text-only,,fail,fail,fail,fail,skip,skip,fail,skip,skip,pass,fail,,,15,0.4.0,2026-08-07
objekt.sh,1,80,Connectable,,fail,fail,pass,fail,pass,fail,fail,skip,skip,pass,fail,,modern,23,0.4.0,2026-08-07
obligationsign.com,1,75,Connectable,,pass,fail,pass,fail,pass,fail,fail,skip,skip,fail,pass,mcp-server-card-json,modern,22,0.4.0,2026-08-07
oblique.markets,1,10,Text-only,,fail,fail,fail,fail,skip,skip,fail,skip,skip,pass,fail,,,17,0.4.0,2026-08-07
obol-mcp.fly.dev,1,0,Absent,,error,fail,fail,error,skip,skip,error,skip,skip,fail,fail,,,3,0.4.0,2026-08-07
obol-x402.fly.dev,1,0,Absent,,error,fail,fail,error,skip,skip,error,skip,skip,fail,fail,,,3,0.4.0,2026-08-07
obolpay.xyz,1,0,Absent,,error,fail,fail,error,skip,skip,error,skip,skip,fail,fail,,,3,0.4.0,2026-08-07
obot.ai,1,10,Text-only,,fail,fail,fail,fail,skip,skip,fail,skip,skip,pass,fail,,,23,0.4.0,2026-08-07
obris.ai,1,0,Absent,,fail,fail,fail,fail,skip,skip,fail,skip,skip,fail,fail,,,16,0.4.0,2026-08-07
obriym-crm.com,1,50,Discoverable,,fail,fail,fail,pass,skip,skip,fail,skip,skip,pass,pass,,,17,0.4.0,2026-08-07
obsideo.io,1,10,Text-only,,fail,fail,fail,fail,skip,skip,fail,skip,skip,pass,fail,,,16,0.4.0,2026-08-07
obsidianri.com,1,15,Text-only,,fail,fail,fail,fail,skip,skip,fail,skip,skip,pass,pass,,,18,0.4.0,2026-08-07
obsmetrics.com,1,0,Absent,,fail,fail,fail,fail,skip,skip,fail,skip,skip,fail,fail,,,15,0.4.0,2026-08-07
obto.co,1,35,Discoverable,,fail,fail,fail,pass,skip,skip,fail,skip,skip,fail,fail,,,24,0.4.0,2026-08-07
occam.fit,1,15,Text-only,,fail,fail,fail,fail,skip,skip,fail,skip,skip,pass,pass,,,15,0.4.0,2026-08-07
ochinimus.app,1,10,Text-only,,fail,fail,fail,fail,skip,skip,fail,skip,skip,pass,fail,,,15,0.4.0,2026-08-07
ocr-extract-x402-production.up.railway.app,1,0,Absent,,fail,fail,fail,fail,skip,skip,fail,skip,skip,fail,fail,,,28,0.4.0,2026-08-07
octo-dock.com,1,0,Absent,,fail,fail,fail,fail,skip,skip,fail,skip,skip,fail,fail,,,15,0.4.0,2026-08-07
octodamus.com,1,15,Text-only,,fail,fail,fail,fail,skip,skip,fail,skip,skip,pass,pass,,,30,0.4.0,2026-08-07
octolens.com,1,50,Discoverable,,pass,fail,fail,fail,skip,skip,fail,skip,skip,pass,pass,mcp-json,,20,0.4.0,2026-08-07
octopad.app,1,0,Absent,,fail,fail,fail,fail,skip,skip,fail,skip,skip,fail,fail,,,30,0.4.0,2026-08-07
octoparse.com,1,10,Text-only,,fail,fail,fail,fail,skip,skip,fail,skip,skip,pass,fail,,,32,0.4.0,2026-08-07
octoperf.com,1,0,Absent,,fail,fail,fail,fail,skip,skip,fail,skip,skip,fail,fail,,,16,0.4.0,2026-08-07
octotrip.app,1,70,Connectable,,pass,fail,fail,fail,pass,fail,fail,skip,skip,fail,fail,mcp-json,legacy,24,0.4.0,2026-08-07
oddsockets.ai,1,0,Absent,,fail,fail,fail,fail,skip,skip,fail,skip,skip,fail,fail,,,22,0.4.0,2026-08-07
odei.ai,1,85,Connectable,,fail,fail,pass,fail,pass,pass,fail,skip,fail,pass,pass,,legacy,22,0.4.0,2026-08-07
odyssey365.app,1,0,Absent,,fail,fail,fail,fail,skip,skip,fail,skip,skip,fail,fail,,,15,0.4.0,2026-08-07
oecd-mcp-server.onrender.com,1,0,Absent,,fail,fail,fail,fail,skip,skip,fail,skip,skip,fail,fail,,,54,0.4.0,2026-08-07
oeradio.at,1,15,Text-only,,fail,fail,fail,fail,skip,skip,fail,skip,skip,pass,pass,,,19,0.4.0,2026-08-07
offensive360.com,1,15,Text-only,,fail,fail,fail,fail,skip,skip,fail,skip,skip,pass,pass,,,15,0.4.0,2026-08-07
offerhopper.ai,1,80,Connectable,,pass,fail,pass,fail,pass,fail,fail,pass,skip,pass,fail,mcp-json,legacy,24,0.4.0,2026-08-07
offnadir-delta.com,1,50,Discoverable,,fail,fail,fail,pass,skip,skip,fail,skip,skip,pass,pass,,,14,0.4.0,2026-08-07
offsite.ee,1,10,Text-only,,fail,fail,fail,fail,skip,skip,fail,skip,skip,pass,fail,,,17,0.4.0,2026-08-07
ofia.app,1,80,Connectable,,fail,fail,pass,fail,pass,fail,fail,skip,skip,pass,fail,,modern,19,0.4.0,2026-08-07
ofixio.es,1,5,Text-only,,fail,fail,fail,fail,skip,skip,fail,skip,skip,fail,pass,,,28,0.4.0,2026-08-07
oga-mcp.onrender.com,1,0,Absent,,fail,fail,fail,fail,skip,skip,fail,skip,skip,fail,fail,,,28,0.4.0,2026-08-07
ohio-business-storefront.onrender.com,1,10,Text-only,,fail,fail,fail,fail,skip,skip,fail,skip,skip,pass,fail,,,28,0.4.0,2026-08-07
ohmyfin.ai,1,15,Text-only,,fail,fail,fail,fail,skip,skip,fail,skip,skip,pass,pass,,,17,0.4.0,2026-08-07
ohmyposh.dev,1,100,Agent-ready,,pass,fail,fail,fail,pass,pass,fail,skip,pass,pass,pass,mcp-json,legacy,19,0.4.0,2026-08-07
ohmywind.fr,1,0,Absent,,fail,fail,fail,fail,skip,skip,fail,skip,skip,fail,fail,,,17,0.4.0,2026-08-07
oioioi.ai,1,70,Connectable,,fail,fail,pass,pass,pass,fail,fail,skip,skip,fail,fail,,modern,35,0.4.0,2026-08-07
okahu.co,1,0,Absent,,fail,fail,fail,fail,skip,skip,fail,skip,skip,fail,fail,,,20,0.4.0,2026-08-07
okareo.com,1,50,Discoverable,,pass,fail,fail,fail,skip,skip,fail,skip,skip,pass,pass,mcp-json,,16,0.4.0,2026-08-07
okdocai.com,1,45,Discoverable,,fail,fail,fail,pass,skip,skip,fail,skip,skip,pass,fail,,,27,0.4.0,2026-08-07
okrstud.io,1,15,Text-only,,fail,fail,fail,fail,skip,skip,fail,skip,skip,pass,pass,,,16,0.4.0,2026-08-07
oksigenia.com,1,10,Text-only,,fail,fail,fail,fail,skip,skip,fail,skip,skip,pass,fail,,,15,0.4.0,2026-08-07
oktopus.lat,1,85,Connectable,,pass,fail,pass,pass,pass,fail,fail,skip,skip,pass,pass,mcp-json,modern,38,0.4.0,2026-08-07
okunkoneosa.fi,1,85,Connectable,,pass,fail,pass,fail,pass,fail,fail,pass,skip,pass,pass,mcp-json|mcp-server-card-json,legacy,19,0.4.0,2026-08-07
olane.com,1,0,Absent,,fail,fail,fail,fail,skip,skip,fail,skip,skip,fail,fail,,,16,0.4.0,2026-08-07
oldcarsdata.com,1,10,Text-only,,fail,fail,fail,fail,skip,skip,fail,skip,skip,pass,fail,,,16,0.4.0,2026-08-07
oleander.dev,1,45,Discoverable,,fail,fail,fail,pass,skip,skip,fail,skip,skip,pass,fail,,,15,0.4.0,2026-08-07
olefutebol.com.br,1,100,Agent-ready,,pass,fail,pass,fail,pass,pass,fail,pass,pass,pass,pass,mcp-json,legacy,40,0.4.0,2026-08-07
olympus-bets.com,1,50,Discoverable,,pass,fail,fail,fail,skip,skip,fail,skip,skip,pass,pass,mcp-json|mcp-server-card-json,,27,0.4.0,2026-08-07
olyport.com,1,5,Text-only,,fail,fail,fail,fail,skip,skip,fail,skip,skip,fail,pass,,,18,0.4.0,2026-08-07
omardev.xyz,1,15,Text-only,,fail,fail,fail,fail,skip,skip,fail,skip,skip,pass,pass,,,18,0.4.0,2026-08-07
omfang.io,1,0,Absent,,fail,fail,fail,fail,skip,skip,fail,skip,skip,fail,fail,,,16,0.4.0,2026-08-07
omnarai.vercel.app,1,100,Agent-ready,,fail,fail,pass,fail,pass,pass,fail,skip,pass,pass,pass,,legacy,33,0.4.0,2026-08-07
omnidim.io,1,80,Connectable,,pass,fail,pass,pass,pass,fail,fail,skip,skip,pass,fail,mcp-bare|mcp-server-card-json,modern,21,0.4.0,2026-08-07
omniology-engine.fly.dev,1,0,Absent,,fail,fail,fail,fail,skip,skip,fail,skip,skip,fail,fail,,,15,0.4.0,2026-08-07
omnioracle.workers.dev,1,0,Absent,,error,fail,fail,error,skip,skip,error,skip,skip,fail,fail,,,6,0.4.0,2026-08-07
omnys.com,1,0,Absent,,error,fail,fail,error,skip,skip,error,skip,skip,fail,fail,,,41,0.4.0,2026-08-07
onboard.io,1,10,Text-only,,fail,fail,fail,fail,skip,skip,fail,skip,skip,pass,fail,,,16,0.4.0,2026-08-07
onbrightsite.com,1,45,Discoverable,,fail,fail,fail,pass,skip,skip,fail,skip,skip,pass,fail,,,17,0.4.0,2026-08-07
onchain-ai.xyz,1,0,Absent,,fail,fail,fail,fail,skip,skip,fail,skip,skip,fail,fail,,,32,0.4.0,2026-08-07
onchainagentintel.io,1,10,Text-only,,fail,fail,fail,fail,skip,skip,fail,skip,skip,pass,fail,,,16,0.4.0,2026-08-07
onchainalphamcp.link,1,0,Absent,,error,fail,fail,error,skip,skip,error,skip,skip,fail,fail,,,11,0.4.0,2026-08-07
onchaindiligence.com,1,70,Connectable,,fail,fail,pass,fail,pass,fail,fail,skip,skip,fail,fail,,legacy,24,0.4.0,2026-08-07
oncofiles.com,1,15,Text-only,,fail,fail,fail,fail,skip,skip,fail,skip,skip,pass,pass,,,26,0.4.0,2026-08-07
onehaus.app,1,45,Discoverable,,pass,fail,fail,fail,skip,skip,fail,skip,skip,pass,fail,ai-catalog,,18,0.4.0,2026-08-07
oneheartesim.com,1,10,Text-only,,fail,fail,fail,fail,skip,skip,fail,skip,skip,pass,fail,,,18,0.4.0,2026-08-07
onekash.org,1,35,Discoverable,,fail,pass,fail,fail,skip,skip,fail,skip,skip,fail,fail,,,15,0.4.0,2026-08-07
onelasso.com,1,0,Absent,,fail,fail,fail,fail,skip,skip,fail,skip,skip,fail,fail,,,15,0.4.0,2026-08-07
onelens.cloud,1,0,Absent,,error,fail,fail,error,skip,skip,error,skip,skip,fail,fail,,,6,0.4.0,2026-08-07
onelore.ai,1,35,Discoverable,,fail,fail,fail,pass,skip,skip,fail,skip,skip,fail,fail,,,19,0.4.0,2026-08-07
onepagecrm.com,1,0,Absent,,fail,fail,fail,fail,skip,skip,fail,skip,skip,fail,fail,,,28,0.4.0,2026-08-07
oneprism.io,1,15,Text-only,,fail,fail,fail,fail,skip,skip,fail,skip,skip,pass,pass,,,15,0.4.0,2026-08-07
oneqaz.com,1,0,Absent,,fail,fail,fail,fail,skip,skip,fail,skip,skip,fail,fail,,,16,0.4.0,2026-08-07
oneschema.co,1,10,Text-only,,fail,fail,fail,fail,skip,skip,fail,skip,skip,pass,fail,,,31,0.4.0,2026-08-07
oneshotpacks.com,1,10,Text-only,,fail,fail,fail,fail,skip,skip,fail,skip,skip,pass,fail,,,15,0.4.0,2026-08-07
onesource.io,1,80,Connectable,,fail,fail,pass,fail,pass,fail,fail,skip,skip,pass,fail,,legacy,23,0.4.0,2026-08-07
onikora.com,1,0,Absent,,fail,fail,fail,fail,skip,skip,fail,skip,skip,fail,fail,,,15,0.4.0,2026-08-07
onkernel.com,1,0,Absent,,fail,fail,fail,fail,skip,skip,fail,skip,skip,fail,fail,,,19,0.4.0,2026-08-07
onlineshippingcalculator.com,1,95,Agent-ready,,fail,fail,pass,fail,pass,pass,fail,skip,pass,pass,fail,,legacy,17,0.4.0,2026-08-07
onlyharness.com,1,70,Connectable,,fail,fail,pass,fail,pass,fail,fail,skip,skip,fail,fail,,legacy,20,0.4.0,2026-08-07
onlyoffice.com,1,0,Absent,,fail,fail,fail,fail,skip,skip,fail,skip,skip,fail,fail,,,18,0.4.0,2026-08-07
onlyworlds.com,1,75,Connectable,,fail,fail,pass,fail,pass,fail,fail,skip,skip,fail,pass,,legacy,38,0.4.0,2026-08-07
onplana.com,1,15,Text-only,,fail,fail,fail,fail,skip,skip,fail,skip,skip,pass,pass,,,16,0.4.0,2026-08-07
ontarioprotocol.com,1,50,Discoverable,,pass,fail,fail,fail,fail,skip,fail,skip,skip,pass,pass,mcp-json|mcp-server-card-json,,17,0.4.0,2026-08-07
ontoramp-decision-intelligence.fly.dev,1,70,Connectable,,pass,fail,pass,fail,pass,fail,fail,skip,skip,fail,fail,mcp-server-card-json,modern,19,0.4.0,2026-08-07
ontoramp-graph-query.fly.dev,1,70,Connectable,,pass,fail,pass,fail,pass,fail,fail,skip,skip,fail,fail,mcp-server-card-json,modern,19,0.4.0,2026-08-07
ontoramp-knowledge-cartographer.fly.dev,1,70,Connectable,,pass,fail,pass,fail,pass,fail,fail,skip,skip,fail,fail,mcp-server-card-json,modern,19,0.4.0,2026-08-07
ontoramp-transformation-radar.fly.dev,1,0,Absent,,error,fail,fail,error,skip,skip,error,skip,skip,fail,fail,,,41,0.4.0,2026-08-07
ontoramp.com,1,80,Connectable,,pass,fail,pass,fail,pass,fail,fail,skip,skip,pass,fail,mcp-json,modern,23,0.4.0,2026-08-07
onvibe.run,1,70,Connectable,,fail,fail,pass,pass,pass,fail,fail,skip,skip,fail,fail,,legacy,23,0.4.0,2026-08-07
onyx-actions.onrender.com,1,45,Discoverable,,fail,fail,fail,pass,skip,skip,fail,skip,skip,pass,fail,,,29,0.4.0,2026-08-07
onzero.ai,1,70,Connectable,,fail,fail,pass,pass,pass,fail,fail,skip,skip,fail,fail,,modern,32,0.4.0,2026-08-07
oobeprotocol.ai,1,0,Absent,,fail,fail,fail,fail,skip,skip,fail,skip,skip,fail,fail,,,27,0.4.0,2026-08-07
ootworacle.com,1,50,Discoverable,,pass,fail,fail,fail,skip,skip,fail,skip,skip,pass,pass,mcp-json,,29,0.4.0,2026-08-07
op0.workers.dev,1,0,Absent,,error,fail,fail,error,skip,skip,error,skip,skip,fail,fail,,,6,0.4.0,2026-08-07
opchain.dev,1,80,Connectable,,pass,fail,pass,fail,pass,pass,pass,fail,fail,pass,fail,ai-catalog|mcp-json,legacy,20,0.4.0,2026-08-07
opedd.com,1,15,Text-only,,fail,fail,fail,fail,skip,skip,fail,skip,skip,pass,pass,,,18,0.4.0,2026-08-07
open-and-async.com,1,10,Text-only,,fail,fail,fail,fail,skip,skip,fail,skip,skip,pass,fail,,,15,0.4.0,2026-08-07
open.video,1,0,Absent,,fail,fail,fail,fail,skip,skip,fail,skip,skip,fail,fail,,,17,0.4.0,2026-08-07
openaccountants.com,1,0,Absent,,error,fail,fail,error,skip,skip,error,skip,skip,fail,fail,,,41,0.4.0,2026-08-07
openaeo.dev,1,15,Text-only,,fail,fail,fail,fail,skip,skip,fail,skip,skip,pass,pass,,,14,0.4.0,2026-08-07
openaffiliate.dev,1,10,Text-only,,fail,fail,fail,fail,skip,skip,fail,skip,skip,pass,fail,,,14,0.4.0,2026-08-07
openagenda.com,1,70,Connectable,,fail,fail,pass,pass,pass,fail,fail,skip,skip,fail,fail,,modern,31,0.4.0,2026-08-07
openagreements.ai,1,95,Agent-ready,,pass,fail,pass,fail,pass,pass,fail,fail,pass,pass,fail,mcp-json|mcp-bare|mcp-server-card-json,legacy,42,0.4.0,2026-08-07
openagreements.org,1,95,Agent-ready,,pass,fail,pass,fail,pass,pass,fail,fail,pass,pass,fail,mcp-json|mcp-bare|mcp-server-card-json,legacy,23,0.4.0,2026-08-07
openai.com,1,0,Absent,,fail,fail,fail,fail,skip,skip,fail,skip,skip,fail,fail,,,16,0.4.0,2026-08-07
openakashic.com,1,70,Connectable,,fail,fail,pass,fail,pass,pass,fail,skip,fail,fail,fail,,legacy,21,0.4.0,2026-08-07
openalpha.app,1,0,Absent,,skip,fail,fail,skip,skip,skip,skip,skip,skip,skip,fail,,,6,0.4.0,2026-08-07
openarchieven.nl,1,0,Absent,,fail,fail,fail,fail,skip,skip,fail,skip,skip,fail,fail,,,33,0.4.0,2026-08-07
openarx.ai,1,0,Absent,,fail,fail,fail,fail,skip,skip,fail,skip,skip,fail,fail,,,18,0.4.0,2026-08-07
openaso.ai,1,10,Text-only,,fail,fail,fail,fail,skip,skip,fail,skip,skip,pass,fail,,,17,0.4.0,2026-08-07
openbrowser.me,1,0,Absent,,fail,fail,fail,fail,skip,skip,fail,skip,skip,fail,fail,,,15,0.4.0,2026-08-07
openbsp.dev,1,0,Absent,,fail,fail,fail,fail,skip,skip,fail,skip,skip,fail,fail,,,15,0.4.0,2026-08-07
openbudget.sh,1,10,Text-only,,fail,fail,fail,fail,skip,skip,fail,skip,skip,pass,fail,,,28,0.4.0,2026-08-07
opencapital.sh,1,10,Text-only,,skip,fail,fail,skip,skip,skip,fail,skip,skip,pass,fail,,,16,0.4.0,2026-08-07
opencaselaw.ch,1,15,Text-only,,fail,fail,fail,fail,skip,skip,fail,skip,skip,pass,pass,,,18,0.4.0,2026-08-07
openchainbench.com,1,15,Text-only,,fail,fail,fail,fail,skip,skip,fail,skip,skip,pass,pass,,,18,0.4.0,2026-08-07
openclaw.direct,1,80,Connectable,,pass,fail,pass,pass,pass,fail,fail,skip,skip,pass,fail,server-card-endpoint-relative|mcp-json|mcp-server-card-json,modern,22,0.4.0,2026-08-07
openclip.app,1,80,Connectable,,pass,fail,fail,pass,pass,fail,fail,skip,skip,pass,fail,mcp-json,modern,18,0.4.0,2026-08-07
opencovenant.org,1,80,Connectable,,fail,fail,pass,fail,pass,fail,fail,skip,skip,pass,fail,,legacy,23,0.4.0,2026-08-07
opencrater.to,1,95,Agent-ready,,fail,fail,pass,fail,pass,pass,fail,skip,pass,pass,fail,,legacy,20,0.4.0,2026-08-07
opendata.cat,1,45,Discoverable,,pass,fail,fail,fail,skip,skip,fail,skip,skip,pass,fail,mcp-server-card-json,,17,0.4.0,2026-08-07
opendealer.app,1,50,Discoverable,,pass,fail,fail,fail,skip,skip,fail,skip,skip,pass,pass,mcp-bare,,18,0.4.0,2026-08-07
openfab-22100483453.us-central1.run.app,1,80,Connectable,,pass,fail,fail,fail,pass,fail,fail,fail,skip,pass,fail,ai-catalog|mcp-json,legacy,33,0.4.0,2026-08-07
openfeature.dev,1,0,Absent,,fail,fail,fail,fail,skip,skip,fail,skip,skip,fail,fail,,,15,0.4.0,2026-08-07
openhelm.ai,1,15,Text-only,,fail,fail,fail,fail,skip,skip,fail,skip,skip,pass,pass,,,17,0.4.0,2026-08-07
openheritage.online,1,40,Discoverable,,pass,fail,fail,fail,skip,skip,fail,skip,skip,fail,pass,mcp-server-card-json,,15,0.4.0,2026-08-07
openhousecopilot.com,1,15,Text-only,,fail,fail,fail,fail,skip,skip,fail,skip,skip,pass,pass,,,18,0.4.0,2026-08-07
openlmnp.fr,1,0,Absent,,fail,fail,fail,fail,skip,skip,fail,skip,skip,fail,fail,,,15,0.4.0,2026-08-07
openmandate.ai,1,10,Text-only,,fail,fail,fail,fail,skip,skip,fail,skip,skip,pass,fail,,,18,0.4.0,2026-08-07
openmedici.com,1,80,Connectable,,pass,fail,pass,fail,pass,fail,fail,pass,skip,pass,fail,mcp-server-card-json,legacy,20,0.4.0,2026-08-07
openpost.social,1,5,Text-only,,fail,fail,fail,fail,skip,skip,fail,skip,skip,fail,pass,,,15,0.4.0,2026-08-07
openqr.uk,1,95,Agent-ready,,fail,fail,pass,fail,pass,pass,fail,skip,pass,pass,fail,,legacy,20,0.4.0,2026-08-07
openshorts.app,1,85,Connectable,,fail,fail,pass,fail,pass,fail,fail,skip,skip,pass,pass,,modern,37,0.4.0,2026-08-07
openstanding.org,1,80,Connectable,,pass,fail,fail,fail,pass,fail,fail,fail,skip,pass,fail,mcp-json,legacy,19,0.4.0,2026-08-07
openswissdata.com,1,0,Absent,,fail,fail,fail,fail,skip,skip,fail,skip,skip,fail,fail,,,33,0.4.0,2026-08-07
opentweet.io,1,85,Connectable,,pass,fail,pass,fail,pass,fail,fail,skip,skip,pass,pass,mcp-json,modern,21,0.4.0,2026-08-07
openunfurl.vercel.app,1,85,Connectable,,fail,fail,pass,fail,pass,pass,fail,skip,pass,fail,fail,,legacy,33,0.4.0,2026-08-07
openvan.camp,1,50,Discoverable,,pass,fail,fail,pass,skip,skip,fail,skip,skip,pass,pass,mcp-server-card-json,,16,0.4.0,2026-08-07
openworkdays.vercel.app,1,85,Connectable,,fail,fail,pass,fail,pass,pass,fail,skip,pass,fail,fail,,legacy,33,0.4.0,2026-08-07
operandi.cc,1,10,Text-only,,fail,fail,fail,fail,skip,skip,fail,skip,skip,pass,fail,,,16,0.4.0,2026-08-07
ophis.fi,1,100,Agent-ready,,pass,fail,fail,fail,pass,pass,fail,pass,pass,pass,pass,mcp-json,legacy,24,0.4.0,2026-08-07
opinly.ai,1,10,Text-only,,fail,fail,fail,fail,skip,skip,fail,skip,skip,pass,fail,,,17,0.4.0,2026-08-07
opneclaw.cn,1,50,Discoverable,,pass,fail,fail,fail,fail,skip,fail,skip,skip,pass,pass,mcp-json|mcp-server-card-json,,21,0.4.0,2026-08-07
opplevagent.no,1,50,Discoverable,,pass,fail,fail,fail,skip,skip,fail,skip,skip,pass,pass,mcp-json|mcp-server-card-json,,16,0.4.0,2026-08-07
opsera.dev,1,0,Absent,,error,fail,fail,error,skip,skip,error,skip,skip,fail,fail,,,3,0.4.0,2026-08-07
opsera.io,1,0,Absent,,fail,fail,fail,fail,skip,skip,fail,skip,skip,fail,fail,,,17,0.4.0,2026-08-07
opslevel.com,1,10,Text-only,,fail,fail,fail,fail,skip,skip,fail,skip,skip,pass,fail,,,24,0.4.0,2026-08-07
opsmill.com,1,10,Text-only,,fail,fail,fail,fail,skip,skip,fail,skip,skip,pass,fail,,,15,0.4.0,2026-08-07
optiai.me,1,85,Connectable,,fail,fail,pass,pass,pass,fail,fail,skip,skip,pass,pass,,modern,19,0.4.0,2026-08-07
optimly.ai,1,15,Text-only,,fail,fail,fail,fail,skip,skip,fail,skip,skip,pass,pass,,,16,0.4.0,2026-08-07
optionsahoy.com,1,50,Discoverable,,pass,fail,fail,fail,skip,skip,fail,skip,skip,pass,pass,mcp-json,,16,0.4.0,2026-08-07
optionsanalysissuite.com,1,0,Absent,,fail,fail,fail,fail,skip,skip,fail,skip,skip,fail,fail,,,43,0.4.0,2026-08-07
optionsbell.com,1,80,Connectable,,pass,fail,pass,pass,pass,fail,fail,pass,skip,pass,fail,mcp-server-card-json,legacy,19,0.4.0,2026-08-07
opula.io,1,50,Discoverable,,fail,fail,fail,pass,skip,skip,fail,skip,skip,pass,pass,,,15,0.4.0,2026-08-07
opus-growth.com,1,80,Connectable,,fail,fail,pass,pass,pass,fail,fail,skip,skip,pass,fail,,modern,20,0.4.0,2026-08-07
opus.pro,1,80,Connectable,,pass,fail,pass,pass,pass,fail,fail,skip,skip,pass,fail,ai-catalog,modern,37,0.4.0,2026-08-07
opuslog.vercel.app,1,35,Discoverable,,fail,fail,fail,pass,skip,skip,fail,skip,skip,fail,fail,,,27,0.4.0,2026-08-07
opzyai.com,1,10,Text-only,,fail,fail,fail,fail,skip,skip,fail,skip,skip,pass,fail,,,27,0.4.0,2026-08-07
oracle.com,1,0,Absent,,fail,fail,fail,fail,skip,skip,fail,skip,skip,fail,fail,,,29,0.4.0,2026-08-07
oracles-production.up.railway.app,1,80,Connectable,,fail,fail,pass,fail,pass,fail,fail,skip,skip,pass,fail,,legacy,33,0.4.0,2026-08-07
orangepeel.to,1,50,Discoverable,,pass,fail,fail,fail,fail,skip,fail,skip,skip,pass,pass,mcp-json|mcp-server-card-json,,15,0.4.0,2026-08-07
orangepro.ai,1,0,Absent,,fail,fail,fail,fail,skip,skip,fail,skip,skip,fail,fail,,,17,0.4.0,2026-08-07
oravan.org,1,10,Text-only,,fail,fail,fail,fail,skip,skip,fail,skip,skip,pass,fail,,,17,0.4.0,2026-08-07
orbator.io,1,10,Text-only,,fail,fail,fail,fail,skip,skip,fail,skip,skip,pass,fail,,,24,0.4.0,2026-08-07
orbiads.com,1,15,Text-only,,fail,fail,fail,fail,skip,skip,fail,skip,skip,pass,pass,,,17,0.4.0,2026-08-07
orbisapi.com,1,0,Absent,,fail,fail,fail,fail,skip,skip,fail,skip,skip,fail,fail,,,28,0.4.0,2026-08-07
orbismo.com,1,10,Text-only,,fail,fail,fail,fail,skip,skip,fail,skip,skip,pass,fail,,,15,0.4.0,2026-08-07
orbit-zero-9.workers.dev,1,0,Absent,,error,fail,fail,error,skip,skip,error,skip,skip,fail,fail,,,6,0.4.0,2026-08-07
orbiteos.cloud,1,5,Text-only,,fail,fail,fail,fail,skip,skip,fail,skip,skip,fail,pass,,,31,0.4.0,2026-08-07
orbt.finance,1,35,Discoverable,,fail,pass,fail,fail,skip,skip,fail,skip,skip,fail,fail,,,15,0.4.0,2026-08-07
orbuc.io,1,5,Text-only,,fail,fail,fail,fail,skip,skip,fail,skip,skip,fail,pass,,,17,0.4.0,2026-08-07
orchardagentic.workers.dev,1,0,Absent,,error,fail,fail,error,skip,skip,error,skip,skip,fail,fail,,,6,0.4.0,2026-08-07
orcool.com,1,0,Absent,,fail,fail,fail,fail,skip,skip,fail,skip,skip,fail,fail,,,18,0.4.0,2026-08-07
orderbook-depth-x402-production.up.railway.app,1,0,Absent,,fail,fail,fail,fail,skip,skip,fail,skip,skip,fail,fail,,,28,0.4.0,2026-08-07
oreilly.com,1,15,Text-only,,fail,fail,fail,fail,skip,skip,fail,skip,skip,pass,pass,,,30,0.4.0,2026-08-07
organic-text-mcp.vercel.app,1,0,Absent,,fail,fail,fail,fail,skip,skip,fail,skip,skip,fail,fail,,,28,0.4.0,2026-08-07
organicwebchecker.com,1,0,Absent,,error,fail,fail,error,skip,skip,error,skip,skip,fail,fail,,,28,0.4.0,2026-08-07
organikpi.com,1,50,Discoverable,,pass,fail,fail,fail,skip,skip,pass,skip,skip,pass,pass,mcp-server-card-json,,17,0.4.0,2026-08-07
orggen.ai,1,15,Text-only,,fail,fail,fail,fail,skip,skip,fail,skip,skip,pass,pass,,,24,0.4.0,2026-08-07
orgsdk.ai,1,0,Absent,,fail,fail,fail,fail,skip,skip,fail,skip,skip,fail,fail,,,15,0.4.0,2026-08-07
origami-entreprises.fr,1,15,Text-only,,fail,fail,fail,fail,skip,skip,fail,skip,skip,pass,pass,,,18,0.4.0,2026-08-07
origineparis.com,1,80,Connectable,,fail,fail,pass,pass,pass,fail,fail,skip,skip,pass,fail,,legacy,23,0.4.0,2026-08-07
origingrid.net,1,70,Connectable,,fail,fail,pass,fail,pass,pass,fail,skip,fail,fail,fail,,modern,37,0.4.0,2026-08-07
orionlabsone.cc,1,0,Absent,,error,fail,fail,error,skip,skip,error,skip,skip,fail,fail,,,41,0.4.0,2026-08-07
orioralabs.com,1,15,Text-only,,fail,fail,fail,fail,skip,skip,fail,skip,skip,pass,pass,,,16,0.4.0,2026-08-07
orisha-data.com,1,10,Text-only,,fail,fail,fail,fail,skip,skip,fail,skip,skip,pass,fail,,,20,0.4.0,2026-08-07
orivox.org,1,5,Text-only,,fail,fail,fail,fail,skip,skip,fail,skip,skip,fail,pass,,,16,0.4.0,2026-08-07
orkes.io,1,0,Absent,,fail,fail,fail,fail,skip,skip,fail,skip,skip,fail,fail,,,17,0.4.0,2026-08-07
oro-intel.com,1,10,Text-only,,fail,fail,fail,fail,skip,skip,fail,skip,skip,pass,fail,,,16,0.4.0,2026-08-07
orsf.sk,1,15,Text-only,,fail,fail,fail,fail,skip,skip,fail,skip,skip,pass,pass,,,16,0.4.0,2026-08-07
orshot.com,1,80,Connectable,,pass,fail,fail,pass,pass,fail,fail,skip,skip,pass,fail,mcp-json|mcp-bare|mcp-server-card-json,modern,22,0.4.0,2026-08-07
orthotomeo.app,1,10,Text-only,,fail,fail,fail,fail,skip,skip,fail,skip,skip,pass,fail,,,14,0.4.0,2026-08-07
osamahassouna.com,1,0,Absent,,fail,fail,fail,fail,skip,skip,fail,skip,skip,fail,fail,,,18,0.4.0,2026-08-07
osf-master-server.com,1,0,Absent,,fail,fail,fail,fail,skip,skip,fail,skip,skip,fail,fail,,,16,0.4.0,2026-08-07
oss-intel-mcp-production.up.railway.app,1,0,Absent,,error,fail,fail,error,skip,skip,error,skip,skip,fail,fail,,,41,0.4.0,2026-08-07
othmen-mohammadi.workers.dev,1,0,Absent,,error,fail,fail,error,skip,skip,error,skip,skip,fail,fail,,,6,0.4.0,2026-08-07
ottasia.com,1,15,Text-only,,fail,fail,fail,fail,skip,skip,fail,skip,skip,pass,pass,,,14,0.4.0,2026-08-07
ottodata.app,1,0,Absent,,fail,fail,fail,fail,skip,skip,fail,skip,skip,fail,fail,,,18,0.4.0,2026-08-07
ottotheagent.com,1,0,Absent,,fail,fail,fail,fail,skip,skip,fail,skip,skip,fail,fail,,,24,0.4.0,2026-08-07
ou-reports.com,1,15,Text-only,,fail,fail,fail,fail,skip,skip,fail,skip,skip,pass,pass,,,15,0.4.0,2026-08-07
outagedeck.com,1,95,Agent-ready,,pass,fail,pass,pass,pass,pass,fail,pass,pass,pass,fail,mcp-json,legacy,20,0.4.0,2026-08-07
outdoorithm.com,1,85,Connectable,,fail,fail,pass,fail,pass,fail,fail,skip,skip,pass,pass,,legacy,45,0.4.0,2026-08-07
outlit.ai,1,50,Discoverable,,pass,fail,fail,fail,fail,skip,pass,skip,skip,pass,pass,ai-catalog,,34,0.4.0,2026-08-07
outliyr.com,1,50,Discoverable,,fail,fail,fail,pass,skip,skip,fail,skip,skip,pass,pass,,,17,0.4.0,2026-08-07
outris.com,1,5,Text-only,,fail,fail,fail,fail,skip,skip,fail,skip,skip,fail,pass,,,32,0.4.0,2026-08-07
outscraper.com,1,80,Connectable,,fail,fail,pass,fail,pass,fail,fail,skip,skip,pass,fail,,modern,24,0.4.0,2026-08-07
outset.ai,1,10,Text-only,,fail,fail,fail,fail,skip,skip,fail,skip,skip,pass,fail,,,16,0.4.0,2026-08-07
overcomestress.io,1,0,Absent,,error,fail,fail,error,skip,skip,error,skip,skip,fail,fail,,,36,0.4.0,2026-08-07
overlayqa.com,1,15,Text-only,,fail,fail,fail,fail,skip,skip,fail,skip,skip,pass,pass,,,16,0.4.0,2026-08-07
ovhcloud.com,1,0,Absent,,fail,fail,fail,fail,skip,skip,fail,skip,skip,fail,fail,,,29,0.4.0,2026-08-07
ovrsea.com,1,0,Absent,,fail,fail,fail,fail,skip,skip,fail,skip,skip,fail,fail,,,29,0.4.0,2026-08-07
owlgrouptrading.com,1,100,Agent-ready,,pass,fail,pass,fail,pass,pass,fail,pass,pass,pass,pass,mcp-json,legacy,20,0.4.0,2026-08-07
owlx.app,1,90,Agent-ready,,fail,fail,pass,fail,pass,pass,fail,skip,pass,fail,pass,,legacy,19,0.4.0,2026-08-07
ownership-provenance-protocol.replit.app,1,0,Absent,,fail,fail,fail,fail,skip,skip,fail,skip,skip,fail,fail,,,28,0.4.0,2026-08-07
oxylabs.io,1,10,Text-only,,fail,fail,fail,fail,skip,skip,fail,skip,skip,pass,fail,,,18,0.4.0,2026-08-07
oyosihxkecspjkiligga.supabase.co,1,0,Absent,,fail,fail,fail,fail,skip,skip,fail,skip,skip,fail,fail,,,15,0.4.0,2026-08-07
ozma.app,1,15,Text-only,,fail,fail,fail,fail,skip,skip,fail,skip,skip,pass,pass,,,18,0.4.0,2026-08-07
ozor.ai,1,10,Text-only,,fail,fail,fail,fail,skip,skip,fail,skip,skip,pass,fail,,,29,0.4.0,2026-08-07
p7n.tech,1,70,Connectable,,fail,fail,pass,pass,pass,fail,fail,skip,skip,fail,fail,,modern,21,0.4.0,2026-08-07
pabs.co.nz,1,35,Discoverable,,fail,fail,fail,pass,skip,skip,fail,skip,skip,fail,fail,,,29,0.4.0,2026-08-07
packageguard-k4s4.onrender.com,1,70,Connectable,,fail,fail,pass,fail,pass,fail,fail,skip,skip,fail,fail,,legacy,33,0.4.0,2026-08-07
packagento.com,1,85,Connectable,,pass,fail,pass,pass,pass,fail,fail,skip,skip,pass,pass,mcp-json|mcp-bare|mcp-server-card-json,modern,22,0.4.0,2026-08-07
packagesmcp-perception-production.up.railway.app,1,0,Absent,,fail,fail,fail,fail,skip,skip,fail,skip,skip,fail,fail,,,28,0.4.0,2026-08-07
packmind.ai,1,0,Absent,,error,fail,fail,error,skip,skip,error,skip,skip,fail,fail,,,41,0.4.0,2026-08-07
packrift.com,1,80,Connectable,,pass,fail,fail,pass,pass,pass,fail,skip,fail,pass,fail,mcp-json,legacy,25,0.4.0,2026-08-07
packzoo.com,1,15,Text-only,,fail,fail,fail,fail,skip,skip,fail,skip,skip,pass,pass,,,17,0.4.0,2026-08-07
pactlayer.io,1,10,Text-only,,fail,fail,fail,fail,skip,skip,fail,skip,skip,pass,fail,,,15,0.4.0,2026-08-07
pactlio.com,1,15,Text-only,,fail,fail,fail,fail,skip,skip,fail,skip,skip,pass,pass,,,27,0.4.0,2026-08-07
padel.how,1,15,Text-only,,fail,fail,fail,fail,skip,skip,fail,skip,skip,pass,pass,,,15,0.4.0,2026-08-07
pagecrawl.io,1,85,Connectable,,fail,fail,pass,pass,pass,fail,fail,skip,skip,pass,pass,,modern,19,0.4.0,2026-08-07
pagelens.dev,1,0,Absent,,fail,fail,fail,fail,skip,skip,fail,skip,skip,fail,fail,,,17,0.4.0,2026-08-07
pagelensai.com,1,50,Discoverable,,fail,fail,fail,pass,skip,skip,fail,skip,skip,pass,pass,,,27,0.4.0,2026-08-07
pagelive.io,1,45,Discoverable,,fail,fail,fail,pass,skip,skip,fail,skip,skip,pass,fail,,,14,0.4.0,2026-08-07
paichart.app,1,45,Discoverable,,pass,fail,fail,pass,skip,skip,fail,skip,skip,pass,fail,mcp-json,,15,0.4.0,2026-08-07
paidsync.ai,1,50,Discoverable,,pass,fail,fail,pass,skip,skip,pass,skip,skip,pass,pass,mcp-json|mcp-server-card-json,,18,0.4.0,2026-08-07
painspotter.ai,1,15,Text-only,,fail,fail,fail,fail,skip,skip,fail,skip,skip,pass,pass,,,15,0.4.0,2026-08-07
pairgora.com,1,0,Absent,,fail,fail,fail,fail,skip,skip,fail,skip,skip,fail,fail,,,14,0.4.0,2026-08-07
pairoa.com,1,45,Discoverable,,fail,fail,fail,pass,skip,skip,fail,skip,skip,pass,fail,,,16,0.4.0,2026-08-07
pak-labs.com,1,70,Connectable,,fail,fail,pass,fail,pass,pass,fail,skip,fail,fail,fail,,legacy,23,0.4.0,2026-08-07
paladinfi.com,1,0,Absent,,fail,fail,fail,fail,skip,skip,fail,skip,skip,fail,fail,,,15,0.4.0,2026-08-07
palatemcp.com,1,15,Text-only,,fail,fail,fail,fail,skip,skip,fail,skip,skip,pass,pass,,,16,0.4.0,2026-08-07
palisade.email,1,15,Text-only,,fail,fail,fail,fail,skip,skip,fail,skip,skip,pass,pass,,,30,0.4.0,2026-08-07
palmyr.ai,1,75,Connectable,,fail,fail,pass,fail,pass,fail,fail,skip,skip,fail,pass,,legacy,20,0.4.0,2026-08-07
pandadoc.com,1,0,Absent,,fail,fail,fail,fail,skip,skip,fail,skip,skip,fail,fail,,,33,0.4.0,2026-08-07
pandev-metrics.com,1,10,Text-only,,fail,fail,fail,fail,skip,skip,fail,skip,skip,pass,fail,,,15,0.4.0,2026-08-07
pangolinfo.com,1,10,Text-only,,fail,fail,fail,fail,skip,skip,fail,skip,skip,pass,fail,,,24,0.4.0,2026-08-07
pantheon.run,1,10,Text-only,,fail,fail,fail,fail,skip,skip,fail,skip,skip,pass,fail,,,18,0.4.0,2026-08-07
pantryaide.com,1,70,Connectable,,fail,fail,pass,pass,pass,fail,fail,skip,skip,fail,fail,,modern,18,0.4.0,2026-08-07
pantrypersona.com,1,50,Discoverable,,pass,fail,fail,pass,skip,skip,fail,skip,skip,pass,pass,mcp-json|mcp-server-card-json,,30,0.4.0,2026-08-07
pantts.com,1,40,Discoverable,,pass,fail,fail,pass,fail,skip,fail,skip,skip,fail,pass,mcp-server-card-json,,14,0.4.0,2026-08-07
panya.health,1,0,Absent,,fail,fail,fail,fail,skip,skip,fail,skip,skip,fail,fail,,,15,0.4.0,2026-08-07
papacasper.com,1,10,Text-only,,fail,fail,fail,fail,skip,skip,fail,skip,skip,pass,fail,,,16,0.4.0,2026-08-07
papayapay.com,1,0,Absent,,fail,fail,fail,fail,skip,skip,fail,skip,skip,fail,fail,,,15,0.4.0,2026-08-07
paperdock.dev,1,0,Absent,,fail,fail,fail,fail,skip,skip,fail,skip,skip,fail,fail,,,16,0.4.0,2026-08-07
paperee.co.kr,1,5,Text-only,,fail,fail,fail,fail,skip,skip,fail,skip,skip,fail,pass,,,16,0.4.0,2026-08-07
paperlantern.ai,1,0,Absent,,fail,fail,fail,fail,skip,skip,fail,skip,skip,fail,fail,,,32,0.4.0,2026-08-07
paperlink.online,1,15,Text-only,,fail,fail,fail,fail,skip,skip,fail,skip,skip,pass,pass,,,34,0.4.0,2026-08-07
papersflow.ai,1,15,Text-only,,skip,fail,fail,skip,skip,skip,fail,skip,skip,pass,pass,,,9,0.4.0,2026-08-07
papertext.app,1,0,Absent,,error,fail,fail,error,skip,skip,error,skip,skip,fail,fail,,,3,0.4.0,2026-08-07
paraiso.sampa.br,1,100,Agent-ready,,pass,fail,pass,fail,pass,pass,fail,pass,pass,pass,pass,mcp-json,legacy,22,0.4.0,2026-08-07
paralelo.bo,1,15,Text-only,,fail,fail,fail,fail,skip,skip,fail,skip,skip,pass,pass,,,16,0.4.0,2026-08-07
parallaxvinc.com,1,15,Text-only,,fail,fail,fail,fail,skip,skip,fail,skip,skip,pass,pass,,,14,0.4.0,2026-08-07
parallect.ai,1,80,Connectable,,fail,fail,pass,pass,pass,fail,fail,skip,skip,pass,fail,,modern,23,0.4.0,2026-08-07
parallel.ai,1,0,Absent,,fail,fail,fail,fail,skip,skip,fail,skip,skip,fail,fail,,,18,0.4.0,2026-08-07
parceled.ai,1,80,Connectable,,pass,fail,fail,pass,pass,fail,fail,skip,skip,pass,fail,mcp-json,modern,33,0.4.0,2026-08-07
parcellaunch.com,1,100,Agent-ready,,pass,fail,pass,fail,pass,pass,fail,fail,pass,pass,pass,mcp-json,legacy,20,0.4.0,2026-08-07
parkinzi.com,1,50,Discoverable,,pass,fail,fail,fail,skip,skip,fail,skip,skip,pass,pass,mcp-json,,15,0.4.0,2026-08-07
parlay.run,1,10,Text-only,,fail,fail,fail,fail,skip,skip,fail,skip,skip,pass,fail,,,29,0.4.0,2026-08-07
parse.gl,1,5,Text-only,,fail,fail,fail,fail,skip,skip,fail,skip,skip,fail,pass,,,16,0.4.0,2026-08-07
parsebounce.com,1,10,Text-only,,fail,fail,fail,fail,skip,skip,fail,skip,skip,pass,fail,,,15,0.4.0,2026-08-07
parsley.id,1,15,Text-only,,fail,fail,fail,fail,skip,skip,fail,skip,skip,pass,pass,,,27,0.4.0,2026-08-07
parsons.ai,1,5,Text-only,,fail,fail,fail,fail,skip,skip,fail,skip,skip,fail,pass,,,15,0.4.0,2026-08-07
partglyph.com,1,0,Absent,,fail,fail,fail,fail,skip,skip,fail,skip,skip,fail,fail,,,15,0.4.0,2026-08-07
particle.pro,1,85,Connectable,,pass,fail,fail,pass,pass,fail,fail,skip,skip,pass,pass,mcp-server-card-json,modern,21,0.4.0,2026-08-07
partreel.com,1,100,Agent-ready,,fail,fail,pass,fail,pass,pass,fail,skip,pass,pass,pass,,legacy,23,0.4.0,2026-08-07
partstable.com,1,15,Text-only,,fail,fail,fail,fail,skip,skip,fail,skip,skip,pass,pass,,,19,0.4.0,2026-08-07
pasal.id,1,15,Text-only,,fail,fail,fail,fail,skip,skip,fail,skip,skip,pass,pass,,,18,0.4.0,2026-08-07
password-strength-x402-production.up.railway.app,1,0,Absent,,fail,fail,fail,fail,skip,skip,fail,skip,skip,fail,fail,,,28,0.4.0,2026-08-07
pasteapp.io,1,10,Text-only,,fail,fail,fail,fail,skip,skip,fail,skip,skip,pass,fail,,,18,0.4.0,2026-08-07
pastehtml.dev,1,80,Connectable,,pass,fail,fail,pass,pass,fail,fail,skip,skip,pass,fail,mcp-server-card-json,modern,20,0.4.0,2026-08-07
pastemd.io,1,85,Connectable,,fail,fail,pass,pass,pass,fail,fail,skip,skip,pass,pass,,modern,20,0.4.0,2026-08-07
pastepile.com,1,10,Text-only,,fail,fail,fail,fail,skip,skip,fail,skip,skip,pass,fail,,,27,0.4.0,2026-08-07
pastesheet.com,1,50,Discoverable,,fail,fail,fail,pass,skip,skip,fail,skip,skip,pass,pass,,,13,0.4.0,2026-08-07
pastml.com,1,35,Discoverable,,pass,fail,fail,pass,skip,skip,fail,skip,skip,fail,fail,mcp-server-card-json,,18,0.4.0,2026-08-07
patchistry-mcp-server.vercel.app,1,35,Discoverable,,pass,fail,fail,fail,skip,skip,fail,skip,skip,fail,fail,mcp-json,,28,0.4.0,2026-08-07
patchrooms.com,1,10,Text-only,,fail,fail,fail,fail,skip,skip,fail,skip,skip,pass,fail,,,15,0.4.0,2026-08-07
patent-intel-mcp-production.up.railway.app,1,0,Absent,,error,fail,fail,error,skip,skip,error,skip,skip,fail,fail,,,41,0.4.0,2026-08-07
patent.dev,1,35,Discoverable,,fail,fail,fail,pass,skip,skip,fail,skip,skip,fail,fail,,,31,0.4.0,2026-08-07
patentprecheck.com,1,100,Agent-ready,,fail,fail,pass,fail,pass,pass,fail,skip,pass,pass,pass,,legacy,20,0.4.0,2026-08-07
pathbound.ai,1,10,Text-only,,fail,fail,fail,fail,skip,skip,fail,skip,skip,pass,fail,,,16,0.4.0,2026-08-07
pathcoursehealth.com,1,0,Absent,,fail,fail,fail,fail,skip,skip,fail,skip,skip,fail,fail,,,16,0.4.0,2026-08-07
pathin.me,1,0,Absent,,fail,fail,fail,fail,skip,skip,fail,skip,skip,fail,fail,,,28,0.4.0,2026-08-07
pathrule.io,1,50,Discoverable,,pass,fail,fail,pass,skip,skip,fail,skip,skip,pass,pass,mcp-server-card-json,,32,0.4.0,2026-08-07
patsnap.com,1,10,Text-only,,fail,fail,fail,fail,skip,skip,fail,skip,skip,pass,fail,,,29,0.4.0,2026-08-07
patternfetch.com,1,85,Connectable,,pass,fail,fail,pass,pass,fail,fail,pass,skip,pass,pass,mcp-bare,legacy,19,0.4.0,2026-08-07
pawlisty.com,1,5,Text-only,,fail,fail,fail,fail,skip,skip,fail,skip,skip,fail,pass,,,15,0.4.0,2026-08-07
paxai.app,1,10,Text-only,,fail,fail,fail,fail,skip,skip,fail,skip,skip,pass,fail,,,15,0.4.0,2026-08-07
paycrow-app.fly.dev,1,45,Discoverable,,pass,fail,fail,fail,skip,skip,fail,skip,skip,pass,fail,mcp-server-card-json,,15,0.4.0,2026-08-07
payflowagent.net,1,10,Text-only,,fail,fail,fail,fail,skip,skip,fail,skip,skip,pass,fail,,,15,0.4.0,2026-08-07
payments.ai,1,15,Text-only,,fail,fail,fail,fail,skip,skip,fail,skip,skip,pass,pass,,,16,0.4.0,2026-08-07
payotte.workers.dev,1,0,Absent,,error,fail,fail,error,skip,skip,error,skip,skip,fail,fail,,,6,0.4.0,2026-08-07
paypal.com,1,10,Text-only,,fail,fail,fail,fail,skip,skip,fail,skip,skip,pass,fail,,,34,0.4.0,2026-08-07
payperbyte.io,1,10,Text-only,,fail,fail,fail,fail,skip,skip,fail,skip,skip,pass,fail,,,32,0.4.0,2026-08-07
payram.com,1,85,Connectable,,pass,fail,pass,fail,pass,fail,fail,pass,skip,pass,pass,mcp-server-card-json,legacy,37,0.4.0,2026-08-07
paysafe-agent.com,1,10,Text-only,,fail,fail,fail,fail,skip,skip,fail,skip,skip,pass,fail,,,15,0.4.0,2026-08-07
pcghrrzwqshejvifoxjq.supabase.co,1,0,Absent,,fail,fail,fail,fail,skip,skip,fail,skip,skip,fail,fail,,,15,0.4.0,2026-08-07
pdf-generator-x402-production.up.railway.app,1,0,Absent,,fail,fail,fail,fail,skip,skip,fail,skip,skip,fail,fail,,,28,0.4.0,2026-08-07
pdf-redaction.com,1,0,Absent,,fail,error,fail,fail,skip,skip,fail,skip,skip,fail,fail,,,18,0.4.0,2026-08-07
pdf-tables-mcp.vercel.app,1,70,Connectable,,pass,fail,fail,fail,pass,fail,fail,skip,skip,fail,fail,mcp-server-card-json,modern,31,0.4.0,2026-08-07
pdf2md.dev,1,50,Discoverable,,pass,fail,fail,fail,skip,skip,fail,skip,skip,pass,pass,mcp-json,,15,0.4.0,2026-08-07
pdf4me.com,1,0,Absent,,fail,fail,fail,fail,skip,skip,fail,skip,skip,fail,fail,,,18,0.4.0,2026-08-07
pdfassistant.ai,1,10,Text-only,,fail,fail,fail,fail,skip,skip,fail,skip,skip,pass,fail,,,15,0.4.0,2026-08-07
pdfgate.com,1,0,Absent,,fail,fail,fail,fail,skip,skip,fail,skip,skip,fail,fail,,,16,0.4.0,2026-08-07
pdfhaul.com,1,10,Text-only,,fail,fail,fail,fail,skip,skip,fail,skip,skip,pass,fail,,,29,0.4.0,2026-08-07
pdfinvoiceapi.com,1,0,Absent,,skip,fail,fail,skip,skip,skip,skip,skip,skip,skip,fail,,,3,0.4.0,2026-08-07
pdfmakerapi.com,1,0,Absent,,error,fail,fail,error,skip,skip,error,skip,skip,fail,fail,,,3,0.4.0,2026-08-07
pdfops.dev,1,15,Text-only,,fail,fail,fail,fail,skip,skip,fail,skip,skip,pass,pass,,,14,0.4.0,2026-08-07
pdfrender.dev,1,85,Connectable,,fail,fail,pass,fail,pass,fail,fail,skip,skip,pass,pass,,legacy,25,0.4.0,2026-08-07
pdfzen.site,1,15,Text-only,,fail,fail,fail,fail,skip,skip,fail,skip,skip,pass,pass,,,15,0.4.0,2026-08-07
pearl.com,1,5,Text-only,,fail,fail,fail,fail,skip,skip,fail,skip,skip,fail,pass,,,32,0.4.0,2026-08-07
peek.com,1,0,Absent,,fail,fail,fail,fail,skip,skip,fail,skip,skip,fail,fail,,,32,0.4.0,2026-08-07
peeptrend.com,1,15,Text-only,,fail,fail,fail,fail,skip,skip,fail,skip,skip,pass,pass,,,16,0.4.0,2026-08-07
peerlytics.xyz,1,15,Text-only,,fail,fail,fail,fail,skip,skip,fail,skip,skip,pass,pass,,,15,0.4.0,2026-08-07
peerpush.com,1,50,Discoverable,,pass,fail,fail,fail,skip,skip,fail,skip,skip,pass,pass,mcp-server-card-json,,15,0.4.0,2026-08-07
peil.app,1,15,Text-only,,fail,fail,fail,fail,skip,skip,fail,skip,skip,pass,pass,,,16,0.4.0,2026-08-07
penantiaglobal.workers.dev,1,0,Absent,,error,fail,fail,error,skip,skip,error,skip,skip,fail,fail,,,6,0.4.0,2026-08-07
pencil.ink,1,0,Absent,,fail,fail,fail,fail,skip,skip,fail,skip,skip,fail,fail,,,20,0.4.0,2026-08-07
pendia-community.workers.dev,1,0,Absent,,error,fail,fail,error,skip,skip,error,skip,skip,fail,fail,,,6,0.4.0,2026-08-07
penfield.app,1,5,Text-only,,fail,fail,fail,fail,skip,skip,fail,skip,skip,fail,pass,,,31,0.4.0,2026-08-07
penlog.app,1,10,Text-only,,fail,fail,fail,fail,skip,skip,fail,skip,skip,pass,fail,,,17,0.4.0,2026-08-07
pensiata.me,1,0,Absent,,fail,fail,fail,fail,skip,skip,fail,skip,skip,fail,fail,,,18,0.4.0,2026-08-07
pentatrail.co,1,15,Text-only,,fail,fail,fail,fail,skip,skip,fail,skip,skip,pass,pass,,,17,0.4.0,2026-08-07
pentest-tools.com,1,10,Text-only,,fail,fail,fail,fail,skip,skip,fail,skip,skip,pass,fail,,,18,0.4.0,2026-08-07
pentonym.com,1,0,Absent,,fail,fail,fail,fail,skip,skip,fail,skip,skip,fail,fail,,,18,0.4.0,2026-08-07
pepesto.com,1,70,Connectable,,fail,fail,pass,fail,pass,fail,fail,skip,skip,fail,fail,,legacy,36,0.4.0,2026-08-07
pepita.dev,1,0,Absent,,fail,fail,fail,fail,skip,skip,fail,skip,skip,fail,fail,,,18,0.4.0,2026-08-07
pepys.co,1,45,Discoverable,,fail,fail,fail,pass,skip,skip,fail,skip,skip,pass,fail,,,14,0.4.0,2026-08-07
perceptdot.com,1,15,Text-only,,fail,fail,fail,fail,skip,skip,fail,skip,skip,pass,pass,,,18,0.4.0,2026-08-07
perception.to,1,85,Connectable,,pass,fail,pass,pass,pass,fail,fail,skip,skip,pass,pass,mcp-json,modern,24,0.4.0,2026-08-07
perch-app.workers.dev,1,0,Absent,,error,fail,fail,error,skip,skip,error,skip,skip,fail,fail,,,6,0.4.0,2026-08-07
percher.app,1,85,Connectable,,fail,fail,pass,pass,pass,fail,fail,skip,skip,pass,pass,,modern,21,0.4.0,2026-08-07
perigeetides.com,1,85,Connectable,,fail,fail,pass,skip,pass,fail,fail,skip,skip,pass,pass,,legacy,15,0.4.0,2026-08-07
periodfinder.com,1,15,Text-only,,fail,fail,fail,fail,skip,skip,fail,skip,skip,pass,pass,,,27,0.4.0,2026-08-07
periodix.net,1,5,Text-only,,fail,fail,fail,fail,skip,skip,fail,skip,skip,fail,pass,,,15,0.4.0,2026-08-07
periskop.ai,1,45,Discoverable,,pass,fail,fail,fail,skip,skip,fail,skip,skip,pass,fail,mcp-server-card-json,,17,0.4.0,2026-08-07
permit-api-production-7375.up.railway.app,1,10,Text-only,,fail,fail,fail,fail,skip,skip,fail,skip,skip,pass,fail,,,28,0.4.0,2026-08-07
perplexity.ai,1,5,Text-only,,fail,fail,fail,fail,skip,skip,fail,skip,skip,fail,pass,,,30,0.4.0,2026-08-07
perpvue.xyz,1,70,Connectable,,fail,fail,pass,pass,pass,fail,fail,skip,skip,fail,fail,,modern,22,0.4.0,2026-08-07
persimmonhq.com,1,100,Agent-ready,,fail,fail,pass,fail,pass,pass,fail,skip,pass,pass,pass,,legacy,23,0.4.0,2026-08-07
persnickety.bot,1,80,Connectable,,fail,fail,pass,fail,pass,fail,fail,skip,skip,pass,fail,,legacy,33,0.4.0,2026-08-07
person-enrichment-x402-production.up.railway.app,1,0,Absent,,fail,fail,fail,fail,skip,skip,fail,skip,skip,fail,fail,,,28,0.4.0,2026-08-07
persona-mcp-server.onrender.com,1,0,Absent,,fail,fail,fail,fail,skip,skip,fail,skip,skip,fail,fail,,,28,0.4.0,2026-08-07
persuadioai.com,1,75,Connectable,,fail,fail,pass,pass,pass,pass,fail,skip,fail,fail,pass,,legacy,22,0.4.0,2026-08-07
pestprocrm.com,1,40,Discoverable,,fail,fail,fail,pass,skip,skip,fail,skip,skip,fail,pass,,,27,0.4.0,2026-08-07
petabloom.com,1,0,Absent,,error,fail,fail,error,skip,skip,error,skip,skip,fail,fail,,,3,0.4.0,2026-08-07
petal.build,1,10,Text-only,,fail,fail,fail,fail,skip,skip,fail,skip,skip,pass,fail,,,18,0.4.0,2026-08-07
petforai.com,1,15,Text-only,,fail,fail,fail,fail,skip,skip,fail,skip,skip,pass,pass,,,16,0.4.0,2026-08-07
petraport.ai,1,0,Absent,,skip,fail,fail,skip,skip,skip,skip,skip,skip,skip,fail,,,6,0.4.0,2026-08-07
pfx.ch,1,35,Discoverable,,fail,pass,fail,fail,skip,skip,fail,skip,skip,fail,fail,,,17,0.4.0,2026-08-07
pga.com,1,70,Connectable,,fail,fail,pass,pass,pass,fail,fail,skip,skip,fail,fail,,legacy,39,0.4.0,2026-08-07
phano.ai,1,50,Discoverable,,pass,fail,fail,fail,fail,skip,fail,skip,skip,pass,pass,mcp-server-card-json,,17,0.4.0,2026-08-07
pharaoh.so,1,50,Discoverable,,pass,fail,fail,fail,skip,skip,fail,skip,skip,pass,pass,mcp-json,,18,0.4.0,2026-08-07
phasefolio.com,1,45,Discoverable,,pass,fail,fail,fail,fail,skip,fail,skip,skip,pass,fail,mcp-json,,26,0.4.0,2026-08-07
philadelphiarestoration.org,1,100,Agent-ready,,pass,fail,fail,fail,pass,pass,fail,pass,pass,pass,pass,mcp-json,legacy,22,0.4.0,2026-08-07
philidor.io,1,85,Connectable,,fail,fail,pass,fail,pass,fail,fail,skip,skip,pass,pass,,legacy,22,0.4.0,2026-08-07
philongevity.com,1,80,Connectable,,fail,fail,pass,fail,pass,fail,fail,skip,skip,pass,fail,,legacy,19,0.4.0,2026-08-07
phishunt.io,1,45,Discoverable,,pass,fail,fail,fail,skip,skip,fail,skip,skip,pass,fail,mcp-server-card-json,,20,0.4.0,2026-08-07
phone-mcp.com,1,35,Discoverable,,fail,fail,fail,pass,skip,skip,fail,skip,skip,fail,fail,,,18,0.4.0,2026-08-07
phone-validation-x402-production.up.railway.app,1,0,Absent,,fail,fail,fail,fail,skip,skip,fail,skip,skip,fail,fail,,,28,0.4.0,2026-08-07
phoslabs.io,1,5,Text-only,,fail,fail,fail,fail,skip,skip,fail,skip,skip,fail,pass,,,17,0.4.0,2026-08-07
phronesisintel.com,1,15,Text-only,,fail,fail,fail,fail,skip,skip,fail,skip,skip,pass,pass,,,16,0.4.0,2026-08-07
physea.ai,1,85,Connectable,,pass,fail,fail,pass,pass,fail,fail,skip,skip,pass,pass,mcp-server-card-json,modern,23,0.4.0,2026-08-07
pi22by7.me,1,5,Text-only,,fail,fail,fail,fail,skip,skip,fail,skip,skip,fail,pass,,,16,0.4.0,2026-08-07
picaos.com,1,5,Text-only,,fail,fail,fail,fail,skip,skip,fail,skip,skip,fail,pass,,,18,0.4.0,2026-08-07
picdefense.io,1,10,Text-only,,fail,fail,fail,fail,skip,skip,fail,skip,skip,pass,fail,,,16,0.4.0,2026-08-07
pickanagency.com,1,15,Text-only,,fail,fail,fail,fail,skip,skip,fail,skip,skip,pass,pass,,,27,0.4.0,2026-08-07
pickleball3.com,1,85,Connectable,,pass,fail,fail,fail,pass,fail,fail,pass,skip,pass,pass,mcp-json,legacy,19,0.4.0,2026-08-07
pickrate.io,1,50,Discoverable,,pass,fail,fail,pass,fail,skip,pass,skip,skip,pass,pass,ai-catalog|mcp-server-card-json,,15,0.4.0,2026-08-07
picoads.xyz,1,85,Connectable,,pass,pass,pass,pass,pass,fail,pass,pass,skip,pass,pass,mcp-json|mcp-server-card-json,legacy,20,0.4.0,2026-08-07
picsart.com,1,10,Text-only,,fail,fail,fail,fail,skip,skip,fail,skip,skip,pass,fail,,,17,0.4.0,2026-08-07
picsee.io,1,100,Agent-ready,,fail,fail,pass,pass,pass,pass,fail,skip,pass,pass,pass,,legacy,21,0.4.0,2026-08-07
pictify.io,1,0,Absent,,fail,fail,fail,fail,skip,skip,fail,skip,skip,fail,fail,,,17,0.4.0,2026-08-07
pictomancer.ai,1,45,Discoverable,,pass,fail,fail,fail,skip,skip,fail,skip,skip,pass,fail,mcp-json,,21,0.4.0,2026-08-07
pieterpost.com,1,35,Discoverable,,fail,fail,fail,pass,skip,skip,fail,skip,skip,fail,fail,,,16,0.4.0,2026-08-07
pifini.net,1,0,Absent,,fail,fail,fail,fail,skip,skip,fail,skip,skip,fail,fail,,,14,0.4.0,2026-08-07
pii-detector-x402-production.up.railway.app,1,0,Absent,,fail,fail,fail,fail,skip,skip,fail,skip,skip,fail,fail,,,28,0.4.0,2026-08-07
pikasim.com,1,80,Connectable,,pass,fail,pass,fail,pass,fail,fail,pass,skip,pass,fail,mcp-json,legacy,19,0.4.0,2026-08-07
pillargtm.com,1,15,Text-only,,fail,fail,fail,fail,skip,skip,fail,skip,skip,pass,pass,,,15,0.4.0,2026-08-07
pilotgentic.com,1,0,Absent,,fail,fail,fail,fail,skip,skip,fail,skip,skip,fail,fail,,,14,0.4.0,2026-08-07
pimea.ai,1,0,Absent,,fail,fail,fail,fail,skip,skip,fail,skip,skip,fail,fail,,,19,0.4.0,2026-08-07
pinappai.com,1,85,Connectable,,fail,fail,pass,pass,pass,fail,fail,skip,skip,pass,pass,,modern,23,0.4.0,2026-08-07
pinchwork.dev,1,0,Absent,,error,fail,fail,error,skip,skip,error,skip,skip,fail,fail,,,54,0.4.0,2026-08-07
pinelabs.com,1,15,Text-only,,fail,fail,fail,fail,skip,skip,fail,skip,skip,pass,pass,,,32,0.4.0,2026-08-07
pinescript-mcp.fly.dev,1,35,Discoverable,,pass,fail,fail,fail,skip,skip,fail,skip,skip,fail,fail,mcp-server-card-json,,15,0.4.0,2026-08-07
pingfyr.com,1,0,Absent,,fail,fail,fail,fail,skip,skip,fail,skip,skip,fail,fail,,,16,0.4.0,2026-08-07
pingram.io,1,15,Text-only,,fail,fail,fail,fail,skip,skip,fail,skip,skip,pass,pass,,,26,0.4.0,2026-08-07
pingvalid.com,1,80,Connectable,,pass,fail,pass,pass,pass,fail,fail,skip,skip,pass,fail,ai-catalog|mcp-server-card-json,modern,20,0.4.0,2026-08-07
pingvera.com,1,10,Text-only,,fail,fail,fail,fail,skip,skip,fail,skip,skip,pass,fail,,,14,0.4.0,2026-08-07
pingwa.dev,1,45,Discoverable,,pass,fail,fail,fail,skip,skip,fail,skip,skip,pass,fail,mcp-server-card-json,,15,0.4.0,2026-08-07
pingzen.dev,1,45,Discoverable,,pass,fail,fail,fail,skip,skip,fail,skip,skip,pass,fail,mcp-server-card-json,,19,0.4.0,2026-08-07
pinheiros.sampa.br,1,100,Agent-ready,,pass,fail,pass,fail,pass,pass,fail,pass,pass,pass,pass,mcp-json,legacy,22,0.4.0,2026-08-07
pinnacleblooms.org,1,0,Absent,,fail,fail,fail,fail,skip,skip,fail,skip,skip,fail,fail,,,28,0.4.0,2026-08-07
pinsuite.app,1,50,Discoverable,,fail,fail,fail,pass,skip,skip,fail,skip,skip,pass,pass,,,16,0.4.0,2026-08-07
pipe2.ai,1,15,Text-only,,fail,fail,fail,fail,skip,skip,fail,skip,skip,pass,pass,,,18,0.4.0,2026-08-07
pipeboard.co,1,50,Discoverable,,fail,fail,fail,pass,skip,skip,fail,skip,skip,pass,pass,,,14,0.4.0,2026-08-07
pipehero.app,1,80,Connectable,,fail,fail,pass,pass,pass,pass,fail,skip,fail,pass,fail,,legacy,24,0.4.0,2026-08-07
piqod.it,1,15,Text-only,,fail,fail,fail,fail,skip,skip,fail,skip,skip,pass,pass,,,18,0.4.0,2026-08-07
piranha-api.onrender.com,1,0,Absent,,fail,fail,fail,fail,skip,skip,fail,skip,skip,fail,fail,,,28,0.4.0,2026-08-07
piranha-ghcr.onrender.com,1,35,Discoverable,,pass,fail,fail,fail,skip,skip,fail,skip,skip,fail,fail,mcp-server-card-json,,29,0.4.0,2026-08-07
pirchjobs.com,1,95,Agent-ready,,fail,fail,pass,fail,pass,pass,fail,skip,pass,pass,fail,,legacy,20,0.4.0,2026-08-07
piszczek.pl,1,15,Text-only,,fail,fail,fail,fail,skip,skip,fail,skip,skip,pass,pass,,,15,0.4.0,2026-08-07
pitbridge.com,1,10,Text-only,,fail,fail,fail,fail,skip,skip,fail,skip,skip,pass,fail,,,15,0.4.0,2026-08-07
pitchcentric.com,1,85,Connectable,,fail,fail,pass,pass,pass,fail,fail,skip,skip,pass,pass,,modern,19,0.4.0,2026-08-07
pitchdeck-auto-mcp.vercel.app,1,0,Absent,,fail,fail,fail,fail,skip,skip,fail,skip,skip,fail,fail,,,28,0.4.0,2026-08-07
pitchghost.com,1,0,Absent,,fail,fail,fail,fail,skip,skip,fail,skip,skip,fail,fail,,,18,0.4.0,2026-08-07
pitchiq-mcp-production.up.railway.app,1,70,Connectable,,pass,fail,fail,fail,pass,fail,fail,pass,skip,fail,fail,mcp-json|mcp-bare,legacy,32,0.4.0,2026-08-07
piu-copy-mcp-production.up.railway.app,1,70,Connectable,,fail,fail,pass,pass,pass,fail,fail,skip,skip,fail,fail,,modern,32,0.4.0,2026-08-07
pixeldrive.pro,1,10,Text-only,,fail,fail,fail,fail,skip,skip,fail,skip,skip,pass,fail,,,27,0.4.0,2026-08-07
pixelgust.com,1,95,Agent-ready,,fail,fail,pass,fail,pass,pass,fail,skip,pass,pass,fail,,legacy,20,0.4.0,2026-08-07
pixelixe.com,1,15,Text-only,,fail,fail,fail,fail,skip,skip,fail,skip,skip,pass,pass,,,15,0.4.0,2026-08-07
pixelvault.dev,1,50,Discoverable,,pass,fail,fail,fail,skip,skip,fail,skip,skip,pass,pass,mcp-server-card-json,,18,0.4.0,2026-08-07
pixie-vacations-mcp-production.up.railway.app,1,0,Absent,,fail,fail,fail,fail,skip,skip,fail,skip,skip,fail,fail,,,28,0.4.0,2026-08-07
pixserp.com,1,15,Text-only,,fail,fail,fail,fail,skip,skip,fail,skip,skip,pass,pass,,,14,0.4.0,2026-08-07
pjq.life,1,10,Text-only,,fail,fail,fail,fail,skip,skip,fail,skip,skip,pass,fail,,,14,0.4.0,2026-08-07
pkgseek.com,1,85,Connectable,,fail,fail,pass,fail,pass,fail,fail,skip,skip,pass,pass,,legacy,22,0.4.0,2026-08-07
placepack.top,1,85,Connectable,,pass,fail,pass,fail,pass,fail,fail,pass,skip,pass,pass,mcp-server-card-json,legacy,23,0.4.0,2026-08-07
plainquery.in,1,0,Absent,,fail,fail,fail,fail,skip,skip,fail,skip,skip,fail,fail,,,17,0.4.0,2026-08-07
plainsight.pro,1,15,Text-only,,fail,fail,fail,fail,skip,skip,fail,skip,skip,pass,pass,,,28,0.4.0,2026-08-07
planable.io,1,70,Connectable,,fail,fail,pass,pass,pass,fail,fail,skip,skip,fail,fail,,modern,23,0.4.0,2026-08-07
planexe.org,1,10,Text-only,,fail,fail,fail,fail,skip,skip,fail,skip,skip,pass,fail,,,17,0.4.0,2026-08-07
planitprima.com,1,0,Absent,,fail,fail,fail,fail,skip,skip,fail,skip,skip,fail,fail,,,38,0.4.0,2026-08-07
planningcenter.com,1,0,Absent,,fail,fail,fail,fail,skip,skip,fail,skip,skip,fail,fail,,,29,0.4.0,2026-08-07
planningcenteronline.com,1,0,Absent,,skip,fail,fail,skip,skip,skip,skip,skip,skip,skip,fail,,,7,0.4.0,2026-08-07
plantrip.io,1,100,Agent-ready,,fail,fail,pass,fail,pass,pass,fail,skip,pass,pass,pass,,legacy,20,0.4.0,2026-08-07
planwright.tools,1,15,Text-only,,fail,fail,fail,fail,skip,skip,fail,skip,skip,pass,pass,,,16,0.4.0,2026-08-07
plataform-connect.workers.dev,1,0,Absent,,error,fail,fail,error,skip,skip,error,skip,skip,fail,fail,,,6,0.4.0,2026-08-07
plate.to,1,70,Connectable,,pass,fail,fail,pass,pass,fail,fail,skip,skip,fail,fail,mcp-json,modern,18,0.4.0,2026-08-07
plates-spread-materials-optimum.trycloudflare.com,1,0,Absent,,error,fail,fail,error,skip,skip,error,skip,skip,fail,fail,,,3,0.4.0,2026-08-07
platfone.com,1,10,Text-only,,fail,fail,fail,fail,skip,skip,fail,skip,skip,pass,fail,,,18,0.4.0,2026-08-07
platform.uno,1,10,Text-only,,fail,fail,fail,fail,skip,skip,fail,skip,skip,pass,fail,,,29,0.4.0,2026-08-07
plati.market,1,0,Absent,,fail,fail,fail,fail,skip,skip,fail,skip,skip,fail,fail,,,31,0.4.0,2026-08-07
playbykey.com,1,5,Text-only,,fail,fail,fail,fail,skip,skip,fail,skip,skip,fail,pass,,,15,0.4.0,2026-08-07
playcallerapp.com,1,15,Text-only,,fail,fail,fail,fail,skip,skip,fail,skip,skip,pass,pass,,,15,0.4.0,2026-08-07
playfrog.games,1,5,Text-only,,fail,fail,fail,fail,skip,skip,fail,skip,skip,fail,pass,,,18,0.4.0,2026-08-07
pleaseremind.com,1,5,Text-only,,fail,fail,fail,fail,skip,skip,fail,skip,skip,fail,pass,,,15,0.4.0,2026-08-07
plentopasto.com,1,15,Text-only,,fail,fail,fail,fail,skip,skip,fail,skip,skip,pass,pass,,,16,0.4.0,2026-08-07
plero.ai,1,45,Discoverable,,fail,fail,skip,pass,skip,skip,fail,skip,skip,pass,fail,,,19,0.4.0,2026-08-07
plith.ai,1,15,Text-only,,fail,fail,fail,fail,skip,skip,fail,skip,skip,pass,pass,,,14,0.4.0,2026-08-07
plixana.com,1,45,Discoverable,,fail,fail,fail,pass,skip,skip,fail,skip,skip,pass,fail,,,16,0.4.0,2026-08-07
ploi.cloud,1,80,Connectable,,fail,fail,pass,pass,pass,fail,fail,skip,skip,pass,fail,,modern,25,0.4.0,2026-08-07
plori.ai,1,85,Connectable,,pass,fail,fail,pass,pass,fail,fail,skip,skip,pass,pass,mcp-server-card-json,modern,22,0.4.0,2026-08-07
plugrail.dev,1,0,Absent,,fail,fail,fail,fail,skip,skip,fail,skip,skip,fail,fail,,,15,0.4.0,2026-08-07
plurality.network,1,5,Text-only,,fail,fail,fail,fail,skip,skip,fail,skip,skip,fail,pass,,,15,0.4.0,2026-08-07
plyrium.com,1,0,Absent,,fail,fail,fail,fail,skip,skip,fail,skip,skip,fail,fail,,,18,0.4.0,2026-08-07
plyto.ai,1,45,Discoverable,,pass,fail,fail,fail,skip,skip,fail,skip,skip,pass,fail,mcp-server-card-json,,14,0.4.0,2026-08-07
pm-33.io,1,0,Absent,,fail,fail,fail,fail,skip,skip,fail,skip,skip,fail,fail,,,15,0.4.0,2026-08-07
pnllabs.com,1,95,Agent-ready,,fail,fail,pass,fail,pass,pass,fail,skip,pass,pass,fail,,legacy,22,0.4.0,2026-08-07
pntr.dev,1,10,Text-only,,fail,fail,fail,fail,skip,skip,fail,skip,skip,pass,fail,,,15,0.4.0,2026-08-07
po6.com,1,40,Discoverable,,pass,fail,fail,fail,skip,skip,fail,skip,skip,fail,pass,mcp-json,,18,0.4.0,2026-08-07
pocketdrives.ai,1,85,Connectable,,fail,fail,pass,fail,pass,fail,fail,skip,skip,pass,pass,,legacy,19,0.4.0,2026-08-07
podcast-shorts-a2a-production.up.railway.app,1,10,Text-only,,fail,fail,fail,fail,skip,skip,fail,skip,skip,pass,fail,,,29,0.4.0,2026-08-07
podkitapp.com,1,0,Absent,,fail,fail,fail,fail,skip,skip,fail,skip,skip,fail,fail,,,15,0.4.0,2026-08-07
podpast.ai,1,85,Connectable,,fail,fail,pass,pass,pass,fail,fail,skip,skip,pass,pass,,modern,22,0.4.0,2026-08-07
podstow.app,1,0,Absent,,fail,fail,fail,fail,skip,skip,fail,skip,skip,fail,fail,,,17,0.4.0,2026-08-07
pody.io,1,50,Discoverable,,pass,fail,fail,fail,skip,skip,fail,skip,skip,pass,pass,mcp-json,,15,0.4.0,2026-08-07
pointifytravels.com,1,15,Text-only,,fail,fail,fail,fail,skip,skip,fail,skip,skip,pass,pass,,,25,0.4.0,2026-08-07
pokeka.xyz,1,100,Agent-ready,,pass,fail,pass,fail,pass,pass,fail,pass,pass,pass,pass,mcp-json,legacy,19,0.4.0,2026-08-07
pokes.dev,1,0,Absent,,fail,fail,fail,fail,skip,skip,fail,skip,skip,fail,fail,,,15,0.4.0,2026-08-07
policyforge.co,1,45,Discoverable,,fail,fail,fail,pass,skip,skip,fail,skip,skip,pass,fail,,,14,0.4.0,2026-08-07
policylayer.com,1,80,Connectable,,fail,fail,pass,fail,pass,fail,fail,skip,skip,pass,fail,,legacy,25,0.4.0,2026-08-07
politicalcomms.com,1,85,Connectable,,pass,fail,pass,fail,pass,fail,fail,pass,skip,pass,pass,ai-catalog|mcp-json|mcp-server-card-json,legacy,29,0.4.0,2026-08-07
politikdata.dk,1,70,Connectable,,fail,fail,pass,fail,pass,fail,fail,skip,skip,fail,fail,,legacy,24,0.4.0,2026-08-07
pollar.news,1,85,Connectable,,fail,fail,pass,fail,pass,pass,fail,skip,fail,pass,pass,,legacy,26,0.4.0,2026-08-07
pollbolt.com,1,0,Absent,,fail,fail,fail,fail,skip,skip,fail,skip,skip,fail,fail,,,18,0.4.0,2026-08-07
polsia.app,1,0,Absent,,error,fail,fail,error,skip,skip,error,skip,skip,fail,fail,,,6,0.4.0,2026-08-07
polybridge.ai,1,10,Text-only,,fail,fail,fail,fail,skip,skip,fail,skip,skip,pass,fail,,,20,0.4.0,2026-08-07
polydoc.tech,1,10,Text-only,,fail,fail,fail,fail,skip,skip,fail,skip,skip,pass,fail,,,21,0.4.0,2026-08-07
polyglot-debugger-mcp.vercel.app,1,0,Absent,,fail,fail,fail,fail,skip,skip,fail,skip,skip,fail,fail,,,28,0.4.0,2026-08-07
polygraph.so,1,45,Discoverable,,pass,fail,fail,fail,skip,skip,fail,skip,skip,pass,fail,mcp-server-card-json,,27,0.4.0,2026-08-07
polymarket-intel-production.up.railway.app,1,35,Discoverable,,pass,fail,fail,fail,skip,skip,fail,skip,skip,fail,fail,mcp-server-card-json,,29,0.4.0,2026-08-07
polystrike.xyz,1,10,Text-only,,fail,fail,fail,fail,skip,skip,fail,skip,skip,pass,fail,,,15,0.4.0,2026-08-07
ponito.com,1,85,Connectable,,fail,fail,pass,fail,pass,pass,fail,skip,pass,fail,fail,,legacy,39,0.4.0,2026-08-07
ponlo.ai,1,45,Discoverable,,fail,fail,fail,pass,skip,skip,fail,skip,skip,pass,fail,,,14,0.4.0,2026-08-07
poolparty.io,1,80,Connectable,,pass,fail,pass,fail,pass,fail,fail,pass,skip,pass,fail,mcp-server-card-json,legacy,39,0.4.0,2026-08-07
popdot.ai,1,100,Agent-ready,,pass,fail,pass,fail,pass,pass,fail,skip,pass,pass,pass,ai-catalog,legacy,26,0.4.0,2026-08-07
pops4.com,1,100,Agent-ready,,pass,fail,pass,fail,pass,pass,fail,fail,pass,pass,pass,mcp-json,legacy,24,0.4.0,2026-08-07
port-scanner-x402-production.up.railway.app,1,0,Absent,,fail,fail,fail,fail,skip,skip,fail,skip,skip,fail,fail,,,28,0.4.0,2026-08-07
port.io,1,15,Text-only,,fail,fail,fail,fail,skip,skip,fail,skip,skip,pass,pass,,,26,0.4.0,2026-08-07
portfolio-signals-mcp.fly.dev,1,0,Absent,,error,fail,fail,error,skip,skip,error,skip,skip,fail,fail,,,41,0.4.0,2026-08-07
portfolio.fit,1,0,Absent,,fail,fail,fail,fail,skip,skip,fail,skip,skip,fail,fail,,,24,0.4.0,2026-08-07
portlandmaps-mcp.vercel.app,1,70,Connectable,,fail,fail,pass,fail,pass,fail,fail,skip,skip,fail,fail,,legacy,33,0.4.0,2026-08-07
portscan.com,1,10,Text-only,,fail,fail,fail,fail,skip,skip,fail,skip,skip,pass,fail,,,17,0.4.0,2026-08-07
pos.do,1,50,Discoverable,,pass,fail,fail,fail,skip,skip,error,skip,skip,pass,pass,mcp-json|mcp-server-card-json,,23,0.4.0,2026-08-07
poshkan.com,1,0,Absent,,fail,fail,fail,fail,skip,skip,fail,skip,skip,fail,fail,,,27,0.4.0,2026-08-07
positif.ai,1,10,Text-only,,fail,fail,fail,fail,skip,skip,fail,skip,skip,pass,fail,,,15,0.4.0,2026-08-07
post-bridge.com,1,35,Discoverable,,fail,fail,fail,pass,skip,skip,fail,skip,skip,fail,fail,,,38,0.4.0,2026-08-07
post-pulse.com,1,15,Text-only,,fail,fail,fail,fail,skip,skip,fail,skip,skip,pass,pass,,,18,0.4.0,2026-08-07
postagent.sh,1,70,Connectable,,pass,fail,fail,fail,pass,fail,fail,skip,skip,fail,fail,ai-catalog,legacy,21,0.4.0,2026-08-07
postapp.win,1,95,Agent-ready,,fail,fail,pass,fail,pass,pass,fail,skip,pass,pass,fail,,legacy,22,0.4.0,2026-08-07
postari.io,1,45,Discoverable,,fail,fail,fail,pass,skip,skip,fail,skip,skip,pass,fail,,,18,0.4.0,2026-08-07
postassembly.com,1,15,Text-only,,fail,fail,fail,fail,skip,skip,fail,skip,skip,pass,pass,,,16,0.4.0,2026-08-07
postcodeproperty.ai,1,50,Discoverable,,pass,fail,fail,fail,skip,skip,fail,skip,skip,pass,pass,ai-catalog,,14,0.4.0,2026-08-07
postcopilot.ai,1,80,Connectable,,pass,fail,pass,fail,pass,fail,fail,skip,skip,pass,fail,mcp-json,legacy,20,0.4.0,2026-08-07
poster.ly,1,45,Discoverable,,fail,fail,fail,pass,skip,skip,pass,skip,skip,pass,fail,,,40,0.4.0,2026-08-07
posteverywhere.ai,1,50,Discoverable,,pass,fail,fail,pass,skip,skip,pass,skip,skip,pass,pass,mcp-json|mcp-server-card-json,,16,0.4.0,2026-08-07
postgate-ai.com,1,0,Absent,,fail,fail,fail,fail,skip,skip,fail,skip,skip,fail,fail,,,17,0.4.0,2026-08-07
posthell.com,1,15,Text-only,,fail,fail,fail,fail,skip,skip,fail,skip,skip,pass,pass,,,27,0.4.0,2026-08-07
posthog.com,1,15,Text-only,,fail,fail,fail,fail,skip,skip,fail,skip,skip,pass,pass,,,18,0.4.0,2026-08-07
postking.app,1,10,Text-only,,fail,fail,fail,fail,skip,skip,fail,skip,skip,pass,fail,,,16,0.4.0,2026-08-07
postlake.dev,1,10,Text-only,,fail,fail,fail,fail,skip,skip,fail,skip,skip,pass,fail,,,15,0.4.0,2026-08-07
postlia.com,1,10,Text-only,,fail,fail,fail,fail,skip,skip,fail,skip,skip,pass,fail,,,14,0.4.0,2026-08-07
postman.com,1,80,Connectable,,pass,fail,pass,pass,pass,fail,fail,skip,skip,pass,fail,mcp-json,modern,36,0.4.0,2026-08-07
postproxy.dev,1,80,Connectable,,pass,fail,fail,pass,pass,fail,pass,skip,skip,pass,fail,mcp-server-card-json,modern,21,0.4.0,2026-08-07
postrippl.com,1,80,Connectable,,pass,fail,fail,pass,pass,fail,fail,skip,skip,pass,fail,mcp-server-card-json,modern,21,0.4.0,2026-08-07
potarix.com,1,15,Text-only,,fail,fail,fail,fail,skip,skip,fail,skip,skip,pass,pass,,,30,0.4.0,2026-08-07
potomacledger.com,1,50,Discoverable,,pass,fail,fail,fail,skip,skip,fail,skip,skip,pass,pass,mcp-json,,15,0.4.0,2026-08-07
potto.app,1,35,Discoverable,,fail,fail,fail,pass,skip,skip,fail,skip,skip,fail,fail,,,15,0.4.0,2026-08-07
powerdmarc.com,1,35,Discoverable,,fail,fail,fail,pass,skip,skip,fail,skip,skip,fail,fail,,,21,0.4.0,2026-08-07
powerline.ai,1,0,Absent,,fail,fail,fail,fail,skip,skip,fail,skip,skip,fail,fail,,,17,0.4.0,2026-08-07
powerpointengine.io,1,45,Discoverable,,fail,fail,fail,pass,skip,skip,fail,skip,skip,pass,fail,,,21,0.4.0,2026-08-07
powerstationplatform.com,1,0,Absent,,fail,fail,fail,fail,skip,skip,fail,skip,skip,fail,fail,,,23,0.4.0,2026-08-07
powersun.vip,1,15,Text-only,,fail,fail,fail,fail,skip,skip,fail,skip,skip,pass,pass,,,14,0.4.0,2026-08-07
ppn-hub.com,1,10,Text-only,,fail,fail,fail,fail,skip,skip,fail,skip,skip,pass,fail,,,19,0.4.0,2026-08-07
pptogo.com,1,45,Discoverable,,fail,fail,fail,pass,skip,skip,fail,skip,skip,pass,fail,,,15,0.4.0,2026-08-07
praatmetjeboekhouding.nl,1,15,Text-only,,fail,fail,fail,fail,skip,skip,fail,skip,skip,pass,pass,,,15,0.4.0,2026-08-07
precis.finance,1,70,Connectable,,fail,fail,pass,fail,pass,pass,fail,skip,fail,fail,fail,,legacy,23,0.4.0,2026-08-07
preclick.ai,1,75,Connectable,,fail,fail,pass,fail,pass,fail,fail,skip,skip,fail,pass,,legacy,22,0.4.0,2026-08-07
prediction-markets-production-3e07.up.railway.app,1,0,Absent,,fail,fail,fail,fail,skip,skip,fail,skip,skip,fail,fail,,,28,0.4.0,2026-08-07
prediction-markets-x402-production.up.railway.app,1,0,Absent,,fail,fail,fail,fail,skip,skip,fail,skip,skip,fail,fail,,,28,0.4.0,2026-08-07
prediction-router-chi.vercel.app,1,0,Absent,,fail,fail,fail,fail,skip,skip,fail,skip,skip,fail,fail,,,27,0.4.0,2026-08-07
predictionmarketspicks.com,1,15,Text-only,,fail,fail,fail,fail,skip,skip,fail,skip,skip,pass,pass,,,14,0.4.0,2026-08-07
predictleads.com,1,45,Discoverable,,fail,fail,fail,pass,skip,skip,fail,skip,skip,pass,fail,,,17,0.4.0,2026-08-07
prediohq.com,1,10,Text-only,,fail,fail,fail,fail,skip,skip,fail,skip,skip,pass,fail,,,16,0.4.0,2026-08-07
predixsport.com,1,15,Text-only,,fail,fail,fail,fail,skip,skip,fail,skip,skip,pass,pass,,,30,0.4.0,2026-08-07
predmcp.com,1,80,Connectable,,pass,fail,fail,pass,pass,fail,fail,skip,skip,pass,fail,mcp-json,modern,17,0.4.0,2026-08-07
predme.com,1,0,Absent,,fail,fail,fail,fail,skip,skip,fail,skip,skip,fail,fail,,,15,0.4.0,2026-08-07
preflyte.xyz,1,0,Absent,,error,fail,fail,error,skip,skip,error,skip,skip,fail,fail,,,6,0.4.0,2026-08-07
prelim.chat,1,15,Text-only,,fail,fail,fail,fail,skip,skip,fail,skip,skip,pass,pass,,,32,0.4.0,2026-08-07
prelude.co.nz,1,45,Discoverable,,fail,pass,fail,fail,skip,skip,fail,skip,skip,pass,fail,,,15,0.4.0,2026-08-07
prereason.com,1,85,Connectable,,pass,fail,pass,fail,pass,fail,fail,pass,skip,pass,pass,mcp-server-card-json,legacy,36,0.4.0,2026-08-07
presentations.ai,1,10,Text-only,,fail,fail,fail,fail,skip,skip,fail,skip,skip,pass,fail,,,26,0.4.0,2026-08-07
presenterprep.com,1,15,Text-only,,fail,fail,fail,fail,skip,skip,fail,skip,skip,pass,pass,,,17,0.4.0,2026-08-07
presio.xyz,1,85,Connectable,,pass,fail,pass,fail,pass,fail,fail,pass,skip,pass,pass,mcp-json,legacy,23,0.4.0,2026-08-07
pressbooks.ch,1,0,Absent,,fail,fail,fail,fail,skip,skip,fail,skip,skip,fail,fail,,,26,0.4.0,2026-08-07
presso.now,1,10,Text-only,,fail,fail,fail,fail,skip,skip,fail,skip,skip,pass,fail,,,17,0.4.0,2026-08-07
preuve.ai,1,85,Connectable,,fail,fail,pass,pass,pass,fail,fail,skip,skip,pass,pass,,modern,21,0.4.0,2026-08-07
pricefeed.online,1,10,Text-only,,fail,fail,fail,fail,skip,skip,fail,skip,skip,pass,fail,,,14,0.4.0,2026-08-07
priceparse.com,1,0,Absent,,fail,fail,fail,fail,skip,skip,fail,skip,skip,fail,fail,,,17,0.4.0,2026-08-07
pricepilot-mcp.onrender.com,1,35,Discoverable,,pass,fail,fail,fail,skip,skip,fail,skip,skip,fail,fail,mcp-server-card-json,,26,0.4.0,2026-08-07
pricetik.com,1,0,Absent,,error,error,fail,error,skip,skip,error,skip,skip,fail,fail,,,36,0.4.0,2026-08-07
pricewatcha.com,1,10,Text-only,,fail,fail,fail,fail,skip,skip,fail,skip,skip,pass,fail,,,16,0.4.0,2026-08-07
primateintelligence.ai,1,85,Connectable,,fail,fail,pass,pass,pass,fail,fail,skip,skip,pass,pass,,modern,21,0.4.0,2026-08-07
primerfp.com,1,15,Text-only,,fail,fail,fail,fail,skip,skip,fail,skip,skip,pass,pass,,,13,0.4.0,2026-08-07
primeta.ai,1,45,Discoverable,,pass,fail,fail,pass,skip,skip,fail,skip,skip,pass,fail,mcp-json,,14,0.4.0,2026-08-07
primitive.dev,1,50,Discoverable,,pass,fail,fail,pass,fail,skip,fail,skip,skip,pass,pass,ai-catalog|mcp-json|mcp-bare|mcp-server-card-json,,25,0.4.0,2026-08-07
prince.cloud,1,45,Discoverable,,pass,fail,fail,fail,skip,skip,fail,skip,skip,pass,fail,mcp-json,,15,0.4.0,2026-08-07
print.one,1,0,Absent,,fail,fail,fail,fail,skip,skip,fail,skip,skip,fail,fail,,,20,0.4.0,2026-08-07
printinglabs.com,1,85,Connectable,,fail,fail,pass,fail,pass,fail,fail,skip,skip,pass,pass,,legacy,20,0.4.0,2026-08-07
printmoneylab.com,1,0,Absent,,fail,fail,fail,fail,skip,skip,fail,skip,skip,fail,fail,,,37,0.4.0,2026-08-07
printyourduck.com,1,80,Connectable,,fail,fail,pass,fail,pass,fail,fail,skip,skip,pass,fail,,legacy,28,0.4.0,2026-08-07
priorify.app,1,0,Absent,,error,fail,fail,error,skip,skip,error,skip,skip,fail,fail,,,36,0.4.0,2026-08-07
prisma.io,1,0,Absent,,error,fail,fail,error,skip,skip,error,skip,skip,fail,fail,,,36,0.4.0,2026-08-07
prismclip.com,1,0,Absent,,error,fail,fail,error,skip,skip,error,skip,skip,fail,fail,,,36,0.4.0,2026-08-07
prismfact.com,1,0,Absent,,error,fail,fail,error,skip,skip,error,skip,skip,fail,fail,,,36,0.4.0,2026-08-07
prismism.dev,1,0,Absent,,error,fail,fail,error,skip,skip,error,skip,skip,fail,fail,,,36,0.4.0,2026-08-07
prismix.dev,1,0,Absent,,error,fail,fail,error,skip,skip,error,skip,skip,fail,fail,,,36,0.4.0,2026-08-07
prismsplit.tech,1,0,Absent,,error,fail,fail,error,skip,skip,error,skip,skip,fail,fail,,,38,0.4.0,2026-08-07
private.law,1,0,Absent,,error,fail,fail,error,skip,skip,error,skip,skip,fail,fail,,,37,0.4.0,2026-08-07
privateluke4444.workers.dev,1,0,Absent,,error,fail,fail,error,skip,skip,error,skip,skip,fail,fail,,,36,0.4.0,2026-08-07
prizmad.com,1,0,Absent,,error,fail,fail,error,skip,skip,error,skip,skip,fail,fail,,,37,0.4.0,2026-08-07
pro.makeup,1,0,Absent,,error,fail,fail,error,skip,skip,error,skip,skip,fail,fail,,,36,0.4.0,2026-08-07
proagentstore.online,1,0,Absent,,error,fail,fail,error,skip,skip,error,skip,skip,fail,fail,,,36,0.4.0,2026-08-07
probability-everyday-petroleum-herald.trycloudflare.com,1,0,Absent,,error,fail,fail,error,skip,skip,error,skip,skip,fail,fail,,,36,0.4.0,2026-08-07
probitylabs.ai,1,0,Absent,,error,fail,fail,error,skip,skip,error,skip,skip,fail,fail,,,38,0.4.0,2026-08-07
procureradar.com,1,0,Absent,,error,fail,fail,error,skip,skip,error,skip,skip,fail,fail,,,38,0.4.0,2026-08-07
prodapi.live,1,0,Absent,,error,fail,fail,error,skip,skip,error,skip,skip,fail,fail,,,36,0.4.0,2026-08-07
prodpoke.com,1,0,Absent,,error,fail,fail,error,skip,skip,error,skip,skip,fail,fail,,,36,0.4.0,2026-08-07
productclank.com,1,0,Absent,,error,fail,fail,error,skip,skip,error,skip,skip,fail,fail,,,38,0.4.0,2026-08-07
productnow-prod.com,1,0,Absent,,error,fail,fail,error,skip,skip,error,skip,skip,fail,fail,,,36,0.4.0,2026-08-07
productnow.ai,1,0,Absent,,error,fail,fail,error,skip,skip,error,skip,skip,fail,fail,,,35,0.4.0,2026-08-07
productsource.io,1,0,Absent,,error,fail,fail,error,skip,skip,error,skip,skip,fail,fail,,,35,0.4.0,2026-08-07
produktly.com,1,0,Absent,,error,fail,fail,error,skip,skip,error,skip,skip,fail,fail,,,35,0.4.0,2026-08-07
prodxsolution.com,1,10,Text-only,,error,fail,fail,error,skip,skip,error,skip,skip,pass,fail,,,38,0.4.0,2026-08-07
profitelligence.com,1,0,Absent,,error,fail,fail,error,skip,skip,error,skip,skip,fail,fail,,,33,0.4.0,2026-08-07
profitpather.com,1,10,Text-only,,error,fail,fail,error,skip,skip,error,skip,skip,pass,fail,,,33,0.4.0,2026-08-07
proflightsearch.com,1,10,Text-only,,error,fail,fail,error,skip,skip,fail,skip,skip,pass,fail,,,32,0.4.0,2026-08-07
progenly.com,1,10,Text-only,,error,fail,fail,fail,skip,skip,fail,skip,skip,pass,fail,,,32,0.4.0,2026-08-07
programacionsiemens.com,1,10,Text-only,,error,fail,fail,fail,skip,skip,fail,skip,skip,pass,fail,,,32,0.4.0,2026-08-07
programmes.net,1,10,Text-only,,fail,fail,fail,fail,skip,skip,fail,skip,skip,pass,fail,,,30,0.4.0,2026-08-07
projectpaced.com,1,10,Text-only,,fail,fail,fail,fail,skip,skip,fail,skip,skip,pass,fail,,,30,0.4.0,2026-08-07
prometheus.sv,1,0,Absent,,error,fail,fail,error,skip,skip,error,skip,skip,fail,fail,,,22,0.4.0,2026-08-07
promolink-mcp.onrender.com,1,35,Discoverable,,fail,fail,fail,pass,skip,skip,fail,skip,skip,fail,fail,,,28,0.4.0,2026-08-07
promplate.dev,1,0,Absent,,fail,fail,fail,fail,skip,skip,fail,skip,skip,fail,fail,,,16,0.4.0,2026-08-07
promplate.github.io,1,0,Absent,,fail,fail,fail,fail,skip,skip,fail,skip,skip,fail,fail,,,28,0.4.0,2026-08-07
prompt-refiner-mcp.vercel.app,1,0,Absent,,fail,fail,fail,fail,skip,skip,fail,skip,skip,fail,fail,,,28,0.4.0,2026-08-07
promptarch.ai,1,10,Text-only,,fail,fail,fail,fail,skip,skip,fail,skip,skip,pass,fail,,,24,0.4.0,2026-08-07
promptdna.org,1,70,Connectable,,pass,fail,fail,pass,pass,fail,fail,fail,skip,fail,fail,mcp-json,legacy,22,0.4.0,2026-08-07
promptfax.app,1,10,Text-only,,skip,fail,fail,skip,skip,skip,fail,skip,skip,pass,fail,,,8,0.4.0,2026-08-07
promptguard.co,1,10,Text-only,,fail,fail,fail,fail,skip,skip,fail,skip,skip,pass,fail,,,17,0.4.0,2026-08-07
promptguardscan.space,1,80,Connectable,,pass,fail,pass,fail,pass,fail,fail,skip,skip,pass,fail,mcp-server-card-json,modern,19,0.4.0,2026-08-07
promptibus.com,1,0,Absent,,fail,fail,fail,fail,skip,skip,fail,skip,skip,fail,fail,,,14,0.4.0,2026-08-07
promptot.com,1,50,Discoverable,,fail,pass,fail,fail,skip,skip,fail,skip,skip,pass,pass,,,32,0.4.0,2026-08-07
promptqualityscore.com,1,15,Text-only,,fail,fail,fail,fail,skip,skip,fail,skip,skip,pass,pass,,,15,0.4.0,2026-08-07
prompts.chat,1,0,Absent,,fail,fail,fail,fail,skip,skip,fail,skip,skip,fail,fail,,,14,0.4.0,2026-08-07
promptscan.dev,1,0,Absent,,fail,fail,fail,fail,skip,skip,fail,skip,skip,fail,fail,,,15,0.4.0,2026-08-07
promptsharp.ai,1,10,Text-only,,fail,fail,fail,fail,skip,skip,fail,skip,skip,pass,fail,,,15,0.4.0,2026-08-07
promptster.dev,1,50,Discoverable,,fail,fail,fail,pass,skip,skip,fail,skip,skip,pass,pass,,,27,0.4.0,2026-08-07
promtlabs.ru,1,0,Absent,,error,fail,fail,error,skip,skip,error,skip,skip,fail,fail,,,28,0.4.0,2026-08-07
prontohq.com,1,0,Absent,,fail,fail,fail,fail,skip,skip,fail,skip,skip,fail,fail,,,17,0.4.0,2026-08-07
proofetch-vektoris-ai-workflows.vercel.app,1,0,Absent,,fail,fail,fail,fail,skip,skip,fail,skip,skip,fail,fail,,,28,0.4.0,2026-08-07
prooflayered.com,1,95,Agent-ready,,fail,fail,pass,fail,pass,pass,fail,skip,pass,pass,fail,,legacy,19,0.4.0,2026-08-07
proofslip.ai,1,45,Discoverable,,pass,fail,fail,fail,skip,skip,fail,skip,skip,pass,fail,mcp-json,,15,0.4.0,2026-08-07
proofx-mcp.fly.dev,1,70,Connectable,,pass,fail,pass,pass,pass,fail,fail,pass,skip,fail,fail,mcp-server-card-json,legacy,20,0.4.0,2026-08-07
proompteng.ai,1,0,Absent,,fail,fail,fail,fail,skip,skip,fail,skip,skip,fail,fail,,,18,0.4.0,2026-08-07
propbar.co.uk,1,15,Text-only,,fail,fail,fail,fail,skip,skip,fail,skip,skip,pass,pass,,,18,0.4.0,2026-08-07
propelagent.studio,1,35,Discoverable,,fail,fail,fail,pass,skip,skip,fail,skip,skip,fail,fail,,,14,0.4.0,2026-08-07
property-shared.fly.dev,1,70,Connectable,,pass,fail,pass,fail,pass,fail,fail,pass,skip,fail,fail,mcp-server-card-json,legacy,20,0.4.0,2026-08-07
propertylist.es,1,50,Discoverable,,pass,fail,fail,pass,fail,skip,fail,skip,skip,pass,pass,ai-catalog|mcp-json,,23,0.4.0,2026-08-07
propertyscoop.us,1,0,Absent,,skip,fail,fail,skip,skip,skip,skip,skip,skip,skip,fail,,,19,0.4.0,2026-08-07
proppely.com,1,45,Discoverable,,pass,fail,fail,pass,fail,skip,fail,skip,skip,pass,fail,mcp-server-serra|mcp-json|mcp-server-card-json,,29,0.4.0,2026-08-07
propraven.com,1,35,Discoverable,,fail,fail,fail,pass,skip,skip,fail,skip,skip,fail,fail,,,17,0.4.0,2026-08-07
propswot.com,1,35,Discoverable,,pass,fail,fail,fail,skip,skip,fail,skip,skip,fail,fail,mcp-json,,32,0.4.0,2026-08-07
propzapi.com,1,85,Connectable,,pass,fail,pass,pass,pass,pass,fail,pass,fail,pass,pass,mcp-server-card-json,legacy,22,0.4.0,2026-08-07
prose.coach,1,15,Text-only,,fail,fail,fail,fail,skip,skip,fail,skip,skip,pass,pass,,,37,0.4.0,2026-08-07
prospeo.io,1,0,Absent,,fail,fail,fail,fail,skip,skip,fail,skip,skip,fail,fail,,,17,0.4.0,2026-08-07
protonote.io,1,45,Discoverable,,fail,fail,fail,pass,skip,skip,fail,skip,skip,pass,fail,,,17,0.4.0,2026-08-07
provenio.art,1,75,Connectable,,pass,fail,fail,fail,pass,fail,fail,pass,skip,fail,pass,mcp-json,legacy,19,0.4.0,2026-08-07
providersignal.com,1,10,Text-only,,fail,fail,fail,fail,skip,skip,fail,skip,skip,pass,fail,,,16,0.4.0,2026-08-07
provinglab.dev,1,95,Agent-ready,,pass,fail,pass,pass,pass,pass,fail,pass,pass,pass,fail,mcp-json|mcp-server-card-json,legacy,21,0.4.0,2026-08-07
provision-stack.com,1,0,Absent,,error,fail,fail,error,skip,skip,error,skip,skip,fail,fail,,,3,0.4.0,2026-08-07
prowl.chat,1,45,Discoverable,,fail,fail,fail,pass,skip,skip,fail,skip,skip,pass,fail,,,15,0.4.0,2026-08-07
prowlo.com,1,5,Text-only,,fail,fail,fail,fail,skip,skip,fail,skip,skip,fail,pass,,,15,0.4.0,2026-08-07
proworker-hosted.onrender.com,1,45,Discoverable,,fail,fail,fail,pass,skip,skip,fail,skip,skip,pass,fail,,,28,0.4.0,2026-08-07
proximens.nl,1,15,Text-only,,fail,fail,fail,fail,skip,skip,fail,skip,skip,pass,pass,,,27,0.4.0,2026-08-07
proxygate.ai,1,15,Text-only,,fail,fail,fail,fail,skip,skip,fail,skip,skip,pass,pass,,,20,0.4.0,2026-08-07
proxykey.org,1,10,Text-only,,fail,fail,fail,fail,skip,skip,fail,skip,skip,pass,fail,,,15,0.4.0,2026-08-07
proxylink-mcp.com,1,0,Absent,,fail,fail,fail,fail,skip,skip,fail,skip,skip,fail,fail,,,18,0.4.0,2026-08-07
proxyllm.ai,1,15,Text-only,,fail,fail,fail,fail,skip,skip,fail,skip,skip,pass,pass,,,16,0.4.0,2026-08-07
prxhub.com,1,45,Discoverable,,pass,fail,fail,fail,skip,skip,fail,skip,skip,pass,fail,mcp-json,,17,0.4.0,2026-08-07
pscale.dev,1,0,Absent,,fail,fail,fail,fail,skip,skip,fail,skip,skip,fail,fail,,,17,0.4.0,2026-08-07
psychiatryforkids.com,1,100,Agent-ready,,pass,fail,fail,fail,pass,pass,fail,pass,pass,pass,pass,mcp-json|mcp-bare|mcp-server-card-json,modern,18,0.4.0,2026-08-07
psychopathia.ai,1,70,Connectable,,fail,fail,pass,fail,pass,fail,fail,skip,skip,fail,fail,,legacy,39,0.4.0,2026-08-07
ptyagiegnyte.github.io,1,0,Absent,,fail,fail,fail,fail,skip,skip,fail,skip,skip,fail,fail,,,28,0.4.0,2026-08-07
pubfi.ai,1,50,Discoverable,,pass,fail,fail,fail,fail,skip,fail,skip,skip,pass,pass,mcp-json|mcp-server-card-json,,36,0.4.0,2026-08-07
publicdataoracle.com,1,0,Absent,,error,fail,fail,error,skip,skip,error,skip,skip,fail,fail,,,36,0.4.0,2026-08-07
publicmcp.org,1,10,Text-only,,fail,fail,fail,fail,skip,skip,fail,skip,skip,pass,fail,,,17,0.4.0,2026-08-07
publifye.pro,1,0,Absent,,error,fail,fail,error,skip,skip,error,skip,skip,fail,fail,,,3,0.4.0,2026-08-07
publishwith.ai,1,45,Discoverable,,pass,fail,fail,pass,skip,skip,fail,skip,skip,pass,fail,mcp-server-card-json,,14,0.4.0,2026-08-07
publora.com,1,10,Text-only,,fail,fail,fail,fail,skip,skip,fail,skip,skip,pass,fail,,,17,0.4.0,2026-08-07
pubscope.org,1,10,Text-only,,fail,fail,fail,fail,skip,skip,fail,skip,skip,pass,fail,,,14,0.4.0,2026-08-07
puckapi.com,1,10,Text-only,,fail,fail,fail,fail,skip,skip,fail,skip,skip,pass,fail,,,16,0.4.0,2026-08-07
pullboard.dev,1,80,Connectable,,fail,fail,pass,pass,pass,fail,fail,skip,skip,pass,fail,,modern,19,0.4.0,2026-08-07
pullpush.ai,1,80,Connectable,,fail,fail,pass,pass,pass,fail,fail,skip,skip,pass,fail,,modern,21,0.4.0,2026-08-07
pulltrader.app,1,90,Agent-ready,,fail,fail,pass,fail,pass,pass,fail,skip,pass,fail,pass,,legacy,24,0.4.0,2026-08-07
pulsai.me,1,10,Text-only,,fail,fail,fail,fail,skip,skip,fail,skip,skip,pass,fail,,,16,0.4.0,2026-08-07
pulseem.com,1,0,Absent,,fail,fail,fail,fail,skip,skip,fail,skip,skip,fail,fail,,,24,0.4.0,2026-08-07
pulsefeed.dev,1,10,Text-only,,fail,fail,fail,fail,skip,skip,fail,skip,skip,pass,fail,,,15,0.4.0,2026-08-07
pulsemcp.com,1,5,Text-only,,fail,fail,fail,fail,skip,skip,fail,skip,skip,fail,pass,,,16,0.4.0,2026-08-07
puppetry.com,1,15,Text-only,,fail,fail,fail,fail,skip,skip,error,skip,skip,pass,pass,,,32,0.4.0,2026-08-07
purchaseiq.io,1,85,Connectable,,fail,fail,pass,fail,pass,pass,fail,skip,pass,fail,fail,,legacy,20,0.4.0,2026-08-07
pure-report.fly.dev,1,10,Text-only,,fail,fail,fail,fail,skip,skip,fail,skip,skip,pass,fail,,,14,0.4.0,2026-08-07
pure.report,1,10,Text-only,,fail,fail,fail,fail,skip,skip,fail,skip,skip,pass,fail,,,15,0.4.0,2026-08-07
purplegrain.com,1,15,Text-only,,fail,fail,fail,fail,skip,skip,fail,skip,skip,pass,pass,,,16,0.4.0,2026-08-07
pushary.com,1,15,Text-only,,fail,fail,fail,fail,skip,skip,fail,skip,skip,pass,pass,,,17,0.4.0,2026-08-07
pushinpay.com.br,1,10,Text-only,,fail,fail,fail,fail,skip,skip,fail,skip,skip,pass,fail,,,18,0.4.0,2026-08-07
pushrealm.com,1,95,Agent-ready,,fail,fail,pass,fail,pass,pass,fail,skip,pass,pass,fail,,legacy,35,0.4.0,2026-08-07
puter.com,1,0,Absent,,fail,fail,fail,fail,skip,skip,fail,skip,skip,fail,fail,,,29,0.4.0,2026-08-07
putput.io,1,15,Text-only,,fail,fail,fail,fail,skip,skip,fail,skip,skip,pass,pass,,,14,0.4.0,2026-08-07
pvpwire.com,1,15,Text-only,,fail,fail,fail,fail,skip,skip,fail,skip,skip,pass,pass,,,15,0.4.0,2026-08-07
pyrimid.ai,1,100,Agent-ready,,pass,fail,fail,fail,pass,pass,fail,fail,pass,pass,pass,mcp-json|mcp-server-card-json,legacy,19,0.4.0,2026-08-07
pyth.network,1,70,Connectable,,fail,fail,pass,fail,pass,fail,fail,skip,skip,fail,fail,,legacy,37,0.4.0,2026-08-07
q2bot.com,1,0,Absent,,skip,fail,fail,skip,skip,skip,skip,skip,skip,skip,fail,,,3,0.4.0,2026-08-07
qacat.workers.dev,1,0,Absent,,error,fail,fail,error,skip,skip,error,skip,skip,fail,fail,,,6,0.4.0,2026-08-07
qafetzoqccqafbbspjcp.supabase.co,1,0,Absent,,fail,fail,fail,fail,skip,skip,fail,skip,skip,fail,fail,,,15,0.4.0,2026-08-07
qahxbracftdyarpzplzf.supabase.co,1,0,Absent,,fail,fail,fail,fail,skip,skip,fail,skip,skip,fail,fail,,,15,0.4.0,2026-08-07
qarera.com,1,15,Text-only,,fail,fail,fail,fail,skip,skip,fail,skip,skip,pass,pass,,,32,0.4.0,2026-08-07
qase.io,1,10,Text-only,,fail,fail,fail,fail,skip,skip,fail,skip,skip,pass,fail,,,32,0.4.0,2026-08-07
qasper.ai,1,50,Discoverable,,pass,fail,fail,fail,skip,skip,fail,skip,skip,pass,pass,mcp-json,,14,0.4.0,2026-08-07
qeaas.eu,1,85,Connectable,,fail,fail,pass,fail,pass,pass,fail,skip,fail,pass,pass,,legacy,21,0.4.0,2026-08-07
qencode.com,1,0,Absent,,fail,fail,fail,fail,skip,skip,fail,skip,skip,fail,fail,,,32,0.4.0,2026-08-07
qinisolabs.workers.dev,1,0,Absent,,error,fail,fail,error,skip,skip,error,skip,skip,fail,fail,,,6,0.4.0,2026-08-07
qmailing.com,1,35,Discoverable,,fail,fail,fail,pass,skip,skip,fail,skip,skip,fail,fail,,,19,0.4.0,2026-08-07
qnevt.com,1,0,Absent,,fail,fail,fail,fail,skip,skip,fail,skip,skip,fail,fail,,,15,0.4.0,2026-08-07
qoory.ai,1,45,Discoverable,,fail,fail,fail,pass,skip,skip,fail,skip,skip,pass,fail,,,28,0.4.0,2026-08-07
qorenext.com,1,10,Text-only,,fail,fail,fail,fail,skip,skip,fail,skip,skip,pass,fail,,,30,0.4.0,2026-08-07
qovery.com,1,15,Text-only,,fail,fail,fail,fail,skip,skip,fail,skip,skip,pass,pass,,,32,0.4.0,2026-08-07
qr-code-x402-production.up.railway.app,1,0,Absent,,fail,fail,fail,fail,skip,skip,fail,skip,skip,fail,fail,,,28,0.4.0,2026-08-07
qr-manager.ai,1,0,Absent,,fail,fail,fail,fail,skip,skip,fail,skip,skip,fail,fail,,,17,0.4.0,2026-08-07
qrcodly.de,1,0,Absent,,fail,fail,fail,fail,skip,skip,fail,skip,skip,fail,fail,,,27,0.4.0,2026-08-07
qretro.com,1,85,Connectable,,fail,fail,pass,pass,pass,pass,fail,skip,pass,fail,fail,,modern,18,0.4.0,2026-08-07
qronoplay.com,1,15,Text-only,,fail,fail,fail,fail,skip,skip,fail,skip,skip,pass,pass,,,17,0.4.0,2026-08-07
qronoplay.fr,1,0,Absent,,fail,fail,fail,fail,skip,skip,fail,skip,skip,fail,fail,,,20,0.4.0,2026-08-07
qrrapido.site,1,0,Absent,,fail,fail,fail,fail,skip,skip,fail,skip,skip,fail,fail,,,15,0.4.0,2026-08-07
qrstuff.ai,1,0,Absent,,error,fail,fail,error,skip,skip,error,skip,skip,fail,fail,,,5,0.4.0,2026-08-07
qrverloz.com,1,10,Text-only,,fail,fail,fail,fail,skip,skip,fail,skip,skip,pass,fail,,,15,0.4.0,2026-08-07
qsearch.pro,1,5,Text-only,,fail,fail,fail,fail,skip,skip,fail,skip,skip,fail,pass,,,15,0.4.0,2026-08-07
qsimhealth.com,1,0,Absent,,fail,fail,fail,fail,skip,skip,fail,skip,skip,fail,fail,,,15,0.4.0,2026-08-07
qt.io,1,0,Absent,,fail,fail,fail,fail,skip,skip,fail,skip,skip,fail,fail,,,30,0.4.0,2026-08-07
quackr.io,1,75,Connectable,,fail,fail,pass,fail,pass,fail,fail,skip,skip,fail,pass,,modern,22,0.4.0,2026-08-07
quadframe.work,1,0,Absent,,fail,fail,fail,fail,skip,skip,fail,skip,skip,fail,fail,,,15,0.4.0,2026-08-07
quadratichq.com,1,0,Absent,,fail,fail,fail,fail,skip,skip,fail,skip,skip,fail,fail,,,31,0.4.0,2026-08-07
quadratikmcp-production.up.railway.app,1,0,Absent,,fail,fail,fail,fail,skip,skip,fail,skip,skip,fail,fail,,,25,0.4.0,2026-08-07
qualequest.com,1,35,Discoverable,,fail,fail,fail,pass,skip,skip,fail,skip,skip,fail,fail,,,16,0.4.0,2026-08-07
quality-qr.app,1,50,Discoverable,,pass,fail,fail,fail,fail,skip,fail,skip,skip,pass,pass,mcp-server-card-json,,15,0.4.0,2026-08-07
qualityclouds.com,1,0,Absent,,fail,fail,fail,fail,skip,skip,fail,skip,skip,fail,fail,,,18,0.4.0,2026-08-07
qualityscreener.io,1,0,Absent,,fail,fail,fail,fail,skip,skip,fail,skip,skip,fail,fail,,,17,0.4.0,2026-08-07
quallaa.com,1,50,Discoverable,,fail,fail,fail,pass,skip,skip,fail,skip,skip,pass,pass,,,27,0.4.0,2026-08-07
qualyhq.com,1,15,Text-only,,fail,fail,fail,fail,skip,skip,fail,skip,skip,pass,pass,,,17,0.4.0,2026-08-07
quant-m2m.xyz,1,0,Absent,,error,error,fail,error,skip,skip,error,skip,skip,fail,fail,,,30,0.4.0,2026-08-07
quantakrypto.com,1,95,Agent-ready,,fail,fail,pass,pass,pass,pass,fail,skip,pass,pass,fail,,modern,21,0.4.0,2026-08-07
quantdata.uk,1,95,Agent-ready,,fail,fail,pass,fail,pass,pass,fail,skip,pass,pass,fail,,legacy,22,0.4.0,2026-08-07
quantech.services,1,5,Text-only,,fail,fail,fail,fail,skip,skip,fail,skip,skip,fail,pass,,,15,0.4.0,2026-08-07
quanti.io,1,10,Text-only,,fail,fail,fail,fail,skip,skip,fail,skip,skip,pass,fail,,,26,0.4.0,2026-08-07
quantifyme.ai,1,10,Text-only,,fail,fail,fail,fail,skip,skip,fail,skip,skip,pass,fail,,,20,0.4.0,2026-08-07
quantrisk.dev,1,0,Absent,,fail,fail,fail,fail,skip,skip,fail,skip,skip,fail,fail,,,15,0.4.0,2026-08-07
quantrisk.workers.dev,1,0,Absent,,error,fail,fail,error,skip,skip,error,skip,skip,fail,fail,,,8,0.4.0,2026-08-07
quantsynth.net,1,0,Absent,,fail,fail,fail,fail,skip,skip,fail,skip,skip,fail,fail,,,23,0.4.0,2026-08-07
quanttogo.com,1,0,Absent,,error,fail,fail,error,skip,skip,error,skip,skip,fail,fail,,,38,0.4.0,2026-08-07
quantum-expectations.com,1,15,Text-only,,fail,fail,fail,fail,skip,skip,fail,skip,skip,pass,pass,,,37,0.4.0,2026-08-07
quantum-shield-mcp.vercel.app,1,0,Absent,,fail,fail,fail,fail,skip,skip,fail,skip,skip,fail,fail,,,23,0.4.0,2026-08-07
quantum-suitability-validator-mcp-production.up.railway.app,1,35,Discoverable,,pass,fail,fail,fail,skip,skip,fail,skip,skip,fail,fail,mcp-server-card-json,,23,0.4.0,2026-08-07
quantumscan.io,1,10,Text-only,,fail,fail,fail,fail,skip,skip,fail,skip,skip,pass,fail,,,28,0.4.0,2026-08-07
quantustik.com,1,85,Connectable,,pass,fail,pass,fail,pass,fail,fail,pass,skip,pass,pass,mcp-json,legacy,28,0.4.0,2026-08-07
qubitsok.com,1,85,Connectable,,pass,fail,fail,fail,pass,fail,fail,pass,skip,pass,pass,mcp-json,legacy,27,0.4.0,2026-08-07
quelvio.com,1,10,Text-only,,fail,fail,fail,fail,skip,skip,fail,skip,skip,pass,fail,,,22,0.4.0,2026-08-07
query-forge-mcp.vercel.app,1,0,Absent,,fail,fail,fail,fail,skip,skip,fail,skip,skip,fail,fail,,,23,0.4.0,2026-08-07
querybear.com,1,10,Text-only,,error,fail,fail,error,skip,skip,error,skip,skip,pass,fail,,,33,0.4.0,2026-08-07
querylines.com,1,10,Text-only,,error,fail,fail,error,skip,skip,error,skip,skip,pass,fail,,,33,0.4.0,2026-08-07
queryomega.com,1,0,Absent,,error,fail,fail,error,skip,skip,error,skip,skip,fail,fail,,,33,0.4.0,2026-08-07
queryquarry.com,1,10,Text-only,,error,fail,fail,error,skip,skip,fail,skip,skip,pass,fail,,,33,0.4.0,2026-08-07
queuesim.com,1,0,Absent,,error,fail,fail,error,skip,skip,fail,skip,skip,fail,fail,,,33,0.4.0,2026-08-07
quicknode.com,1,10,Text-only,,error,fail,fail,error,skip,skip,fail,skip,skip,pass,fail,,,38,0.4.0,2026-08-07
quicksign.pro,1,0,Absent,,error,fail,fail,error,skip,skip,fail,skip,skip,fail,fail,,,33,0.4.0,2026-08-07
quicktiny.cn,1,10,Text-only,,error,fail,fail,error,skip,skip,fail,skip,skip,pass,fail,,,33,0.4.0,2026-08-07
quicky.page,1,10,Text-only,,error,fail,fail,error,skip,skip,fail,skip,skip,pass,fail,,,33,0.4.0,2026-08-07
quillcaddie.com,1,0,Absent,,error,fail,fail,error,skip,skip,fail,skip,skip,fail,fail,,,38,0.4.0,2026-08-07
quillen.xyz,1,10,Text-only,,error,fail,fail,error,skip,skip,fail,skip,skip,pass,fail,,,35,0.4.0,2026-08-07
quintadb.com,1,0,Absent,,error,fail,fail,error,skip,skip,fail,skip,skip,fail,fail,,,33,0.4.0,2026-08-07
quintadb.com.ua,1,0,Absent,,error,fail,fail,error,skip,skip,fail,skip,skip,fail,fail,,,33,0.4.0,2026-08-07
quintadb.ru,1,0,Absent,,error,fail,fail,error,skip,skip,fail,skip,skip,fail,fail,,,32,0.4.0,2026-08-07
quiver-production-c3a8.up.railway.app,1,10,Text-only,,error,fail,fail,error,skip,skip,fail,skip,skip,pass,fail,,,32,0.4.0,2026-08-07
quiz-factory-mcp.vercel.app,1,0,Absent,,error,fail,fail,fail,skip,skip,fail,skip,skip,fail,fail,,,31,0.4.0,2026-08-07
quiz.video,1,95,Agent-ready,,pass,fail,fail,pass,pass,pass,fail,pass,pass,pass,fail,mcp-server-card-json,legacy,43,0.4.0,2026-08-07
quizforge.ai,1,10,Text-only,,fail,fail,fail,fail,skip,skip,fail,skip,skip,pass,fail,,,31,0.4.0,2026-08-07
quizlar.app,1,10,Text-only,,fail,fail,fail,fail,skip,skip,fail,skip,skip,pass,fail,,,30,0.4.0,2026-08-07
quli1016908036.workers.dev,1,0,Absent,,error,fail,fail,error,skip,skip,error,skip,skip,fail,fail,,,20,0.4.0,2026-08-07
quorel.onrender.com,1,0,Absent,,fail,fail,fail,fail,skip,skip,fail,skip,skip,fail,fail,,,28,0.4.0,2026-08-07
quotefirst.ai,1,0,Absent,,fail,fail,fail,fail,skip,skip,fail,skip,skip,fail,fail,,,29,0.4.0,2026-08-07
quotewise.io,1,80,Connectable,,pass,fail,fail,pass,pass,fail,pass,fail,skip,pass,fail,mcp-server-card-json,legacy,33,0.4.0,2026-08-07
quotor.ai,1,10,Text-only,,fail,fail,fail,fail,skip,skip,fail,skip,skip,pass,fail,,,27,0.4.0,2026-08-07
quriovai.com,1,0,Absent,,fail,fail,fail,fail,skip,skip,fail,skip,skip,fail,fail,,,27,0.4.0,2026-08-07
qwady.app,1,0,Absent,,error,fail,fail,error,skip,skip,error,skip,skip,fail,fail,,,19,0.4.0,2026-08-07
qxie13.workers.dev,1,0,Absent,,error,fail,fail,error,skip,skip,error,skip,skip,fail,fail,,,19,0.4.0,2026-08-07
r3plica.space,1,10,Text-only,,fail,fail,fail,fail,skip,skip,fail,skip,skip,pass,fail,,,38,0.4.0,2026-08-07
racecalendar.app,1,45,Discoverable,,pass,fail,fail,fail,skip,skip,fail,skip,skip,pass,fail,mcp-server-card-json,,24,0.4.0,2026-08-07
rackspace.com,1,0,Absent,,fail,fail,fail,fail,skip,skip,fail,skip,skip,fail,fail,,,34,0.4.0,2026-08-07
radiusos.ai,1,0,Absent,,fail,fail,fail,fail,skip,skip,fail,skip,skip,fail,fail,,,27,0.4.0,2026-08-07
radix.wiki,1,15,Text-only,,fail,fail,fail,fail,skip,skip,fail,skip,skip,pass,pass,,,14,0.4.0,2026-08-07
radixia.ai,1,100,Agent-ready,,pass,fail,pass,fail,pass,pass,fail,pass,pass,pass,pass,server-card-endpoint-relative|ai-catalog|mcp-json|mcp-server-card-json,legacy,37,0.4.0,2026-08-07
radmail.ai,1,45,Discoverable,,pass,fail,fail,fail,skip,skip,fail,skip,skip,pass,fail,mcp-json,,18,0.4.0,2026-08-07
radtask.ai,1,85,Connectable,,pass,fail,fail,fail,pass,pass,fail,pass,fail,pass,pass,mcp-json,legacy,19,0.4.0,2026-08-07
radveo.com,1,50,Discoverable,,pass,fail,fail,fail,fail,skip,fail,skip,skip,pass,pass,mcp-json,,15,0.4.0,2026-08-07
radzen.com,1,45,Discoverable,,pass,fail,fail,fail,skip,skip,fail,skip,skip,pass,fail,mcp-server-card-json,,29,0.4.0,2026-08-07
ragmap-api.web.app,1,0,Absent,,fail,fail,fail,fail,skip,skip,fail,skip,skip,fail,fail,,,50,0.4.0,2026-08-07
ragora.app,1,5,Text-only,,fail,fail,fail,fail,skip,skip,fail,skip,skip,fail,pass,,,18,0.4.0,2026-08-07
raidrunner.net,1,10,Text-only,,fail,fail,fail,fail,skip,skip,fail,skip,skip,pass,fail,,,15,0.4.0,2026-08-07
railway.app,1,0,Absent,,fail,fail,fail,fail,skip,skip,fail,skip,skip,fail,fail,,,18,0.4.0,2026-08-07
railway.com,1,10,Text-only,,fail,fail,fail,fail,skip,skip,fail,skip,skip,pass,fail,,,22,0.4.0,2026-08-07
raisekit.co,1,45,Discoverable,,fail,fail,fail,pass,skip,skip,fail,skip,skip,pass,fail,,,14,0.4.0,2026-08-07
raising-angels.com,1,10,Text-only,,fail,fail,fail,fail,skip,skip,fail,skip,skip,pass,fail,,,29,0.4.0,2026-08-07
raisonn.ai,1,0,Absent,,fail,fail,fail,fail,skip,skip,fail,skip,skip,fail,fail,,,17,0.4.0,2026-08-07
rakentajaoutlet.fi,1,85,Connectable,,pass,fail,pass,fail,pass,fail,fail,pass,skip,pass,pass,mcp-json|mcp-server-card-json,legacy,19,0.4.0,2026-08-07
rally.space,1,0,Absent,,fail,fail,fail,fail,skip,skip,fail,skip,skip,fail,fail,,,15,0.4.0,2026-08-07
rallyprop.ai,1,0,Absent,,fail,fail,fail,fail,skip,skip,fail,skip,skip,fail,fail,,,17,0.4.0,2026-08-07
rallyspace.io,1,0,Absent,,error,fail,fail,error,skip,skip,error,skip,skip,fail,fail,,,3,0.4.0,2026-08-07
rami.reviews,1,45,Discoverable,,fail,fail,fail,pass,skip,skip,fail,skip,skip,pass,fail,,,14,0.4.0,2026-08-07
rampify.dev,1,45,Discoverable,,fail,fail,fail,pass,skip,skip,fail,skip,skip,pass,fail,,,27,0.4.0,2026-08-07
rams.ai,1,15,Text-only,,fail,fail,fail,fail,skip,skip,fail,skip,skip,pass,pass,,,27,0.4.0,2026-08-07
random-profiles.com,1,10,Text-only,,fail,fail,fail,fail,skip,skip,fail,skip,skip,pass,fail,,,14,0.4.0,2026-08-07
randpaulcovid.org,1,95,Agent-ready,,pass,fail,pass,pass,pass,pass,fail,pass,pass,pass,fail,mcp-bare|mcp-server-card-json,legacy,20,0.4.0,2026-08-07
rankd.dev,1,10,Text-only,,fail,fail,fail,fail,skip,skip,fail,skip,skip,pass,fail,,,15,0.4.0,2026-08-07
rankparse.com,1,80,Connectable,,fail,fail,pass,fail,pass,pass,fail,skip,fail,pass,fail,,legacy,24,0.4.0,2026-08-07
rankworker.com,1,10,Text-only,,fail,fail,fail,fail,skip,skip,fail,skip,skip,pass,fail,,,17,0.4.0,2026-08-07
ranomics.com,1,10,Text-only,,fail,fail,fail,fail,skip,skip,fail,skip,skip,pass,fail,,,31,0.4.0,2026-08-07
rapay.ai,1,15,Text-only,,fail,fail,fail,fail,skip,skip,fail,skip,skip,pass,pass,,,16,0.4.0,2026-08-07
raras.org,1,50,Discoverable,,pass,fail,fail,pass,fail,skip,fail,skip,skip,pass,pass,mcp-bare,,15,0.4.0,2026-08-07
rarefied.earth,1,50,Discoverable,,pass,fail,fail,fail,skip,skip,fail,skip,skip,pass,pass,mcp-server-card-json,,15,0.4.0,2026-08-07
raster.app,1,85,Connectable,,pass,fail,pass,pass,pass,fail,fail,skip,skip,pass,pass,mcp-server-card-json,modern,23,0.4.0,2026-08-07
rate-my-agent.com,1,15,Text-only,,fail,fail,fail,fail,skip,skip,fail,skip,skip,pass,pass,,,25,0.4.0,2026-08-07
rationalbloks.com,1,5,Text-only,,fail,fail,fail,fail,skip,skip,fail,skip,skip,fail,pass,,,34,0.4.0,2026-08-07
ravenmcp.ai,1,15,Text-only,,fail,fail,fail,fail,skip,skip,fail,skip,skip,pass,pass,,,16,0.4.0,2026-08-07
raygun.com,1,0,Absent,,fail,fail,fail,fail,skip,skip,fail,skip,skip,fail,fail,,,16,0.4.0,2026-08-07
razegrowth.com,1,100,Agent-ready,,pass,fail,fail,fail,pass,pass,fail,pass,pass,pass,pass,mcp-json,legacy,19,0.4.0,2026-08-07
re-port-flow.com,1,10,Text-only,,fail,fail,fail,fail,skip,skip,fail,skip,skip,pass,fail,,,17,0.4.0,2026-08-07
reachpad.dev,1,10,Text-only,,fail,fail,fail,fail,skip,skip,fail,skip,skip,pass,fail,,,14,0.4.0,2026-08-07
readgzh.site,1,50,Discoverable,,pass,fail,fail,fail,skip,skip,fail,skip,skip,pass,pass,mcp-server-card-json,,16,0.4.0,2026-08-07
readwithleaf.app,1,45,Discoverable,,pass,fail,fail,fail,skip,skip,pass,skip,skip,pass,fail,mcp-server-card-json,,17,0.4.0,2026-08-07
readyapis.com,1,85,Connectable,,pass,fail,fail,fail,pass,fail,fail,pass,skip,pass,pass,mcp-json,legacy,19,0.4.0,2026-08-07
readypermit.ai,1,5,Text-only,,fail,fail,fail,fail,skip,skip,fail,skip,skip,fail,pass,,,15,0.4.0,2026-08-07
realastat.ai,1,50,Discoverable,,fail,fail,fail,pass,skip,skip,fail,skip,skip,pass,pass,,,14,0.4.0,2026-08-07
realestate-mcp.jp,1,0,Absent,,fail,fail,fail,fail,skip,skip,fail,skip,skip,fail,fail,,,16,0.4.0,2026-08-07
realestatecapitale.ma,1,50,Discoverable,,pass,fail,fail,pass,fail,skip,fail,skip,skip,pass,pass,ai-catalog|mcp-server-card-json,,20,0.4.0,2026-08-07
realitygraph.dev,1,45,Discoverable,,pass,fail,fail,fail,fail,skip,fail,skip,skip,pass,fail,mcp-json|mcp-bare|mcp-server-card-json,,15,0.4.0,2026-08-07
realmint.io,1,50,Discoverable,,pass,fail,fail,fail,skip,skip,fail,skip,skip,pass,pass,mcp-server-card-json,,18,0.4.0,2026-08-07
realopen.app,1,0,Absent,,error,fail,fail,error,skip,skip,error,skip,skip,fail,fail,,,43,0.4.0,2026-08-07
realping.tw,1,85,Connectable,,pass,fail,fail,pass,pass,fail,fail,skip,skip,pass,pass,mcp-json,modern,21,0.4.0,2026-08-07
realrealgenuine.com,1,40,Discoverable,,pass,fail,fail,pass,skip,skip,fail,skip,skip,fail,pass,mcp-server-card-json,,14,0.4.0,2026-08-07
realtystack-mcp.vercel.app,1,70,Connectable,,fail,fail,pass,fail,pass,fail,fail,skip,skip,fail,fail,,legacy,33,0.4.0,2026-08-07
reapx.dev,1,15,Text-only,,fail,fail,fail,fail,skip,skip,fail,skip,skip,pass,pass,,,15,0.4.0,2026-08-07
reassign.app,1,0,Absent,,skip,fail,fail,skip,skip,skip,skip,skip,skip,skip,fail,,,6,0.4.0,2026-08-07
reboot.dev,1,5,Text-only,,fail,fail,fail,fail,skip,skip,fail,skip,skip,fail,pass,,,15,0.4.0,2026-08-07
recallmax-mcp.vercel.app,1,0,Absent,,fail,fail,fail,fail,skip,skip,fail,skip,skip,fail,fail,,,28,0.4.0,2026-08-07
recao.app,1,10,Text-only,,fail,fail,fail,fail,skip,skip,fail,skip,skip,pass,fail,,,14,0.4.0,2026-08-07
receipts-mcp.vercel.app,1,70,Connectable,,fail,fail,pass,pass,pass,fail,fail,skip,skip,fail,fail,,legacy,33,0.4.0,2026-08-07
recipe-clipper.com,1,45,Discoverable,,fail,fail,fail,pass,skip,skip,fail,skip,skip,pass,fail,,,27,0.4.0,2026-08-07
recipemcp.com,1,50,Discoverable,,pass,fail,fail,fail,skip,skip,fail,skip,skip,pass,pass,mcp-json|mcp-server-card-json,,15,0.4.0,2026-08-07
recognitium.com,1,80,Connectable,,fail,fail,pass,pass,pass,fail,fail,skip,skip,pass,fail,,modern,35,0.4.0,2026-08-07
recordo.app,1,5,Text-only,,fail,fail,fail,fail,skip,skip,fail,skip,skip,fail,pass,,,29,0.4.0,2026-08-07
recordo.com,1,10,Text-only,,fail,fail,fail,fail,skip,skip,fail,skip,skip,pass,fail,,,28,0.4.0,2026-08-07
recruiterroles.com,1,45,Discoverable,,pass,fail,fail,pass,skip,skip,fail,skip,skip,pass,fail,mcp-server-card-json,,14,0.4.0,2026-08-07
recur.tw,1,10,Text-only,,fail,fail,fail,fail,skip,skip,fail,skip,skip,pass,fail,,,17,0.4.0,2026-08-07
recursive.support,1,45,Discoverable,,pass,fail,fail,fail,skip,skip,fail,skip,skip,pass,fail,mcp-server-card-json,,15,0.4.0,2026-08-07
redditgrow.ai,1,50,Discoverable,,fail,fail,fail,pass,skip,skip,fail,skip,skip,pass,pass,,,17,0.4.0,2026-08-07
redentia.com.br,1,10,Text-only,,fail,fail,fail,fail,skip,skip,fail,skip,skip,pass,fail,,,32,0.4.0,2026-08-07
redhat.com,1,10,Text-only,,fail,fail,fail,fail,skip,skip,fail,skip,skip,pass,fail,,,29,0.4.0,2026-08-07
redirectboss.com,1,0,Absent,,fail,fail,fail,fail,skip,skip,fail,skip,skip,fail,fail,,,36,0.4.0,2026-08-07
redpanda.com,1,15,Text-only,,fail,fail,fail,fail,skip,skip,fail,skip,skip,pass,pass,,,24,0.4.0,2026-08-07
redra.ai,1,10,Text-only,,fail,fail,fail,fail,skip,skip,fail,skip,skip,pass,fail,,,17,0.4.0,2026-08-07
redstringapp.xyz,1,35,Discoverable,,fail,fail,fail,pass,skip,skip,fail,skip,skip,fail,fail,,,25,0.4.0,2026-08-07
redu.cloud,1,50,Discoverable,,fail,pass,fail,fail,skip,skip,fail,skip,skip,pass,pass,,,17,0.4.0,2026-08-07
reeco.eco,1,15,Text-only,,fail,fail,fail,fail,skip,skip,fail,skip,skip,pass,pass,,,14,0.4.0,2026-08-07
reefapi.com,1,15,Text-only,,fail,fail,fail,fail,skip,skip,fail,skip,skip,pass,pass,,,15,0.4.0,2026-08-07
reel25.com,1,0,Absent,,fail,fail,fail,fail,skip,skip,fail,skip,skip,fail,fail,,,18,0.4.0,2026-08-07
reelmint.io,1,15,Text-only,,fail,fail,fail,fail,skip,skip,fail,skip,skip,pass,pass,,,14,0.4.0,2026-08-07
reelrifter.com,1,35,Discoverable,,pass,fail,fail,pass,skip,skip,fail,skip,skip,fail,fail,mcp-json,,30,0.4.0,2026-08-07
ref.tools,1,0,Absent,,fail,fail,fail,fail,skip,skip,fail,skip,skip,fail,fail,,,16,0.4.0,2026-08-07
refd.ai,1,10,Text-only,,fail,fail,fail,fail,skip,skip,fail,skip,skip,pass,fail,,,16,0.4.0,2026-08-07
refero.design,1,15,Text-only,,fail,fail,fail,fail,skip,skip,fail,skip,skip,pass,pass,,,16,0.4.0,2026-08-07
refetch.cloud,1,10,Text-only,,fail,fail,fail,fail,skip,skip,fail,skip,skip,pass,fail,,,17,0.4.0,2026-08-07
reflexmcp.com,1,15,Text-only,,fail,fail,fail,fail,skip,skip,fail,skip,skip,pass,pass,,,14,0.4.0,2026-08-07
refpro.ai,1,85,Connectable,,fail,fail,pass,fail,pass,fail,fail,skip,skip,pass,pass,,legacy,25,0.4.0,2026-08-07
regdatalab.com,1,50,Discoverable,,pass,fail,fail,fail,skip,skip,fail,skip,skip,pass,pass,mcp-json|mcp-server-card-json,,25,0.4.0,2026-08-07
regex-generator-production.up.railway.app,1,0,Absent,,fail,fail,fail,fail,skip,skip,fail,skip,skip,fail,fail,,,28,0.4.0,2026-08-07
regex-generator-x402-production.up.railway.app,1,0,Absent,,fail,fail,fail,fail,skip,skip,fail,skip,skip,fail,fail,,,28,0.4.0,2026-08-07
regfish.com,1,85,Connectable,,fail,fail,pass,pass,pass,fail,fail,skip,skip,pass,pass,,modern,29,0.4.0,2026-08-07
regimeshift.xyz,1,15,Text-only,,fail,fail,fail,fail,skip,skip,fail,skip,skip,pass,pass,,,17,0.4.0,2026-08-07
reglyze.com,1,10,Text-only,,fail,fail,fail,fail,skip,skip,fail,skip,skip,pass,fail,,,22,0.4.0,2026-08-07
regulatoryai.eu,1,15,Text-only,,skip,fail,fail,skip,skip,skip,fail,skip,skip,pass,pass,,,15,0.4.0,2026-08-07
reilize.com,1,15,Text-only,,fail,fail,fail,fail,skip,skip,fail,skip,skip,pass,pass,,,16,0.4.0,2026-08-07
reizer.io,1,10,Text-only,,fail,fail,fail,fail,skip,skip,fail,skip,skip,pass,fail,,,15,0.4.0,2026-08-07
reka.ai,1,5,Text-only,,fail,fail,fail,fail,skip,skip,fail,skip,skip,fail,pass,,,18,0.4.0,2026-08-07
relaystation.ai,1,85,Connectable,,pass,fail,pass,pass,pass,pass,fail,skip,fail,pass,pass,ai-catalog|mcp-json,modern,24,0.4.0,2026-08-07
relayzero.ai,1,85,Connectable,,pass,fail,pass,fail,pass,fail,fail,pass,skip,pass,pass,ai-catalog,legacy,19,0.4.0,2026-08-07
releases.sh,1,95,Agent-ready,,fail,fail,pass,pass,pass,pass,fail,skip,pass,pass,fail,,modern,17,0.4.0,2026-08-07
relentlessidentity.com,1,50,Discoverable,,pass,fail,fail,pass,skip,skip,fail,skip,skip,pass,pass,mcp-server-card-json,,20,0.4.0,2026-08-07
reletter.com,1,15,Text-only,,fail,fail,fail,fail,skip,skip,fail,skip,skip,pass,pass,,,18,0.4.0,2026-08-07
reliasim.com,1,0,Absent,,fail,fail,fail,fail,skip,skip,fail,skip,skip,fail,fail,,,15,0.4.0,2026-08-07
reliastats.com,1,0,Absent,,fail,fail,fail,fail,skip,skip,fail,skip,skip,fail,fail,,,15,0.4.0,2026-08-07
relin.app,1,75,Connectable,,pass,fail,fail,pass,pass,fail,pass,pass,skip,fail,pass,mcp-server-card-json,legacy,25,0.4.0,2026-08-07
relmcrm.com,1,85,Connectable,,pass,fail,pass,pass,pass,pass,fail,pass,fail,pass,pass,mcp-json,legacy,23,0.4.0,2026-08-07
relux.works,1,100,Agent-ready,,pass,fail,pass,pass,pass,pass,fail,pass,pass,pass,pass,ai-catalog|mcp-server-card-json,legacy,23,0.4.0,2026-08-07
remem.me,1,0,Absent,,fail,fail,fail,fail,skip,skip,fail,skip,skip,fail,fail,,,31,0.4.0,2026-08-07
remindersbridge.vercel.app,1,35,Discoverable,,fail,fail,fail,pass,skip,skip,fail,skip,skip,fail,fail,,,28,0.4.0,2026-08-07
remix-it.com,1,0,Absent,,error,fail,fail,error,skip,skip,error,skip,skip,fail,fail,,,3,0.4.0,2026-08-07
remnus.com,1,50,Discoverable,,fail,fail,fail,pass,skip,skip,fail,skip,skip,pass,pass,,,30,0.4.0,2026-08-07
remode-assistant-mcp.onrender.com,1,70,Connectable,,fail,fail,pass,pass,pass,fail,fail,skip,skip,fail,fail,,legacy,33,0.4.0,2026-08-07
remodeleriq.com,1,50,Discoverable,,pass,fail,fail,fail,fail,skip,fail,skip,skip,pass,pass,ai-catalog|mcp-server-card-json,,17,0.4.0,2026-08-07
remoet.dev,1,80,Connectable,,fail,fail,pass,fail,pass,fail,fail,skip,skip,pass,fail,,modern,35,0.4.0,2026-08-07
remoote.app,1,15,Text-only,,fail,fail,fail,fail,skip,skip,fail,skip,skip,pass,pass,,,14,0.4.0,2026-08-07
remote-mcp.com,1,0,Absent,,fail,fail,fail,fail,skip,skip,fail,skip,skip,fail,fail,,,31,0.4.0,2026-08-07
remotejobscenter.com,1,15,Text-only,,fail,fail,fail,fail,skip,skip,fail,skip,skip,pass,pass,,,15,0.4.0,2026-08-07
renacerpsicologico.com,1,100,Agent-ready,,pass,fail,pass,fail,pass,pass,fail,pass,pass,pass,pass,mcp-server-card-json,legacy,37,0.4.0,2026-08-07
render-stream-mcp.vercel.app,1,0,Absent,,fail,fail,fail,fail,skip,skip,fail,skip,skip,fail,fail,,,28,0.4.0,2026-08-07
rendex.dev,1,15,Text-only,,fail,fail,fail,fail,skip,skip,fail,skip,skip,pass,pass,,,18,0.4.0,2026-08-07
rendley.com,1,0,Absent,,fail,fail,fail,fail,skip,skip,fail,skip,skip,fail,fail,,,20,0.4.0,2026-08-07
rendobar.com,1,15,Text-only,,fail,fail,fail,fail,skip,skip,fail,skip,skip,pass,pass,,,16,0.4.0,2026-08-07
renewly.gg,1,50,Discoverable,,fail,fail,fail,pass,skip,skip,fail,skip,skip,pass,pass,,,14,0.4.0,2026-08-07
renoolab.fr,1,80,Connectable,,pass,fail,fail,pass,pass,fail,fail,skip,skip,pass,fail,mcp-json,modern,22,0.4.0,2026-08-07
renthuman.ru,1,15,Text-only,,fail,fail,fail,fail,skip,skip,fail,skip,skip,pass,pass,,,15,0.4.0,2026-08-07
rentrollapi.com,1,95,Agent-ready,,fail,fail,pass,fail,pass,pass,fail,skip,pass,pass,fail,,modern,18,0.4.0,2026-08-07
rentseek.ing,1,50,Discoverable,,fail,fail,fail,pass,skip,skip,fail,skip,skip,pass,pass,,,14,0.4.0,2026-08-07
renzoprotocol.com,1,0,Absent,,fail,fail,fail,fail,skip,skip,fail,skip,skip,fail,fail,,,23,0.4.0,2026-08-07
reogrid.net,1,10,Text-only,,fail,fail,fail,fail,skip,skip,fail,skip,skip,pass,fail,,,15,0.4.0,2026-08-07
repage.app,1,45,Discoverable,,fail,fail,fail,pass,skip,skip,fail,skip,skip,pass,fail,,,27,0.4.0,2026-08-07
rephonic.com,1,15,Text-only,,fail,fail,fail,fail,skip,skip,fail,skip,skip,pass,pass,,,18,0.4.0,2026-08-07
reply.io,1,80,Connectable,,fail,fail,pass,pass,pass,fail,fail,skip,skip,pass,fail,,modern,29,0.4.0,2026-08-07
replyargus.com,1,50,Discoverable,,fail,fail,fail,pass,skip,skip,fail,skip,skip,pass,pass,,,27,0.4.0,2026-08-07
replynodes.com,1,10,Text-only,,fail,fail,fail,fail,skip,skip,fail,skip,skip,pass,fail,,,16,0.4.0,2026-08-07
replypen.com,1,0,Absent,,fail,fail,fail,fail,skip,skip,fail,skip,skip,fail,fail,,,15,0.4.0,2026-08-07
repo-to-rag-mcp.vercel.app,1,0,Absent,,fail,fail,fail,fail,skip,skip,fail,skip,skip,fail,fail,,,28,0.4.0,2026-08-07
repofold.dev,1,15,Text-only,,fail,fail,fail,fail,skip,skip,fail,skip,skip,pass,pass,,,14,0.4.0,2026-08-07
repopilot.app,1,10,Text-only,,fail,fail,fail,fail,skip,skip,fail,skip,skip,pass,fail,,,14,0.4.0,2026-08-07
reportingninja.com,1,0,Absent,,fail,fail,fail,fail,skip,skip,fail,skip,skip,fail,fail,,,28,0.4.0,2026-08-07
repowise.dev,1,15,Text-only,,fail,fail,fail,fail,skip,skip,fail,skip,skip,pass,pass,,,28,0.4.0,2026-08-07
reprise.design,1,15,Text-only,,fail,fail,fail,fail,skip,skip,fail,skip,skip,pass,pass,,,15,0.4.0,2026-08-07
reprompt.jp,1,0,Absent,,fail,fail,fail,fail,skip,skip,fail,skip,skip,fail,fail,,,16,0.4.0,2026-08-07
repscale.ai,1,15,Text-only,,fail,fail,fail,fail,skip,skip,fail,skip,skip,pass,pass,,,15,0.4.0,2026-08-07
repuestia.cl,1,50,Discoverable,,pass,fail,fail,pass,fail,skip,fail,skip,skip,pass,pass,mcp-json|mcp-server-card-json,,33,0.4.0,2026-08-07
reputemap.com,1,85,Connectable,,fail,fail,pass,fail,pass,fail,fail,skip,skip,pass,pass,,legacy,22,0.4.0,2026-08-07
reqbeat.com,1,10,Text-only,,fail,fail,fail,fail,skip,skip,fail,skip,skip,pass,fail,,,19,0.4.0,2026-08-07
resadock.com,1,70,Connectable,,pass,fail,pass,fail,pass,fail,fail,skip,skip,fail,fail,mcp-json,modern,19,0.4.0,2026-08-07
research-report-x402-production.up.railway.app,1,0,Absent,,fail,fail,fail,fail,skip,skip,fail,skip,skip,fail,fail,,,28,0.4.0,2026-08-07
research-sprint.vercel.app,1,85,Connectable,,pass,fail,fail,fail,pass,pass,fail,pass,pass,fail,fail,mcp-json,legacy,32,0.4.0,2026-08-07
resemble.ai,1,15,Text-only,,fail,fail,fail,fail,skip,skip,fail,skip,skip,pass,pass,,,25,0.4.0,2026-08-07
resent.one,1,50,Discoverable,,fail,fail,fail,pass,skip,skip,fail,skip,skip,pass,pass,,,16,0.4.0,2026-08-07
resistance.dog,1,0,Absent,,error,fail,fail,error,skip,skip,fail,skip,skip,fail,fail,,,27,0.4.0,2026-08-07
resolvemesh.com,1,80,Connectable,,fail,fail,pass,fail,pass,fail,fail,skip,skip,pass,fail,,modern,22,0.4.0,2026-08-07
respira.press,1,15,Text-only,,fail,fail,fail,fail,skip,skip,fail,skip,skip,pass,pass,,,27,0.4.0,2026-08-07
responsibleailabs.ai,1,15,Text-only,,fail,fail,fail,fail,skip,skip,fail,skip,skip,pass,pass,,,16,0.4.0,2026-08-07
restplass.no,1,95,Agent-ready,,fail,fail,pass,fail,pass,pass,fail,skip,pass,pass,fail,,legacy,32,0.4.0,2026-08-07
resumequick.app,1,0,Absent,,fail,fail,fail,fail,skip,skip,fail,skip,skip,fail,fail,,,19,0.4.0,2026-08-07
retasc.com,1,85,Connectable,,pass,fail,fail,fail,pass,pass,fail,fail,fail,pass,pass,mcp-json|mcp-server-card-json,legacy,22,0.4.0,2026-08-07
retirecrunch.com,1,85,Connectable,,pass,fail,pass,fail,pass,fail,fail,fail,skip,pass,pass,mcp-json|mcp-server-card-json,legacy,23,0.4.0,2026-08-07
retrieve-jobs-congress-made.trycloudflare.com,1,0,Absent,,error,fail,fail,error,skip,skip,error,skip,skip,fail,fail,,,3,0.4.0,2026-08-07
retrochatlabs.com,1,0,Absent,,fail,fail,fail,fail,skip,skip,fail,skip,skip,fail,fail,,,15,0.4.0,2026-08-07
retrodiffusion.ai,1,85,Connectable,,fail,fail,pass,fail,pass,fail,fail,skip,skip,pass,pass,,legacy,24,0.4.0,2026-08-07
rettsarkiv-mcp-953525390683.europe-west3.run.app,1,0,Absent,,fail,fail,fail,fail,skip,skip,fail,skip,skip,fail,fail,,,28,0.4.0,2026-08-07
rettsarkiv.no,1,0,Absent,,fail,fail,fail,fail,skip,skip,fail,skip,skip,fail,fail,,,30,0.4.0,2026-08-07
revasserlabs.com,1,0,Absent,,fail,fail,fail,fail,skip,skip,fail,skip,skip,fail,fail,,,17,0.4.0,2026-08-07
revdoku.com,1,15,Text-only,,fail,fail,fail,fail,skip,skip,fail,skip,skip,pass,pass,,,15,0.4.0,2026-08-07
revelata.com,1,0,Absent,,fail,fail,fail,fail,skip,skip,fail,skip,skip,fail,fail,,,30,0.4.0,2026-08-07
revelica.com,1,80,Connectable,,pass,fail,pass,pass,pass,fail,fail,skip,skip,pass,fail,mcp-server-card-json,modern,20,0.4.0,2026-08-07
revensi.com,1,10,Text-only,,fail,fail,fail,fail,skip,skip,fail,skip,skip,pass,fail,,,15,0.4.0,2026-08-07
revenuescope.jp,1,0,Absent,,fail,fail,fail,fail,skip,skip,fail,skip,skip,fail,fail,,,31,0.4.0,2026-08-07
revettr.com,1,10,Text-only,,fail,fail,fail,fail,skip,skip,fail,skip,skip,pass,fail,,,14,0.4.0,2026-08-07
review-mcp-production.up.railway.app,1,10,Text-only,,fail,fail,fail,fail,skip,skip,fail,skip,skip,pass,fail,,,28,0.4.0,2026-08-07
revise.io,1,80,Connectable,,fail,fail,pass,pass,pass,fail,fail,skip,skip,pass,fail,,legacy,25,0.4.0,2026-08-07
revorbit.com,1,0,Absent,,fail,fail,fail,fail,skip,skip,fail,skip,skip,fail,fail,,,15,0.4.0,2026-08-07
revuo.ai,1,80,Connectable,,fail,fail,pass,fail,pass,fail,fail,skip,skip,pass,fail,,legacy,39,0.4.0,2026-08-07
rfix.ai,1,10,Text-only,,fail,fail,fail,fail,skip,skip,fail,skip,skip,pass,fail,,,18,0.4.0,2026-08-07
rfp.ai,1,85,Connectable,,pass,fail,pass,pass,pass,fail,fail,skip,skip,pass,pass,mcp-server-card-json,modern,20,0.4.0,2026-08-07
rhdxm.com,1,0,Absent,,error,fail,fail,error,skip,skip,error,skip,skip,fail,fail,,,33,0.4.0,2026-08-07
rhobimd.health,1,0,Absent,,fail,fail,fail,fail,skip,skip,fail,skip,skip,fail,fail,,,15,0.4.0,2026-08-07
rhxbt.com,1,80,Connectable,,pass,fail,pass,fail,pass,pass,fail,pass,fail,pass,fail,mcp-json,legacy,19,0.4.0,2026-08-07
richardkemp.uk,1,0,Absent,,fail,fail,fail,fail,skip,skip,fail,skip,skip,fail,fail,,,15,0.4.0,2026-08-07
rides.rs,1,50,Discoverable,,pass,fail,fail,fail,fail,skip,fail,skip,skip,pass,pass,mcp-json|mcp-server-card-json,,19,0.4.0,2026-08-07
ridotaxi.com,1,85,Connectable,,fail,fail,pass,fail,pass,fail,fail,skip,skip,pass,pass,,legacy,21,0.4.0,2026-08-07
rigorloop.com,1,85,Connectable,,fail,fail,pass,fail,pass,pass,fail,skip,fail,pass,pass,,modern,19,0.4.0,2026-08-07
riksdag-regering-ai.onrender.com,1,0,Absent,,fail,fail,fail,fail,skip,skip,fail,skip,skip,fail,fail,,,28,0.4.0,2026-08-07
ripostiq.com,1,5,Text-only,,fail,fail,fail,fail,skip,skip,fail,skip,skip,fail,pass,,,15,0.4.0,2026-08-07
rise2.ai,1,0,Absent,,fail,fail,fail,fail,skip,skip,fail,skip,skip,fail,fail,,,15,0.4.0,2026-08-07
riskmodels.app,1,80,Connectable,,pass,fail,fail,pass,pass,fail,fail,skip,skip,pass,fail,mcp-json,modern,18,0.4.0,2026-08-07
riskstate.ai,1,95,Agent-ready,,fail,fail,pass,fail,pass,pass,fail,skip,pass,pass,fail,,legacy,22,0.4.0,2026-08-07
ritzademo.com,1,0,Absent,,error,fail,fail,error,skip,skip,error,skip,skip,fail,fail,,,50,0.4.0,2026-08-07
rivalsweeper.com,1,85,Connectable,,pass,fail,pass,pass,pass,fail,fail,pass,skip,pass,pass,mcp-json|mcp-server-card-json,legacy,35,0.4.0,2026-08-07
rmalka06.chatgpt.site,1,0,Absent,,fail,fail,fail,fail,skip,skip,fail,skip,skip,fail,fail,,,18,0.4.0,2026-08-07
rmcp.dev,1,85,Connectable,,pass,fail,pass,pass,pass,pass,fail,pass,fail,pass,pass,mcp-json|mcp-server-card-json,legacy,20,0.4.0,2026-08-07
rnfonkwthefktfvfwypr.supabase.co,1,0,Absent,,fail,fail,fail,fail,skip,skip,fail,skip,skip,fail,fail,,,15,0.4.0,2026-08-07
rnvizion-rnv-color-mcp.hf.space,1,0,Absent,,fail,fail,fail,fail,skip,skip,fail,skip,skip,fail,fail,,,28,0.4.0,2026-08-07
rnwy.com,1,15,Text-only,,fail,fail,fail,fail,skip,skip,fail,skip,skip,pass,pass,,,14,0.4.0,2026-08-07
roadflow.io,1,10,Text-only,,fail,fail,fail,fail,skip,skip,fail,skip,skip,pass,fail,,,15,0.4.0,2026-08-07
roamward.app,1,85,Connectable,,fail,fail,pass,fail,pass,fail,fail,skip,skip,pass,pass,,legacy,39,0.4.0,2026-08-07
roamzy.io,1,50,Discoverable,,pass,fail,fail,pass,skip,skip,pass,skip,skip,pass,pass,mcp-server-card-json,,14,0.4.0,2026-08-07
roastingly-procensorship-audrianna.ngrok-free.dev,1,0,Absent,,error,fail,fail,error,skip,skip,error,skip,skip,fail,fail,,,54,0.4.0,2026-08-07
robells.io,1,15,Text-only,,fail,fail,fail,fail,skip,skip,fail,skip,skip,pass,pass,,,16,0.4.0,2026-08-07
robinx.io,1,100,Agent-ready,,fail,fail,pass,fail,pass,pass,fail,skip,pass,pass,pass,,legacy,22,0.4.0,2026-08-07
roboflow.com,1,45,Discoverable,,pass,fail,fail,fail,fail,skip,fail,skip,skip,pass,fail,ai-catalog,,23,0.4.0,2026-08-07
robohub.app,1,15,Text-only,,fail,fail,fail,fail,skip,skip,fail,skip,skip,pass,pass,,,14,0.4.0,2026-08-07
robomart.ai,1,0,Absent,,fail,fail,fail,fail,skip,skip,fail,skip,skip,fail,fail,,,30,0.4.0,2026-08-07
roboselect360.com,1,15,Text-only,,fail,fail,fail,fail,skip,skip,fail,skip,skip,pass,pass,,,18,0.4.0,2026-08-07
robotscope.net,1,15,Text-only,,fail,fail,fail,fail,skip,skip,fail,skip,skip,pass,pass,,,17,0.4.0,2026-08-07
robtex.com,1,95,Agent-ready,,pass,fail,fail,fail,pass,pass,fail,pass,pass,pass,fail,mcp-json,legacy,26,0.4.0,2026-08-07
roc-mcp-jvutdol4j-ro-ct-eam.vercel.app,1,0,Absent,,fail,fail,fail,fail,skip,skip,fail,skip,skip,fail,fail,,,28,0.4.0,2026-08-07
roc.ai,1,0,Absent,,fail,fail,fail,fail,skip,skip,fail,skip,skip,fail,fail,,,23,0.4.0,2026-08-07
rocket-core.com,1,15,Text-only,,fail,fail,fail,fail,skip,skip,fail,skip,skip,pass,pass,,,14,0.4.0,2026-08-07
rocketsloth.ai,1,70,Connectable,,fail,fail,pass,fail,pass,fail,fail,skip,skip,fail,fail,,legacy,20,0.4.0,2026-08-07
rockmoon.ai,1,15,Text-only,,fail,fail,fail,fail,skip,skip,fail,skip,skip,pass,pass,,,32,0.4.0,2026-08-07
rodin.fyi,1,85,Connectable,,fail,fail,pass,fail,pass,fail,fail,skip,skip,pass,pass,,legacy,22,0.4.0,2026-08-07
rogerrat.chat,1,0,Absent,,fail,fail,fail,fail,skip,skip,fail,skip,skip,fail,fail,,,28,0.4.0,2026-08-07
rogerthat.chat,1,95,Agent-ready,,pass,fail,pass,fail,pass,pass,fail,fail,pass,pass,fail,mcp-json,legacy,32,0.4.0,2026-08-07
roguefrontiervc.com,1,0,Absent,,fail,fail,fail,fail,skip,skip,fail,skip,skip,fail,fail,,,15,0.4.0,2026-08-07
rohithmariyala.com,1,0,Absent,,fail,fail,fail,fail,skip,skip,fail,skip,skip,fail,fail,,,29,0.4.0,2026-08-07
roic.ai,1,70,Connectable,,fail,fail,pass,pass,pass,fail,fail,skip,skip,fail,fail,,modern,34,0.4.0,2026-08-07
roklabs.dev,1,0,Absent,,error,fail,fail,error,skip,skip,error,skip,skip,fail,fail,,,41,0.4.0,2026-08-07
rolli.ai,1,15,Text-only,,fail,fail,fail,fail,skip,skip,fail,skip,skip,pass,pass,,,20,0.4.0,2026-08-07
rolnia.com,1,50,Discoverable,,pass,fail,fail,fail,skip,skip,fail,skip,skip,pass,pass,mcp-json|mcp-server-card-json,,14,0.4.0,2026-08-07
rolocache.com,1,0,Absent,,fail,fail,fail,fail,skip,skip,pass,skip,skip,fail,fail,,,29,0.4.0,2026-08-07
roomcomm.xyz,1,10,Text-only,,fail,fail,fail,fail,skip,skip,fail,skip,skip,pass,fail,,,13,0.4.0,2026-08-07
roomnology.com,1,5,Text-only,,fail,fail,fail,fail,skip,skip,fail,skip,skip,fail,pass,,,15,0.4.0,2026-08-07
roomza.com,1,45,Discoverable,,fail,fail,fail,pass,skip,skip,fail,skip,skip,pass,fail,,,27,0.4.0,2026-08-07
roopslaw.ai,1,10,Text-only,,fail,fail,fail,fail,skip,skip,fail,skip,skip,pass,fail,,,17,0.4.0,2026-08-07
rootdata.ai,1,45,Discoverable,,pass,fail,fail,fail,fail,skip,fail,skip,skip,pass,fail,mcp-json|mcp-bare,,15,0.4.0,2026-08-07
rootly.com,1,15,Text-only,,fail,fail,fail,fail,skip,skip,fail,skip,skip,pass,pass,,,18,0.4.0,2026-08-07
rootr.io,1,45,Discoverable,,fail,fail,fail,pass,skip,skip,fail,skip,skip,pass,fail,,,17,0.4.0,2026-08-07
rootstuff.io,1,10,Text-only,,fail,fail,fail,fail,skip,skip,fail,skip,skip,pass,fail,,,22,0.4.0,2026-08-07
rootz.global,1,10,Text-only,,fail,fail,fail,fail,skip,skip,fail,skip,skip,pass,fail,,,17,0.4.0,2026-08-07
roryplans.ai,1,35,Discoverable,,fail,fail,fail,pass,skip,skip,fail,skip,skip,fail,fail,,,33,0.4.0,2026-08-07
rossdata.dev,1,10,Text-only,,fail,fail,fail,fail,skip,skip,fail,skip,skip,pass,fail,,,19,0.4.0,2026-08-07
rosterresolve.ai,1,10,Text-only,,fail,fail,fail,fail,skip,skip,fail,skip,skip,pass,fail,,,15,0.4.0,2026-08-07
rostro.dev,1,5,Text-only,,fail,fail,fail,fail,skip,skip,fail,skip,skip,fail,pass,,,21,0.4.0,2026-08-07
roughsketch.app,1,45,Discoverable,,fail,fail,fail,pass,skip,skip,fail,skip,skip,pass,fail,,,13,0.4.0,2026-08-07
roundtable.now,1,10,Text-only,,fail,fail,fail,fail,skip,skip,fail,skip,skip,pass,fail,,,19,0.4.0,2026-08-07
route6.me,1,15,Text-only,,fail,fail,fail,fail,skip,skip,fail,skip,skip,pass,pass,,,16,0.4.0,2026-08-07
router.ai,1,0,Absent,,error,fail,fail,error,skip,skip,error,skip,skip,fail,fail,,,6,0.4.0,2026-08-07
routescore.io,1,15,Text-only,,fail,fail,fail,fail,skip,skip,fail,skip,skip,pass,pass,,,27,0.4.0,2026-08-07
routheus.xyz,1,95,Agent-ready,,pass,fail,pass,fail,pass,pass,fail,pass,pass,pass,fail,mcp-server-card-json,legacy,20,0.4.0,2026-08-07
rovvafrica.com,1,0,Absent,,fail,fail,fail,fail,skip,skip,fail,skip,skip,fail,fail,,,15,0.4.0,2026-08-07
rowhint.com,1,10,Text-only,,fail,fail,fail,fail,skip,skip,fail,skip,skip,pass,fail,,,16,0.4.0,2026-08-07
roxels.ai,1,0,Absent,,fail,fail,fail,fail,skip,skip,fail,skip,skip,fail,fail,,,16,0.4.0,2026-08-07
roxyapi.com,1,15,Text-only,,fail,fail,fail,fail,skip,skip,fail,skip,skip,pass,pass,,,16,0.4.0,2026-08-07
royalplugins.com,1,10,Text-only,,fail,fail,fail,fail,skip,skip,fail,skip,skip,pass,fail,,,15,0.4.0,2026-08-07
royalty.technology,1,10,Text-only,,fail,fail,fail,fail,skip,skip,fail,skip,skip,pass,fail,,,15,0.4.0,2026-08-07
royashbrook.com,1,15,Text-only,,fail,fail,fail,fail,skip,skip,fail,skip,skip,pass,pass,,,15,0.4.0,2026-08-07
rozetyp.com,1,0,Absent,,fail,fail,fail,fail,skip,skip,fail,skip,skip,fail,fail,,,17,0.4.0,2026-08-07
rpcs1.dev,1,80,Connectable,,pass,fail,pass,pass,pass,fail,fail,pass,skip,pass,fail,mcp-server-card-json,legacy,19,0.4.0,2026-08-07
rrpb2580.workers.dev,1,0,Absent,,error,fail,fail,error,skip,skip,error,skip,skip,fail,fail,,,6,0.4.0,2026-08-07
rsnc.network,1,15,Text-only,,fail,fail,fail,fail,skip,skip,fail,skip,skip,pass,pass,,,16,0.4.0,2026-08-07
rstechie.in,1,15,Text-only,,fail,fail,fail,fail,skip,skip,fail,skip,skip,pass,pass,,,15,0.4.0,2026-08-07
rtcelwjnrbmfmrywacky.supabase.co,1,0,Absent,,fail,fail,fail,fail,skip,skip,fail,skip,skip,fail,fail,,,15,0.4.0,2026-08-07
rtcstats.com,1,15,Text-only,,fail,fail,fail,fail,skip,skip,fail,skip,skip,pass,pass,,,15,0.4.0,2026-08-07
rti.com,1,0,Absent,,fail,fail,fail,fail,skip,skip,fail,skip,skip,fail,fail,,,29,0.4.0,2026-08-07
rtkmotion.io,1,10,Text-only,,fail,fail,fail,fail,skip,skip,fail,skip,skip,pass,fail,,,16,0.4.0,2026-08-07
rtopacks.com.au,1,5,Text-only,,fail,fail,fail,fail,skip,skip,fail,skip,skip,fail,pass,,,18,0.4.0,2026-08-07
rubenayla.xyz,1,0,Absent,,fail,fail,fail,fail,skip,skip,fail,skip,skip,fail,fail,,,15,0.4.0,2026-08-07
rubin.trade,1,15,Text-only,,fail,fail,fail,fail,skip,skip,fail,skip,skip,pass,pass,,,15,0.4.0,2026-08-07
rubrkit.com,1,35,Discoverable,,fail,fail,fail,pass,skip,skip,fail,skip,skip,fail,fail,,,29,0.4.0,2026-08-07
ruddia.com,1,0,Absent,,fail,fail,fail,fail,skip,skip,fail,skip,skip,fail,fail,,,29,0.4.0,2026-08-07
rudko.site,1,45,Discoverable,,pass,fail,fail,pass,skip,skip,fail,skip,skip,pass,fail,mcp-server-card-json,,13,0.4.0,2026-08-07
rule-porter-mcp.vercel.app,1,0,Absent,,fail,fail,fail,fail,skip,skip,fail,skip,skip,fail,fail,,,28,0.4.0,2026-08-07
rulemesh.com,1,85,Connectable,,pass,fail,fail,pass,pass,fail,fail,skip,skip,pass,pass,mcp-server-card-json,modern,20,0.4.0,2026-08-07
rules-gen-mcp.vercel.app,1,0,Absent,,fail,fail,fail,fail,skip,skip,fail,skip,skip,fail,fail,,,28,0.4.0,2026-08-07
run.googleapis.com,1,70,Connectable,,fail,fail,pass,pass,pass,fail,fail,skip,skip,fail,fail,,legacy,20,0.4.0,2026-08-07
run402.com,1,95,Agent-ready,,fail,fail,pass,fail,pass,pass,fail,skip,pass,pass,fail,,legacy,23,0.4.0,2026-08-07
runapi.ai,1,80,Connectable,,pass,fail,pass,pass,pass,fail,fail,skip,skip,pass,fail,mcp-json|mcp-bare|mcp-server-card-json,modern,22,0.4.0,2026-08-07
runcabin.com,1,85,Connectable,,fail,fail,pass,pass,pass,fail,fail,skip,skip,pass,pass,,modern,19,0.4.0,2026-08-07
runcomfy.com,1,0,Absent,,fail,fail,fail,fail,skip,skip,fail,skip,skip,fail,fail,,,31,0.4.0,2026-08-07
runikapp.com,1,35,Discoverable,,pass,fail,fail,pass,fail,skip,fail,skip,skip,fail,fail,mcp-json,,14,0.4.0,2026-08-07
runitonai.com,1,0,Absent,,fail,fail,fail,fail,skip,skip,fail,skip,skip,fail,fail,,,17,0.4.0,2026-08-07
runlane.run,1,5,Text-only,,fail,fail,fail,fail,skip,skip,fail,skip,skip,fail,pass,,,24,0.4.0,2026-08-07
runlayer.com,1,15,Text-only,,fail,fail,fail,fail,skip,skip,fail,skip,skip,pass,pass,,,29,0.4.0,2026-08-07
runlog.org,1,5,Text-only,,fail,fail,fail,fail,skip,skip,fail,skip,skip,fail,pass,,,23,0.4.0,2026-08-07
runmemento.com,1,15,Text-only,,fail,fail,fail,fail,skip,skip,fail,skip,skip,pass,pass,,,15,0.4.0,2026-08-07
runmirrors.com,1,10,Text-only,,fail,fail,fail,fail,skip,skip,fail,skip,skip,pass,fail,,,30,0.4.0,2026-08-07
runoscript.com,1,85,Connectable,,pass,fail,fail,fail,pass,fail,fail,fail,skip,pass,pass,mcp-json|mcp-server-card-json,legacy,21,0.4.0,2026-08-07
runpay-backend-visibility-production.up.railway.app,1,0,Absent,,error,fail,fail,error,skip,skip,error,skip,skip,fail,fail,,,41,0.4.0,2026-08-07
runpod.io,1,10,Text-only,,fail,fail,fail,fail,skip,skip,fail,skip,skip,pass,fail,,,24,0.4.0,2026-08-07
runrelay.io,1,0,Absent,,fail,fail,fail,fail,skip,skip,fail,skip,skip,fail,fail,,,32,0.4.0,2026-08-07
runriva.com,1,0,Absent,,fail,fail,fail,fail,skip,skip,fail,skip,skip,fail,fail,,,21,0.4.0,2026-08-07
runsynapse.dev,1,0,Absent,,fail,fail,fail,fail,skip,skip,fail,skip,skip,fail,fail,,,18,0.4.0,2026-08-07
runwayleft.netlify.app,1,5,Text-only,,fail,fail,fail,fail,skip,skip,fail,skip,skip,fail,pass,,,28,0.4.0,2026-08-07
ruscrape.com,1,80,Connectable,,pass,fail,fail,fail,pass,fail,fail,fail,skip,pass,fail,mcp-json|mcp-bare,legacy,19,0.4.0,2026-08-07
rv-grid.com,1,15,Text-only,,fail,fail,fail,fail,skip,skip,fail,skip,skip,pass,pass,,,17,0.4.0,2026-08-07
rxmanager.ai,1,100,Agent-ready,,fail,fail,pass,fail,pass,pass,fail,skip,pass,pass,pass,,legacy,23,0.4.0,2026-08-07
rxradar.dev,1,0,Absent,,error,fail,fail,error,skip,skip,error,skip,skip,fail,fail,,,11,0.4.0,2026-08-07
rxresu.me,1,10,Text-only,,skip,fail,fail,skip,skip,skip,fail,skip,skip,pass,fail,,,11,0.4.0,2026-08-07
rye.dev,1,80,Connectable,,pass,fail,pass,pass,pass,fail,fail,pass,skip,pass,fail,mcp-server-card-json,legacy,19,0.4.0,2026-08-07
ryxell.com,1,35,Discoverable,,pass,fail,fail,fail,skip,skip,fail,skip,skip,fail,fail,mcp-server-card-json,,15,0.4.0,2026-08-07
rzailabs.com,1,100,Agent-ready,,pass,fail,pass,fail,pass,pass,fail,pass,pass,pass,pass,mcp-json|mcp-server-card-json,legacy,20,0.4.0,2026-08-07
s4mcp-prod.azurewebsites.net,1,70,Connectable,,fail,fail,pass,pass,pass,fail,fail,skip,skip,fail,fail,,modern,19,0.4.0,2026-08-07
saagar210.workers.dev,1,0,Absent,,error,fail,fail,error,skip,skip,error,skip,skip,fail,fail,,,6,0.4.0,2026-08-07
saagarpatel.dev,1,45,Discoverable,,pass,fail,fail,fail,skip,skip,fail,skip,skip,pass,fail,mcp-json,,17,0.4.0,2026-08-07
saas-agents.onrender.com,1,45,Discoverable,,pass,fail,fail,fail,fail,skip,fail,skip,skip,pass,fail,ai-catalog|mcp-json|mcp-server-card-json,,30,0.4.0,2026-08-07
saasbrowser.com,1,40,Discoverable,,pass,fail,fail,fail,skip,skip,fail,skip,skip,fail,pass,mcp-json,,24,0.4.0,2026-08-07
saascloud.ai,1,5,Text-only,,fail,fail,fail,fail,skip,skip,fail,skip,skip,fail,pass,,,15,0.4.0,2026-08-07
saasdossier.com,1,100,Agent-ready,,pass,fail,pass,fail,pass,pass,fail,pass,pass,pass,pass,ai-catalog|mcp-json,legacy,20,0.4.0,2026-08-07
saber.app,1,0,Absent,,fail,fail,fail,fail,skip,skip,fail,skip,skip,fail,fail,,,34,0.4.0,2026-08-07
sadiqoon.uk,1,0,Absent,,fail,fail,fail,fail,skip,skip,fail,skip,skip,fail,fail,,,15,0.4.0,2026-08-07
safe-mcp.com,1,0,Absent,,fail,fail,fail,fail,skip,skip,fail,skip,skip,fail,fail,,,16,0.4.0,2026-08-07
safe.com,1,10,Text-only,,fail,fail,fail,fail,skip,skip,fail,skip,skip,pass,fail,,,22,0.4.0,2026-08-07
safeprompt.dev,1,50,Discoverable,,pass,fail,fail,fail,fail,skip,pass,skip,skip,pass,pass,ai-catalog,,16,0.4.0,2026-08-07
saferagenticai.org,1,70,Connectable,,fail,fail,pass,fail,pass,fail,fail,skip,skip,fail,fail,,legacy,41,0.4.0,2026-08-07
safeship.app,1,70,Connectable,,fail,fail,pass,fail,pass,fail,fail,skip,skip,fail,fail,,modern,23,0.4.0,2026-08-07
saightly.com,1,15,Text-only,,fail,fail,fail,fail,skip,skip,fail,skip,skip,pass,pass,,,15,0.4.0,2026-08-07
sailtix.com,1,80,Connectable,,pass,fail,pass,fail,pass,fail,fail,pass,skip,pass,fail,mcp-json,legacy,19,0.4.0,2026-08-07
sakina-mcp.fly.dev,1,35,Discoverable,,pass,fail,fail,fail,skip,skip,fail,skip,skip,fail,fail,mcp-server-card-json,,16,0.4.0,2026-08-07
salamailer.fi,1,15,Text-only,,fail,fail,fail,fail,skip,skip,fail,skip,skip,pass,pass,,,14,0.4.0,2026-08-07
salesbot.cz,1,15,Text-only,,fail,fail,fail,fail,skip,skip,fail,skip,skip,pass,pass,,,15,0.4.0,2026-08-07
salescloser-ai-mcp.vercel.app,1,0,Absent,,fail,fail,fail,fail,skip,skip,fail,skip,skip,fail,fail,,,28,0.4.0,2026-08-07
salesforce.com,1,0,Absent,,fail,fail,fail,fail,skip,skip,fail,skip,skip,fail,fail,,,30,0.4.0,2026-08-07
salestouch.io,1,0,Absent,,skip,fail,fail,skip,skip,skip,fail,skip,skip,fail,fail,,,15,0.4.0,2026-08-07
sallim.app,1,0,Absent,,error,fail,fail,error,skip,skip,error,skip,skip,fail,fail,,,3,0.4.0,2026-08-07
saltybytes.ai,1,35,Discoverable,,fail,fail,fail,pass,skip,skip,fail,skip,skip,fail,fail,,,14,0.4.0,2026-08-07
salvagesignal.com,1,80,Connectable,,fail,fail,pass,fail,pass,fail,fail,skip,skip,pass,fail,,legacy,20,0.4.0,2026-08-07
sambodh-ias.in,1,15,Text-only,,fail,fail,fail,fail,skip,skip,fail,skip,skip,pass,pass,,,15,0.4.0,2026-08-07
samebits.com,1,5,Text-only,,fail,fail,fail,fail,skip,skip,fail,skip,skip,fail,pass,,,27,0.4.0,2026-08-07
samedaydesk.com,1,15,Text-only,,fail,fail,fail,fail,skip,skip,fail,skip,skip,pass,pass,,,15,0.4.0,2026-08-07
samrum.io,1,15,Text-only,,fail,fail,fail,fail,skip,skip,fail,skip,skip,pass,pass,,,17,0.4.0,2026-08-07
sanbernardorefugio.com,1,50,Discoverable,,pass,fail,fail,fail,skip,skip,fail,skip,skip,pass,pass,mcp-json,,15,0.4.0,2026-08-07
sanctuary-mcp.vercel.app,1,10,Text-only,,fail,fail,fail,fail,skip,skip,fail,skip,skip,pass,fail,,,28,0.4.0,2026-08-07
sand.gallery,1,0,Absent,,fail,fail,fail,fail,skip,skip,fail,skip,skip,fail,fail,,,15,0.4.0,2026-08-07
sandboxapi.dev,1,0,Absent,,fail,fail,fail,fail,skip,skip,fail,skip,skip,fail,fail,,,19,0.4.0,2026-08-07
sander-van-aard.workers.dev,1,0,Absent,,error,fail,fail,error,skip,skip,error,skip,skip,fail,fail,,,6,0.4.0,2026-08-07
sanity.io,1,80,Connectable,,fail,fail,pass,pass,pass,fail,fail,skip,skip,pass,fail,,modern,30,0.4.0,2026-08-07
santiment.net,1,10,Text-only,,fail,fail,fail,fail,skip,skip,fail,skip,skip,pass,fail,,,16,0.4.0,2026-08-07
santismm.com,1,100,Agent-ready,,fail,fail,pass,fail,pass,pass,fail,skip,pass,pass,pass,,modern,24,0.4.0,2026-08-07
santosautomation.com,1,10,Text-only,,fail,fail,fail,fail,skip,skip,fail,skip,skip,pass,fail,,,20,0.4.0,2026-08-07
sapiensinteticos.com,1,45,Discoverable,,fail,fail,fail,pass,skip,skip,fail,skip,skip,pass,fail,,,27,0.4.0,2026-08-07
sapiom.ai,1,15,Text-only,,fail,fail,fail,fail,skip,skip,fail,skip,skip,pass,pass,,,29,0.4.0,2026-08-07
saraivada.com,1,0,Absent,,fail,fail,fail,fail,skip,skip,fail,skip,skip,fail,fail,,,15,0.4.0,2026-08-07
sarkoa.com,1,75,Connectable,,fail,fail,pass,fail,pass,fail,fail,skip,skip,fail,pass,,legacy,25,0.4.0,2026-08-07
sasame.online,1,0,Absent,,fail,fail,fail,fail,skip,skip,fail,skip,skip,fail,fail,,,18,0.4.0,2026-08-07
sati-search.fly.dev,1,70,Connectable,,fail,fail,pass,fail,pass,fail,fail,skip,skip,fail,fail,,legacy,20,0.4.0,2026-08-07
satohub.ai,1,80,Connectable,,fail,fail,pass,fail,pass,fail,fail,skip,skip,pass,fail,,legacy,23,0.4.0,2026-08-07
satori-aligner-mcp.vercel.app,1,0,Absent,,fail,fail,fail,fail,skip,skip,fail,skip,skip,fail,fail,,,28,0.4.0,2026-08-07
satoshiapi.io,1,35,Discoverable,,fail,pass,fail,fail,skip,skip,fail,skip,skip,fail,fail,,,32,0.4.0,2026-08-07
satoshidata.ai,1,80,Connectable,,pass,fail,fail,fail,pass,pass,fail,skip,fail,pass,fail,mcp-json,modern,19,0.4.0,2026-08-07
satrank.dev,1,0,Absent,,error,fail,fail,error,skip,skip,error,skip,skip,fail,fail,,,31,0.4.0,2026-08-07
sats4ai.com,1,45,Discoverable,,pass,fail,fail,fail,skip,skip,fail,skip,skip,pass,fail,mcp-bare,,15,0.4.0,2026-08-07
saturation.io,1,85,Connectable,,pass,fail,pass,pass,pass,fail,fail,skip,skip,pass,pass,mcp-json|mcp-server-card-json,modern,23,0.4.0,2026-08-07
savanto.ai,1,0,Absent,,fail,fail,fail,fail,skip,skip,fail,skip,skip,fail,fail,,,17,0.4.0,2026-08-07
savecraft.gg,1,10,Text-only,,fail,fail,fail,fail,skip,skip,fail,skip,skip,pass,fail,,,18,0.4.0,2026-08-07
savedthat.app,1,50,Discoverable,,pass,fail,fail,pass,skip,skip,fail,skip,skip,pass,pass,mcp-server-card-json,,17,0.4.0,2026-08-07
savordish.com,1,85,Connectable,,pass,fail,fail,pass,pass,fail,fail,skip,skip,pass,pass,mcp-json|mcp-server-card-json,modern,17,0.4.0,2026-08-07
savvly.com,1,80,Connectable,,pass,fail,pass,fail,pass,fail,pass,pass,skip,pass,fail,mcp-server-card-json,legacy,30,0.4.0,2026-08-07
sayba.com,1,50,Discoverable,,pass,fail,fail,fail,fail,skip,fail,skip,skip,pass,pass,mcp-server-card-json,,20,0.4.0,2026-08-07
sbomapp.com,1,15,Text-only,,fail,fail,fail,fail,skip,skip,fail,skip,skip,pass,pass,,,35,0.4.0,2026-08-07
scadaminer.com,1,0,Absent,,fail,fail,fail,fail,skip,skip,fail,skip,skip,fail,fail,,,29,0.4.0,2026-08-07
scalix.world,1,10,Text-only,,fail,fail,fail,fail,skip,skip,fail,skip,skip,pass,fail,,,16,0.4.0,2026-08-07
scamcheck.tech,1,15,Text-only,,fail,fail,fail,fail,skip,skip,fail,skip,skip,pass,pass,,,14,0.4.0,2026-08-07
scamverify.ai,1,45,Discoverable,,fail,fail,fail,pass,skip,skip,fail,skip,skip,pass,fail,,,14,0.4.0,2026-08-07
scan.mx,1,10,Text-only,,fail,fail,fail,fail,skip,skip,fail,skip,skip,pass,fail,,,17,0.4.0,2026-08-07
scanbim.app,1,5,Text-only,,fail,fail,fail,fail,skip,skip,fail,skip,skip,fail,pass,,,14,0.4.0,2026-08-07
scanbimlabs.io,1,0,Absent,,fail,fail,fail,fail,skip,skip,fail,skip,skip,fail,fail,,,17,0.4.0,2026-08-07
scanhood.xyz,1,80,Connectable,,fail,fail,pass,fail,pass,fail,fail,skip,skip,pass,fail,,legacy,20,0.4.0,2026-08-07
scania.com,1,0,Absent,,fail,fail,fail,fail,skip,skip,fail,skip,skip,fail,fail,,,29,0.4.0,2026-08-07
scanmalware.com,1,15,Text-only,,fail,fail,fail,fail,skip,skip,fail,skip,skip,pass,pass,,,17,0.4.0,2026-08-07
scannd.com,1,0,Absent,,fail,fail,fail,fail,skip,skip,fail,skip,skip,fail,fail,,,16,0.4.0,2026-08-07
scavio.dev,1,15,Text-only,,fail,fail,fail,fail,skip,skip,fail,skip,skip,pass,pass,,,17,0.4.0,2026-08-07
scb-mcp.onrender.com,1,0,Absent,,fail,fail,fail,fail,skip,skip,fail,skip,skip,fail,fail,,,54,0.4.0,2026-08-07
scfcontrolsplatform.app,1,0,Absent,,error,fail,fail,error,skip,skip,error,skip,skip,fail,fail,,,3,0.4.0,2026-08-07
schappy.nl,1,5,Text-only,,fail,fail,fail,fail,skip,skip,fail,skip,skip,fail,pass,,,17,0.4.0,2026-08-07
schedchie.com,1,50,Discoverable,,pass,fail,fail,fail,skip,skip,fail,skip,skip,pass,pass,mcp-server-card-json,,30,0.4.0,2026-08-07
schedulala.com,1,45,Discoverable,,fail,fail,fail,pass,skip,skip,fail,skip,skip,pass,fail,,,15,0.4.0,2026-08-07
schedulesmcp.com,1,15,Text-only,,fail,fail,fail,fail,skip,skip,fail,skip,skip,pass,pass,,,18,0.4.0,2026-08-07
schedulin.app,1,15,Text-only,,fail,fail,fail,fail,skip,skip,fail,skip,skip,pass,pass,,,31,0.4.0,2026-08-07
science-oracle-mcp.vercel.app,1,0,Absent,,fail,fail,fail,fail,skip,skip,fail,skip,skip,fail,fail,,,28,0.4.0,2026-08-07
scienceswarm.org,1,0,Absent,,error,fail,fail,error,skip,skip,error,skip,skip,fail,fail,,,5,0.4.0,2026-08-07
sciencetostartup.com,1,0,Absent,,fail,fail,fail,fail,skip,skip,fail,skip,skip,fail,fail,,,15,0.4.0,2026-08-07
scientificmicroservices.com,1,5,Text-only,,fail,fail,fail,fail,skip,skip,fail,skip,skip,fail,pass,,,18,0.4.0,2026-08-07
sciscale.org,1,0,Absent,,fail,fail,fail,fail,skip,skip,fail,skip,skip,fail,fail,,,29,0.4.0,2026-08-07
scispot.io,1,0,Absent,,fail,fail,fail,fail,skip,skip,fail,skip,skip,fail,fail,,,33,0.4.0,2026-08-07
scite.ai,1,85,Connectable,,fail,fail,pass,pass,pass,pass,fail,skip,pass,fail,fail,,legacy,22,0.4.0,2026-08-07
sciweave.com,1,0,Absent,,fail,fail,fail,fail,skip,skip,fail,skip,skip,fail,fail,,,18,0.4.0,2026-08-07
scmodeling.com,1,85,Connectable,,fail,fail,pass,fail,pass,pass,fail,skip,pass,fail,fail,,legacy,19,0.4.0,2026-08-07
scope.bid,1,50,Discoverable,,fail,fail,fail,pass,skip,skip,fail,skip,skip,pass,pass,,,14,0.4.0,2026-08-07
scopeblind.com,1,30,Text-only,,fail,fail,pass,fail,fail,skip,fail,skip,skip,pass,fail,,,21,0.4.0,2026-08-07
scopegate.cloud,1,0,Absent,,error,fail,fail,error,skip,skip,error,skip,skip,fail,fail,,,3,0.4.0,2026-08-07
scorecard.io,1,10,Text-only,,fail,fail,fail,fail,skip,skip,fail,skip,skip,pass,fail,,,30,0.4.0,2026-08-07
scorecredit.fr,1,45,Discoverable,,pass,fail,fail,fail,fail,skip,fail,skip,skip,pass,fail,mcp-json|mcp-bare|mcp-server-card-json,,17,0.4.0,2026-08-07
scotiasignal.ca,1,70,Connectable,,fail,fail,pass,fail,pass,fail,fail,skip,skip,fail,fail,,legacy,22,0.4.0,2026-08-07
scout.realestate,1,0,Absent,,fail,fail,fail,fail,skip,skip,fail,skip,skip,fail,fail,,,18,0.4.0,2026-08-07
scoutapm.com,1,80,Connectable,,fail,fail,pass,pass,pass,fail,fail,skip,skip,pass,fail,,modern,21,0.4.0,2026-08-07
scrap-autos.com,1,85,Connectable,,pass,fail,pass,pass,pass,pass,fail,pass,fail,pass,pass,mcp-server-card-json,legacy,20,0.4.0,2026-08-07
scrapecheck-mcp.fly.dev,1,70,Connectable,,fail,fail,pass,fail,pass,fail,fail,skip,skip,fail,fail,,legacy,20,0.4.0,2026-08-07
scrapeer.com,1,5,Text-only,,fail,fail,fail,fail,skip,skip,fail,skip,skip,fail,pass,,,29,0.4.0,2026-08-07
scrapenest.dev,1,10,Text-only,,fail,fail,fail,fail,skip,skip,fail,skip,skip,pass,fail,,,16,0.4.0,2026-08-07
scraper-api.com,1,70,Connectable,,fail,fail,pass,pass,pass,fail,fail,skip,skip,fail,fail,,modern,21,0.4.0,2026-08-07
scrapeunblocker.com,1,15,Text-only,,fail,fail,fail,fail,skip,skip,fail,skip,skip,pass,pass,,,32,0.4.0,2026-08-07
scrapfly.io,1,50,Discoverable,,pass,fail,fail,pass,fail,skip,fail,skip,skip,pass,pass,mcp-json|mcp-server-card-json,,29,0.4.0,2026-08-07
scrapi.ai,1,70,Connectable,,pass,fail,pass,fail,pass,fail,fail,skip,skip,fail,fail,mcp-server-card-json,modern,20,0.4.0,2026-08-07
scraping-api-alpha.vercel.app,1,35,Discoverable,,pass,fail,fail,fail,skip,skip,fail,skip,skip,fail,fail,mcp-server-card-json,,28,0.4.0,2026-08-07
scrapingant.com,1,0,Absent,,fail,fail,fail,fail,skip,skip,fail,skip,skip,fail,fail,,,25,0.4.0,2026-08-07
scrappycoco.ai,1,0,Absent,,fail,fail,fail,fail,skip,skip,fail,skip,skip,fail,fail,,,30,0.4.0,2026-08-07
scraps.kitchen,1,0,Absent,,fail,fail,fail,fail,skip,skip,fail,skip,skip,fail,fail,,,16,0.4.0,2026-08-07
scraptik.com,1,50,Discoverable,,pass,fail,fail,fail,skip,skip,fail,skip,skip,pass,pass,mcp-server-card-json,,16,0.4.0,2026-08-07
scratchrun.dev,1,0,Absent,,fail,fail,fail,fail,skip,skip,fail,skip,skip,fail,fail,,,16,0.4.0,2026-08-07
screenshot-pdf-x402-production.up.railway.app,1,0,Absent,,fail,fail,fail,fail,skip,skip,fail,skip,skip,fail,fail,,,28,0.4.0,2026-08-07
screenshotink.com,1,10,Text-only,,fail,fail,fail,fail,skip,skip,fail,skip,skip,pass,fail,,,17,0.4.0,2026-08-07
screenshotscout.com,1,0,Absent,,fail,fail,fail,fail,skip,skip,fail,skip,skip,fail,fail,,,16,0.4.0,2026-08-07
scribe-mail.com,1,85,Connectable,,pass,fail,fail,pass,pass,fail,fail,skip,skip,pass,pass,mcp-server-card-json,modern,36,0.4.0,2026-08-07
scriptivox.com,1,15,Text-only,,fail,fail,fail,fail,skip,skip,fail,skip,skip,pass,pass,,,28,0.4.0,2026-08-07
scrutica.com,1,50,Discoverable,,pass,fail,fail,fail,skip,skip,fail,skip,skip,pass,pass,mcp-bare|mcp-server-card-json,,18,0.4.0,2026-08-07
scvd.store,1,95,Agent-ready,,fail,fail,pass,fail,pass,pass,fail,skip,pass,pass,fail,,legacy,20,0.4.0,2026-08-07
sealsecurity.io,1,70,Connectable,,fail,fail,pass,pass,pass,fail,fail,skip,skip,fail,fail,,modern,23,0.4.0,2026-08-07
seanwinslow.com,1,0,Absent,,fail,fail,fail,fail,skip,skip,fail,skip,skip,fail,fail,,,15,0.4.0,2026-08-07
seaotter.ai,1,15,Text-only,,fail,fail,fail,fail,skip,skip,fail,skip,skip,pass,pass,,,18,0.4.0,2026-08-07
search1api.com,1,45,Discoverable,,pass,fail,fail,pass,skip,skip,fail,skip,skip,pass,fail,mcp-server-card-json,,29,0.4.0,2026-08-07
searchapi.io,1,35,Discoverable,,fail,fail,fail,pass,skip,skip,fail,skip,skip,fail,fail,,,27,0.4.0,2026-08-07
searchcode.com,1,10,Text-only,,fail,fail,fail,fail,skip,skip,fail,skip,skip,pass,fail,,,16,0.4.0,2026-08-07
searchconsole.ai,1,45,Discoverable,,pass,fail,fail,pass,skip,skip,fail,skip,skip,pass,fail,mcp-server-card-json,,15,0.4.0,2026-08-07
searchfragments.com,1,45,Discoverable,,pass,fail,fail,pass,fail,skip,fail,skip,skip,pass,fail,mcp-json,,15,0.4.0,2026-08-07
searchshop.ai,1,50,Discoverable,,pass,fail,fail,fail,skip,skip,fail,skip,skip,pass,pass,mcp-json,,29,0.4.0,2026-08-07
searchstack.dev,1,10,Text-only,,fail,fail,fail,fail,skip,skip,fail,skip,skip,pass,fail,,,18,0.4.0,2026-08-07
seatcanvas.app,1,15,Text-only,,fail,fail,fail,fail,skip,skip,fail,skip,skip,pass,pass,,,27,0.4.0,2026-08-07
seatswiper.com,1,45,Discoverable,,fail,fail,fail,pass,skip,skip,fail,skip,skip,pass,fail,,,32,0.4.0,2026-08-07
seaweb.tech,1,0,Absent,,fail,fail,fail,fail,skip,skip,fail,skip,skip,fail,fail,,,20,0.4.0,2026-08-07
seaworthy.io,1,95,Agent-ready,,pass,fail,pass,pass,pass,pass,pass,fail,pass,pass,fail,ai-catalog|mcp-server-card-json,modern,22,0.4.0,2026-08-07
sec-filings-mcp-1065601264332.us-central1.run.app,1,45,Discoverable,,pass,fail,fail,fail,skip,skip,fail,skip,skip,pass,fail,mcp-json,,28,0.4.0,2026-08-07
secantoutreach.com,1,0,Absent,,error,fail,fail,error,skip,skip,error,skip,skip,fail,fail,,,41,0.4.0,2026-08-07
secapi.ai,1,15,Text-only,,fail,fail,fail,fail,skip,skip,fail,skip,skip,pass,pass,,,16,0.4.0,2026-08-07
secdim.com,1,0,Absent,,fail,fail,fail,fail,skip,skip,fail,skip,skip,fail,fail,,,18,0.4.0,2026-08-07
secondbrainbridge.vercel.app,1,35,Discoverable,,fail,fail,fail,pass,skip,skip,fail,skip,skip,fail,fail,,,28,0.4.0,2026-08-07
secondeyesai.com,1,80,Connectable,,pass,fail,fail,fail,pass,pass,fail,fail,fail,pass,fail,mcp-json|mcp-server-card-json,legacy,20,0.4.0,2026-08-07
secondopinionx402.com,1,80,Connectable,,pass,fail,pass,fail,pass,fail,fail,skip,skip,pass,fail,mcp-json,legacy,20,0.4.0,2026-08-07
secretcarousel.com,1,10,Text-only,,fail,fail,fail,fail,skip,skip,fail,skip,skip,pass,fail,,,18,0.4.0,2026-08-07
sectora.io,1,10,Text-only,,fail,fail,fail,fail,skip,skip,fail,skip,skip,pass,fail,,,17,0.4.0,2026-08-07
security-orchestra-orchestrator.onrender.com,1,0,Absent,,fail,fail,fail,fail,skip,skip,fail,skip,skip,fail,fail,,,54,0.4.0,2026-08-07
seedba.se,1,85,Connectable,,pass,fail,pass,fail,pass,pass,fail,pass,pass,fail,fail,mcp-server-card-json,legacy,20,0.4.0,2026-08-07
seedfa.st,1,15,Text-only,,fail,fail,fail,fail,skip,skip,fail,skip,skip,pass,pass,,,16,0.4.0,2026-08-07
seekon.me,1,0,Absent,,fail,fail,fail,fail,skip,skip,fail,skip,skip,fail,fail,,,28,0.4.0,2026-08-07
seekrit.dev,1,10,Text-only,,fail,fail,fail,fail,skip,skip,fail,skip,skip,pass,fail,,,18,0.4.0,2026-08-07
seenthis.kr,1,15,Text-only,,fail,fail,fail,fail,skip,skip,fail,skip,skip,pass,pass,,,29,0.4.0,2026-08-07
seerxo.com,1,70,Connectable,,fail,fail,pass,pass,pass,fail,fail,skip,skip,fail,fail,,modern,33,0.4.0,2026-08-07
seespectral.com,1,15,Text-only,,fail,fail,fail,fail,skip,skip,fail,skip,skip,pass,pass,,,17,0.4.0,2026-08-07
seishorei-wakarukun.com,1,50,Discoverable,,fail,fail,fail,pass,skip,skip,fail,skip,skip,pass,pass,,,17,0.4.0,2026-08-07
sekichi.fly.dev,1,35,Discoverable,,fail,fail,fail,pass,skip,skip,fail,skip,skip,fail,fail,,,15,0.4.0,2026-08-07
selbyventurecap.workers.dev,1,0,Absent,,error,fail,fail,error,skip,skip,error,skip,skip,fail,fail,,,6,0.4.0,2026-08-07
seldonframe.com,1,80,Connectable,,pass,fail,fail,pass,pass,fail,fail,skip,skip,pass,fail,mcp-server-card-json,modern,34,0.4.0,2026-08-07
selectic.ai,1,35,Discoverable,,fail,fail,fail,pass,skip,skip,fail,skip,skip,fail,fail,,,14,0.4.0,2026-08-07
selis.app,1,0,Absent,,fail,fail,fail,fail,skip,skip,fail,skip,skip,fail,fail,,,20,0.4.0,2026-08-07
selis.dev,1,0,Absent,,fail,fail,fail,fail,skip,skip,fail,skip,skip,fail,fail,,,22,0.4.0,2026-08-07
seliseblocks.com,1,5,Text-only,,fail,fail,fail,fail,skip,skip,fail,skip,skip,fail,pass,,,17,0.4.0,2026-08-07
sellag.vercel.app,1,15,Text-only,,skip,fail,fail,skip,skip,skip,fail,skip,skip,pass,pass,,,20,0.4.0,2026-08-07
selloracle.com,1,100,Agent-ready,,fail,fail,pass,fail,pass,pass,fail,skip,pass,pass,pass,,legacy,20,0.4.0,2026-08-07
seltz.ai,1,0,Absent,,fail,fail,fail,fail,skip,skip,fail,skip,skip,fail,fail,,,20,0.4.0,2026-08-07
selvo.co,1,0,Absent,,fail,fail,fail,fail,skip,skip,fail,skip,skip,fail,fail,,,17,0.4.0,2026-08-07
sema-lang.com,1,45,Discoverable,,pass,fail,fail,fail,fail,skip,pass,skip,skip,pass,fail,ai-catalog,,21,0.4.0,2026-08-07
sematryx.com,1,0,Absent,,fail,fail,fail,fail,skip,skip,fail,skip,skip,fail,fail,,,28,0.4.0,2026-08-07
semidata.dev,1,50,Discoverable,,pass,fail,fail,fail,skip,skip,fail,skip,skip,pass,pass,mcp-server-card-json,,15,0.4.0,2026-08-07
semilattice.ai,1,0,Absent,,fail,fail,fail,fail,skip,skip,fail,skip,skip,skip,fail,,,20,0.4.0,2026-08-07
semiotic-mcp-server-481507046413.us-west1.run.app,1,70,Connectable,,fail,fail,pass,fail,pass,fail,fail,skip,skip,fail,fail,,legacy,33,0.4.0,2026-08-07
send16.com,1,15,Text-only,,fail,fail,fail,fail,skip,skip,fail,skip,skip,pass,pass,,,17,0.4.0,2026-08-07
sendable.me,1,0,Absent,,error,fail,fail,error,skip,skip,error,skip,skip,fail,fail,,,40,0.4.0,2026-08-07
senderkit.com,1,45,Discoverable,,fail,fail,fail,pass,skip,skip,fail,skip,skip,pass,fail,,,28,0.4.0,2026-08-07
senders.ai,1,50,Discoverable,,fail,fail,fail,pass,skip,skip,fail,skip,skip,pass,pass,,,18,0.4.0,2026-08-07
sendfast.ai,1,0,Absent,,fail,fail,fail,fail,skip,skip,fail,skip,skip,fail,fail,,,15,0.4.0,2026-08-07
sendhey.app,1,85,Connectable,,fail,fail,pass,pass,pass,fail,fail,skip,skip,pass,pass,,modern,18,0.4.0,2026-08-07
sendifai.com,1,45,Discoverable,,pass,fail,fail,pass,skip,skip,fail,skip,skip,pass,fail,mcp-server-card-json,,27,0.4.0,2026-08-07
sendinel.ai,1,45,Discoverable,,fail,fail,fail,pass,skip,skip,fail,skip,skip,pass,fail,,,18,0.4.0,2026-08-07
sendmux.ai,1,80,Connectable,,pass,fail,pass,pass,pass,fail,fail,skip,skip,pass,fail,mcp-server-card-json,modern,23,0.4.0,2026-08-07
sendpageapp.com,1,70,Connectable,,fail,fail,pass,fail,pass,fail,fail,skip,skip,fail,fail,,legacy,19,0.4.0,2026-08-07
sendpulse.com,1,10,Text-only,,fail,fail,fail,fail,skip,skip,fail,skip,skip,pass,fail,,,19,0.4.0,2026-08-07
sendquotenow.com,1,10,Text-only,,fail,fail,fail,fail,skip,skip,fail,skip,skip,pass,fail,,,14,0.4.0,2026-08-07
sendthisfax.com,1,100,Agent-ready,,pass,fail,pass,fail,pass,pass,fail,fail,pass,pass,pass,mcp-json,legacy,37,0.4.0,2026-08-07
sendyouragent.com,1,10,Text-only,,fail,fail,fail,fail,skip,skip,fail,skip,skip,pass,fail,,,15,0.4.0,2026-08-07
seneschal.space,1,10,Text-only,,fail,fail,fail,fail,skip,skip,fail,skip,skip,pass,fail,,,18,0.4.0,2026-08-07
senpi-agent.workers.dev,1,0,Absent,,error,fail,fail,error,skip,skip,error,skip,skip,fail,fail,,,6,0.4.0,2026-08-07
sense2.com.au,1,100,Agent-ready,,pass,fail,fail,fail,pass,pass,fail,skip,pass,pass,pass,mcp-json,legacy,22,0.4.0,2026-08-07
sentedge.ai,1,75,Connectable,,fail,fail,pass,fail,pass,fail,fail,skip,skip,fail,pass,,legacy,32,0.4.0,2026-08-07
sentimatix-mcp.up.railway.app,1,0,Absent,,fail,fail,fail,fail,skip,skip,fail,skip,skip,fail,fail,,,28,0.4.0,2026-08-07
sentiment-analyzer-x402-production.up.railway.app,1,0,Absent,,fail,fail,fail,fail,skip,skip,fail,skip,skip,fail,fail,,,28,0.4.0,2026-08-07
sentiment-trail-mcp.vercel.app,1,0,Absent,,fail,fail,fail,fail,skip,skip,fail,skip,skip,fail,fail,,,28,0.4.0,2026-08-07
sentinelscan-cloud-mcp.vercel.app,1,0,Absent,,fail,fail,fail,fail,skip,skip,fail,skip,skip,fail,fail,,,28,0.4.0,2026-08-07
sentinelsignal.io,1,85,Connectable,,fail,fail,pass,pass,pass,pass,fail,skip,pass,fail,fail,,legacy,24,0.4.0,2026-08-07
sentinelx.app,1,0,Absent,,fail,fail,fail,fail,skip,skip,fail,skip,skip,fail,fail,,,16,0.4.0,2026-08-07
sentisense.ai,1,15,Text-only,,fail,fail,fail,fail,skip,skip,fail,skip,skip,pass,pass,,,14,0.4.0,2026-08-07
sentrysurface.io,1,5,Text-only,,fail,fail,fail,fail,skip,skip,fail,skip,skip,fail,pass,,,19,0.4.0,2026-08-07
sentvia.ai,1,50,Discoverable,,pass,fail,fail,fail,skip,skip,fail,skip,skip,pass,pass,mcp-server-card-json,,16,0.4.0,2026-08-07
senzii.com,1,0,Absent,,fail,fail,fail,fail,skip,skip,fail,skip,skip,fail,fail,,,16,0.4.0,2026-08-07
senzing.com,1,35,Discoverable,,fail,fail,fail,pass,skip,skip,fail,skip,skip,fail,fail,,,20,0.4.0,2026-08-07
seo-analyzer-x402-production.up.railway.app,1,0,Absent,,fail,fail,fail,fail,skip,skip,fail,skip,skip,fail,fail,,,28,0.4.0,2026-08-07
seo-ghost-mcp.vercel.app,1,0,Absent,,fail,fail,fail,fail,skip,skip,fail,skip,skip,fail,fail,,,27,0.4.0,2026-08-07
seoapi.com,1,0,Absent,,fail,fail,fail,fail,skip,skip,fail,skip,skip,fail,fail,,,16,0.4.0,2026-08-07
seob5285.workers.dev,1,0,Absent,,error,fail,fail,error,skip,skip,error,skip,skip,fail,fail,,,6,0.4.0,2026-08-07
seocrawl.ai,1,10,Text-only,,fail,fail,fail,fail,skip,skip,fail,skip,skip,pass,fail,,,17,0.4.0,2026-08-07
seodesignlab.workers.dev,1,0,Absent,,error,fail,fail,error,skip,skip,error,skip,skip,fail,fail,,,6,0.4.0,2026-08-07
seoforgpt.io,1,85,Connectable,,pass,fail,pass,fail,pass,fail,fail,skip,skip,pass,pass,mcp-json|mcp-server-card-json,modern,37,0.4.0,2026-08-07
seogrep.com,1,0,Absent,,fail,fail,fail,fail,skip,skip,fail,skip,skip,fail,fail,,,17,0.4.0,2026-08-07
seosa.ink,1,0,Absent,,error,fail,fail,error,skip,skip,error,skip,skip,fail,fail,,,3,0.4.0,2026-08-07
seqbench.com,1,100,Agent-ready,,fail,fail,pass,fail,pass,pass,fail,skip,pass,pass,pass,,legacy,20,0.4.0,2026-08-07
sequel.consulting,1,50,Discoverable,,pass,fail,fail,fail,skip,skip,fail,skip,skip,pass,pass,mcp-server-card-json,,21,0.4.0,2026-08-07
sequentum.com,1,15,Text-only,,fail,fail,fail,fail,skip,skip,fail,skip,skip,pass,pass,,,31,0.4.0,2026-08-07
sequenzy.com,1,45,Discoverable,,pass,fail,fail,pass,skip,skip,fail,skip,skip,pass,fail,mcp-server-card-json,,28,0.4.0,2026-08-07
serac.cloud,1,0,Absent,,fail,fail,fail,fail,skip,skip,fail,skip,skip,fail,fail,,,42,0.4.0,2026-08-07
seranking.com,1,40,Discoverable,,fail,fail,fail,pass,skip,skip,fail,skip,skip,fail,pass,,,17,0.4.0,2026-08-07
serff.ai,1,85,Connectable,,fail,fail,pass,pass,pass,pass,fail,skip,pass,fail,fail,,legacy,30,0.4.0,2026-08-07
serp-agent.com,1,85,Connectable,,fail,fail,pass,pass,pass,fail,fail,skip,skip,pass,pass,,modern,31,0.4.0,2026-08-07
serpapi.com,1,10,Text-only,,fail,fail,fail,fail,skip,skip,fail,skip,skip,pass,fail,,,18,0.4.0,2026-08-07
serpdive.com,1,80,Connectable,,fail,fail,pass,pass,pass,fail,fail,skip,skip,pass,fail,,modern,21,0.4.0,2026-08-07
serpent.cloud,1,10,Text-only,,fail,fail,fail,fail,skip,skip,fail,skip,skip,pass,fail,,,18,0.4.0,2026-08-07
serpjet.io,1,0,Absent,,error,fail,fail,error,skip,skip,error,skip,skip,fail,fail,,,45,0.4.0,2026-08-07
serpmantics.com,1,0,Absent,,fail,fail,fail,fail,skip,skip,fail,skip,skip,fail,fail,,,15,0.4.0,2026-08-07
serpstat.com,1,10,Text-only,,fail,fail,fail,fail,skip,skip,fail,skip,skip,pass,fail,,,19,0.4.0,2026-08-07
serpzilla.com,1,15,Text-only,,fail,fail,fail,fail,skip,skip,fail,skip,skip,pass,pass,,,22,0.4.0,2026-08-07
server4agent.com,1,45,Discoverable,,fail,fail,fail,pass,skip,skip,fail,skip,skip,pass,fail,,,31,0.4.0,2026-08-07
servercardtrust.space,1,80,Connectable,,pass,fail,pass,fail,pass,fail,fail,skip,skip,pass,fail,mcp-server-card-json,modern,18,0.4.0,2026-08-07
serverless-db-oracle-mcp.vercel.app,1,0,Absent,,fail,fail,fail,fail,skip,skip,fail,skip,skip,fail,fail,,,27,0.4.0,2026-08-07
servicebricks.com,1,5,Text-only,,fail,fail,fail,fail,skip,skip,fail,skip,skip,fail,pass,,,15,0.4.0,2026-08-07
servicegraph.co,1,10,Text-only,,skip,fail,fail,skip,skip,skip,fail,skip,skip,pass,fail,,,8,0.4.0,2026-08-07
servicepal.cloud,1,0,Absent,,fail,fail,fail,fail,skip,skip,fail,skip,skip,fail,fail,,,14,0.4.0,2026-08-07
servicialo.com,1,45,Discoverable,,pass,fail,fail,fail,fail,skip,fail,skip,skip,pass,fail,mcp-json,,26,0.4.0,2026-08-07
servonaut.dev,1,0,Absent,,fail,fail,fail,fail,skip,skip,fail,skip,skip,fail,fail,,,23,0.4.0,2026-08-07
sessionkeeper.ai,1,0,Absent,,fail,fail,fail,fail,skip,skip,fail,skip,skip,fail,fail,,,25,0.4.0,2026-08-07
sessy.do,1,10,Text-only,,fail,fail,fail,fail,skip,skip,fail,skip,skip,pass,fail,,,19,0.4.0,2026-08-07
setfork.com,1,0,Absent,,fail,fail,fail,fail,skip,skip,fail,skip,skip,fail,fail,,,15,0.4.0,2026-08-07
setip.io,1,10,Text-only,,fail,fail,fail,fail,skip,skip,fail,skip,skip,pass,fail,,,19,0.4.0,2026-08-07
setix.com,1,10,Text-only,,fail,fail,fail,fail,skip,skip,fail,skip,skip,pass,fail,,,18,0.4.0,2026-08-07
setix.dev,1,80,Connectable,,pass,fail,fail,fail,pass,fail,fail,pass,skip,pass,fail,mcp-server-serra|mcp-server-card-json,legacy,27,0.4.0,2026-08-07
settlemesh.io,1,50,Discoverable,,pass,fail,fail,fail,skip,skip,fail,skip,skip,pass,pass,mcp-json,,31,0.4.0,2026-08-07
settro.net,1,85,Connectable,,fail,fail,pass,fail,pass,fail,fail,skip,skip,pass,pass,,legacy,25,0.4.0,2026-08-07
seu.pet,1,5,Text-only,,fail,fail,fail,fail,skip,skip,fail,skip,skip,fail,pass,,,15,0.4.0,2026-08-07
sevalla.com,1,0,Absent,,fail,fail,fail,fail,skip,skip,fail,skip,skip,fail,fail,,,21,0.4.0,2026-08-07
sexai.dev,1,15,Text-only,,fail,fail,fail,fail,skip,skip,fail,skip,skip,pass,pass,,,16,0.4.0,2026-08-07
sftunes.com,1,70,Connectable,,fail,fail,pass,fail,pass,fail,fail,skip,skip,fail,fail,,legacy,24,0.4.0,2026-08-07
sgdata.workers.dev,1,0,Absent,,error,fail,fail,error,skip,skip,error,skip,skip,fail,fail,,,7,0.4.0,2026-08-07
sgpdirectory.com,1,85,Connectable,,fail,fail,pass,fail,pass,fail,fail,skip,skip,pass,pass,,legacy,21,0.4.0,2026-08-07
sgpropertydata.com,1,45,Discoverable,,pass,fail,fail,fail,fail,skip,fail,skip,skip,pass,fail,ai-catalog,,16,0.4.0,2026-08-07
shade.inc,1,0,Absent,,fail,fail,fail,fail,skip,skip,fail,skip,skip,fail,fail,,,18,0.4.0,2026-08-07
shakespeare-monologues.org,1,80,Connectable,,fail,fail,pass,fail,pass,fail,fail,skip,skip,pass,fail,,legacy,37,0.4.0,2026-08-07
shamra-academia.com,1,75,Connectable,,fail,fail,pass,fail,pass,fail,fail,skip,skip,fail,pass,,modern,27,0.4.0,2026-08-07
shaozhengkun.workers.dev,1,0,Absent,,error,fail,fail,error,skip,skip,error,skip,skip,fail,fail,,,6,0.4.0,2026-08-07
shardlink-control-plane-6phhkg3f2q-ts.a.run.app,1,0,Absent,,fail,fail,fail,fail,skip,skip,fail,skip,skip,fail,fail,,,28,0.4.0,2026-08-07
sharebench.ai,1,80,Connectable,,pass,fail,fail,fail,pass,fail,fail,pass,skip,pass,fail,mcp-json|mcp-bare|mcp-server-card-json,legacy,22,0.4.0,2026-08-07
sharemypage.app,1,45,Discoverable,,pass,fail,fail,pass,fail,skip,fail,skip,skip,pass,fail,mcp-server-card-json,,18,0.4.0,2026-08-07
sharksalesinfo-blip.github.io,1,0,Absent,,fail,fail,fail,fail,skip,skip,fail,skip,skip,fail,fail,,,28,0.4.0,2026-08-07
shawndurrani.ai,1,0,Absent,,fail,fail,fail,fail,skip,skip,fail,skip,skip,fail,fail,,,17,0.4.0,2026-08-07
sheetbest.com,1,30,Text-only,,fail,fail,pass,fail,fail,skip,fail,skip,skip,pass,fail,,,21,0.4.0,2026-08-07
sheetsdata.com,1,0,Absent,,fail,fail,fail,fail,skip,skip,fail,skip,skip,fail,fail,,,16,0.4.0,2026-08-07
sherweb.com,1,70,Connectable,,fail,fail,pass,pass,pass,fail,fail,skip,skip,fail,fail,,modern,36,0.4.0,2026-08-07
shibui.finance,1,15,Text-only,,fail,fail,fail,fail,skip,skip,fail,skip,skip,pass,pass,,,22,0.4.0,2026-08-07
shieldz.cash,1,100,Agent-ready,,fail,fail,pass,fail,pass,pass,fail,skip,pass,pass,pass,,legacy,20,0.4.0,2026-08-07
shiflowai.cloud,1,35,Discoverable,,pass,fail,fail,fail,skip,skip,fail,skip,skip,fail,fail,mcp-server-card-json,,15,0.4.0,2026-08-07
shiftinbits.com,1,0,Absent,,fail,fail,fail,fail,skip,skip,fail,skip,skip,fail,fail,,,15,0.4.0,2026-08-07
shiftyasan.com,1,85,Connectable,,fail,fail,pass,fail,pass,pass,fail,skip,pass,fail,fail,,legacy,21,0.4.0,2026-08-07
shimonkolodny.workers.dev,1,0,Absent,,error,fail,fail,error,skip,skip,error,skip,skip,fail,fail,,,6,0.4.0,2026-08-07
shineup.digital,1,0,Absent,,fail,fail,fail,fail,skip,skip,fail,skip,skip,fail,fail,,,27,0.4.0,2026-08-07
shingou.io,1,10,Text-only,,fail,fail,fail,fail,skip,skip,fail,skip,skip,pass,fail,,,14,0.4.0,2026-08-07
shinobidata.com,1,40,Discoverable,,fail,fail,fail,pass,skip,skip,fail,skip,skip,fail,pass,,,22,0.4.0,2026-08-07
ship24.com,1,0,Absent,,fail,fail,fail,fail,skip,skip,fail,skip,skip,fail,fail,,,29,0.4.0,2026-08-07
shipbook.io,1,0,Absent,,fail,fail,fail,fail,skip,skip,fail,skip,skip,fail,fail,,,38,0.4.0,2026-08-07
shipdapp.com,1,5,Text-only,,fail,fail,fail,fail,skip,skip,fail,skip,skip,fail,pass,,,17,0.4.0,2026-08-07
shipeasy.ai,1,0,Absent,,fail,fail,fail,fail,skip,skip,fail,skip,skip,fail,fail,,,17,0.4.0,2026-08-07
shiplight.ai,1,15,Text-only,,fail,fail,fail,fail,skip,skip,fail,skip,skip,pass,pass,,,28,0.4.0,2026-08-07
shiply.now,1,80,Connectable,,pass,fail,pass,pass,pass,fail,fail,pass,skip,pass,fail,mcp-json,legacy,23,0.4.0,2026-08-07
shipmail.to,1,50,Discoverable,,pass,fail,fail,pass,fail,skip,fail,skip,skip,pass,pass,mcp-server-card-json,,15,0.4.0,2026-08-07
shipmycar.co.uk,1,85,Connectable,,fail,fail,pass,fail,pass,fail,fail,skip,skip,pass,pass,,legacy,37,0.4.0,2026-08-07
shippingrates.org,1,80,Connectable,,fail,fail,pass,fail,pass,fail,fail,skip,skip,pass,fail,,legacy,25,0.4.0,2026-08-07
shippo.com,1,70,Connectable,,fail,fail,pass,pass,pass,fail,fail,skip,skip,fail,fail,,modern,22,0.4.0,2026-08-07
shippp.ai,1,0,Absent,,fail,fail,fail,fail,skip,skip,fail,skip,skip,fail,fail,,,29,0.4.0,2026-08-07
shipstatic.com,1,85,Connectable,,pass,fail,fail,fail,pass,fail,fail,pass,skip,pass,pass,mcp-json,legacy,36,0.4.0,2026-08-07
shipswift.app,1,70,Connectable,,fail,fail,pass,fail,pass,fail,fail,skip,skip,fail,fail,,legacy,22,0.4.0,2026-08-07
shirabe.dev,1,100,Agent-ready,,fail,fail,pass,fail,pass,pass,fail,skip,pass,pass,pass,,legacy,21,0.4.0,2026-08-07
shizu.me,1,0,Absent,,fail,fail,fail,fail,skip,skip,fail,skip,skip,fail,fail,,,15,0.4.0,2026-08-07
shodai.network,1,80,Connectable,,pass,fail,pass,fail,pass,fail,pass,skip,skip,pass,fail,server-card-endpoint-relative|mcp-json|mcp-server-card-json,modern,22,0.4.0,2026-08-07
shonanfarm.com,1,10,Text-only,,fail,fail,fail,fail,skip,skip,fail,skip,skip,pass,fail,,,18,0.4.0,2026-08-07
shopfront.cloud,1,0,Absent,,fail,fail,fail,fail,skip,skip,fail,skip,skip,fail,fail,,,28,0.4.0,2026-08-07
shopfront.se,1,5,Text-only,,fail,fail,fail,fail,skip,skip,fail,skip,skip,fail,pass,,,15,0.4.0,2026-08-07
shopgraph.dev,1,70,Connectable,,fail,fail,pass,fail,pass,fail,fail,skip,skip,fail,fail,,legacy,23,0.4.0,2026-08-07
shopmcp.net,1,50,Discoverable,,pass,fail,fail,fail,skip,skip,fail,skip,skip,pass,pass,mcp-json,,29,0.4.0,2026-08-07
shoptera.ai,1,35,Discoverable,,pass,fail,fail,fail,skip,skip,fail,skip,skip,fail,fail,mcp-server-card-json,,19,0.4.0,2026-08-07
shortcutsbridge.vercel.app,1,35,Discoverable,,fail,fail,fail,pass,skip,skip,fail,skip,skip,fail,fail,,,28,0.4.0,2026-08-07
shortgenius.com,1,45,Discoverable,,pass,fail,fail,pass,fail,skip,fail,skip,skip,pass,fail,mcp-json|mcp-server-card-json,,19,0.4.0,2026-08-07
shortlist-mcp.vercel.app,1,70,Connectable,,fail,fail,pass,fail,pass,fail,fail,skip,skip,fail,fail,,legacy,33,0.4.0,2026-08-07
shortsmonkey.com,1,85,Connectable,,fail,fail,pass,fail,pass,fail,fail,skip,skip,pass,pass,,modern,36,0.4.0,2026-08-07
shorttext.com,1,95,Agent-ready,,pass,fail,pass,fail,pass,pass,fail,pass,pass,pass,fail,mcp-json,legacy,19,0.4.0,2026-08-07
shotbot.net,1,0,Absent,,fail,fail,fail,fail,skip,skip,fail,skip,skip,fail,fail,,,30,0.4.0,2026-08-07
shots.run,1,50,Discoverable,,pass,fail,fail,pass,skip,skip,fail,skip,skip,pass,pass,mcp-json|mcp-server-card-json,,14,0.4.0,2026-08-07
showmeonmap.com,1,10,Text-only,,fail,fail,fail,fail,skip,skip,fail,skip,skip,pass,fail,,,14,0.4.0,2026-08-07
showmestepbystep.com,1,50,Discoverable,,pass,fail,fail,fail,skip,skip,fail,skip,skip,pass,pass,mcp-json,,30,0.4.0,2026-08-07
shyn.day,1,5,Text-only,,fail,fail,fail,fail,skip,skip,fail,skip,skip,fail,pass,,,15,0.4.0,2026-08-07
sibfly.com,1,85,Connectable,,pass,fail,fail,pass,pass,pass,fail,skip,fail,pass,pass,mcp-bare,legacy,19,0.4.0,2026-08-07
siccodes.co.uk,1,0,Absent,,fail,fail,fail,fail,skip,skip,fail,skip,skip,fail,fail,,,41,0.4.0,2026-08-07
sidai.live,1,40,Discoverable,,pass,fail,fail,pass,skip,skip,fail,skip,skip,fail,pass,mcp-server-card-json,,14,0.4.0,2026-08-07
sidecardata.com,1,0,Absent,,fail,fail,fail,fail,skip,skip,fail,skip,skip,fail,fail,,,29,0.4.0,2026-08-07
sidislab.com,1,40,Discoverable,,pass,fail,fail,pass,skip,skip,fail,skip,skip,fail,pass,mcp-server-card-json,,15,0.4.0,2026-08-07
sidneybissoli.workers.dev,1,0,Absent,,error,fail,fail,error,skip,skip,error,skip,skip,fail,fail,,,6,0.4.0,2026-08-07
siftdex.com,1,0,Absent,,error,fail,fail,error,skip,skip,error,skip,skip,fail,fail,,,3,0.4.0,2026-08-07
sifting.io,1,15,Text-only,,fail,fail,fail,fail,skip,skip,fail,skip,skip,pass,pass,,,16,0.4.0,2026-08-07
sig.ai,1,10,Text-only,,fail,fail,fail,fail,skip,skip,fail,skip,skip,pass,fail,,,15,0.4.0,2026-08-07
sigit.si,1,0,Absent,,fail,fail,fail,fail,skip,skip,fail,skip,skip,fail,fail,,,14,0.4.0,2026-08-07
siglume.com,1,0,Absent,,fail,fail,fail,fail,skip,skip,fail,skip,skip,fail,fail,,,17,0.4.0,2026-08-07
sigma-gate-864996675261.us-central1.run.app,1,0,Absent,,fail,fail,fail,fail,skip,skip,fail,skip,skip,fail,fail,,,54,0.4.0,2026-08-07
signado.io,1,10,Text-only,,fail,fail,fail,fail,skip,skip,fail,skip,skip,pass,fail,,,17,0.4.0,2026-08-07
signal8.ai,1,85,Connectable,,fail,fail,pass,pass,pass,fail,fail,skip,skip,pass,pass,,modern,22,0.4.0,2026-08-07
signaldaemon.com,1,15,Text-only,,fail,fail,fail,fail,skip,skip,fail,skip,skip,pass,pass,,,16,0.4.0,2026-08-07
signaliz.com,1,50,Discoverable,,pass,fail,fail,fail,skip,skip,fail,skip,skip,pass,pass,mcp-json,,16,0.4.0,2026-08-07
signalpipe.io,1,10,Text-only,,fail,fail,fail,fail,skip,skip,fail,skip,skip,pass,fail,,,15,0.4.0,2026-08-07
signals.global,1,85,Connectable,,pass,fail,pass,fail,pass,fail,fail,skip,skip,pass,pass,mcp-json|mcp-server-card-json,modern,19,0.4.0,2026-08-07
signatrust.io,1,45,Discoverable,,fail,fail,fail,pass,skip,skip,fail,skip,skip,pass,fail,,,30,0.4.0,2026-08-07
signdocs.com.br,1,5,Text-only,,fail,fail,fail,fail,skip,skip,fail,skip,skip,fail,pass,,,32,0.4.0,2026-08-07
signed.com,1,10,Text-only,,fail,fail,fail,fail,skip,skip,fail,skip,skip,pass,fail,,,18,0.4.0,2026-08-07
signomy.xyz,1,85,Connectable,,pass,fail,fail,fail,pass,fail,fail,fail,skip,pass,pass,mcp-server-card-json,legacy,19,0.4.0,2026-08-07
signvoy.com,1,15,Text-only,,fail,fail,fail,fail,skip,skip,fail,skip,skip,pass,pass,,,28,0.4.0,2026-08-07
sigparser.com,1,0,Absent,,fail,fail,fail,fail,skip,skip,fail,skip,skip,fail,fail,,,24,0.4.0,2026-08-07
sigrunner.workers.dev,1,0,Absent,,error,fail,fail,error,skip,skip,error,skip,skip,fail,fail,,,6,0.4.0,2026-08-07
siima.online,1,85,Connectable,,pass,fail,pass,fail,pass,fail,fail,pass,skip,pass,pass,mcp-json,legacy,22,0.4.0,2026-08-07
silicann.com,1,5,Text-only,,fail,fail,fail,fail,skip,skip,fail,skip,skip,fail,pass,,,42,0.4.0,2026-08-07
siliconanalysts.com,1,50,Discoverable,,fail,fail,fail,pass,skip,skip,fail,skip,skip,pass,pass,,,14,0.4.0,2026-08-07
siliconbridge.xyz,1,0,Absent,,error,fail,fail,error,skip,skip,error,skip,skip,fail,fail,,,41,0.4.0,2026-08-07
siliconfriendly.com,1,0,Absent,,fail,fail,fail,fail,skip,skip,fail,skip,skip,fail,fail,,,39,0.4.0,2026-08-07
silverbackmarketing.com,1,15,Text-only,,fail,fail,fail,fail,skip,skip,fail,skip,skip,pass,pass,,,28,0.4.0,2026-08-07
simceptor.com,1,40,Discoverable,,pass,fail,fail,pass,skip,skip,fail,skip,skip,fail,pass,mcp-server-card-json,,15,0.4.0,2026-08-07
simcloud.co.za,1,50,Discoverable,,fail,fail,fail,pass,skip,skip,fail,skip,skip,pass,pass,,,15,0.4.0,2026-08-07
similarity-search-api-production.up.railway.app,1,0,Absent,,fail,fail,fail,fail,skip,skip,fail,skip,skip,fail,fail,,,28,0.4.0,2026-08-07
simoko.workers.dev,1,0,Absent,,error,fail,fail,error,skip,skip,error,skip,skip,fail,fail,,,6,0.4.0,2026-08-07
simplecohortllc.com,1,10,Text-only,,fail,fail,fail,fail,skip,skip,fail,skip,skip,pass,fail,,,30,0.4.0,2026-08-07
simplefunctions.dev,1,15,Text-only,,fail,fail,fail,fail,skip,skip,fail,skip,skip,pass,pass,,,18,0.4.0,2026-08-07
simplyestate.co.uk,1,80,Connectable,,pass,fail,fail,pass,pass,fail,fail,skip,skip,pass,fail,mcp-json,legacy,21,0.4.0,2026-08-07
simplyprint.io,1,10,Text-only,,fail,fail,fail,fail,skip,skip,fail,skip,skip,pass,fail,,,16,0.4.0,2026-08-07
simplyscan.io,1,15,Text-only,,fail,fail,fail,fail,skip,skip,fail,skip,skip,pass,pass,,,16,0.4.0,2026-08-07
simplywarmup.com,1,0,Absent,,error,fail,fail,error,skip,skip,error,skip,skip,fail,fail,,,28,0.4.0,2026-08-07
simpson-strong-agent.onrender.com,1,0,Absent,,fail,fail,fail,fail,skip,skip,fail,skip,skip,fail,fail,,,28,0.4.0,2026-08-07
simsense.ai,1,0,Absent,,fail,fail,fail,fail,skip,skip,fail,skip,skip,fail,fail,,,15,0.4.0,2026-08-07
simsima.io,1,50,Discoverable,,pass,fail,fail,pass,skip,skip,fail,skip,skip,pass,pass,mcp-server-card-json,,20,0.4.0,2026-08-07
simstim.ai,1,0,Absent,,fail,fail,fail,fail,skip,skip,fail,skip,skip,fail,fail,,,15,0.4.0,2026-08-07
simulis.io,1,10,Text-only,,fail,fail,fail,fail,skip,skip,fail,skip,skip,pass,fail,,,14,0.4.0,2026-08-07
singaporemobileproxy.com,1,10,Text-only,,fail,fail,fail,fail,skip,skip,fail,skip,skip,pass,fail,,,16,0.4.0,2026-08-07
singchat.org,1,40,Discoverable,,fail,fail,fail,pass,skip,skip,fail,skip,skip,fail,pass,,,22,0.4.0,2026-08-07
singular.net,1,15,Text-only,,fail,fail,fail,fail,skip,skip,fail,skip,skip,pass,pass,,,33,0.4.0,2026-08-07
sinoconnection.com,1,0,Absent,,fail,fail,fail,fail,skip,skip,fail,skip,skip,fail,fail,,,28,0.4.0,2026-08-07
sipflow.dev,1,0,Absent,,fail,fail,fail,fail,skip,skip,fail,skip,skip,fail,fail,,,26,0.4.0,2026-08-07
sipi.bot,1,50,Discoverable,,pass,fail,fail,fail,skip,skip,fail,skip,skip,pass,pass,mcp-json,,14,0.4.0,2026-08-07
sirenic.eu,1,50,Discoverable,,pass,fail,fail,fail,skip,skip,fail,skip,skip,pass,pass,mcp-json,,29,0.4.0,2026-08-07
sirune.tech,1,0,Absent,,fail,fail,fail,fail,skip,skip,fail,skip,skip,fail,fail,,,16,0.4.0,2026-08-07
sistaminuten.se,1,95,Agent-ready,,fail,fail,pass,fail,pass,pass,fail,skip,pass,pass,fail,,legacy,32,0.4.0,2026-08-07
siteglass.io,1,10,Text-only,,fail,fail,fail,fail,skip,skip,fail,skip,skip,pass,fail,,,28,0.4.0,2026-08-07
siteguardian.io,1,10,Text-only,,fail,fail,fail,fail,skip,skip,fail,skip,skip,pass,fail,,,17,0.4.0,2026-08-07
sitelemetry.com,1,45,Discoverable,,pass,fail,fail,pass,skip,skip,fail,skip,skip,pass,fail,mcp-server-card-json,,13,0.4.0,2026-08-07
sitepulsar-mcp.vercel.app,1,85,Connectable,,fail,fail,pass,pass,pass,pass,fail,skip,pass,fail,fail,,modern,32,0.4.0,2026-08-07
sitepulsar.ai,1,100,Agent-ready,,pass,fail,pass,pass,pass,pass,fail,skip,pass,pass,pass,mcp-json,modern,34,0.4.0,2026-08-07
sitesplaced.com,1,50,Discoverable,,fail,fail,fail,pass,skip,skip,fail,skip,skip,pass,pass,,,20,0.4.0,2026-08-07
sitevitals.co.uk,1,45,Discoverable,,pass,fail,fail,pass,skip,skip,fail,skip,skip,pass,fail,ai-catalog|mcp-server-card-json,,29,0.4.0,2026-08-07
situationatlas.com,1,10,Text-only,,fail,fail,fail,fail,skip,skip,fail,skip,skip,pass,fail,,,15,0.4.0,2026-08-07
sivut.co,1,5,Text-only,,fail,fail,fail,fail,skip,skip,fail,skip,skip,fail,pass,,,15,0.4.0,2026-08-07
sixta.ai,1,15,Text-only,,fail,fail,fail,fail,skip,skip,fail,skip,skip,pass,pass,,,16,0.4.0,2026-08-07
skala.io,1,10,Text-only,,fail,fail,fail,fail,skip,skip,fail,skip,skip,pass,fail,,,23,0.4.0,2026-08-07
skanfirmy.pl,1,95,Agent-ready,,fail,fail,pass,fail,pass,pass,fail,skip,pass,pass,fail,,legacy,20,0.4.0,2026-08-07
skedra.xyz,1,50,Discoverable,,fail,fail,fail,pass,skip,skip,fail,skip,skip,pass,pass,,,15,0.4.0,2026-08-07
skew.site,1,50,Discoverable,,pass,fail,fail,pass,fail,skip,fail,skip,skip,pass,pass,mcp-json,,16,0.4.0,2026-08-07
ski-france.com,1,15,Text-only,,fail,fail,fail,fail,skip,skip,fail,skip,skip,pass,pass,,,20,0.4.0,2026-08-07
skilder.ai,1,15,Text-only,,fail,fail,fail,fail,skip,skip,fail,skip,skip,pass,pass,,,27,0.4.0,2026-08-07
skilimone.com,1,50,Discoverable,,pass,fail,fail,fail,fail,skip,pass,skip,skip,pass,pass,ai-catalog,,31,0.4.0,2026-08-07
skill-history.com,1,50,Discoverable,,pass,fail,fail,fail,skip,skip,fail,skip,skip,pass,pass,mcp-json,,15,0.4.0,2026-08-07
skilldb.dev,1,35,Discoverable,,pass,fail,fail,pass,skip,skip,fail,skip,skip,fail,fail,mcp-server-card-json,,17,0.4.0,2026-08-07
skillkit.run,1,0,Absent,,error,fail,fail,error,skip,skip,error,skip,skip,fail,fail,,,3,0.4.0,2026-08-07
skillrepo.dev,1,50,Discoverable,,pass,fail,fail,pass,fail,skip,fail,skip,skip,pass,pass,mcp-json|mcp-server-card-json,,19,0.4.0,2026-08-07
skills-hub.ai,1,15,Text-only,,fail,fail,fail,fail,skip,skip,fail,skip,skip,pass,pass,,,15,0.4.0,2026-08-07
skillssafe.com,1,100,Agent-ready,,pass,fail,fail,fail,pass,pass,fail,pass,pass,pass,pass,mcp-json,legacy,21,0.4.0,2026-08-07
skim402.com,1,10,Text-only,,fail,fail,fail,fail,skip,skip,fail,skip,skip,pass,fail,,,14,0.4.0,2026-08-07
skingrind.com,1,45,Discoverable,,pass,fail,fail,pass,fail,skip,fail,skip,skip,pass,fail,mcp-json,,30,0.4.0,2026-08-07
skinknowledgebase.com,1,85,Connectable,,fail,fail,pass,fail,pass,fail,fail,skip,skip,pass,pass,,legacy,23,0.4.0,2026-08-07
skiplagged.com,1,85,Connectable,,fail,fail,pass,fail,pass,pass,fail,skip,pass,fail,fail,,legacy,23,0.4.0,2026-08-07
skipodds.com,1,85,Connectable,,fail,fail,pass,fail,pass,pass,fail,skip,pass,fail,fail,,legacy,20,0.4.0,2026-08-07
skipshit.com,1,15,Text-only,,fail,fail,fail,fail,skip,skip,fail,skip,skip,pass,pass,,,17,0.4.0,2026-08-07
skopik.com,1,15,Text-only,,fail,fail,fail,fail,skip,skip,fail,skip,skip,pass,pass,,,30,0.4.0,2026-08-07
skulayer.com,1,80,Connectable,,fail,fail,pass,pass,pass,fail,fail,skip,skip,pass,fail,,modern,18,0.4.0,2026-08-07
skyalo.com,1,10,Text-only,,fail,fail,fail,fail,skip,skip,fail,skip,skip,pass,fail,,,21,0.4.0,2026-08-07
skybridge.tech,1,10,Text-only,,fail,fail,fail,fail,skip,skip,fail,skip,skip,pass,fail,,,29,0.4.0,2026-08-07
skyvern.com,1,10,Text-only,,fail,fail,fail,fail,skip,skip,fail,skip,skip,pass,fail,,,30,0.4.0,2026-08-07
slacking.biz,1,35,Discoverable,,pass,fail,fail,fail,skip,skip,fail,skip,skip,fail,fail,mcp-json|mcp-server-card-json,,15,0.4.0,2026-08-07
sladd.no,1,70,Connectable,,pass,fail,fail,fail,pass,fail,fail,skip,skip,fail,fail,mcp-json,modern,22,0.4.0,2026-08-07
slashr.dev,1,15,Text-only,,fail,fail,fail,fail,skip,skip,fail,skip,skip,pass,pass,,,18,0.4.0,2026-08-07
slatehut.com,1,35,Discoverable,,fail,fail,fail,pass,skip,skip,fail,skip,skip,fail,fail,,,17,0.4.0,2026-08-07
sleekplan.com,1,85,Connectable,,fail,fail,pass,pass,pass,fail,fail,skip,skip,pass,pass,,modern,25,0.4.0,2026-08-07
sleeperhit.studio,1,50,Discoverable,,fail,fail,fail,pass,skip,skip,fail,skip,skip,pass,pass,,,15,0.4.0,2026-08-07
sleepwalker.ai,1,0,Absent,,fail,fail,fail,fail,skip,skip,fail,skip,skip,fail,fail,,,32,0.4.0,2026-08-07
slickfast.com,1,0,Absent,,fail,fail,fail,fail,skip,skip,fail,skip,skip,fail,fail,,,18,0.4.0,2026-08-07
slide-factory-mcp.vercel.app,1,0,Absent,,fail,fail,fail,fail,skip,skip,fail,skip,skip,fail,fail,,,28,0.4.0,2026-08-07
slideforge.dev,1,95,Agent-ready,,fail,fail,pass,pass,pass,pass,fail,skip,pass,pass,fail,,modern,20,0.4.0,2026-08-07
slideless.ai,1,10,Text-only,,fail,fail,fail,fail,skip,skip,fail,skip,skip,pass,fail,,,31,0.4.0,2026-08-07
slidesfly.com,1,50,Discoverable,,pass,fail,fail,fail,skip,skip,fail,skip,skip,pass,pass,mcp-server-card-json,,14,0.4.0,2026-08-07
slidev-mcp.org,1,10,Text-only,,fail,fail,fail,fail,skip,skip,fail,skip,skip,pass,fail,,,20,0.4.0,2026-08-07
slima.ai,1,15,Text-only,,fail,fail,fail,fail,skip,skip,fail,skip,skip,pass,pass,,,19,0.4.0,2026-08-07
slingdata.io,1,10,Text-only,,fail,fail,fail,fail,skip,skip,fail,skip,skip,pass,fail,,,16,0.4.0,2026-08-07
slipstack.dev,1,0,Absent,,error,fail,fail,error,skip,skip,error,skip,skip,fail,fail,,,3,0.4.0,2026-08-07
slipstream-pi.vercel.app,1,80,Connectable,,fail,fail,pass,fail,pass,fail,fail,skip,skip,pass,fail,,legacy,33,0.4.0,2026-08-07
slug-generator-production.up.railway.app,1,0,Absent,,fail,fail,fail,fail,skip,skip,fail,skip,skip,fail,fail,,,28,0.4.0,2026-08-07
slug-generator-x402-production.up.railway.app,1,0,Absent,,fail,fail,fail,fail,skip,skip,fail,skip,skip,fail,fail,,,28,0.4.0,2026-08-07
smartapex.uk,1,85,Connectable,,pass,fail,pass,fail,pass,fail,fail,pass,skip,pass,pass,mcp-json|mcp-server-card-json,legacy,21,0.4.0,2026-08-07
smartapis.net,1,0,Absent,,skip,fail,fail,skip,skip,skip,skip,skip,skip,skip,fail,,,3,0.4.0,2026-08-07
smartbear.com,1,10,Text-only,,fail,fail,fail,fail,skip,skip,fail,skip,skip,pass,fail,,,20,0.4.0,2026-08-07
smartcrawler.io,1,45,Discoverable,,pass,fail,fail,fail,skip,skip,fail,skip,skip,pass,fail,mcp-json,,17,0.4.0,2026-08-07
smartergpt.dev,1,5,Text-only,,fail,fail,fail,fail,skip,skip,fail,skip,skip,fail,pass,,,15,0.4.0,2026-08-07
smarterweather.com,1,80,Connectable,,fail,fail,pass,pass,pass,fail,fail,skip,skip,pass,fail,,legacy,26,0.4.0,2026-08-07
smarthomeexplorer.com,1,50,Discoverable,,pass,fail,fail,fail,fail,skip,fail,skip,skip,pass,pass,mcp-bare,,32,0.4.0,2026-08-07
smartling.com,1,0,Absent,,fail,fail,fail,fail,skip,skip,fail,skip,skip,fail,fail,,,35,0.4.0,2026-08-07
smartroutes.io,1,10,Text-only,,fail,fail,fail,fail,skip,skip,fail,skip,skip,pass,fail,,,17,0.4.0,2026-08-07
smasher.studio,1,0,Absent,,error,fail,fail,error,skip,skip,error,skip,skip,fail,fail,,,46,0.4.0,2026-08-07
smiaware.com,1,0,Absent,,fail,fail,fail,fail,skip,skip,fail,skip,skip,fail,fail,,,18,0.4.0,2026-08-07
smirnov.link,1,0,Absent,,error,fail,fail,error,skip,skip,error,skip,skip,fail,fail,,,11,0.4.0,2026-08-07
smklog.com,1,45,Discoverable,,pass,fail,fail,pass,skip,skip,fail,skip,skip,pass,fail,mcp-server-card-json,,15,0.4.0,2026-08-07
smolanalytics.com,1,15,Text-only,,fail,fail,fail,fail,skip,skip,fail,skip,skip,pass,pass,,,14,0.4.0,2026-08-07
smplkit.com,1,10,Text-only,,fail,fail,fail,fail,skip,skip,fail,skip,skip,pass,fail,,,31,0.4.0,2026-08-07
sms-validator-production.up.railway.app,1,0,Absent,,fail,fail,fail,fail,skip,skip,fail,skip,skip,fail,fail,,,28,0.4.0,2026-08-07
sms-validator-x402-production.up.railway.app,1,0,Absent,,fail,fail,fail,fail,skip,skip,fail,skip,skip,fail,fail,,,28,0.4.0,2026-08-07
smsenmasse.fr,1,0,Absent,,fail,fail,fail,fail,skip,skip,fail,skip,skip,fail,fail,,,30,0.4.0,2026-08-07
snapcall.io,1,35,Discoverable,,fail,pass,fail,fail,skip,skip,fail,skip,skip,fail,fail,,,18,0.4.0,2026-08-07
snapdiff.ai,1,15,Text-only,,fail,fail,fail,fail,skip,skip,fail,skip,skip,pass,pass,,,15,0.4.0,2026-08-07
snapforge.org,1,10,Text-only,,fail,fail,fail,fail,skip,skip,fail,skip,skip,pass,fail,,,16,0.4.0,2026-08-07
snapog.com,1,35,Discoverable,,pass,fail,fail,fail,fail,skip,fail,skip,skip,fail,fail,mcp-server-card-json,,20,0.4.0,2026-08-07
snapshot-site.com,1,45,Discoverable,,fail,fail,pass,pass,fail,skip,fail,skip,skip,pass,fail,,,26,0.4.0,2026-08-07
snapto.link,1,80,Connectable,,fail,fail,pass,pass,pass,fail,fail,skip,skip,pass,fail,,modern,32,0.4.0,2026-08-07
snaptoll.com,1,10,Text-only,,fail,fail,fail,fail,skip,skip,fail,skip,skip,pass,fail,,,16,0.4.0,2026-08-07
sncro.net,1,0,Absent,,error,fail,fail,error,skip,skip,error,skip,skip,fail,fail,,,41,0.4.0,2026-08-07
sneaker-hub.com,1,15,Text-only,,fail,fail,fail,fail,skip,skip,fail,skip,skip,pass,pass,,,15,0.4.0,2026-08-07
snhp.dev,1,45,Discoverable,,pass,fail,fail,fail,skip,skip,fail,skip,skip,pass,fail,mcp-server-card-json,,18,0.4.0,2026-08-07
sniff.world,1,15,Text-only,,fail,fail,fail,fail,skip,skip,fail,skip,skip,pass,pass,,,18,0.4.0,2026-08-07
snipara.com,1,15,Text-only,,fail,fail,fail,fail,skip,skip,fail,skip,skip,pass,pass,,,28,0.4.0,2026-08-07
snipget.ai,1,45,Discoverable,,pass,fail,fail,fail,fail,skip,fail,skip,skip,pass,fail,ai-catalog|mcp-server-card-json,,22,0.4.0,2026-08-07
snitcher.com,1,15,Text-only,,fail,fail,fail,fail,skip,skip,fail,skip,skip,pass,pass,,,28,0.4.0,2026-08-07
snoooz.ai,1,0,Absent,,fail,fail,fail,fail,skip,skip,fail,skip,skip,fail,fail,,,15,0.4.0,2026-08-07
snooze.domains,1,80,Connectable,,fail,fail,pass,pass,pass,fail,fail,skip,skip,pass,fail,,legacy,23,0.4.0,2026-08-07
snov.io,1,0,Absent,,fail,fail,fail,fail,skip,skip,fail,skip,skip,fail,fail,,,18,0.4.0,2026-08-07
snowdata.ai,1,45,Discoverable,,pass,fail,pass,fail,fail,skip,fail,skip,skip,pass,fail,ai-catalog|mcp-json,,37,0.4.0,2026-08-07
snowsure.ai,1,85,Connectable,,pass,fail,pass,pass,pass,fail,fail,fail,skip,pass,pass,ai-catalog|mcp-json|mcp-server-card-json,legacy,37,0.4.0,2026-08-07
snowy-surf-deec.workers.dev,1,0,Absent,,error,fail,fail,error,skip,skip,error,skip,skip,fail,fail,,,6,0.4.0,2026-08-07
snugplanner.com,1,0,Absent,,fail,fail,fail,fail,skip,skip,fail,skip,skip,fail,fail,,,16,0.4.0,2026-08-07
snyk.io,1,0,Absent,,fail,fail,fail,fail,skip,skip,fail,skip,skip,fail,fail,,,14,0.4.0,2026-08-07
soapnoteapi.com,1,15,Text-only,,fail,fail,fail,fail,skip,skip,fail,skip,skip,pass,pass,,,18,0.4.0,2026-08-07
socal-business-storefront.onrender.com,1,0,Absent,,fail,fail,fail,fail,skip,skip,fail,skip,skip,fail,fail,,,28,0.4.0,2026-08-07
social-api.ai,1,15,Text-only,,fail,fail,fail,fail,skip,skip,fail,skip,skip,pass,pass,,,17,0.4.0,2026-08-07
social-intel-mcp-production.up.railway.app,1,0,Absent,,error,fail,fail,error,skip,skip,error,skip,skip,fail,fail,,,37,0.4.0,2026-08-07
social-profile-x402-production.up.railway.app,1,0,Absent,,fail,fail,fail,fail,skip,skip,fail,skip,skip,fail,fail,,,28,0.4.0,2026-08-07
socialai.one,1,50,Discoverable,,fail,fail,fail,pass,skip,skip,fail,skip,skip,pass,pass,,,17,0.4.0,2026-08-07
socialbridge-mcp.vercel.app,1,70,Connectable,,fail,fail,pass,fail,pass,fail,fail,skip,skip,fail,fail,,legacy,33,0.4.0,2026-08-07
socialbu.com,1,35,Discoverable,,fail,fail,fail,pass,skip,skip,fail,skip,skip,fail,fail,,,15,0.4.0,2026-08-07
socialchamp.com,1,50,Discoverable,,pass,fail,fail,pass,skip,skip,fail,skip,skip,pass,pass,mcp-json|mcp-server-card-json,,36,0.4.0,2026-08-07
socialcooks.com,1,45,Discoverable,,pass,fail,fail,fail,fail,skip,fail,skip,skip,pass,fail,mcp-server-card-json,,14,0.4.0,2026-08-07
socialdatax.com,1,10,Text-only,,fail,fail,fail,fail,skip,skip,fail,skip,skip,pass,fail,,,17,0.4.0,2026-08-07
socialfetch.dev,1,80,Connectable,,fail,fail,pass,pass,pass,fail,fail,skip,skip,pass,fail,,legacy,34,0.4.0,2026-08-07
sociality.io,1,10,Text-only,,fail,fail,fail,fail,skip,skip,fail,skip,skip,pass,fail,,,15,0.4.0,2026-08-07
socializioz.com,1,50,Discoverable,,fail,fail,fail,pass,skip,skip,fail,skip,skip,pass,pass,,,17,0.4.0,2026-08-07
socialloop.ai,1,85,Connectable,,pass,fail,fail,pass,pass,fail,fail,skip,skip,pass,pass,mcp-json,modern,20,0.4.0,2026-08-07
socialneuron.com,1,50,Discoverable,,pass,fail,fail,fail,skip,skip,fail,skip,skip,pass,pass,mcp-json,,16,0.4.0,2026-08-07
socialperks.app,1,15,Text-only,,fail,fail,fail,fail,skip,skip,fail,skip,skip,pass,pass,,,15,0.4.0,2026-08-07
socialrainbow.app,1,15,Text-only,,fail,fail,fail,fail,skip,skip,fail,skip,skip,pass,pass,,,15,0.4.0,2026-08-07
socialspool.com,1,85,Connectable,,fail,fail,pass,pass,pass,fail,fail,skip,skip,pass,pass,,modern,21,0.4.0,2026-08-07
socialync-mcp-ntgtgrzanq-ue.a.run.app,1,0,Absent,,skip,fail,fail,skip,skip,skip,skip,skip,skip,skip,fail,,,16,0.4.0,2026-08-07
sociologic.ai,1,85,Connectable,,pass,fail,pass,pass,pass,fail,fail,skip,skip,pass,pass,mcp-server-card-json,modern,33,0.4.0,2026-08-07
sociologicai.com,1,70,Connectable,,fail,fail,pass,pass,pass,fail,fail,skip,skip,fail,fail,,modern,21,0.4.0,2026-08-07
sodax.com,1,85,Connectable,,pass,fail,fail,fail,pass,fail,fail,fail,skip,pass,pass,mcp-server-card-json,legacy,30,0.4.0,2026-08-07
soeru.biz,1,0,Absent,,fail,fail,fail,fail,skip,skip,fail,skip,skip,fail,fail,,,21,0.4.0,2026-08-07
softbowl.co.kr,1,0,Absent,,fail,fail,fail,fail,skip,skip,fail,skip,skip,fail,fail,,,15,0.4.0,2026-08-07
softricks.net,1,0,Absent,,fail,fail,fail,fail,skip,skip,fail,skip,skip,fail,fail,,,22,0.4.0,2026-08-07
sofya.co,1,45,Discoverable,,fail,fail,fail,pass,skip,skip,fail,skip,skip,pass,fail,,,17,0.4.0,2026-08-07
sol-forge-mcp.vercel.app,1,0,Absent,,fail,fail,fail,fail,skip,skip,fail,skip,skip,fail,fail,,,27,0.4.0,2026-08-07
solana-fees-x402-production.up.railway.app,1,0,Absent,,fail,fail,fail,fail,skip,skip,fail,skip,skip,fail,fail,,,28,0.4.0,2026-08-07
solana-launches-x402-production.up.railway.app,1,0,Absent,,fail,fail,fail,fail,skip,skip,fail,skip,skip,fail,fail,,,28,0.4.0,2026-08-07
solana-pools-x402-production.up.railway.app,1,0,Absent,,fail,fail,fail,fail,skip,skip,fail,skip,skip,fail,fail,,,28,0.4.0,2026-08-07
solenium.ai,1,0,Absent,,fail,fail,fail,fail,skip,skip,fail,skip,skip,fail,fail,,,15,0.4.0,2026-08-07
solenrich.com,1,95,Agent-ready,,fail,fail,pass,fail,pass,pass,fail,skip,pass,pass,fail,,legacy,36,0.4.0,2026-08-07
solidus-mcp.fly.dev,1,0,Absent,,error,fail,fail,error,skip,skip,error,skip,skip,fail,fail,,,3,0.4.0,2026-08-07
solidus-x402.fly.dev,1,0,Absent,,error,fail,fail,error,skip,skip,error,skip,skip,fail,fail,,,3,0.4.0,2026-08-07
solinkify.com,1,0,Absent,,fail,fail,fail,fail,skip,skip,fail,skip,skip,fail,fail,,,30,0.4.0,2026-08-07
solknife.xyz,1,0,Absent,,fail,fail,fail,fail,skip,skip,fail,skip,skip,fail,fail,,,15,0.4.0,2026-08-07
solo.io,1,10,Text-only,,fail,fail,fail,fail,skip,skip,fail,skip,skip,pass,fail,,,23,0.4.0,2026-08-07
solonai.com,1,35,Discoverable,,fail,pass,fail,fail,skip,skip,fail,skip,skip,fail,fail,,,20,0.4.0,2026-08-07
solvicus.com,1,5,Text-only,,fail,fail,fail,fail,skip,skip,fail,skip,skip,fail,pass,,,18,0.4.0,2026-08-07
sombra.so,1,35,Discoverable,,pass,fail,fail,pass,skip,skip,fail,skip,skip,fail,fail,mcp-bare|mcp-server-card-json,,18,0.4.0,2026-08-07
somdewan.com,1,10,Text-only,,fail,fail,fail,fail,skip,skip,fail,skip,skip,pass,fail,,,15,0.4.0,2026-08-07
somewhere.tech,1,80,Connectable,,fail,fail,pass,pass,pass,fail,fail,skip,skip,pass,fail,,modern,23,0.4.0,2026-08-07
somosmaqui.com,1,10,Text-only,,fail,fail,fail,fail,skip,skip,fail,skip,skip,pass,fail,,,15,0.4.0,2026-08-07
somosvelora.com,1,0,Absent,,fail,fail,fail,fail,skip,skip,fail,skip,skip,fail,fail,,,15,0.4.0,2026-08-07
somvia.app,1,50,Discoverable,,fail,fail,fail,pass,skip,skip,fail,skip,skip,pass,pass,,,15,0.4.0,2026-08-07
sonas.work,1,0,Absent,,fail,fail,fail,fail,skip,skip,fail,skip,skip,fail,fail,,,18,0.4.0,2026-08-07
sonatype.com,1,0,Absent,,fail,fail,fail,fail,skip,skip,fail,skip,skip,fail,fail,,,37,0.4.0,2026-08-07
sonenta.com,1,15,Text-only,,fail,fail,fail,fail,skip,skip,fail,skip,skip,pass,pass,,,16,0.4.0,2026-08-07
songstoyoureyes.com,1,85,Connectable,,fail,fail,pass,fail,pass,pass,fail,skip,pass,fail,fail,,modern,22,0.4.0,2026-08-07
sonlightwindow.com,1,50,Discoverable,,pass,fail,fail,fail,skip,skip,pass,skip,skip,pass,pass,ai-catalog|mcp-bare,,14,0.4.0,2026-08-07
sophon.consulting,1,85,Connectable,,pass,fail,pass,fail,pass,fail,fail,pass,skip,pass,pass,server-card-endpoint-relative|ai-catalog|mcp-server-card-json,legacy,46,0.4.0,2026-08-07
sophymarine.com,1,15,Text-only,,fail,fail,fail,fail,skip,skip,fail,skip,skip,pass,pass,,,16,0.4.0,2026-08-07
soracom.com,1,5,Text-only,,fail,fail,fail,fail,skip,skip,fail,skip,skip,fail,pass,,,23,0.4.0,2026-08-07
sorsa.app,1,15,Text-only,,fail,fail,fail,fail,skip,skip,fail,skip,skip,pass,pass,,,18,0.4.0,2026-08-07
sorted.fast,1,45,Discoverable,,pass,fail,fail,pass,fail,skip,pass,skip,skip,pass,fail,ai-catalog|mcp-json|mcp-server-card-json,,24,0.4.0,2026-08-07
sos-battery.sk,1,80,Connectable,,pass,fail,fail,fail,pass,pass,fail,pass,fail,pass,fail,mcp-json|mcp-server-card-json,legacy,25,0.4.0,2026-08-07
sota.io,1,80,Connectable,,fail,fail,pass,pass,pass,fail,fail,skip,skip,pass,fail,,modern,28,0.4.0,2026-08-07
soulcraftagency.com,1,45,Discoverable,,pass,fail,fail,fail,skip,skip,fail,skip,skip,pass,fail,mcp-server-card-json,,22,0.4.0,2026-08-07
soullight.workers.dev,1,0,Absent,,error,fail,fail,error,skip,skip,error,skip,skip,fail,fail,,,14,0.4.0,2026-08-07
source.parts,1,80,Connectable,,fail,fail,pass,pass,pass,fail,fail,skip,skip,pass,fail,,modern,27,0.4.0,2026-08-07
sourced.dev,1,0,Absent,,error,fail,fail,error,skip,skip,error,skip,skip,fail,fail,,,50,0.4.0,2026-08-07
sourcelibrary.org,1,10,Text-only,,fail,fail,fail,fail,skip,skip,fail,skip,skip,pass,fail,,,20,0.4.0,2026-08-07
sourcemill.ai,1,0,Absent,,error,fail,fail,error,skip,skip,error,skip,skip,fail,fail,,,12,0.4.0,2026-08-07
sourcey.com,1,80,Connectable,,fail,fail,pass,fail,pass,fail,fail,skip,skip,pass,fail,,legacy,28,0.4.0,2026-08-07
southlondonscientific.com,1,0,Absent,,fail,fail,fail,fail,skip,skip,fail,skip,skip,fail,fail,,,41,0.4.0,2026-08-07
sovantica.ai,1,10,Text-only,,fail,fail,fail,fail,skip,skip,fail,skip,skip,pass,fail,,,20,0.4.0,2026-08-07
sovereigntyempire.com,1,0,Absent,,error,fail,fail,error,skip,skip,error,skip,skip,fail,fail,,,11,0.4.0,2026-08-07
sovgrid.org,1,10,Text-only,,fail,fail,fail,fail,skip,skip,fail,skip,skip,pass,fail,,,22,0.4.0,2026-08-07
spacefast.com,1,80,Connectable,,pass,fail,fail,pass,pass,fail,fail,skip,skip,pass,fail,mcp-server-card-json,modern,25,0.4.0,2026-08-07
spacefrontiers.org,1,80,Connectable,,fail,fail,pass,pass,pass,fail,fail,skip,skip,pass,fail,,legacy,27,0.4.0,2026-08-07
spacemolt.com,1,10,Text-only,,fail,fail,fail,fail,skip,skip,fail,skip,skip,pass,fail,,,19,0.4.0,2026-08-07
spacexploration.com,1,95,Agent-ready,,pass,fail,pass,pass,pass,pass,fail,pass,pass,pass,fail,mcp-server-card-json,legacy,28,0.4.0,2026-08-07
spala.ai,1,80,Connectable,,pass,fail,pass,pass,pass,fail,fail,skip,skip,pass,fail,mcp-json,modern,27,0.4.0,2026-08-07
spanly.com,1,80,Connectable,,fail,fail,pass,pass,pass,fail,fail,skip,skip,pass,fail,,modern,28,0.4.0,2026-08-07
spannhq.com,1,80,Connectable,,fail,fail,pass,fail,pass,fail,fail,skip,skip,pass,fail,,legacy,26,0.4.0,2026-08-07
sparkforge.sh,1,80,Connectable,,fail,fail,pass,fail,pass,fail,fail,skip,skip,pass,fail,,legacy,23,0.4.0,2026-08-07
sparklingtracks.com,1,10,Text-only,,fail,fail,fail,fail,skip,skip,fail,skip,skip,pass,fail,,,20,0.4.0,2026-08-07
sparkscribe.app,1,10,Text-only,,fail,fail,fail,fail,skip,skip,fail,skip,skip,pass,fail,,,17,0.4.0,2026-08-07
spatialpack.dev,1,10,Text-only,,fail,fail,fail,fail,skip,skip,fail,skip,skip,pass,fail,,,28,0.4.0,2026-08-07
spcsft.com,1,10,Text-only,,fail,fail,fail,fail,skip,skip,fail,skip,skip,pass,fail,,,31,0.4.0,2026-08-07
speak2web.com,1,0,Absent,,fail,fail,fail,fail,skip,skip,fail,skip,skip,fail,fail,,,15,0.4.0,2026-08-07
speakai.co,1,85,Connectable,,pass,fail,fail,pass,pass,fail,fail,skip,skip,pass,pass,mcp-json|mcp-server-card-json,modern,27,0.4.0,2026-08-07
speakman.ai,1,10,Text-only,,fail,fail,fail,fail,skip,skip,fail,skip,skip,pass,fail,,,15,0.4.0,2026-08-07
spec-api-mcp.vercel.app,1,35,Discoverable,,pass,fail,fail,fail,skip,skip,fail,skip,skip,fail,fail,mcp-server-card-json,,28,0.4.0,2026-08-07
specky.space,1,15,Text-only,,fail,fail,fail,fail,skip,skip,fail,skip,skip,pass,pass,,,27,0.4.0,2026-08-07
specproof.ai,1,0,Absent,,fail,fail,fail,fail,skip,skip,fail,skip,skip,fail,fail,,,19,0.4.0,2026-08-07
specularis-mcp-audit-production.up.railway.app,1,70,Connectable,,fail,fail,pass,fail,pass,fail,fail,skip,skip,fail,fail,,legacy,33,0.4.0,2026-08-07
speedof.me,1,10,Text-only,,fail,fail,fail,fail,skip,skip,fail,skip,skip,pass,fail,,,15,0.4.0,2026-08-07
speedrun-talent-network.com,1,10,Text-only,,fail,fail,fail,fail,skip,skip,fail,skip,skip,pass,fail,,,17,0.4.0,2026-08-07
speedvault.io,1,0,Absent,,fail,fail,fail,fail,skip,skip,fail,skip,skip,fail,fail,,,29,0.4.0,2026-08-07
speeronnext-dev-chat-app.azurewebsites.net,1,0,Absent,,fail,fail,fail,fail,skip,skip,fail,skip,skip,fail,fail,,,39,0.4.0,2026-08-07
speko.ai,1,15,Text-only,,fail,fail,fail,fail,skip,skip,fail,skip,skip,pass,pass,,,20,0.4.0,2026-08-07
spendict.com,1,10,Text-only,,fail,fail,fail,fail,skip,skip,fail,skip,skip,pass,fail,,,27,0.4.0,2026-08-07
spendnod.com,1,0,Absent,,fail,fail,fail,fail,skip,skip,fail,skip,skip,fail,fail,,,30,0.4.0,2026-08-07
spider.cloud,1,15,Text-only,,fail,fail,fail,fail,skip,skip,fail,skip,skip,pass,pass,,,22,0.4.0,2026-08-07
spideriq.ai,1,10,Text-only,,fail,fail,fail,fail,skip,skip,fail,skip,skip,pass,fail,,,15,0.4.0,2026-08-07
spintax.net,1,95,Agent-ready,,pass,fail,pass,fail,pass,pass,fail,pass,pass,pass,fail,mcp-json|mcp-server-card-json,modern,19,0.4.0,2026-08-07
spiralstake.xyz,1,85,Connectable,,pass,fail,fail,fail,pass,fail,fail,fail,skip,pass,pass,mcp-json,legacy,21,0.4.0,2026-08-07
splark.com,1,75,Connectable,,fail,fail,pass,pass,pass,fail,fail,skip,skip,fail,pass,,modern,21,0.4.0,2026-08-07
splidia.com,1,100,Agent-ready,,pass,fail,pass,fail,pass,pass,fail,pass,pass,pass,pass,mcp-json,legacy,28,0.4.0,2026-08-07
spocal.xyz,1,5,Text-only,,fail,fail,fail,fail,skip,skip,fail,skip,skip,fail,pass,,,17,0.4.0,2026-08-07
spocont.com,1,45,Discoverable,,pass,fail,fail,pass,skip,skip,fail,skip,skip,pass,fail,mcp-json|mcp-server-card-json,,28,0.4.0,2026-08-07
spoiler.bet,1,10,Text-only,,fail,fail,fail,fail,skip,skip,fail,skip,skip,pass,fail,,,16,0.4.0,2026-08-07
sponsorable.com,1,10,Text-only,,fail,fail,fail,fail,skip,skip,fail,skip,skip,pass,fail,,,15,0.4.0,2026-08-07
sponsorfinder.io,1,5,Text-only,,fail,fail,fail,fail,skip,skip,fail,skip,skip,fail,pass,,,31,0.4.0,2026-08-07
spoonjoy.app,1,35,Discoverable,,fail,fail,fail,pass,skip,skip,fail,skip,skip,fail,fail,,,14,0.4.0,2026-08-07
sportwizzard.com,1,85,Connectable,,fail,fail,pass,fail,pass,fail,fail,skip,skip,pass,pass,,modern,22,0.4.0,2026-08-07
spraay.app,1,0,Absent,,fail,fail,fail,fail,skip,skip,fail,skip,skip,fail,fail,,,23,0.4.0,2026-08-07
sprintflint.com,1,85,Connectable,,fail,fail,pass,fail,pass,fail,fail,skip,skip,pass,pass,,legacy,21,0.4.0,2026-08-07
sprintra.io,1,15,Text-only,,fail,fail,fail,fail,skip,skip,fail,skip,skip,pass,pass,,,19,0.4.0,2026-08-07
spritecook.ai,1,85,Connectable,,fail,fail,pass,pass,pass,fail,fail,skip,skip,pass,pass,,modern,36,0.4.0,2026-08-07
sprites.dev,1,35,Discoverable,,fail,fail,fail,pass,skip,skip,fail,skip,skip,fail,fail,,,16,0.4.0,2026-08-07
sprtx.net,1,0,Absent,,fail,fail,fail,fail,skip,skip,fail,skip,skip,fail,fail,,,19,0.4.0,2026-08-07
sprytools.com,1,80,Connectable,,pass,fail,pass,fail,pass,fail,fail,skip,skip,pass,fail,mcp-server-card-json,modern,21,0.4.0,2026-08-07
sptfy-mcp.online,1,0,Absent,,error,fail,fail,error,skip,skip,error,skip,skip,fail,fail,,,3,0.4.0,2026-08-07
sputnikx.xyz,1,50,Discoverable,,pass,fail,fail,fail,skip,skip,fail,skip,skip,pass,pass,mcp-server-card-json,,25,0.4.0,2026-08-07
spytrend.com,1,50,Discoverable,,pass,fail,fail,pass,fail,skip,pass,skip,skip,pass,pass,ai-catalog|mcp-server-card-json,,26,0.4.0,2026-08-07
sqd.dev,1,45,Discoverable,,pass,fail,fail,fail,skip,skip,fail,skip,skip,pass,fail,mcp-server-card-json,,17,0.4.0,2026-08-07
sqladmin.googleapis.com,1,70,Connectable,,fail,fail,pass,pass,pass,fail,fail,skip,skip,fail,fail,,legacy,33,0.4.0,2026-08-07
sqlai.dev,1,10,Text-only,,fail,fail,fail,fail,skip,skip,fail,skip,skip,pass,fail,,,17,0.4.0,2026-08-07
sqlguard-eqhq.onrender.com,1,0,Absent,,error,fail,fail,error,skip,skip,error,skip,skip,fail,fail,,,41,0.4.0,2026-08-07
sqlguard-io.fly.dev,1,50,Discoverable,,pass,fail,fail,fail,skip,skip,fail,skip,skip,pass,pass,mcp-json,,15,0.4.0,2026-08-07
sqlguard.io,1,100,Agent-ready,,pass,fail,fail,fail,pass,pass,fail,pass,pass,pass,pass,mcp-json,legacy,19,0.4.0,2026-08-07
squeezeos-api.onrender.com,1,85,Connectable,,pass,fail,fail,error,pass,pass,fail,pass,fail,pass,pass,mcp-json|mcp-server-card-json,legacy,34,0.4.0,2026-08-07
squiredocs.com,1,35,Discoverable,,fail,fail,fail,pass,skip,skip,fail,skip,skip,fail,fail,,,15,0.4.0,2026-08-07
squirrelbrainapp.com,1,15,Text-only,,fail,fail,fail,fail,skip,skip,fail,skip,skip,pass,pass,,,15,0.4.0,2026-08-07
squirrelscan.com,1,80,Connectable,,pass,fail,fail,pass,pass,fail,fail,skip,skip,pass,fail,mcp-server-card-json,modern,22,0.4.0,2026-08-07
srezai.ru,1,15,Text-only,,fail,fail,fail,fail,skip,skip,fail,skip,skip,pass,pass,,,14,0.4.0,2026-08-07
srgplus.com,1,0,Absent,,fail,fail,fail,fail,skip,skip,fail,skip,skip,fail,fail,,,16,0.4.0,2026-08-07
srivastsh.workers.dev,1,0,Absent,,error,fail,fail,error,skip,skip,error,skip,skip,fail,fail,,,6,0.4.0,2026-08-07
srun66.com,1,5,Text-only,,fail,fail,fail,fail,skip,skip,fail,skip,skip,fail,pass,,,28,0.4.0,2026-08-07
ssemble.com,1,40,Discoverable,,fail,pass,fail,fail,skip,skip,fail,skip,skip,fail,pass,,,32,0.4.0,2026-08-07
ssid.ai,1,15,Text-only,,fail,fail,fail,fail,skip,skip,fail,skip,skip,pass,pass,,,14,0.4.0,2026-08-07
ssl-checker-production-3dda.up.railway.app,1,0,Absent,,fail,fail,fail,fail,skip,skip,fail,skip,skip,fail,fail,,,28,0.4.0,2026-08-07
ssl-checker-x402-production.up.railway.app,1,0,Absent,,fail,fail,fail,fail,skip,skip,fail,skip,skip,fail,fail,,,28,0.4.0,2026-08-07
sslip.io,1,0,Absent,,fail,fail,fail,fail,skip,skip,fail,skip,skip,fail,fail,,,15,0.4.0,2026-08-07
sso-auth-bridge-mcp.vercel.app,1,0,Absent,,fail,fail,fail,fail,skip,skip,fail,skip,skip,fail,fail,,,28,0.4.0,2026-08-07
stablebaseline.io,1,85,Connectable,,pass,fail,fail,pass,pass,fail,fail,skip,skip,pass,pass,mcp-json,modern,20,0.4.0,2026-08-07
stablecoin-payment-gateway-production-3ee2.up.railway.app,1,0,Absent,,fail,fail,fail,fail,skip,skip,fail,skip,skip,fail,fail,,,28,0.4.0,2026-08-07
staccpad.fun,1,0,Absent,,fail,fail,fail,fail,skip,skip,fail,skip,skip,fail,fail,,,32,0.4.0,2026-08-07
stack-trace-medic-mcp.vercel.app,1,0,Absent,,fail,fail,fail,fail,skip,skip,fail,skip,skip,fail,fail,,,28,0.4.0,2026-08-07
stackbilder.com,1,15,Text-only,,fail,fail,fail,fail,skip,skip,fail,skip,skip,pass,pass,,,16,0.4.0,2026-08-07
stackeasy.ai,1,15,Text-only,,fail,fail,fail,fail,skip,skip,fail,skip,skip,pass,pass,,,30,0.4.0,2026-08-07
stackfast.ai,1,50,Discoverable,,pass,fail,fail,pass,fail,skip,fail,skip,skip,pass,pass,mcp-json|mcp-server-card-json,,23,0.4.0,2026-08-07
stackfiesta.dev,1,50,Discoverable,,pass,fail,fail,fail,skip,skip,fail,skip,skip,pass,pass,mcp-server-card-json,,27,0.4.0,2026-08-07
stackhawk.com,1,0,Absent,,fail,fail,fail,fail,skip,skip,fail,skip,skip,fail,fail,,,30,0.4.0,2026-08-07
stacklok.com,1,45,Discoverable,,pass,fail,fail,fail,skip,skip,fail,skip,skip,pass,fail,mcp-json,,15,0.4.0,2026-08-07
stackoverflow.com,1,0,Absent,,fail,fail,fail,fail,skip,skip,fail,skip,skip,fail,fail,,,36,0.4.0,2026-08-07
stackscan.com,1,10,Text-only,,fail,fail,fail,fail,skip,skip,fail,skip,skip,pass,fail,,,30,0.4.0,2026-08-07
stackswap.ai,1,10,Text-only,,fail,fail,fail,fail,skip,skip,fail,skip,skip,pass,fail,,,15,0.4.0,2026-08-07
stacktr.ee,1,50,Discoverable,,pass,fail,fail,pass,fail,skip,pass,skip,skip,pass,pass,ai-catalog|mcp-server-card-json,,19,0.4.0,2026-08-07
stackwitness.com,1,10,Text-only,,fail,fail,fail,fail,skip,skip,fail,skip,skip,pass,fail,,,17,0.4.0,2026-08-07
stagenth.com,1,0,Absent,,fail,fail,fail,fail,skip,skip,fail,skip,skip,fail,fail,,,21,0.4.0,2026-08-07
standby.design,1,80,Connectable,,fail,fail,pass,fail,pass,fail,fail,skip,skip,pass,fail,,legacy,23,0.4.0,2026-08-07
standoutmcp.io,1,45,Discoverable,,pass,fail,fail,fail,fail,skip,fail,skip,skip,pass,fail,mcp-server-card-json,,15,0.4.0,2026-08-07
stanislav.garden,1,0,Absent,,fail,fail,fail,fail,skip,skip,fail,skip,skip,fail,fail,,,28,0.4.0,2026-08-07
stanki-chpu.ru,1,85,Connectable,,pass,fail,fail,fail,pass,pass,pass,pass,fail,pass,pass,ai-catalog|mcp-json|mcp-bare|mcp-server-card-json,legacy,33,0.4.0,2026-08-07
star-meet.com,1,50,Discoverable,,pass,fail,fail,fail,skip,skip,fail,skip,skip,pass,pass,mcp-server-card-json,,15,0.4.0,2026-08-07
starreview.ch,1,15,Text-only,,fail,fail,fail,fail,skip,skip,fail,skip,skip,pass,pass,,,34,0.4.0,2026-08-07
starsphera.com,1,70,Connectable,,pass,fail,fail,fail,pass,fail,fail,fail,skip,fail,fail,mcp-server-card-json,legacy,22,0.4.0,2026-08-07
startaiming.com,1,10,Text-only,,fail,fail,fail,fail,skip,skip,fail,skip,skip,pass,fail,,,16,0.4.0,2026-08-07
startup.jobs,1,5,Text-only,,fail,fail,fail,fail,skip,skip,fail,skip,skip,fail,pass,,,17,0.4.0,2026-08-07
startupnamegenerator.com,1,10,Text-only,,fail,fail,fail,fail,skip,skip,fail,skip,skip,pass,fail,,,22,0.4.0,2026-08-07
startvest.ai,1,10,Text-only,,fail,fail,fail,fail,skip,skip,fail,skip,skip,pass,fail,,,15,0.4.0,2026-08-07
stas.run,1,50,Discoverable,,pass,fail,fail,pass,skip,skip,fail,skip,skip,pass,pass,mcp-server-card-json,,15,0.4.0,2026-08-07
stat-api.com,1,85,Connectable,,pass,fail,pass,fail,pass,pass,fail,pass,fail,pass,pass,mcp-json,legacy,22,0.4.0,2026-08-07
statcite.com,1,80,Connectable,,fail,fail,pass,fail,pass,fail,fail,skip,skip,pass,fail,,legacy,20,0.4.0,2026-08-07
statelode.dev,1,10,Text-only,,fail,fail,fail,fail,skip,skip,fail,skip,skip,pass,fail,,,16,0.4.0,2026-08-07
statey.ai,1,0,Absent,,fail,fail,fail,fail,skip,skip,fail,skip,skip,fail,fail,,,31,0.4.0,2026-08-07
statis-tir.fr,1,0,Absent,,fail,fail,fail,fail,skip,skip,fail,skip,skip,fail,fail,,,29,0.4.0,2026-08-07
statisticsoftheworld.com,1,15,Text-only,,fail,fail,fail,fail,skip,skip,fail,skip,skip,pass,pass,,,14,0.4.0,2026-08-07
statistikdata.se,1,5,Text-only,,skip,fail,fail,skip,skip,skip,fail,skip,skip,fail,pass,,,10,0.4.0,2026-08-07
statscompass.io,1,0,Absent,,fail,fail,fail,fail,skip,skip,fail,skip,skip,fail,fail,,,17,0.4.0,2026-08-07
statshawk.ai,1,45,Discoverable,,fail,fail,fail,pass,skip,skip,fail,skip,skip,pass,fail,,,29,0.4.0,2026-08-07
statsig.com,1,0,Absent,,fail,fail,fail,fail,skip,skip,fail,skip,skip,fail,fail,,,16,0.4.0,2026-08-07
stayker.com,1,80,Connectable,,fail,fail,pass,fail,pass,fail,fail,skip,skip,pass,fail,,legacy,23,0.4.0,2026-08-07
steady.space,1,0,Absent,,fail,fail,fail,fail,skip,skip,fail,skip,skip,fail,fail,,,15,0.4.0,2026-08-07
steadyfetch-production.up.railway.app,1,0,Absent,,fail,fail,fail,fail,skip,skip,fail,skip,skip,fail,fail,,,28,0.4.0,2026-08-07
steadywrk.app,1,50,Discoverable,,pass,fail,fail,pass,fail,skip,pass,skip,skip,pass,pass,mcp-json|mcp-server-card-json,,16,0.4.0,2026-08-07
steamwebapi.com,1,15,Text-only,,fail,fail,fail,fail,skip,skip,fail,skip,skip,pass,pass,,,20,0.4.0,2026-08-07
steep.app,1,10,Text-only,,fail,fail,fail,fail,skip,skip,fail,skip,skip,pass,fail,,,19,0.4.0,2026-08-07
steeped.icu,1,0,Absent,,error,fail,fail,error,skip,skip,error,skip,skip,fail,fail,,,3,0.4.0,2026-08-07
stellaroid.tech,1,10,Text-only,,fail,fail,fail,fail,skip,skip,fail,skip,skip,pass,fail,,,14,0.4.0,2026-08-07
stellary.co,1,10,Text-only,,fail,fail,fail,fail,skip,skip,fail,skip,skip,pass,fail,,,20,0.4.0,2026-08-07
steve-12ad36b4.base44.app,1,0,Absent,,skip,fail,fail,skip,skip,skip,skip,skip,skip,skip,fail,,,16,0.4.0,2026-08-07
stewwilli.workers.dev,1,0,Absent,,error,fail,fail,error,skip,skip,error,skip,skip,fail,fail,,,6,0.4.0,2026-08-07
stimulsoft.com,1,10,Text-only,,fail,fail,fail,fail,skip,skip,fail,skip,skip,pass,fail,,,29,0.4.0,2026-08-07
stipple.sh,1,10,Text-only,,fail,fail,fail,fail,skip,skip,fail,skip,skip,pass,fail,,,32,0.4.0,2026-08-07
stitch.googleapis.com,1,85,Connectable,,fail,fail,pass,pass,pass,pass,fail,skip,pass,fail,fail,,legacy,33,0.4.0,2026-08-07
stitchapi.dev,1,45,Discoverable,,pass,fail,fail,fail,fail,skip,fail,skip,skip,pass,fail,mcp-json,,37,0.4.0,2026-08-07
stobox.io,1,85,Connectable,,fail,fail,pass,pass,pass,pass,fail,skip,fail,pass,pass,,legacy,37,0.4.0,2026-08-07
stock-price-production-3ec1.up.railway.app,1,0,Absent,,fail,fail,fail,fail,skip,skip,fail,skip,skip,fail,fail,,,28,0.4.0,2026-08-07
stock-price-x402-production.up.railway.app,1,0,Absent,,fail,fail,fail,fail,skip,skip,fail,skip,skip,fail,fail,,,28,0.4.0,2026-08-07
stockfilm.com,1,50,Discoverable,,pass,fail,fail,fail,skip,skip,fail,skip,skip,pass,pass,mcp-json,,17,0.4.0,2026-08-07
stocklake.dev,1,45,Discoverable,,fail,fail,fail,pass,skip,skip,fail,skip,skip,pass,fail,,,25,0.4.0,2026-08-07
stocklens.com,1,15,Text-only,,fail,fail,fail,fail,skip,skip,fail,skip,skip,pass,pass,,,20,0.4.0,2026-08-07
stockmarketscan.com,1,15,Text-only,,fail,fail,fail,fail,skip,skip,fail,skip,skip,pass,pass,,,17,0.4.0,2026-08-07
stocksonchain.io,1,100,Agent-ready,,pass,fail,pass,pass,pass,pass,fail,pass,pass,pass,pass,mcp-json|mcp-server-card-json,legacy,20,0.4.0,2026-08-07
stocktrends.com,1,5,Text-only,,fail,fail,fail,fail,skip,skip,fail,skip,skip,fail,pass,,,19,0.4.0,2026-08-07
stompy.ai,1,0,Absent,,fail,fail,fail,fail,skip,skip,fail,skip,skip,fail,fail,,,18,0.4.0,2026-08-07
stoop.workers.dev,1,0,Absent,,error,fail,fail,error,skip,skip,error,skip,skip,fail,fail,,,6,0.4.0,2026-08-07
stopful.com,1,95,Agent-ready,,fail,fail,pass,fail,pass,pass,fail,skip,pass,pass,fail,,legacy,20,0.4.0,2026-08-07
stopovercity.com,1,85,Connectable,,fail,fail,pass,fail,pass,pass,fail,skip,pass,fail,fail,,legacy,23,0.4.0,2026-08-07
storage.dev,1,0,Absent,,fail,fail,fail,fail,skip,skip,fail,skip,skip,fail,fail,,,22,0.4.0,2026-08-07
storeboard.dev,1,0,Absent,,fail,fail,fail,fail,skip,skip,fail,skip,skip,fail,fail,,,14,0.4.0,2026-08-07
storebridge-mcp.vercel.app,1,70,Connectable,,fail,fail,pass,fail,pass,fail,fail,skip,skip,fail,fail,,legacy,32,0.4.0,2026-08-07
storeinspect.com,1,85,Connectable,,pass,fail,fail,pass,pass,fail,fail,skip,skip,pass,pass,mcp-json|mcp-server-card-json,modern,22,0.4.0,2026-08-07
storiesonboard.com,1,0,Absent,,fail,fail,fail,fail,skip,skip,fail,skip,skip,fail,fail,,,19,0.4.0,2026-08-07
storydoc.com,1,15,Text-only,,fail,fail,fail,fail,skip,skip,fail,skip,skip,pass,pass,,,32,0.4.0,2026-08-07
storyflo.com,1,50,Discoverable,,pass,fail,fail,pass,skip,skip,fail,skip,skip,pass,pass,mcp-json,,30,0.4.0,2026-08-07
storylayer.ai,1,45,Discoverable,,pass,fail,fail,pass,fail,skip,fail,skip,skip,pass,fail,ai-catalog|mcp-json|mcp-server-card-json,,17,0.4.0,2026-08-07
storylenses.app,1,0,Absent,,error,fail,fail,error,skip,skip,error,skip,skip,fail,fail,,,37,0.4.0,2026-08-07
strajkpolski.org,1,0,Absent,,fail,fail,fail,fail,skip,skip,fail,skip,skip,fail,fail,,,18,0.4.0,2026-08-07
strale.io,1,0,Absent,,fail,fail,fail,fail,skip,skip,fail,skip,skip,fail,fail,,,16,0.4.0,2026-08-07
stratalize.com,1,45,Discoverable,,pass,fail,fail,pass,skip,skip,fail,skip,skip,pass,fail,mcp-json|mcp-server-card-json,,27,0.4.0,2026-08-07
strategyarena.io,1,50,Discoverable,,pass,pass,fail,fail,fail,skip,fail,skip,skip,pass,pass,mcp-json|mcp-bare|mcp-server-card-json,,18,0.4.0,2026-08-07
strategysignals.duckdns.org,1,10,Text-only,,fail,fail,fail,fail,skip,skip,fail,skip,skip,pass,fail,,,27,0.4.0,2026-08-07
stratoforce.workers.dev,1,0,Absent,,error,fail,fail,error,skip,skip,error,skip,skip,fail,fail,,,6,0.4.0,2026-08-07
stratogenic.ai,1,10,Text-only,,fail,fail,fail,fail,skip,skip,fail,skip,skip,pass,fail,,,15,0.4.0,2026-08-07
streamfront.net,1,0,Absent,,error,fail,fail,error,skip,skip,error,skip,skip,fail,fail,,,3,0.4.0,2026-08-07
streamlinehq.com,1,0,Absent,,fail,fail,fail,fail,skip,skip,fail,skip,skip,fail,fail,,,49,0.4.0,2026-08-07
streamsapps.com,1,0,Absent,,error,fail,fail,error,skip,skip,error,skip,skip,fail,fail,,,3,0.4.0,2026-08-07
streamsappsgslbex.com,1,0,Absent,,error,error,fail,error,skip,skip,error,skip,skip,fail,fail,,,36,0.4.0,2026-08-07
streamscanner.net,1,15,Text-only,,fail,fail,fail,fail,skip,skip,fail,skip,skip,pass,pass,,,14,0.4.0,2026-08-07
streetproof.com,1,15,Text-only,,fail,fail,fail,fail,skip,skip,fail,skip,skip,pass,pass,,,14,0.4.0,2026-08-07
stremai.com,1,50,Discoverable,,pass,fail,fail,pass,fail,skip,fail,skip,skip,pass,pass,mcp-json,,16,0.4.0,2026-08-07
strikemission.app,1,15,Text-only,,fail,fail,fail,fail,skip,skip,fail,skip,skip,pass,pass,,,29,0.4.0,2026-08-07
string-db.org,1,0,Absent,,fail,fail,fail,fail,skip,skip,fail,skip,skip,fail,fail,,,18,0.4.0,2026-08-07
stripe.com,1,10,Text-only,,fail,fail,fail,fail,skip,skip,fail,skip,skip,pass,fail,,,18,0.4.0,2026-08-07
structa.me,1,50,Discoverable,,fail,fail,fail,pass,skip,skip,fail,skip,skip,pass,pass,,,14,0.4.0,2026-08-07
strutterai.com,1,35,Discoverable,,fail,pass,fail,fail,skip,skip,fail,skip,skip,fail,fail,,,20,0.4.0,2026-08-07
studiepoint.ai,1,10,Text-only,,fail,fail,fail,fail,skip,skip,fail,skip,skip,pass,fail,,,15,0.4.0,2026-08-07
studio99.app,1,0,Absent,,fail,fail,fail,fail,skip,skip,fail,skip,skip,fail,fail,,,19,0.4.0,2026-08-07
studiocorsair.com,1,0,Absent,,fail,fail,fail,fail,skip,skip,fail,skip,skip,fail,fail,,,23,0.4.0,2026-08-07
studiolabsc.dedyn.io,1,0,Absent,,error,fail,fail,error,skip,skip,error,skip,skip,fail,fail,,,11,0.4.0,2026-08-07
studiomcphub.com,1,45,Discoverable,,pass,fail,pass,pass,fail,skip,fail,skip,skip,pass,fail,mcp-json,,27,0.4.0,2026-08-07
studiomeyer.academy,1,50,Discoverable,,pass,fail,fail,fail,skip,skip,fail,skip,skip,pass,pass,mcp-json,,22,0.4.0,2026-08-07
studiomeyer.io,1,50,Discoverable,,pass,fail,fail,fail,fail,skip,fail,skip,skip,pass,pass,mcp-json,,35,0.4.0,2026-08-07
studiosignal.app,1,0,Absent,,error,fail,fail,error,skip,skip,error,skip,skip,fail,fail,,,36,0.4.0,2026-08-07
studiosphere.space,1,0,Absent,,error,fail,fail,error,skip,skip,error,skip,skip,fail,fail,,,36,0.4.0,2026-08-07
stumpy.ai,1,0,Absent,,error,fail,fail,error,skip,skip,error,skip,skip,fail,fail,,,36,0.4.0,2026-08-07
stungevents.com,1,0,Absent,,error,fail,fail,error,skip,skip,error,skip,skip,fail,fail,,,36,0.4.0,2026-08-07
stuntdouble.io,1,0,Absent,,error,fail,fail,error,skip,skip,error,skip,skip,fail,fail,,,38,0.4.0,2026-08-07
styleforge-ai-mcp.vercel.app,1,0,Absent,,error,fail,fail,error,skip,skip,error,skip,skip,fail,fail,,,36,0.4.0,2026-08-07
styleseed-tokenizer-mcp.vercel.app,1,0,Absent,,error,fail,fail,error,skip,skip,error,skip,skip,fail,fail,,,36,0.4.0,2026-08-07
stytrix.com,1,0,Absent,,error,fail,fail,error,skip,skip,error,skip,skip,fail,fail,,,38,0.4.0,2026-08-07
subdomain.app,1,0,Absent,,error,fail,fail,error,skip,skip,error,skip,skip,fail,fail,,,36,0.4.0,2026-08-07
subotiz.com,1,0,Absent,,error,fail,fail,error,skip,skip,error,skip,skip,fail,fail,,,38,0.4.0,2026-08-07
sudomock.com,1,0,Absent,,error,fail,fail,error,skip,skip,error,skip,skip,fail,fail,,,36,0.4.0,2026-08-07
suedeai.ai,1,0,Absent,,error,fail,fail,error,skip,skip,error,skip,skip,fail,fail,,,36,0.4.0,2026-08-07
sugra.ai,1,0,Absent,,error,fail,fail,error,skip,skip,error,skip,skip,fail,fail,,,35,0.4.0,2026-08-07
suitedforit.com,1,0,Absent,,error,fail,fail,error,skip,skip,error,skip,skip,fail,fail,,,36,0.4.0,2026-08-07
sukuk.fi,1,0,Absent,,error,fail,fail,error,skip,skip,error,skip,skip,fail,fail,,,35,0.4.0,2026-08-07
sulvo.com,1,10,Text-only,,error,fail,fail,error,skip,skip,error,skip,skip,pass,fail,,,35,0.4.0,2026-08-07
summit53.io,1,0,Absent,,error,fail,fail,error,skip,skip,error,skip,skip,fail,fail,,,35,0.4.0,2026-08-07
sumvid.app,1,0,Absent,,error,fail,fail,error,skip,skip,error,skip,skip,fail,fail,,,34,0.4.0,2026-08-07
sunaivacore.io,1,10,Text-only,,error,fail,fail,error,skip,skip,error,skip,skip,pass,fail,,,34,0.4.0,2026-08-07
sunex-ai.com,1,0,Absent,,error,fail,fail,error,skip,skip,error,skip,skip,fail,fail,,,34,0.4.0,2026-08-07
sunex.com,1,45,Discoverable,,error,pass,fail,error,skip,skip,error,skip,skip,pass,fail,,,33,0.4.0,2026-08-07
sunholo.com,1,0,Absent,,error,fail,fail,error,skip,skip,fail,skip,skip,fail,fail,,,37,0.4.0,2026-08-07
sunrays.dev,1,10,Text-only,,error,fail,fail,fail,skip,skip,fail,skip,skip,pass,fail,,,31,0.4.0,2026-08-07
sunshineatlas.com,1,0,Absent,,fail,fail,fail,fail,skip,skip,fail,skip,skip,fail,fail,,,31,0.4.0,2026-08-07
suorigo.cz,1,10,Text-only,,fail,fail,fail,fail,skip,skip,fail,skip,skip,pass,fail,,,31,0.4.0,2026-08-07
supabase.com,1,10,Text-only,,fail,fail,fail,fail,skip,skip,fail,skip,skip,pass,fail,,,30,0.4.0,2026-08-07
superdocs.app,1,10,Text-only,,fail,fail,fail,fail,skip,skip,fail,skip,skip,pass,fail,,,29,0.4.0,2026-08-07
superfact.ai,1,35,Discoverable,,fail,fail,fail,pass,skip,skip,fail,skip,skip,fail,fail,,,27,0.4.0,2026-08-07
superforms.co,1,45,Discoverable,,fail,fail,fail,pass,skip,skip,fail,skip,skip,pass,fail,,,25,0.4.0,2026-08-07
supericons.dev,1,80,Connectable,,fail,fail,pass,fail,pass,fail,fail,skip,skip,pass,fail,,legacy,28,0.4.0,2026-08-07
superlist.com,1,0,Absent,,fail,fail,fail,fail,skip,skip,fail,skip,skip,fail,fail,,,30,0.4.0,2026-08-07
superlog.sh,1,10,Text-only,,fail,fail,fail,fail,skip,skip,fail,skip,skip,pass,fail,,,16,0.4.0,2026-08-07
superpowers.social,1,95,Agent-ready,,fail,fail,pass,fail,pass,pass,fail,skip,pass,pass,fail,,legacy,20,0.4.0,2026-08-07
supersaas.com,1,85,Connectable,,pass,fail,pass,pass,pass,fail,fail,skip,skip,pass,pass,mcp-json|mcp-server-card-json,modern,20,0.4.0,2026-08-07
supersend.io,1,85,Connectable,,fail,fail,pass,pass,pass,fail,fail,skip,skip,pass,pass,,modern,23,0.4.0,2026-08-07
superserve.ai,1,70,Connectable,,fail,fail,pass,fail,pass,fail,fail,skip,skip,fail,fail,,modern,36,0.4.0,2026-08-07
superskill.sh,1,80,Connectable,,fail,fail,pass,fail,pass,fail,fail,skip,skip,pass,fail,,legacy,20,0.4.0,2026-08-07
supertours.ru,1,0,Absent,,fail,fail,fail,fail,skip,skip,fail,skip,skip,fail,fail,,,18,0.4.0,2026-08-07
supost.com,1,85,Connectable,,fail,fail,pass,fail,pass,fail,fail,skip,skip,pass,pass,,legacy,22,0.4.0,2026-08-07
supovia.com,1,10,Text-only,,fail,fail,fail,fail,skip,skip,fail,skip,skip,pass,fail,,,32,0.4.0,2026-08-07
supp.support,1,15,Text-only,,fail,fail,fail,fail,skip,skip,fail,skip,skip,pass,pass,,,19,0.4.0,2026-08-07
supplymaven.com,1,15,Text-only,,fail,fail,fail,fail,skip,skip,fail,skip,skip,pass,pass,,,17,0.4.0,2026-08-07
suresms.com,1,80,Connectable,,fail,fail,pass,pass,pass,fail,fail,skip,skip,pass,fail,,modern,34,0.4.0,2026-08-07
surewhynot.app,1,15,Text-only,,fail,fail,fail,fail,skip,skip,fail,skip,skip,pass,pass,,,14,0.4.0,2026-08-07
surfsessionfinder.com,1,50,Discoverable,,pass,fail,fail,fail,skip,skip,fail,skip,skip,pass,pass,mcp-json,,29,0.4.0,2026-08-07
suzuri.dev,1,5,Text-only,,fail,fail,fail,fail,skip,skip,fail,skip,skip,fail,pass,,,14,0.4.0,2026-08-07
suzuri.jp,1,15,Text-only,,fail,fail,fail,fail,skip,skip,fail,skip,skip,pass,pass,,,17,0.4.0,2026-08-07
svelte.dev,1,10,Text-only,,fail,fail,fail,fail,skip,skip,fail,skip,skip,pass,fail,,,20,0.4.0,2026-08-07
svg.farm,1,70,Connectable,,pass,fail,pass,pass,pass,fail,fail,skip,skip,fail,fail,mcp-server-card-json,modern,19,0.4.0,2026-08-07
svgator.com,1,35,Discoverable,,fail,pass,fail,fail,skip,skip,fail,skip,skip,fail,fail,,,31,0.4.0,2026-08-07
svgicons.com,1,35,Discoverable,,fail,fail,fail,pass,skip,skip,fail,skip,skip,fail,fail,,,14,0.4.0,2026-08-07
svim.io,1,0,Absent,,fail,fail,fail,fail,skip,skip,fail,skip,skip,fail,fail,,,24,0.4.0,2026-08-07
svodka.news,1,75,Connectable,,fail,fail,pass,fail,pass,fail,fail,skip,skip,fail,pass,,legacy,20,0.4.0,2026-08-07
swapp1990.org,1,0,Absent,,fail,fail,fail,fail,skip,skip,fail,skip,skip,fail,fail,,,15,0.4.0,2026-08-07
swaptitan.net,1,50,Discoverable,,pass,fail,fail,fail,skip,skip,fail,skip,skip,pass,pass,mcp-json|mcp-server-card-json,,16,0.4.0,2026-08-07
swapwizard.xyz,1,80,Connectable,,fail,fail,pass,fail,pass,fail,fail,skip,skip,pass,fail,,modern,23,0.4.0,2026-08-07
swarm-coordinator-mcp.vercel.app,1,0,Absent,,fail,fail,fail,fail,skip,skip,fail,skip,skip,fail,fail,,,28,0.4.0,2026-08-07
swarm.at,1,0,Absent,,fail,fail,fail,fail,skip,skip,fail,skip,skip,fail,fail,,,16,0.4.0,2026-08-07
swarm.tips,1,80,Connectable,,pass,fail,pass,fail,pass,fail,fail,skip,skip,pass,fail,ai-catalog,legacy,23,0.4.0,2026-08-07
swarmsync.ai,1,50,Discoverable,,pass,fail,fail,fail,skip,skip,fail,skip,skip,pass,pass,mcp-json,,16,0.4.0,2026-08-07
swatchdog-mcp-970396648818.us-central1.run.app,1,0,Absent,,fail,fail,fail,fail,skip,skip,fail,skip,skip,fail,fail,,,28,0.4.0,2026-08-07
swatchdog.dev,1,0,Absent,,fail,fail,fail,fail,skip,skip,fail,skip,skip,fail,fail,,,29,0.4.0,2026-08-07
swatgenx.com,1,45,Discoverable,,fail,fail,fail,pass,skip,skip,fail,skip,skip,pass,fail,,,27,0.4.0,2026-08-07
swathapi.com,1,70,Connectable,,fail,fail,pass,pass,pass,fail,fail,skip,skip,fail,fail,,modern,19,0.4.0,2026-08-07
swiftsign.ca,1,85,Connectable,,fail,fail,pass,pass,pass,fail,fail,skip,skip,pass,pass,,legacy,19,0.4.0,2026-08-07
swipa.ru,1,35,Discoverable,,fail,fail,fail,pass,skip,skip,fail,skip,skip,fail,fail,,,28,0.4.0,2026-08-07
swipify.fr,1,10,Text-only,,fail,fail,fail,fail,skip,skip,fail,skip,skip,pass,fail,,,18,0.4.0,2026-08-07
swissdeals.app,1,0,Absent,,fail,fail,fail,fail,skip,skip,fail,skip,skip,fail,fail,,,32,0.4.0,2026-08-07
swisslivingindex.ch,1,50,Discoverable,,pass,fail,fail,fail,skip,skip,fail,skip,skip,pass,pass,mcp-json,,18,0.4.0,2026-08-07
swisstrip.app,1,15,Text-only,,fail,fail,fail,fail,skip,skip,fail,skip,skip,pass,pass,,,29,0.4.0,2026-08-07
swisswhaleintelligence.com,1,5,Text-only,,fail,fail,fail,fail,skip,skip,fail,skip,skip,fail,pass,,,18,0.4.0,2026-08-07
switchapp.ai,1,75,Connectable,,fail,fail,pass,pass,pass,fail,fail,skip,skip,fail,pass,,legacy,39,0.4.0,2026-08-07
swonkie.dev,1,50,Discoverable,,pass,fail,fail,fail,skip,skip,fail,skip,skip,pass,pass,mcp-server-card-json,,18,0.4.0,2026-08-07
syenite.ai,1,0,Absent,,error,fail,fail,error,skip,skip,error,skip,skip,fail,fail,,,3,0.4.0,2026-08-07
syftly.vercel.app,1,95,Agent-ready,,fail,fail,pass,fail,pass,pass,fail,skip,pass,pass,fail,,legacy,33,0.4.0,2026-08-07
sygnliq.com,1,15,Text-only,,fail,fail,fail,fail,skip,skip,fail,skip,skip,pass,pass,,,17,0.4.0,2026-08-07
sylin.org,1,10,Text-only,,fail,fail,fail,fail,skip,skip,fail,skip,skip,pass,fail,,,15,0.4.0,2026-08-07
syln.cn,1,15,Text-only,,fail,fail,fail,fail,skip,skip,fail,skip,skip,pass,pass,,,15,0.4.0,2026-08-07
symbols-of-wealth-studio-mcp.vercel.app,1,0,Absent,,fail,fail,fail,fail,skip,skip,fail,skip,skip,fail,fail,,,28,0.4.0,2026-08-07
sympodial-hazel-harvestless.ngrok-free.dev,1,0,Absent,,error,fail,fail,error,skip,skip,error,skip,skip,fail,fail,,,54,0.4.0,2026-08-07
synaplex.ai,1,5,Text-only,,fail,fail,fail,fail,skip,skip,fail,skip,skip,fail,pass,,,15,0.4.0,2026-08-07
synapse-network.ai,1,0,Absent,,error,fail,fail,error,skip,skip,error,skip,skip,fail,fail,,,54,0.4.0,2026-08-07
synapselayer.org,1,45,Discoverable,,pass,fail,fail,fail,fail,skip,fail,skip,skip,pass,fail,mcp-json|mcp-server-card-json,,17,0.4.0,2026-08-07
synapze.eu,1,80,Connectable,,pass,fail,fail,fail,pass,fail,fail,pass,skip,pass,fail,mcp-json,legacy,22,0.4.0,2026-08-07
sync-socials.com,1,15,Text-only,,fail,fail,fail,fail,skip,skip,fail,skip,skip,pass,pass,,,15,0.4.0,2026-08-07
synchronex.ai,1,45,Discoverable,,pass,fail,fail,pass,skip,skip,fail,skip,skip,pass,fail,mcp-bare,,15,0.4.0,2026-08-07
synchronity.app,1,15,Text-only,,fail,fail,fail,fail,skip,skip,fail,skip,skip,pass,pass,,,16,0.4.0,2026-08-07
synci.io,1,80,Connectable,,pass,fail,pass,pass,pass,fail,fail,skip,skip,pass,fail,ai-catalog|mcp-server-card-json,legacy,22,0.4.0,2026-08-07
syncline.run,1,5,Text-only,,fail,fail,fail,fail,skip,skip,fail,skip,skip,fail,pass,,,16,0.4.0,2026-08-07
syncmetrics.io,1,10,Text-only,,fail,fail,fail,fail,skip,skip,fail,skip,skip,pass,fail,,,18,0.4.0,2026-08-07
synder.com,1,15,Text-only,,skip,fail,fail,skip,skip,skip,fail,skip,skip,pass,pass,,,15,0.4.0,2026-08-07
syndicatelinks.co,1,50,Discoverable,,pass,fail,fail,pass,skip,skip,pass,skip,skip,pass,pass,mcp-server-card-json,,25,0.4.0,2026-08-07
synergieloc.fr,1,45,Discoverable,,pass,fail,fail,fail,skip,skip,fail,skip,skip,pass,fail,mcp-json,,28,0.4.0,2026-08-07
synlake.ai,1,80,Connectable,,pass,fail,pass,fail,pass,fail,fail,skip,skip,pass,fail,mcp-json|mcp-server-card-json,modern,23,0.4.0,2026-08-07
synligdigital.no,1,45,Discoverable,,pass,fail,fail,fail,skip,skip,fail,skip,skip,pass,fail,mcp-json|mcp-server-card-json,,16,0.4.0,2026-08-07
syntermedia.ai,1,10,Text-only,,fail,fail,fail,fail,skip,skip,fail,skip,skip,pass,fail,,,18,0.4.0,2026-08-07
syntheticbrew.ai,1,45,Discoverable,,pass,fail,fail,pass,skip,skip,fail,skip,skip,pass,fail,mcp-server-card-json,,18,0.4.0,2026-08-07
syntheticuserlab.space,1,70,Connectable,,pass,fail,pass,fail,pass,fail,fail,skip,skip,fail,fail,mcp-server-card-json,modern,18,0.4.0,2026-08-07
synthnet.io,1,15,Text-only,,fail,fail,fail,fail,skip,skip,fail,skip,skip,pass,pass,,,14,0.4.0,2026-08-07
syntitan.ai,1,10,Text-only,,fail,fail,fail,fail,skip,skip,fail,skip,skip,pass,fail,,,16,0.4.0,2026-08-07
systemprompt.io,1,45,Discoverable,,pass,fail,fail,pass,fail,skip,fail,skip,skip,pass,fail,ai-catalog,,19,0.4.0,2026-08-07
systemr.ai,1,15,Text-only,,fail,fail,fail,fail,skip,skip,fail,skip,skip,pass,pass,,,16,0.4.0,2026-08-07
szum.io,1,80,Connectable,,fail,fail,pass,pass,pass,fail,fail,skip,skip,pass,fail,,legacy,22,0.4.0,2026-08-07
tabak-brucker.de,1,85,Connectable,,fail,fail,pass,fail,pass,pass,error,skip,pass,fail,fail,,legacy,39,0.4.0,2026-08-07
tablacognita.com,1,0,Absent,,error,fail,fail,error,skip,skip,error,skip,skip,fail,fail,,,3,0.4.0,2026-08-07
tableall.com,1,10,Text-only,,fail,fail,fail,fail,skip,skip,fail,skip,skip,pass,fail,,,36,0.4.0,2026-08-07
tablepredict.com,1,100,Agent-ready,,fail,fail,pass,fail,pass,pass,fail,skip,pass,pass,pass,,modern,19,0.4.0,2026-08-07
tablint.dev,1,0,Absent,,fail,fail,fail,fail,skip,skip,fail,skip,skip,fail,fail,,,15,0.4.0,2026-08-07
tabula.click,1,0,Absent,,fail,fail,fail,fail,skip,skip,fail,skip,skip,fail,fail,,,29,0.4.0,2026-08-07
tabula360.com,1,45,Discoverable,,fail,fail,fail,pass,skip,skip,fail,skip,skip,pass,fail,,,27,0.4.0,2026-08-07
tabularrecipe.com,1,85,Connectable,,pass,fail,pass,fail,pass,pass,fail,pass,fail,pass,pass,ai-catalog|mcp-server-card-json,legacy,22,0.4.0,2026-08-07
tachyo.ai,1,5,Text-only,,fail,fail,fail,fail,skip,skip,fail,skip,skip,fail,pass,,,19,0.4.0,2026-08-07
tacyon.io,1,80,Connectable,,pass,fail,fail,pass,pass,fail,fail,skip,skip,pass,fail,mcp-json,modern,20,0.4.0,2026-08-07
tagit.network,1,0,Absent,,fail,fail,fail,fail,skip,skip,fail,skip,skip,fail,fail,,,28,0.4.0,2026-08-07
tail12fa6b.ts.net,1,0,Absent,,error,fail,fail,error,skip,skip,error,skip,skip,fail,fail,,,3,0.4.0,2026-08-07
tail177fbd.ts.net,1,0,Absent,,error,fail,fail,error,skip,skip,error,skip,skip,fail,fail,,,3,0.4.0,2026-08-07
tail66f665.ts.net,1,0,Absent,,error,fail,fail,error,skip,skip,error,skip,skip,fail,fail,,,3,0.4.0,2026-08-07
taisly.com,1,0,Absent,,fail,fail,fail,fail,skip,skip,fail,skip,skip,fail,fail,,,15,0.4.0,2026-08-07
takehub.app,1,0,Absent,,fail,fail,fail,fail,skip,skip,fail,skip,skip,fail,fail,,,30,0.4.0,2026-08-07
tako.com,1,85,Connectable,,fail,fail,pass,pass,pass,fail,fail,skip,skip,pass,pass,,legacy,24,0.4.0,2026-08-07
talarion.com,1,85,Connectable,,fail,fail,pass,pass,pass,fail,fail,skip,skip,pass,pass,,modern,27,0.4.0,2026-08-07
talivia.com,1,80,Connectable,,fail,fail,pass,pass,pass,fail,fail,skip,skip,pass,fail,,modern,18,0.4.0,2026-08-07
talkamore.com,1,80,Connectable,,fail,fail,pass,pass,pass,fail,fail,skip,skip,pass,fail,,modern,20,0.4.0,2026-08-07
talkarcllc.com,1,0,Absent,,fail,fail,fail,fail,skip,skip,fail,skip,skip,fail,fail,,,15,0.4.0,2026-08-07
talktohumans.app,1,15,Text-only,,fail,fail,fail,fail,skip,skip,fail,skip,skip,pass,pass,,,28,0.4.0,2026-08-07
tallyfy.com,1,45,Discoverable,,pass,fail,fail,fail,skip,skip,fail,skip,skip,pass,fail,mcp-json,,22,0.4.0,2026-08-07
tallymesh.com,1,85,Connectable,,fail,fail,pass,fail,pass,pass,fail,skip,fail,pass,pass,,legacy,27,0.4.0,2026-08-07
tallymeter.com,1,80,Connectable,,fail,fail,pass,fail,pass,fail,fail,skip,skip,pass,fail,,modern,19,0.4.0,2026-08-07
tallyworkout.app,1,15,Text-only,,fail,fail,fail,fail,skip,skip,fail,skip,skip,pass,pass,,,22,0.4.0,2026-08-07
tamgara.com,1,100,Agent-ready,,fail,fail,pass,fail,pass,pass,fail,skip,pass,pass,pass,,legacy,30,0.4.0,2026-08-07
tandem-cc.com,1,0,Absent,,error,fail,fail,error,skip,skip,error,skip,skip,fail,fail,,,41,0.4.0,2026-08-07
tandem.ac,1,15,Text-only,,fail,fail,fail,fail,skip,skip,fail,skip,skip,pass,pass,,,17,0.4.0,2026-08-07
tango.dev,1,40,Discoverable,,fail,fail,fail,pass,skip,skip,fail,skip,skip,fail,pass,,,15,0.4.0,2026-08-07
tania-29c.workers.dev,1,0,Absent,,error,fail,fail,error,skip,skip,error,skip,skip,fail,fail,,,6,0.4.0,2026-08-07
tanjiren.app,1,0,Absent,,fail,fail,fail,fail,skip,skip,fail,skip,skip,fail,fail,,,49,0.4.0,2026-08-07
tantra-authority.com,1,15,Text-only,,fail,fail,fail,fail,skip,skip,fail,skip,skip,pass,pass,,,16,0.4.0,2026-08-07
taokeh.my,1,50,Discoverable,,fail,fail,fail,pass,skip,skip,fail,skip,skip,pass,pass,,,14,0.4.0,2026-08-07
taparcelle.ca,1,85,Connectable,,fail,fail,pass,pass,pass,fail,fail,skip,skip,pass,pass,,modern,23,0.4.0,2026-08-07
tapetide.com,1,80,Connectable,,fail,fail,pass,pass,pass,fail,fail,skip,skip,pass,fail,,legacy,22,0.4.0,2026-08-07
taplio.com,1,0,Absent,,fail,fail,fail,fail,skip,skip,fail,skip,skip,fail,fail,,,18,0.4.0,2026-08-07
taproothq.com,1,15,Text-only,,fail,fail,fail,fail,skip,skip,fail,skip,skip,pass,pass,,,14,0.4.0,2026-08-07
taprun.dev,1,10,Text-only,,fail,fail,fail,fail,skip,skip,fail,skip,skip,pass,fail,,,19,0.4.0,2026-08-07
tapwatermap.com,1,10,Text-only,,fail,fail,fail,fail,skip,skip,fail,skip,skip,pass,fail,,,17,0.4.0,2026-08-07
tariff.watch,1,10,Text-only,,fail,fail,fail,fail,skip,skip,fail,skip,skip,pass,fail,,,15,0.4.0,2026-08-07
tarkagrid.com,1,0,Absent,,fail,fail,fail,fail,skip,skip,fail,skip,skip,fail,fail,,,17,0.4.0,2026-08-07
tarteel.ai,1,70,Connectable,,fail,fail,pass,fail,pass,fail,fail,skip,skip,fail,fail,,legacy,25,0.4.0,2026-08-07
tascan-live-event.netlify.app,1,35,Discoverable,,fail,fail,fail,pass,skip,skip,fail,skip,skip,fail,fail,,,28,0.4.0,2026-08-07
task-orchestrator-mcp-three.vercel.app,1,0,Absent,,fail,fail,fail,fail,skip,skip,fail,skip,skip,fail,fail,,,28,0.4.0,2026-08-07
taskforcehq.ai,1,0,Absent,,fail,fail,fail,fail,skip,skip,fail,skip,skip,fail,fail,,,17,0.4.0,2026-08-07
taskfuel.ai,1,10,Text-only,,fail,fail,fail,fail,skip,skip,fail,skip,skip,pass,fail,,,17,0.4.0,2026-08-07
taskhawktech.com,1,10,Text-only,,fail,fail,fail,fail,skip,skip,fail,skip,skip,pass,fail,,,14,0.4.0,2026-08-07
taskive.ai,1,10,Text-only,,fail,fail,fail,fail,skip,skip,fail,skip,skip,pass,fail,,,17,0.4.0,2026-08-07
tasklix.dev,1,50,Discoverable,,pass,fail,fail,pass,fail,skip,fail,skip,skip,pass,pass,ai-catalog|mcp-json|mcp-server-card-json,,18,0.4.0,2026-08-07
taskman.london,1,50,Discoverable,,pass,fail,fail,fail,skip,skip,fail,skip,skip,pass,pass,mcp-server-card-json,,15,0.4.0,2026-08-07
tasktime.pro,1,15,Text-only,,fail,fail,fail,fail,skip,skip,fail,skip,skip,pass,pass,,,15,0.4.0,2026-08-07
tastemakerdev.com,1,0,Absent,,fail,fail,fail,fail,skip,skip,fail,skip,skip,fail,fail,,,13,0.4.0,2026-08-07
tatastu.dev,1,15,Text-only,,fail,fail,fail,fail,skip,skip,fail,skip,skip,pass,pass,,,16,0.4.0,2026-08-07
tatuape.sampa.br,1,100,Agent-ready,,pass,fail,pass,fail,pass,pass,fail,pass,pass,pass,pass,mcp-json,legacy,40,0.4.0,2026-08-07
taufunctions.com,1,0,Absent,,fail,fail,fail,fail,skip,skip,fail,skip,skip,fail,fail,,,18,0.4.0,2026-08-07
tavernfinder.com,1,15,Text-only,,fail,fail,fail,fail,skip,skip,fail,skip,skip,pass,pass,,,19,0.4.0,2026-08-07
taxact.com,1,75,Connectable,,fail,fail,pass,fail,pass,fail,fail,skip,skip,fail,pass,,legacy,37,0.4.0,2026-08-07
taxcompass.it,1,10,Text-only,,fail,fail,fail,fail,skip,skip,fail,skip,skip,pass,fail,,,16,0.4.0,2026-08-07
taxlocus.com,1,5,Text-only,,fail,fail,fail,fail,skip,skip,fail,skip,skip,fail,pass,,,15,0.4.0,2026-08-07
tbit.app,1,15,Text-only,,fail,fail,fail,fail,skip,skip,fail,skip,skip,pass,pass,,,15,0.4.0,2026-08-07
tcgmcp.com,1,95,Agent-ready,,fail,fail,pass,fail,pass,pass,fail,skip,pass,pass,fail,,legacy,23,0.4.0,2026-08-07
tdueqhfxyojmjgactdyc.supabase.co,1,0,Absent,,fail,fail,fail,fail,skip,skip,fail,skip,skip,fail,fail,,,15,0.4.0,2026-08-07
team0.ai,1,15,Text-only,,fail,fail,fail,fail,skip,skip,fail,skip,skip,pass,pass,,,16,0.4.0,2026-08-07
teamdev.com,1,10,Text-only,,fail,fail,fail,fail,skip,skip,fail,skip,skip,pass,fail,,,16,0.4.0,2026-08-07
teamo360.com,1,15,Text-only,,fail,fail,fail,fail,skip,skip,fail,skip,skip,pass,pass,,,16,0.4.0,2026-08-07
teamwork.com,1,85,Connectable,,pass,fail,fail,pass,pass,pass,fail,pass,fail,pass,pass,mcp-json,modern,27,0.4.0,2026-08-07
tech-enrichment-x402-production.up.railway.app,1,0,Absent,,fail,fail,fail,fail,skip,skip,fail,skip,skip,fail,fail,,,28,0.4.0,2026-08-07
tech.eu,1,5,Text-only,,fail,fail,fail,fail,skip,skip,fail,skip,skip,fail,pass,,,15,0.4.0,2026-08-07
techenthus.dev,1,0,Absent,,fail,fail,fail,fail,skip,skip,fail,skip,skip,fail,fail,,,15,0.4.0,2026-08-07
techmanual.ai,1,5,Text-only,,fail,fail,fail,fail,skip,skip,fail,skip,skip,fail,pass,,,20,0.4.0,2026-08-07
teclazo.com,1,50,Discoverable,,fail,fail,fail,pass,skip,skip,fail,skip,skip,pass,pass,,,14,0.4.0,2026-08-07
tedscout.eu,1,35,Discoverable,,pass,fail,fail,fail,skip,skip,fail,skip,skip,fail,fail,mcp-server-card-json,,33,0.4.0,2026-08-07
teenadhd.ai,1,100,Agent-ready,,pass,fail,fail,fail,pass,pass,fail,pass,pass,pass,pass,mcp-json|mcp-bare|mcp-server-card-json,modern,18,0.4.0,2026-08-07
teenanxiety.ai,1,100,Agent-ready,,pass,fail,fail,fail,pass,pass,fail,pass,pass,pass,pass,mcp-json|mcp-bare|mcp-server-card-json,modern,18,0.4.0,2026-08-07
teenpsychiatry.ai,1,100,Agent-ready,,pass,fail,fail,fail,pass,pass,fail,pass,pass,pass,pass,mcp-json|mcp-bare|mcp-server-card-json,modern,18,0.4.0,2026-08-07
teenpsychiatry.com,1,100,Agent-ready,,pass,fail,fail,fail,pass,pass,fail,pass,pass,pass,pass,mcp-json|mcp-bare|mcp-server-card-json,modern,18,0.4.0,2026-08-07
teentherapy.ai,1,100,Agent-ready,,pass,fail,fail,fail,pass,pass,fail,pass,pass,pass,pass,mcp-json|mcp-bare|mcp-server-card-json,modern,18,0.4.0,2026-08-07
tehprof.kz,1,0,Absent,,fail,fail,fail,fail,skip,skip,fail,skip,skip,fail,fail,,,14,0.4.0,2026-08-07
tekboss.ai,1,0,Absent,,fail,fail,fail,fail,skip,skip,fail,skip,skip,fail,fail,,,15,0.4.0,2026-08-07
telawiki.com,1,45,Discoverable,,pass,fail,fail,pass,fail,skip,fail,skip,skip,pass,fail,mcp-json,,16,0.4.0,2026-08-07
telbase.ai,1,15,Text-only,,fail,fail,fail,fail,skip,skip,fail,skip,skip,pass,pass,,,30,0.4.0,2026-08-07
telemost.io,1,10,Text-only,,fail,fail,fail,fail,skip,skip,fail,skip,skip,pass,fail,,,29,0.4.0,2026-08-07
teleprompter.com,1,15,Text-only,,fail,fail,fail,fail,skip,skip,fail,skip,skip,pass,pass,,,23,0.4.0,2026-08-07
telerik.com,1,15,Text-only,,fail,fail,fail,fail,skip,skip,fail,skip,skip,pass,pass,,,32,0.4.0,2026-08-07
temp-mail.io,1,0,Absent,,fail,fail,fail,fail,skip,skip,fail,skip,skip,fail,fail,,,16,0.4.0,2026-08-07
temp.md,1,50,Discoverable,,pass,fail,fail,fail,skip,skip,fail,skip,skip,pass,pass,mcp-json|mcp-server-card-json,,18,0.4.0,2026-08-07
tempguru.co,1,50,Discoverable,,pass,pass,fail,fail,fail,skip,fail,skip,skip,pass,pass,mcp-json|mcp-server-card-json,,20,0.4.0,2026-08-07
template-surfaces-drive-bar.trycloudflare.com,1,0,Absent,,error,fail,fail,error,skip,skip,error,skip,skip,fail,fail,,,3,0.4.0,2026-08-07
templated.email,1,15,Text-only,,fail,fail,fail,fail,skip,skip,fail,skip,skip,pass,pass,,,14,0.4.0,2026-08-07
temporal-mcp.dev,1,70,Connectable,,fail,fail,pass,fail,pass,pass,fail,skip,fail,fail,fail,,legacy,20,0.4.0,2026-08-07
temporal.io,1,10,Text-only,,fail,fail,fail,fail,skip,skip,fail,skip,skip,pass,fail,,,15,0.4.0,2026-08-07
tempreon.com,1,15,Text-only,,fail,fail,fail,fail,skip,skip,fail,skip,skip,pass,pass,,,15,0.4.0,2026-08-07
temsor.com,1,0,Absent,,fail,fail,fail,fail,skip,skip,fail,skip,skip,fail,fail,,,17,0.4.0,2026-08-07
temway.com,1,10,Text-only,,fail,fail,fail,fail,skip,skip,fail,skip,skip,pass,fail,,,18,0.4.0,2026-08-07
tenantsdb.com,1,0,Absent,,fail,fail,fail,fail,skip,skip,fail,skip,skip,fail,fail,,,16,0.4.0,2026-08-07
tendem.ai,1,75,Connectable,,fail,fail,pass,pass,pass,fail,fail,skip,skip,fail,pass,,modern,23,0.4.0,2026-08-07
tender-mcp-production.up.railway.app,1,35,Discoverable,,pass,fail,fail,fail,skip,skip,fail,skip,skip,fail,fail,mcp-server-card-json,,28,0.4.0,2026-08-07
tenderhunt.ai,1,80,Connectable,,pass,fail,fail,fail,pass,fail,fail,skip,skip,pass,fail,mcp-json|mcp-server-card-json,modern,17,0.4.0,2026-08-07
tenderly.co,1,15,Text-only,,fail,fail,fail,fail,skip,skip,fail,skip,skip,pass,pass,,,35,0.4.0,2026-08-07
tendeta.io,1,70,Connectable,,fail,fail,pass,pass,pass,fail,fail,skip,skip,fail,fail,,modern,24,0.4.0,2026-08-07
tendfeed.eu,1,80,Connectable,,pass,fail,fail,fail,pass,pass,fail,pass,fail,pass,fail,mcp-json,legacy,19,0.4.0,2026-08-07
tenjin.blog,1,85,Connectable,,fail,fail,pass,fail,pass,fail,fail,skip,skip,pass,pass,,legacy,21,0.4.0,2026-08-07
teno-store.com,1,15,Text-only,,fail,fail,fail,fail,skip,skip,fail,skip,skip,pass,pass,,,14,0.4.0,2026-08-07
tenova.io,1,45,Discoverable,,pass,fail,fail,fail,skip,skip,fail,skip,skip,pass,fail,mcp-json|mcp-server-card-json,,19,0.4.0,2026-08-07
tenpace.com,1,10,Text-only,,fail,fail,fail,fail,skip,skip,fail,skip,skip,pass,fail,,,14,0.4.0,2026-08-07
tensorfeed.ai,1,15,Text-only,,fail,fail,fail,fail,skip,skip,fail,skip,skip,pass,pass,,,16,0.4.0,2026-08-07
tenzro.network,1,5,Text-only,,skip,fail,fail,skip,skip,skip,skip,skip,skip,skip,pass,,,8,0.4.0,2026-08-07
tenzro.xyz,1,0,Absent,,fail,fail,fail,fail,skip,skip,fail,skip,skip,fail,fail,,,32,0.4.0,2026-08-07
tepesama-reprise-mcp.hf.space,1,0,Absent,,fail,fail,fail,fail,skip,skip,fail,skip,skip,fail,fail,,,28,0.4.0,2026-08-07
teppek.com,1,50,Discoverable,,pass,fail,fail,pass,skip,skip,fail,skip,skip,pass,pass,mcp-server-card-json,,20,0.4.0,2026-08-07
tereno.xyz,1,10,Text-only,,fail,fail,fail,fail,skip,skip,fail,skip,skip,pass,fail,,,27,0.4.0,2026-08-07
teres.io,1,0,Absent,,error,fail,fail,error,skip,skip,error,skip,skip,fail,fail,,,46,0.4.0,2026-08-07
terminalfeed.io,1,15,Text-only,,fail,fail,fail,fail,skip,skip,fail,skip,skip,pass,pass,,,14,0.4.0,2026-08-07
tessa.tech,1,10,Text-only,,fail,fail,fail,fail,skip,skip,fail,skip,skip,pass,fail,,,17,0.4.0,2026-08-07
tessen.ai,1,5,Text-only,,fail,fail,fail,fail,skip,skip,fail,skip,skip,fail,pass,,,15,0.4.0,2026-08-07
tesseraai.io,1,15,Text-only,,fail,fail,fail,fail,skip,skip,fail,skip,skip,pass,pass,,,15,0.4.0,2026-08-07
tesseralytics.dev,1,85,Connectable,,fail,fail,pass,fail,pass,pass,fail,skip,pass,fail,fail,,legacy,20,0.4.0,2026-08-07
test-blockscholes.com,1,0,Absent,,error,fail,fail,error,skip,skip,error,skip,skip,fail,fail,,,3,0.4.0,2026-08-07
testiny.io,1,0,Absent,,fail,fail,fail,fail,skip,skip,fail,skip,skip,fail,fail,,,29,0.4.0,2026-08-07
testiv.ai,1,0,Absent,,fail,fail,fail,fail,skip,skip,fail,skip,skip,fail,fail,,,15,0.4.0,2026-08-07
testrigor.com,1,0,Absent,,fail,fail,fail,fail,skip,skip,fail,skip,skip,fail,fail,,,16,0.4.0,2026-08-07
tewdy.com,1,85,Connectable,,fail,fail,pass,pass,pass,fail,fail,skip,skip,pass,pass,,legacy,27,0.4.0,2026-08-07
tex-adequate-date-facing.trycloudflare.com,1,0,Absent,,error,fail,fail,error,skip,skip,error,skip,skip,fail,fail,,,3,0.4.0,2026-08-07
text-classifier-x402-production.up.railway.app,1,0,Absent,,fail,fail,fail,fail,skip,skip,fail,skip,skip,fail,fail,,,28,0.4.0,2026-08-07
text-to-speech-production-0f12.up.railway.app,1,0,Absent,,fail,fail,fail,fail,skip,skip,fail,skip,skip,fail,fail,,,28,0.4.0,2026-08-07
text-to-speech-x402-production.up.railway.app,1,0,Absent,,fail,fail,fail,fail,skip,skip,fail,skip,skip,fail,fail,,,28,0.4.0,2026-08-07
text-translator-x402-production.up.railway.app,1,0,Absent,,fail,fail,fail,fail,skip,skip,fail,skip,skip,fail,fail,,,28,0.4.0,2026-08-07
text2event.com,1,35,Discoverable,,fail,fail,fail,pass,skip,skip,fail,skip,skip,fail,fail,,,17,0.4.0,2026-08-07
textarttools.com,1,85,Connectable,,fail,fail,pass,fail,pass,pass,fail,skip,pass,fail,fail,,legacy,22,0.4.0,2026-08-07
texthumanizer.pro,1,35,Discoverable,,pass,fail,fail,pass,skip,skip,fail,skip,skip,fail,fail,mcp-server-card-json,,15,0.4.0,2026-08-07
textmine.com,1,15,Text-only,,fail,fail,fail,fail,skip,skip,fail,skip,skip,pass,pass,,,18,0.4.0,2026-08-07
texttostl.com,1,5,Text-only,,fail,fail,fail,fail,skip,skip,fail,skip,skip,fail,pass,,,22,0.4.0,2026-08-07
tgboard.com,1,85,Connectable,,pass,fail,fail,fail,pass,fail,fail,fail,skip,pass,pass,mcp-json,legacy,20,0.4.0,2026-08-07
tgden.com,1,15,Text-only,,fail,fail,fail,fail,skip,skip,fail,skip,skip,pass,pass,,,16,0.4.0,2026-08-07
thaiapp.com,1,0,Absent,,fail,fail,fail,fail,skip,skip,fail,skip,skip,fail,fail,,,15,0.4.0,2026-08-07
thaibankslip.com,1,80,Connectable,,pass,fail,fail,pass,pass,fail,fail,skip,skip,pass,fail,mcp-json,modern,18,0.4.0,2026-08-07
thaiprocurement.com,1,10,Text-only,,fail,fail,fail,fail,skip,skip,fail,skip,skip,pass,fail,,,18,0.4.0,2026-08-07
thales.report,1,80,Connectable,,fail,fail,pass,fail,pass,fail,fail,skip,skip,pass,fail,,legacy,20,0.4.0,2026-08-07
the-agentcy-production.up.railway.app,1,0,Absent,,fail,fail,fail,fail,skip,skip,fail,skip,skip,fail,fail,,,28,0.4.0,2026-08-07
the-automator.com,1,0,Absent,,fail,fail,fail,fail,skip,skip,fail,skip,skip,fail,fail,,,15,0.4.0,2026-08-07
the-gem-smith-mcp.vercel.app,1,0,Absent,,fail,fail,fail,fail,skip,skip,fail,skip,skip,fail,fail,,,28,0.4.0,2026-08-07
the-lounge-520904066816.us-west1.run.app,1,0,Absent,,fail,fail,fail,fail,skip,skip,fail,skip,skip,fail,fail,,,54,0.4.0,2026-08-07
the-orbit.ch,1,35,Discoverable,,fail,fail,fail,pass,skip,skip,fail,skip,skip,fail,fail,,,17,0.4.0,2026-08-07
the-snip.com,1,45,Discoverable,,fail,fail,fail,pass,skip,skip,fail,skip,skip,pass,fail,,,13,0.4.0,2026-08-07
the-undesirables.com,1,50,Discoverable,,pass,fail,fail,pass,skip,skip,fail,skip,skip,pass,pass,mcp-server-card-json,,16,0.4.0,2026-08-07
the13f.com,1,50,Discoverable,,pass,fail,fail,fail,skip,skip,fail,skip,skip,pass,pass,mcp-server-card-json,,15,0.4.0,2026-08-07
theagenttimes.com,1,100,Agent-ready,,pass,fail,fail,fail,pass,pass,fail,fail,pass,pass,pass,mcp-server-card-json,legacy,19,0.4.0,2026-08-07
theaggregate.ai,1,15,Text-only,,fail,fail,fail,fail,skip,skip,fail,skip,skip,pass,pass,,,15,0.4.0,2026-08-07
theartofservice.com,1,15,Text-only,,fail,fail,fail,fail,skip,skip,fail,skip,skip,pass,pass,,,15,0.4.0,2026-08-07
theaslangroupllc.com,1,0,Absent,,fail,fail,fail,fail,skip,skip,fail,skip,skip,fail,fail,,,42,0.4.0,2026-08-07
thebalancedinvestorclub.com,1,50,Discoverable,,fail,fail,fail,pass,skip,skip,fail,skip,skip,pass,pass,,,15,0.4.0,2026-08-07
theblueprint.xyz,1,0,Absent,,fail,fail,fail,fail,skip,skip,fail,skip,skip,fail,fail,,,20,0.4.0,2026-08-07
thebotwire.com,1,85,Connectable,,pass,fail,pass,fail,pass,fail,fail,pass,skip,pass,pass,mcp-server-card-json,legacy,23,0.4.0,2026-08-07
thecastlemap.com,1,80,Connectable,,fail,fail,pass,fail,pass,pass,fail,skip,fail,pass,fail,,legacy,20,0.4.0,2026-08-07
thechrisgrey.com,1,90,Agent-ready,,fail,fail,pass,fail,pass,pass,fail,skip,pass,fail,pass,,legacy,27,0.4.0,2026-08-07
thecoderegistry.com,1,0,Absent,,fail,fail,fail,fail,skip,skip,fail,skip,skip,fail,fail,,,19,0.4.0,2026-08-07
thecodey.com,1,0,Absent,,error,fail,fail,error,skip,skip,error,skip,skip,fail,fail,,,5,0.4.0,2026-08-07
thecolony.cc,1,50,Discoverable,,pass,fail,fail,pass,skip,skip,fail,skip,skip,pass,pass,mcp-json,,27,0.4.0,2026-08-07
thecompanyatlas.com,1,50,Discoverable,,fail,fail,fail,pass,skip,skip,fail,skip,skip,pass,pass,,,18,0.4.0,2026-08-07
thecontext.company,1,5,Text-only,,fail,fail,fail,fail,skip,skip,fail,skip,skip,fail,pass,,,20,0.4.0,2026-08-07
thedailylesson.com,1,50,Discoverable,,pass,fail,fail,fail,skip,skip,fail,skip,skip,pass,pass,ai-catalog|mcp-server-serra|mcp-json|mcp-bare|mcp-server-card-json,,18,0.4.0,2026-08-07
thedailysmark.com,1,95,Agent-ready,,fail,fail,pass,fail,pass,pass,fail,skip,pass,pass,fail,,legacy,39,0.4.0,2026-08-07
thedeskmonitor.com,1,15,Text-only,,fail,fail,fail,fail,skip,skip,fail,skip,skip,pass,pass,,,15,0.4.0,2026-08-07
thefloor-dashboard-production.up.railway.app,1,95,Agent-ready,,fail,fail,pass,fail,pass,pass,fail,skip,pass,pass,fail,,legacy,33,0.4.0,2026-08-07
thefusion.studio,1,0,Absent,,fail,fail,fail,fail,skip,skip,fail,skip,skip,fail,fail,,,23,0.4.0,2026-08-07
thehillkinabalu.com,1,70,Connectable,,fail,fail,pass,fail,pass,fail,fail,skip,skip,fail,fail,,legacy,24,0.4.0,2026-08-07
thehometeam.io,1,70,Connectable,,fail,fail,pass,fail,pass,fail,fail,skip,skip,fail,fail,,legacy,36,0.4.0,2026-08-07
theirstack.com,1,80,Connectable,,fail,fail,pass,pass,pass,fail,fail,skip,skip,pass,fail,,modern,29,0.4.0,2026-08-07
thekairos.app,1,85,Connectable,,pass,fail,fail,pass,pass,fail,fail,skip,skip,pass,pass,mcp-server-card-json,modern,20,0.4.0,2026-08-07
thelastceo.live,1,15,Text-only,,fail,fail,fail,fail,skip,skip,fail,skip,skip,pass,pass,,,30,0.4.0,2026-08-07
themailx.com,1,80,Connectable,,pass,fail,pass,fail,pass,fail,fail,pass,skip,pass,fail,mcp-json|mcp-server-card-json,legacy,19,0.4.0,2026-08-07
themineworks.com,1,15,Text-only,,fail,fail,fail,fail,skip,skip,fail,skip,skip,pass,pass,,,16,0.4.0,2026-08-07
themonexus.com,1,15,Text-only,,fail,fail,fail,fail,skip,skip,fail,skip,skip,pass,pass,,,14,0.4.0,2026-08-07
thenetworkos.com,1,50,Discoverable,,fail,fail,fail,pass,skip,skip,fail,skip,skip,pass,pass,,,27,0.4.0,2026-08-07
theneuralledger.com,1,5,Text-only,,fail,fail,fail,fail,skip,skip,fail,skip,skip,fail,pass,,,16,0.4.0,2026-08-07
thenextgennexus.com,1,0,Absent,,fail,fail,fail,fail,skip,skip,fail,skip,skip,fail,fail,,,15,0.4.0,2026-08-07
thenightsky.com,1,85,Connectable,,fail,fail,pass,pass,pass,fail,fail,skip,skip,pass,pass,,modern,37,0.4.0,2026-08-07
theopslog.workers.dev,1,0,Absent,,error,fail,fail,error,skip,skip,error,skip,skip,fail,fail,,,6,0.4.0,2026-08-07
theothers.shop,1,35,Discoverable,,fail,pass,fail,fail,skip,skip,fail,skip,skip,fail,fail,,,15,0.4.0,2026-08-07
theoutdoorsapp.com,1,85,Connectable,,fail,fail,pass,fail,pass,pass,fail,skip,fail,pass,pass,,legacy,32,0.4.0,2026-08-07
theprotocol.cloud,1,0,Absent,,fail,fail,fail,fail,skip,skip,fail,skip,skip,fail,fail,,,19,0.4.0,2026-08-07
thequietprotocol.com,1,45,Discoverable,,pass,fail,fail,fail,skip,skip,fail,skip,skip,pass,fail,mcp-server-card-json,,29,0.4.0,2026-08-07
theserverless.dev,1,0,Absent,,fail,fail,fail,fail,skip,skip,fail,skip,skip,fail,fail,,,15,0.4.0,2026-08-07
thesignup.app,1,70,Connectable,,pass,fail,fail,pass,pass,fail,fail,skip,skip,fail,fail,mcp-bare,modern,17,0.4.0,2026-08-07
thesovereignconsumer.com,1,0,Absent,,error,fail,fail,error,skip,skip,error,skip,skip,fail,fail,,,54,0.4.0,2026-08-07
thetrustlayer.xyz,1,85,Connectable,,fail,fail,pass,fail,pass,pass,fail,skip,pass,fail,fail,,legacy,36,0.4.0,2026-08-07
theusualaccountant.com,1,10,Text-only,,fail,fail,fail,fail,skip,skip,fail,skip,skip,pass,fail,,,20,0.4.0,2026-08-07
thexi.dev,1,5,Text-only,,fail,fail,fail,fail,skip,skip,fail,skip,skip,fail,pass,,,16,0.4.0,2026-08-07
thinair.co,1,5,Text-only,,fail,fail,fail,fail,skip,skip,fail,skip,skip,fail,pass,,,31,0.4.0,2026-08-07
thingctx.com,1,0,Absent,,fail,fail,fail,fail,skip,skip,fail,skip,skip,fail,fail,,,29,0.4.0,2026-08-07
thinkandautomate.dev,1,0,Absent,,fail,fail,fail,fail,skip,skip,fail,skip,skip,fail,fail,,,29,0.4.0,2026-08-07
thinkneo.ai,1,50,Discoverable,,fail,pass,fail,fail,skip,skip,fail,skip,skip,pass,pass,,,17,0.4.0,2026-08-07
thinkpattern.ai,1,100,Agent-ready,,fail,fail,pass,fail,pass,pass,fail,skip,pass,pass,pass,,legacy,20,0.4.0,2026-08-07
thiri.ai,1,70,Connectable,,fail,fail,pass,pass,pass,fail,fail,skip,skip,fail,fail,,modern,23,0.4.0,2026-08-07
thisdot.co,1,0,Absent,,fail,fail,fail,fail,skip,skip,fail,skip,skip,fail,fail,,,30,0.4.0,2026-08-07
thisispaper.com,1,10,Text-only,,fail,fail,fail,fail,skip,skip,fail,skip,skip,pass,fail,,,23,0.4.0,2026-08-07
thistripbtw.us,1,100,Agent-ready,,pass,fail,pass,fail,pass,pass,fail,pass,pass,pass,pass,mcp-json,legacy,23,0.4.0,2026-08-07
thoth-slr.vercel.app,1,0,Absent,,fail,fail,fail,fail,skip,skip,fail,skip,skip,fail,fail,,,37,0.4.0,2026-08-07
thoughtbox.ai,1,0,Absent,,fail,fail,fail,fail,skip,skip,fail,skip,skip,fail,fail,,,16,0.4.0,2026-08-07
thoughtspot.app,1,0,Absent,,fail,fail,fail,fail,skip,skip,fail,skip,skip,fail,fail,,,15,0.4.0,2026-08-07
thousand-api.com,1,0,Absent,,error,fail,fail,error,skip,skip,error,skip,skip,fail,fail,,,6,0.4.0,2026-08-07
thousandeyes.com,1,0,Absent,,fail,fail,fail,fail,skip,skip,fail,skip,skip,fail,fail,,,30,0.4.0,2026-08-07
thrain.ai,1,0,Absent,,fail,fail,fail,fail,skip,skip,fail,skip,skip,fail,fail,,,15,0.4.0,2026-08-07
threadlinqs.com,1,50,Discoverable,,pass,fail,fail,pass,fail,skip,fail,skip,skip,pass,pass,mcp-json,,17,0.4.0,2026-08-07
threadminder.ai,1,15,Text-only,,fail,fail,fail,fail,skip,skip,fail,skip,skip,pass,pass,,,18,0.4.0,2026-08-07
threadmine.dev,1,10,Text-only,,fail,fail,fail,fail,skip,skip,fail,skip,skip,pass,fail,,,15,0.4.0,2026-08-07
threejs-weaver-mcp.vercel.app,1,0,Absent,,fail,fail,fail,fail,skip,skip,fail,skip,skip,fail,fail,,,28,0.4.0,2026-08-07
thrivee.ai,1,0,Absent,,error,fail,fail,error,skip,skip,error,skip,skip,fail,fail,,,5,0.4.0,2026-08-07
thrivestack.ai,1,15,Text-only,,fail,fail,fail,fail,skip,skip,fail,skip,skip,pass,pass,,,29,0.4.0,2026-08-07
thundercompute.com,1,45,Discoverable,,fail,fail,fail,pass,skip,skip,fail,skip,skip,pass,fail,,,30,0.4.0,2026-08-07
tianxiagongchang.com,1,10,Text-only,,fail,fail,fail,fail,skip,skip,fail,skip,skip,pass,fail,,,42,0.4.0,2026-08-07
tick-mcp-production.up.railway.app,1,85,Connectable,,fail,fail,pass,fail,pass,pass,fail,skip,pass,fail,fail,,legacy,33,0.4.0,2026-08-07
tickadoo.com,1,50,Discoverable,,pass,fail,fail,pass,fail,skip,fail,skip,skip,pass,pass,mcp-json|mcp-server-card-json,,26,0.4.0,2026-08-07
tickdb.ai,1,5,Text-only,,fail,fail,fail,fail,skip,skip,fail,skip,skip,fail,pass,,,17,0.4.0,2026-08-07
tickerall.com,1,0,Absent,,fail,fail,fail,fail,skip,skip,fail,skip,skip,fail,fail,,,17,0.4.0,2026-08-07
tickerbot.io,1,10,Text-only,,fail,fail,fail,fail,skip,skip,fail,skip,skip,pass,fail,,,17,0.4.0,2026-08-07
tickerdb.com,1,80,Connectable,,fail,fail,pass,pass,pass,fail,fail,skip,skip,pass,fail,,modern,23,0.4.0,2026-08-07
tickerfacts.com,1,100,Agent-ready,,fail,fail,pass,fail,pass,pass,fail,skip,pass,pass,pass,,legacy,20,0.4.0,2026-08-07
tickerr.ai,1,0,Absent,,fail,fail,fail,fail,skip,skip,fail,skip,skip,fail,fail,,,41,0.4.0,2026-08-07
tickets4pets.org,1,100,Agent-ready,,fail,fail,pass,fail,pass,pass,fail,skip,pass,pass,pass,,legacy,20,0.4.0,2026-08-07
tickettailor.ai,1,0,Absent,,error,fail,fail,error,skip,skip,error,skip,skip,fail,fail,,,5,0.4.0,2026-08-07
tickstem.dev,1,10,Text-only,,fail,fail,fail,fail,skip,skip,fail,skip,skip,pass,fail,,,18,0.4.0,2026-08-07
ticktape.cc,1,100,Agent-ready,,pass,fail,pass,fail,pass,pass,fail,pass,pass,pass,pass,ai-catalog|mcp-json|mcp-server-card-json,legacy,20,0.4.0,2026-08-07
tide.org,1,70,Connectable,,fail,fail,pass,fail,pass,fail,fail,skip,skip,fail,fail,,legacy,26,0.4.0,2026-08-07
tidesman.dev,1,5,Text-only,,fail,fail,fail,fail,skip,skip,fail,skip,skip,fail,pass,,,15,0.4.0,2026-08-07
tier1.nz,1,30,Text-only,,fail,fail,pass,fail,fail,skip,fail,skip,skip,pass,fail,,,20,0.4.0,2026-08-07
tigera.io,1,45,Discoverable,,fail,fail,fail,pass,skip,skip,fail,skip,skip,pass,fail,,,27,0.4.0,2026-08-07
tigerdata.com,1,10,Text-only,,fail,fail,fail,fail,skip,skip,fail,skip,skip,pass,fail,,,31,0.4.0,2026-08-07
tilwhen.com,1,85,Connectable,,fail,fail,pass,fail,pass,fail,fail,skip,skip,pass,pass,,legacy,24,0.4.0,2026-08-07
timelines.ai,1,15,Text-only,,fail,fail,fail,fail,skip,skip,fail,skip,skip,pass,pass,,,17,0.4.0,2026-08-07
timeml.ai,1,15,Text-only,,fail,fail,fail,fail,skip,skip,fail,skip,skip,pass,pass,,,16,0.4.0,2026-08-07
timeslope.com,1,0,Absent,,fail,fail,fail,fail,skip,skip,fail,skip,skip,fail,fail,,,20,0.4.0,2026-08-07
timesrare.com,1,50,Discoverable,,pass,fail,fail,fail,skip,skip,fail,skip,skip,pass,pass,mcp-json|mcp-bare|mcp-server-card-json,,17,0.4.0,2026-08-07
timezone-converter-production-d3c5.up.railway.app,1,0,Absent,,fail,fail,fail,fail,skip,skip,fail,skip,skip,fail,fail,,,28,0.4.0,2026-08-07
timezone-converter-x402-production.up.railway.app,1,0,Absent,,fail,fail,fail,fail,skip,skip,fail,skip,skip,fail,fail,,,28,0.4.0,2026-08-07
timill.com,1,15,Text-only,,fail,fail,fail,fail,skip,skip,fail,skip,skip,pass,pass,,,15,0.4.0,2026-08-07
timillcloud.com,1,0,Absent,,error,fail,fail,error,skip,skip,error,skip,skip,fail,fail,,,41,0.4.0,2026-08-07
timix.ai,1,15,Text-only,,fail,fail,fail,fail,skip,skip,fail,skip,skip,pass,pass,,,16,0.4.0,2026-08-07
timothe.ai,1,0,Absent,,fail,fail,fail,fail,skip,skip,fail,skip,skip,fail,fail,,,16,0.4.0,2026-08-07
timothy-walton45.workers.dev,1,0,Absent,,error,fail,fail,error,skip,skip,error,skip,skip,fail,fail,,,6,0.4.0,2026-08-07
timzinin.com,1,10,Text-only,,fail,fail,fail,fail,skip,skip,fail,skip,skip,pass,fail,,,16,0.4.0,2026-08-07
tinify.ai,1,0,Absent,,fail,fail,fail,fail,skip,skip,fail,skip,skip,fail,fail,,,16,0.4.0,2026-08-07
tinify.dev,1,85,Connectable,,fail,fail,pass,pass,pass,fail,fail,skip,skip,pass,pass,,modern,21,0.4.0,2026-08-07
tinkrr.app,1,0,Absent,,fail,fail,fail,fail,skip,skip,fail,skip,skip,fail,fail,,,15,0.4.0,2026-08-07
tinkrr.workers.dev,1,0,Absent,,error,fail,fail,error,skip,skip,error,skip,skip,fail,fail,,,6,0.4.0,2026-08-07
tinyapis.dev,1,0,Absent,,error,fail,fail,error,skip,skip,error,skip,skip,fail,fail,,,54,0.4.0,2026-08-07
tinyassets.io,1,5,Text-only,,fail,fail,fail,fail,skip,skip,fail,skip,skip,fail,pass,,,17,0.4.0,2026-08-07
tinyfish.ai,1,10,Text-only,,fail,fail,fail,fail,skip,skip,fail,skip,skip,pass,fail,,,29,0.4.0,2026-08-07
tinyfn.io,1,15,Text-only,,fail,fail,fail,fail,skip,skip,fail,skip,skip,pass,pass,,,15,0.4.0,2026-08-07
tinygods.dev,1,0,Absent,,fail,fail,fail,fail,skip,skip,fail,skip,skip,fail,fail,,,15,0.4.0,2026-08-07
tinysend.com,1,80,Connectable,,pass,fail,fail,pass,pass,fail,fail,skip,skip,pass,fail,mcp-json,modern,24,0.4.0,2026-08-07
tip4serv.com,1,0,Absent,,fail,fail,fail,fail,skip,skip,fail,skip,skip,fail,fail,,,19,0.4.0,2026-08-07
tipdata.es,1,5,Text-only,,fail,fail,fail,fail,skip,skip,fail,skip,skip,fail,pass,,,14,0.4.0,2026-08-07
tipranks.com,1,10,Text-only,,fail,fail,fail,fail,skip,skip,fail,skip,skip,pass,fail,,,29,0.4.0,2026-08-07
tiza.cc,1,50,Discoverable,,pass,fail,fail,fail,fail,skip,pass,skip,skip,pass,pass,ai-catalog|mcp-json,,20,0.4.0,2026-08-07
tjcjvxibsrxizwuajypz.supabase.co,1,0,Absent,,fail,fail,fail,fail,skip,skip,fail,skip,skip,fail,fail,,,15,0.4.0,2026-08-07
tkawen.com,1,15,Text-only,,fail,fail,fail,fail,skip,skip,fail,skip,skip,pass,pass,,,18,0.4.0,2026-08-07
tkllabs.io,1,0,Absent,,fail,fail,fail,fail,skip,skip,fail,skip,skip,fail,fail,,,16,0.4.0,2026-08-07
tlaloc.sh,1,15,Text-only,,fail,fail,fail,fail,skip,skip,fail,skip,skip,pass,pass,,,29,0.4.0,2026-08-07
tldraw.workers.dev,1,0,Absent,,error,fail,fail,error,skip,skip,error,skip,skip,fail,fail,,,6,0.4.0,2026-08-07
tlsradar.com,1,50,Discoverable,,fail,fail,fail,pass,skip,skip,fail,skip,skip,pass,pass,,,15,0.4.0,2026-08-07
tmpstate.dev,1,80,Connectable,,fail,fail,pass,fail,pass,fail,fail,skip,skip,pass,fail,,legacy,23,0.4.0,2026-08-07
tmtb-mcp.fly.dev,1,0,Absent,,fail,fail,fail,fail,skip,skip,fail,skip,skip,fail,fail,,,15,0.4.0,2026-08-07
tmtb.io,1,5,Text-only,,fail,fail,fail,fail,skip,skip,fail,skip,skip,fail,pass,,,18,0.4.0,2026-08-07
tnkng.com,1,0,Absent,,error,fail,fail,error,skip,skip,error,skip,skip,fail,fail,,,41,0.4.0,2026-08-07
tnt-audit.com,1,70,Connectable,,pass,fail,pass,fail,pass,fail,fail,skip,skip,fail,fail,mcp-server-card-json,modern,37,0.4.0,2026-08-07
todo.vu,1,5,Text-only,,fail,fail,fail,fail,skip,skip,fail,skip,skip,fail,pass,,,18,0.4.0,2026-08-07
todoist.net,1,0,Absent,,error,fail,fail,error,skip,skip,error,skip,skip,fail,fail,,,41,0.4.0,2026-08-07
toffu.ai,1,80,Connectable,,fail,fail,pass,pass,pass,fail,fail,skip,skip,pass,fail,,modern,23,0.4.0,2026-08-07
toflow.ai,1,15,Text-only,,fail,fail,fail,fail,skip,skip,fail,skip,skip,pass,pass,,,17,0.4.0,2026-08-07
tofubofu.com,1,15,Text-only,,fail,fail,fail,fail,skip,skip,fail,skip,skip,pass,pass,,,15,0.4.0,2026-08-07
token-diet-mcp.vercel.app,1,0,Absent,,fail,fail,fail,fail,skip,skip,fail,skip,skip,fail,fail,,,28,0.4.0,2026-08-07
token-holders-x402-production.up.railway.app,1,0,Absent,,fail,fail,fail,fail,skip,skip,fail,skip,skip,fail,fail,,,28,0.4.0,2026-08-07
token-ohlcv-x402-production.up.railway.app,1,0,Absent,,fail,fail,fail,fail,skip,skip,fail,skip,skip,fail,fail,,,28,0.4.0,2026-08-07
token-price-production-f72e.up.railway.app,1,0,Absent,,fail,fail,fail,fail,skip,skip,fail,skip,skip,fail,fail,,,28,0.4.0,2026-08-07
token-price-x402-production.up.railway.app,1,0,Absent,,fail,fail,fail,fail,skip,skip,fail,skip,skip,fail,fail,,,28,0.4.0,2026-08-07
token-safety-x402-production.up.railway.app,1,0,Absent,,fail,fail,fail,fail,skip,skip,fail,skip,skip,fail,fail,,,28,0.4.0,2026-08-07
tokenarcade.ai,1,50,Discoverable,,pass,fail,fail,fail,skip,skip,fail,skip,skip,pass,pass,mcp-server-card-json,,16,0.4.0,2026-08-07
tokenbel.info,1,80,Connectable,,pass,fail,fail,fail,pass,fail,fail,fail,skip,pass,fail,ai-catalog|mcp-server-card-json,legacy,21,0.4.0,2026-08-07
tokenburn-optimizer-mcp.vercel.app,1,0,Absent,,fail,fail,fail,fail,skip,skip,fail,skip,skip,fail,fail,,,28,0.4.0,2026-08-07
tokenofesteem.com,1,15,Text-only,,fail,fail,fail,fail,skip,skip,fail,skip,skip,pass,pass,,,18,0.4.0,2026-08-07
tokenomic-pulse-mcp.vercel.app,1,0,Absent,,fail,fail,fail,fail,skip,skip,fail,skip,skip,fail,fail,,,28,0.4.0,2026-08-07
tokenrip.com,1,50,Discoverable,,pass,fail,fail,pass,skip,skip,fail,skip,skip,pass,pass,mcp-server-card-json,,16,0.4.0,2026-08-07
tokkyo-maru.fly.dev,1,0,Absent,,fail,fail,fail,fail,skip,skip,fail,skip,skip,fail,fail,,,15,0.4.0,2026-08-07
tokonomix.ai,1,45,Discoverable,,fail,fail,fail,pass,skip,skip,fail,skip,skip,pass,fail,,,17,0.4.0,2026-08-07
tolgee.io,1,10,Text-only,,fail,fail,fail,fail,skip,skip,fail,skip,skip,pass,fail,,,30,0.4.0,2026-08-07
tollboothswap.xyz,1,70,Connectable,,fail,fail,pass,fail,pass,fail,error,skip,skip,fail,fail,,legacy,10,0.4.0,2026-08-07
tollmint.com,1,70,Connectable,,fail,fail,pass,fail,pass,pass,fail,skip,fail,fail,fail,,legacy,22,0.4.0,2026-08-07
tomesphere.com,1,50,Discoverable,,fail,fail,fail,pass,skip,skip,fail,skip,skip,pass,pass,,,16,0.4.0,2026-08-07
tomevault.io,1,85,Connectable,,pass,fail,pass,fail,pass,fail,fail,pass,skip,pass,pass,ai-catalog|mcp-json,legacy,25,0.4.0,2026-08-07
tomi.tel,1,35,Discoverable,,fail,fail,fail,pass,skip,skip,fail,skip,skip,fail,fail,,,17,0.4.0,2026-08-07
tonr.app,1,10,Text-only,,fail,fail,fail,fail,skip,skip,fail,skip,skip,pass,fail,,,27,0.4.0,2026-08-07
tonzar.com,1,100,Agent-ready,,pass,fail,fail,fail,pass,pass,fail,pass,pass,pass,pass,mcp-json,legacy,19,0.4.0,2026-08-07
toofi.app,1,5,Text-only,,fail,fail,fail,fail,skip,skip,fail,skip,skip,fail,pass,,,16,0.4.0,2026-08-07
tool-guardian-mcp.vercel.app,1,0,Absent,,fail,fail,fail,fail,skip,skip,fail,skip,skip,fail,fail,,,28,0.4.0,2026-08-07
toolalize.com,1,80,Connectable,,fail,fail,pass,fail,pass,pass,fail,skip,fail,pass,fail,,legacy,21,0.4.0,2026-08-07
toolapi.org,1,50,Discoverable,,pass,fail,fail,fail,skip,skip,fail,skip,skip,pass,pass,mcp-json|mcp-server-card-json,,15,0.4.0,2026-08-07
toolbelt.ai,1,15,Text-only,,fail,fail,fail,fail,skip,skip,fail,skip,skip,pass,pass,,,18,0.4.0,2026-08-07
toolcall.click,1,95,Agent-ready,,fail,fail,pass,fail,pass,pass,fail,skip,pass,pass,fail,,legacy,20,0.4.0,2026-08-07
tooldirectory.ai,1,95,Agent-ready,,pass,fail,fail,fail,pass,pass,fail,pass,pass,pass,fail,mcp-server-card-json,legacy,19,0.4.0,2026-08-07
toolfeeds.com,1,10,Text-only,,fail,fail,fail,fail,skip,skip,fail,skip,skip,pass,fail,,,16,0.4.0,2026-08-07
toolforest.io,1,0,Absent,,fail,fail,fail,fail,skip,skip,fail,skip,skip,fail,fail,,,31,0.4.0,2026-08-07
toolhail.com,1,15,Text-only,,fail,fail,fail,fail,skip,skip,fail,skip,skip,pass,pass,,,17,0.4.0,2026-08-07
toolora.dev,1,0,Absent,,fail,fail,fail,fail,skip,skip,fail,skip,skip,fail,fail,,,15,0.4.0,2026-08-07
tooloracle.io,1,100,Agent-ready,,pass,fail,fail,pass,pass,pass,fail,fail,pass,pass,pass,mcp-json|mcp-server-card-json,legacy,26,0.4.0,2026-08-07
toolpipe.dev,1,0,Absent,,error,fail,fail,error,skip,skip,error,skip,skip,fail,fail,,,3,0.4.0,2026-08-07
toolprint.ai,1,5,Text-only,,fail,fail,fail,fail,skip,skip,fail,skip,skip,fail,pass,,,15,0.4.0,2026-08-07
toolsforagents.tools,1,15,Text-only,,fail,fail,fail,fail,skip,skip,fail,skip,skip,pass,pass,,,17,0.4.0,2026-08-07
toolsnap.app,1,5,Text-only,,fail,fail,fail,fail,skip,skip,fail,skip,skip,fail,pass,,,17,0.4.0,2026-08-07
toolvend.dev,1,10,Text-only,,fail,fail,fail,fail,skip,skip,fail,skip,skip,pass,fail,,,15,0.4.0,2026-08-07
toolvn.io.vn,1,0,Absent,,error,fail,fail,error,skip,skip,error,skip,skip,fail,fail,,,5,0.4.0,2026-08-07
toolweave.dev,1,10,Text-only,,skip,fail,fail,skip,skip,skip,fail,skip,skip,pass,fail,,,8,0.4.0,2026-08-07
toolzy.io,1,15,Text-only,,fail,fail,fail,fail,skip,skip,fail,skip,skip,pass,pass,,,29,0.4.0,2026-08-07
tootie.tv,1,0,Absent,,fail,fail,fail,fail,skip,skip,error,skip,skip,fail,fail,,,31,0.4.0,2026-08-07
top-gun-mcp-server.vercel.app,1,0,Absent,,fail,fail,fail,fail,skip,skip,fail,skip,skip,fail,fail,,,28,0.4.0,2026-08-07
topicforge.net,1,45,Discoverable,,pass,fail,fail,fail,skip,skip,fail,skip,skip,pass,fail,mcp-server-card-json,,29,0.4.0,2026-08-07
topmessage.com,1,0,Absent,,fail,fail,fail,fail,skip,skip,fail,skip,skip,fail,fail,,,16,0.4.0,2026-08-07
topness.com,1,0,Absent,,fail,fail,fail,fail,skip,skip,fail,skip,skip,fail,fail,,,15,0.4.0,2026-08-07
torchlyhq.com,1,10,Text-only,,fail,fail,fail,fail,skip,skip,fail,skip,skip,pass,fail,,,18,0.4.0,2026-08-07
toreador.io,1,15,Text-only,,fail,fail,fail,fail,skip,skip,fail,skip,skip,pass,pass,,,14,0.4.0,2026-08-07
toreva.com,1,10,Text-only,,fail,fail,fail,fail,skip,skip,fail,skip,skip,pass,fail,,,22,0.4.0,2026-08-07
torify.dev,1,15,Text-only,,fail,fail,fail,fail,skip,skip,fail,skip,skip,pass,pass,,,15,0.4.0,2026-08-07
torify.workers.dev,1,0,Absent,,error,fail,fail,error,skip,skip,error,skip,skip,fail,fail,,,6,0.4.0,2026-08-07
toriigate.dev,1,10,Text-only,,fail,fail,fail,fail,skip,skip,fail,skip,skip,pass,fail,,,15,0.4.0,2026-08-07
tos-slayer-mcp.vercel.app,1,0,Absent,,fail,fail,fail,fail,skip,skip,fail,skip,skip,fail,fail,,,28,0.4.0,2026-08-07
tosheroon.com,1,95,Agent-ready,,pass,fail,fail,fail,pass,pass,fail,pass,pass,pass,fail,mcp-json,legacy,22,0.4.0,2026-08-07
totalparks.com.au,1,15,Text-only,,fail,fail,fail,fail,skip,skip,fail,skip,skip,pass,pass,,,17,0.4.0,2026-08-07
totto.org,1,85,Connectable,,fail,fail,pass,fail,pass,pass,error,skip,pass,fail,fail,,legacy,11,0.4.0,2026-08-07
touchstone.cv,1,85,Connectable,,pass,fail,pass,fail,pass,fail,fail,skip,skip,pass,pass,mcp-json,modern,19,0.4.0,2026-08-07
toughlovesec.win,1,50,Discoverable,,pass,fail,fail,fail,skip,skip,fail,skip,skip,pass,pass,mcp-json,,15,0.4.0,2026-08-07
toughtongueai.com,1,10,Text-only,,fail,fail,fail,fail,skip,skip,fail,skip,skip,pass,fail,,,32,0.4.0,2026-08-07
toui.io,1,45,Discoverable,,fail,fail,fail,pass,skip,skip,fail,skip,skip,pass,fail,,,16,0.4.0,2026-08-07
toutcreer.com,1,0,Absent,,error,fail,fail,error,skip,skip,error,skip,skip,fail,fail,,,31,0.4.0,2026-08-07
townbrief.com,1,0,Absent,,fail,fail,fail,fail,skip,skip,fail,skip,skip,fail,fail,,,21,0.4.0,2026-08-07
tracea.online,1,0,Absent,,fail,fail,fail,fail,skip,skip,fail,skip,skip,fail,fail,,,17,0.4.0,2026-08-07
tracepass.eu,1,45,Discoverable,,pass,fail,fail,fail,skip,skip,fail,skip,skip,pass,fail,mcp-server-card-json,,29,0.4.0,2026-08-07
trackingmcp.com,1,85,Connectable,,fail,fail,pass,fail,pass,fail,fail,skip,skip,pass,pass,,modern,23,0.4.0,2026-08-07
trackingtime.co,1,10,Text-only,,fail,fail,fail,fail,skip,skip,fail,skip,skip,pass,fail,,,22,0.4.0,2026-08-07
trackordernow.com,1,0,Absent,,fail,fail,fail,fail,skip,skip,fail,skip,skip,fail,fail,,,24,0.4.0,2026-08-07
trackradar.ai,1,50,Discoverable,,fail,fail,fail,pass,skip,skip,fail,skip,skip,pass,pass,,,14,0.4.0,2026-08-07
tradallo.com,1,0,Absent,,error,fail,fail,error,skip,skip,error,skip,skip,fail,fail,,,3,0.4.0,2026-08-07
tradebasis.ca,1,15,Text-only,,fail,fail,fail,fail,skip,skip,fail,skip,skip,pass,pass,,,14,0.4.0,2026-08-07
tradedashboard.eu,1,95,Agent-ready,,fail,fail,pass,pass,pass,pass,fail,skip,pass,pass,fail,,modern,22,0.4.0,2026-08-07
tradego.ai,1,0,Absent,,error,fail,fail,error,skip,skip,error,skip,skip,fail,fail,,,41,0.4.0,2026-08-07
tradeit.app,1,50,Discoverable,,pass,fail,fail,pass,skip,skip,fail,skip,skip,pass,pass,mcp-bare|mcp-server-card-json,,17,0.4.0,2026-08-07
tradeos.xyz,1,15,Text-only,,fail,fail,fail,fail,skip,skip,fail,skip,skip,pass,pass,,,27,0.4.0,2026-08-07
traderhc.com,1,5,Text-only,,fail,fail,fail,fail,skip,skip,fail,skip,skip,fail,pass,,,30,0.4.0,2026-08-07
traderouter.ai,1,15,Text-only,,fail,fail,fail,fail,skip,skip,fail,skip,skip,pass,pass,,,18,0.4.0,2026-08-07
traderszone.net,1,0,Absent,,skip,fail,fail,skip,skip,skip,skip,skip,skip,skip,fail,,,8,0.4.0,2026-08-07
traderwai.com,1,0,Absent,,fail,fail,fail,fail,skip,skip,fail,skip,skip,fail,fail,,,18,0.4.0,2026-08-07
tradesapi.com,1,10,Text-only,,fail,fail,fail,fail,skip,skip,fail,skip,skip,pass,fail,,,29,0.4.0,2026-08-07
tradesearcher.ai,1,0,Absent,,fail,fail,fail,fail,skip,skip,fail,skip,skip,fail,fail,,,27,0.4.0,2026-08-07
tradeti.me,1,95,Agent-ready,,fail,fail,pass,fail,pass,pass,fail,skip,pass,pass,fail,,legacy,24,0.4.0,2026-08-07
trading-agent-mcp.zeabur.app,1,0,Absent,,fail,fail,fail,fail,skip,skip,fail,skip,skip,fail,fail,,,28,0.4.0,2026-08-07
tradingale.com,1,85,Connectable,,fail,fail,pass,pass,pass,fail,fail,skip,skip,pass,pass,,modern,18,0.4.0,2026-08-07
tradingcalc.io,1,10,Text-only,,fail,fail,fail,fail,skip,skip,fail,skip,skip,pass,fail,,,14,0.4.0,2026-08-07
tradingstrategies.work,1,15,Text-only,,fail,fail,fail,fail,skip,skip,fail,skip,skip,pass,pass,,,14,0.4.0,2026-08-07
traefik.io,1,10,Text-only,,fail,fail,fail,fail,skip,skip,fail,skip,skip,pass,fail,,,16,0.4.0,2026-08-07
trailweights.com,1,0,Absent,,skip,fail,fail,skip,skip,skip,skip,skip,skip,skip,fail,,,3,0.4.0,2026-08-07
trainrouter.com,1,80,Connectable,,fail,fail,pass,fail,pass,fail,fail,skip,skip,pass,fail,,legacy,20,0.4.0,2026-08-07
trakkr.ai,1,50,Discoverable,,pass,fail,fail,fail,skip,skip,fail,skip,skip,pass,pass,mcp-server-card-json,,17,0.4.0,2026-08-07
transcribevideototext.com,1,35,Discoverable,,fail,fail,fail,pass,skip,skip,fail,skip,skip,fail,fail,,,31,0.4.0,2026-08-07
transcriptapi.com,1,70,Connectable,,pass,fail,fail,pass,pass,fail,fail,skip,skip,fail,fail,mcp-server-card-json,modern,18,0.4.0,2026-08-07
transcriptapi.dev,1,5,Text-only,,fail,fail,fail,fail,skip,skip,fail,skip,skip,fail,pass,,,15,0.4.0,2026-08-07
transcriptfetch.com,1,85,Connectable,,pass,fail,pass,pass,pass,fail,fail,skip,skip,pass,pass,mcp-server-card-json,modern,18,0.4.0,2026-08-07
transcriptmagic.com,1,20,Text-only,,fail,fail,pass,fail,fail,skip,fail,skip,skip,fail,fail,,,24,0.4.0,2026-08-07
transcriptmax.com,1,70,Connectable,,fail,fail,pass,fail,pass,fail,fail,skip,skip,fail,fail,,modern,22,0.4.0,2026-08-07
transipal.com,1,40,Discoverable,,fail,fail,fail,pass,skip,skip,fail,skip,skip,fail,pass,,,30,0.4.0,2026-08-07
transita.app,1,15,Text-only,,fail,fail,fail,fail,skip,skip,fail,skip,skip,pass,pass,,,14,0.4.0,2026-08-07
translatesheet.com,1,10,Text-only,,fail,fail,fail,fail,skip,skip,fail,skip,skip,pass,fail,,,31,0.4.0,2026-08-07
translatize.com,1,15,Text-only,,fail,fail,fail,fail,skip,skip,fail,skip,skip,pass,pass,,,18,0.4.0,2026-08-07
transloadit.com,1,10,Text-only,,fail,fail,fail,fail,skip,skip,fail,skip,skip,pass,fail,,,18,0.4.0,2026-08-07
tranthientrong.github.io,1,0,Absent,,fail,fail,fail,fail,skip,skip,fail,skip,skip,fail,fail,,,28,0.4.0,2026-08-07
travel-code.com,1,5,Text-only,,fail,fail,fail,fail,skip,skip,fail,skip,skip,fail,pass,,,18,0.4.0,2026-08-07
travel.art,1,10,Text-only,,fail,fail,fail,fail,skip,skip,fail,skip,skip,pass,fail,,,17,0.4.0,2026-08-07
travelerlocal.ai,1,15,Text-only,,fail,fail,fail,fail,skip,skip,fail,skip,skip,pass,pass,,,29,0.4.0,2026-08-07
travellersgroup.com.au,1,15,Text-only,,fail,fail,fail,fail,skip,skip,fail,skip,skip,pass,pass,,,15,0.4.0,2026-08-07
travelminds.ai,1,40,Discoverable,,pass,fail,fail,pass,skip,skip,fail,skip,skip,fail,pass,mcp-server-card-json,,21,0.4.0,2026-08-07
traveltype.app,1,100,Agent-ready,,fail,fail,pass,fail,pass,pass,fail,skip,pass,pass,pass,,legacy,21,0.4.0,2026-08-07
travolp.com,1,50,Discoverable,,pass,fail,fail,pass,fail,skip,fail,skip,skip,pass,pass,mcp-json,,18,0.4.0,2026-08-07
trayd.ai,1,75,Connectable,,fail,fail,pass,pass,pass,fail,fail,skip,skip,fail,pass,,modern,22,0.4.0,2026-08-07
trazimstan.hr,1,85,Connectable,,pass,fail,pass,fail,pass,fail,fail,pass,skip,pass,pass,mcp-json,legacy,23,0.4.0,2026-08-07
tredict.com,1,10,Text-only,,fail,fail,fail,fail,skip,skip,fail,skip,skip,pass,fail,,,29,0.4.0,2026-08-07
trellistate.com,1,15,Text-only,,fail,fail,fail,fail,skip,skip,fail,skip,skip,pass,pass,,,15,0.4.0,2026-08-07
trenchfu.com,1,0,Absent,,error,fail,fail,error,skip,skip,error,skip,skip,fail,fail,,,36,0.4.0,2026-08-07
trendsapi.ai,1,85,Connectable,,pass,fail,pass,pass,pass,error,fail,skip,skip,pass,pass,mcp-server-card-json,modern,23,0.4.0,2026-08-07
trendsmcp.ai,1,80,Connectable,,pass,fail,pass,pass,pass,error,fail,skip,skip,pass,fail,mcp-server-card-json,modern,35,0.4.0,2026-08-07
trestlescan.com,1,0,Absent,,fail,fail,fail,fail,skip,skip,fail,skip,skip,fail,fail,,,26,0.4.0,2026-08-07
tria.ro,1,100,Agent-ready,,pass,fail,pass,fail,pass,pass,fail,pass,pass,pass,pass,mcp-json,legacy,22,0.4.0,2026-08-07
triall.ai,1,15,Text-only,,fail,fail,fail,fail,skip,skip,fail,skip,skip,pass,pass,,,16,0.4.0,2026-08-07
tridentchart.com,1,100,Agent-ready,,fail,fail,pass,fail,pass,pass,fail,skip,pass,pass,pass,,legacy,23,0.4.0,2026-08-07
triggercmd.com,1,70,Connectable,,fail,fail,pass,pass,pass,fail,fail,skip,skip,fail,fail,,modern,20,0.4.0,2026-08-07
trillboards.com,1,85,Connectable,,fail,fail,pass,fail,pass,fail,fail,skip,skip,pass,pass,,modern,24,0.4.0,2026-08-07
trilo.chat,1,85,Connectable,,fail,fail,pass,pass,pass,fail,fail,skip,skip,pass,pass,,modern,20,0.4.0,2026-08-07
trimtabist.com,1,15,Text-only,,fail,fail,fail,fail,skip,skip,fail,skip,skip,pass,pass,,,15,0.4.0,2026-08-07
trinh.uk,1,0,Absent,,fail,fail,fail,fail,skip,skip,fail,skip,skip,fail,fail,,,17,0.4.0,2026-08-07
trinity-v2-mcp.fly.dev,1,0,Absent,,fail,fail,fail,fail,skip,skip,fail,skip,skip,fail,fail,,,15,0.4.0,2026-08-07
trip-planner.com.au,1,0,Absent,,error,fail,fail,error,skip,skip,error,skip,skip,fail,fail,,,3,0.4.0,2026-08-07
trip1.com,1,45,Discoverable,,pass,fail,fail,fail,skip,skip,fail,skip,skip,pass,fail,mcp-json,,15,0.4.0,2026-08-07
trip2g.com,1,10,Text-only,,fail,fail,fail,fail,skip,skip,fail,skip,skip,pass,fail,,,28,0.4.0,2026-08-07
tripitaka-mcp.com,1,10,Text-only,,fail,fail,fail,fail,skip,skip,fail,skip,skip,pass,fail,,,19,0.4.0,2026-08-07
triplogistics.app,1,70,Connectable,,fail,fail,pass,fail,pass,fail,fail,skip,skip,fail,fail,,legacy,22,0.4.0,2026-08-07
trisys.co.uk,1,10,Text-only,,fail,fail,fail,fail,skip,skip,fail,skip,skip,pass,fail,,,31,0.4.0,2026-08-07
trivago.com,1,0,Absent,,fail,fail,fail,fail,skip,skip,fail,skip,skip,fail,fail,,,20,0.4.0,2026-08-07
tronsave.io,1,85,Connectable,,pass,fail,pass,pass,pass,fail,fail,pass,skip,pass,pass,mcp-server-card-json,legacy,24,0.4.0,2026-08-07
troops-submission-what-stays.trycloudflare.com,1,0,Absent,,error,fail,fail,error,skip,skip,error,skip,skip,fail,fail,,,3,0.4.0,2026-08-07
trovest.io,1,15,Text-only,,fail,fail,fail,fail,skip,skip,fail,skip,skip,pass,pass,,,19,0.4.0,2026-08-07
troystack.ai,1,0,Absent,,fail,fail,fail,fail,skip,skip,fail,skip,skip,fail,fail,,,16,0.4.0,2026-08-07
true402.dev,1,45,Discoverable,,pass,fail,fail,fail,skip,skip,fail,skip,skip,pass,fail,mcp-json|mcp-bare,,16,0.4.0,2026-08-07
truealter.com,1,50,Discoverable,,pass,pass,fail,pass,fail,skip,fail,skip,skip,pass,pass,ai-catalog|mcp-json,,18,0.4.0,2026-08-07
truemarkets.co,1,0,Absent,,fail,fail,fail,fail,skip,skip,fail,skip,skip,fail,fail,,,18,0.4.0,2026-08-07
truevaluerankings.com,1,50,Discoverable,,pass,fail,fail,fail,fail,skip,fail,skip,skip,pass,pass,mcp-json|mcp-server-card-json,,17,0.4.0,2026-08-07
truncus.co,1,50,Discoverable,,fail,pass,fail,fail,skip,skip,fail,skip,skip,pass,pass,,,15,0.4.0,2026-08-07
trunk.io,1,15,Text-only,,fail,fail,fail,fail,skip,skip,fail,skip,skip,pass,pass,,,20,0.4.0,2026-08-07
truss-security.com,1,70,Connectable,,fail,fail,pass,pass,pass,fail,fail,skip,skip,fail,fail,,modern,35,0.4.0,2026-08-07
trust-agent.io,1,10,Text-only,,fail,fail,fail,fail,skip,skip,fail,skip,skip,pass,fail,,,15,0.4.0,2026-08-07
trust-gate-mcp.onrender.com,1,35,Discoverable,,pass,fail,fail,fail,skip,skip,fail,skip,skip,fail,fail,mcp-server-card-json,,28,0.4.0,2026-08-07
trust-score-production-ff18.up.railway.app,1,0,Absent,,fail,fail,fail,fail,skip,skip,fail,skip,skip,fail,fail,,,28,0.4.0,2026-08-07
trust-score-x402-production.up.railway.app,1,0,Absent,,fail,fail,fail,fail,skip,skip,fail,skip,skip,fail,fail,,,28,0.4.0,2026-08-07
trust-vision-mcp.vercel.app,1,0,Absent,,fail,fail,fail,fail,skip,skip,fail,skip,skip,fail,fail,,,28,0.4.0,2026-08-07
trustailaw.com,1,15,Text-only,,fail,fail,fail,fail,skip,skip,fail,skip,skip,pass,pass,,,15,0.4.0,2026-08-07
trustbench.io,1,10,Text-only,,fail,fail,fail,fail,skip,skip,fail,skip,skip,pass,fail,,,15,0.4.0,2026-08-07
trustboundarysystems.com,1,95,Agent-ready,,pass,fail,pass,pass,pass,pass,fail,pass,pass,pass,fail,mcp-server-card-json,legacy,37,0.4.0,2026-08-07
trustedvillas.co.uk,1,15,Text-only,,fail,fail,fail,fail,skip,skip,fail,skip,skip,pass,pass,,,30,0.4.0,2026-08-07
trusteed.io,1,15,Text-only,,fail,fail,fail,fail,skip,skip,fail,skip,skip,pass,pass,,,17,0.4.0,2026-08-07
trusteed.xyz,1,50,Discoverable,,pass,fail,pass,pass,fail,skip,fail,skip,skip,pass,pass,mcp-json|mcp-server-card-json,,24,0.4.0,2026-08-07
trustfetch.duckdns.org,1,10,Text-only,,fail,fail,fail,fail,skip,skip,fail,skip,skip,pass,fail,,,29,0.4.0,2026-08-07
trustnotch.com,1,0,Absent,,fail,fail,fail,fail,skip,skip,fail,skip,skip,fail,fail,,,16,0.4.0,2026-08-07
trustrails.app,1,100,Agent-ready,,fail,fail,pass,fail,pass,pass,fail,skip,pass,pass,pass,,legacy,20,0.4.0,2026-08-07
trustydata.app,1,0,Absent,,fail,fail,fail,fail,skip,skip,fail,skip,skip,fail,fail,,,18,0.4.0,2026-08-07
trustysquire.ai,1,10,Text-only,,fail,fail,fail,fail,skip,skip,fail,skip,skip,pass,fail,,,15,0.4.0,2026-08-07
truthifi.com,1,15,Text-only,,fail,fail,fail,fail,skip,skip,fail,skip,skip,pass,pass,,,12,0.4.0,2026-08-07
truthscan.com,1,45,Discoverable,,fail,fail,fail,pass,skip,skip,fail,skip,skip,pass,fail,,,15,0.4.0,2026-08-07
trvaelmind.online,1,0,Absent,,fail,fail,fail,fail,skip,skip,fail,skip,skip,fail,fail,,,22,0.4.0,2026-08-07
tryadlicio.com,1,85,Connectable,,pass,fail,pass,pass,pass,fail,fail,skip,skip,pass,pass,mcp-json,legacy,21,0.4.0,2026-08-07
trycaesar.com,1,0,Absent,,fail,fail,fail,fail,skip,skip,fail,skip,skip,fail,fail,,,31,0.4.0,2026-08-07
trycanonical.ai,1,45,Discoverable,,pass,fail,fail,pass,fail,skip,fail,skip,skip,pass,fail,mcp-json,,14,0.4.0,2026-08-07
trydango.com,1,15,Text-only,,fail,fail,fail,fail,skip,skip,fail,skip,skip,pass,pass,,,16,0.4.0,2026-08-07
trydock.ai,1,50,Discoverable,,pass,fail,fail,pass,fail,skip,fail,skip,skip,pass,pass,mcp-server-card-json,,18,0.4.0,2026-08-07
tryfrisk.dev,1,5,Text-only,,fail,fail,fail,fail,skip,skip,fail,skip,skip,fail,pass,,,16,0.4.0,2026-08-07
tryorcha.com,1,0,Absent,,fail,fail,fail,fail,skip,skip,fail,skip,skip,fail,fail,,,29,0.4.0,2026-08-07
tryreelestate.com,1,10,Text-only,,fail,fail,fail,fail,skip,skip,fail,skip,skip,pass,fail,,,12,0.4.0,2026-08-07
trysonar.app,1,80,Connectable,,pass,fail,pass,fail,pass,fail,fail,fail,skip,pass,fail,mcp-server-card-json,legacy,19,0.4.0,2026-08-07
tryspook.com,1,50,Discoverable,,pass,fail,fail,fail,fail,skip,fail,skip,skip,pass,pass,mcp-json,,32,0.4.0,2026-08-07
trytentra.com,1,45,Discoverable,,pass,fail,fail,fail,skip,skip,fail,skip,skip,pass,fail,mcp-server-card-json,,16,0.4.0,2026-08-07
tryterrarium.com,1,0,Absent,,fail,fail,fail,fail,skip,skip,fail,skip,skip,fail,fail,,,29,0.4.0,2026-08-07
ttrpg.bot,1,15,Text-only,,fail,fail,fail,fail,skip,skip,fail,skip,skip,pass,pass,,,29,0.4.0,2026-08-07
ttw-chat-production.up.railway.app,1,0,Absent,,fail,fail,fail,fail,skip,skip,fail,skip,skip,fail,fail,,,28,0.4.0,2026-08-07
ttwchat.com,1,5,Text-only,,fail,fail,fail,fail,skip,skip,fail,skip,skip,fail,pass,,,15,0.4.0,2026-08-07
tubechop.com,1,95,Agent-ready,,fail,fail,pass,fail,pass,pass,fail,skip,pass,pass,fail,,legacy,20,0.4.0,2026-08-07
tubepull.com,1,45,Discoverable,,pass,fail,fail,pass,skip,skip,fail,skip,skip,pass,fail,mcp-server-card-json,,15,0.4.0,2026-08-07
tubexperto.com,1,0,Absent,,fail,fail,fail,skip,skip,skip,fail,skip,skip,fail,fail,,,15,0.4.0,2026-08-07
tulimoa.com,1,80,Connectable,,fail,fail,pass,pass,pass,pass,fail,skip,fail,pass,fail,,modern,21,0.4.0,2026-08-07
tulugar.com,1,45,Discoverable,,pass,fail,fail,pass,skip,skip,fail,skip,skip,pass,fail,mcp-server-card-json,,20,0.4.0,2026-08-07
tunnelmind.ai,1,45,Discoverable,,pass,fail,fail,fail,skip,skip,fail,skip,skip,pass,fail,mcp-json,,18,0.4.0,2026-08-07
tunnelpowered.com,1,50,Discoverable,,pass,fail,fail,fail,skip,skip,fail,skip,skip,pass,pass,mcp-json,,16,0.4.0,2026-08-07
tunova.ai,1,95,Agent-ready,,pass,fail,fail,fail,pass,pass,fail,pass,pass,pass,fail,mcp-json|mcp-server-card-json,legacy,20,0.4.0,2026-08-07
turaxia.com,1,0,Absent,,fail,fail,fail,fail,skip,skip,fail,skip,skip,fail,fail,,,46,0.4.0,2026-08-07
turbometrics.de,1,0,Absent,,fail,error,fail,fail,skip,skip,fail,skip,skip,fail,fail,,,18,0.4.0,2026-08-07
turbometrics.io,1,10,Text-only,,fail,fail,fail,fail,skip,skip,fail,skip,skip,pass,fail,,,18,0.4.0,2026-08-07
turnale.app,1,80,Connectable,,fail,fail,pass,fail,pass,fail,fail,skip,skip,pass,fail,,legacy,41,0.4.0,2026-08-07
turrior.com,1,0,Absent,,fail,fail,fail,fail,skip,skip,fail,skip,skip,fail,fail,,,23,0.4.0,2026-08-07
turtlenoir.com,1,100,Agent-ready,,fail,fail,pass,fail,pass,pass,fail,skip,pass,pass,pass,,legacy,19,0.4.0,2026-08-07
turva.dev,1,100,Agent-ready,,pass,fail,pass,pass,pass,pass,pass,pass,pass,pass,pass,ai-catalog|mcp-json|mcp-server-card-json,modern,22,0.4.0,2026-08-07
tuteliq.ai,1,50,Discoverable,,fail,pass,fail,fail,skip,skip,fail,skip,skip,pass,pass,,,15,0.4.0,2026-08-07
tweekit.io,1,0,Absent,,fail,fail,fail,fail,skip,skip,fail,skip,skip,fail,fail,,,17,0.4.0,2026-08-07
tweetfeed.live,1,45,Discoverable,,pass,fail,fail,fail,skip,skip,fail,skip,skip,pass,fail,mcp-server-card-json,,19,0.4.0,2026-08-07
tweetsave.org,1,0,Absent,,fail,fail,fail,fail,skip,skip,fail,skip,skip,fail,fail,,,17,0.4.0,2026-08-07
tweetsmash.com,1,80,Connectable,,fail,fail,pass,fail,pass,fail,fail,skip,skip,pass,fail,,legacy,38,0.4.0,2026-08-07
twelvedata.com,1,80,Connectable,,pass,fail,fail,pass,pass,fail,fail,skip,skip,pass,fail,mcp-json|mcp-server-card-json,modern,20,0.4.0,2026-08-07
twelvelabs.io,1,15,Text-only,,fail,fail,fail,fail,skip,skip,fail,skip,skip,pass,pass,,,32,0.4.0,2026-08-07
twiceshy.app,1,0,Absent,,error,fail,fail,error,skip,skip,error,skip,skip,fail,fail,,,46,0.4.0,2026-08-07
twitr.sh,1,45,Discoverable,,pass,fail,fail,fail,fail,skip,fail,skip,skip,pass,fail,mcp-json,,28,0.4.0,2026-08-07
twitter-scraper-production-a1e8.up.railway.app,1,0,Absent,,fail,fail,fail,fail,skip,skip,fail,skip,skip,fail,fail,,,28,0.4.0,2026-08-07
twitter-scraper-x402-production.up.railway.app,1,0,Absent,,fail,fail,fail,fail,skip,skip,fail,skip,skip,fail,fail,,,28,0.4.0,2026-08-07
twmarketdata.com,1,15,Text-only,,fail,fail,fail,fail,skip,skip,fail,skip,skip,pass,pass,,,19,0.4.0,2026-08-07
twocents.page,1,85,Connectable,,fail,fail,pass,fail,pass,pass,fail,skip,pass,fail,fail,,legacy,26,0.4.0,2026-08-07
twuluxmoognlwtmaoqgo.supabase.co,1,0,Absent,,fail,fail,fail,fail,skip,skip,fail,skip,skip,fail,fail,,,15,0.4.0,2026-08-07
twzrd.xyz,1,15,Text-only,,fail,fail,fail,fail,skip,skip,fail,skip,skip,pass,pass,,,15,0.4.0,2026-08-07
tycana.com,1,0,Absent,,fail,fail,fail,fail,skip,skip,fail,skip,skip,fail,fail,,,15,0.4.0,2026-08-07
typeui.sh,1,0,Absent,,fail,fail,fail,fail,skip,skip,fail,skip,skip,fail,fail,,,42,0.4.0,2026-08-07
tzilla.live,1,70,Connectable,,fail,fail,pass,pass,pass,fail,fail,skip,skip,fail,fail,,modern,21,0.4.0,2026-08-07
uaejuris.com,1,0,Absent,,fail,fail,fail,fail,skip,skip,fail,skip,skip,fail,fail,,,16,0.4.0,2026-08-07
uber.com,1,0,Absent,,fail,fail,fail,fail,skip,skip,fail,skip,skip,fail,fail,,,30,0.4.0,2026-08-07
ufupdlaxddckqxbgbhwu.supabase.co,1,0,Absent,,fail,fail,fail,fail,skip,skip,fail,skip,skip,fail,fail,,,15,0.4.0,2026-08-07
ugcpocket.com,1,85,Connectable,,fail,fail,pass,fail,pass,pass,fail,skip,fail,pass,pass,,legacy,19,0.4.0,2026-08-07
ui-factory-mcp.vercel.app,1,0,Absent,,fail,fail,fail,fail,skip,skip,fail,skip,skip,fail,fail,,,28,0.4.0,2026-08-07
uicockpit.com,1,15,Text-only,,fail,fail,fail,fail,skip,skip,fail,skip,skip,pass,pass,,,15,0.4.0,2026-08-07
uizze.com,1,85,Connectable,,pass,fail,fail,pass,pass,fail,fail,skip,skip,pass,pass,mcp-json|mcp-server-card-json,modern,19,0.4.0,2026-08-07
uk-due-diligence-mcp.fly.dev,1,35,Discoverable,,pass,fail,fail,fail,skip,skip,fail,skip,skip,fail,fail,mcp-server-card-json,,15,0.4.0,2026-08-07
uk-legal-mcp.fly.dev,1,35,Discoverable,,pass,fail,fail,fail,skip,skip,fail,skip,skip,fail,fail,mcp-server-card-json,,15,0.4.0,2026-08-07
ukdatapi.com,1,0,Absent,,fail,fail,fail,fail,skip,skip,fail,skip,skip,fail,fail,,,15,0.4.0,2026-08-07
ukglobaltalentvisa.org,1,50,Discoverable,,pass,fail,fail,fail,skip,skip,fail,skip,skip,pass,pass,mcp-json,,15,0.4.0,2026-08-07
ukraineborder.com,1,50,Discoverable,,pass,fail,fail,fail,fail,skip,fail,skip,skip,pass,pass,mcp-json,,32,0.4.0,2026-08-07
uldl.sh,1,35,Discoverable,,pass,fail,fail,fail,skip,skip,fail,skip,skip,fail,fail,mcp-json,,23,0.4.0,2026-08-07
ultimate-critic.fly.dev,1,0,Absent,,error,fail,fail,error,skip,skip,error,skip,skip,fail,fail,,,41,0.4.0,2026-08-07
ultiplace.com,1,15,Text-only,,fail,fail,fail,fail,skip,skip,fail,skip,skip,pass,pass,,,27,0.4.0,2026-08-07
ultramemory.us,1,85,Connectable,,fail,fail,pass,pass,pass,fail,fail,skip,skip,pass,pass,,modern,26,0.4.0,2026-08-07
ultraprompt.co,1,10,Text-only,,fail,fail,fail,fail,skip,skip,fail,skip,skip,pass,fail,,,15,0.4.0,2026-08-07
umtri.io,1,70,Connectable,,fail,fail,pass,fail,pass,fail,fail,skip,skip,fail,fail,,modern,22,0.4.0,2026-08-07
umxgvoxlxznnpdvkgnaj.supabase.co,1,0,Absent,,fail,fail,fail,fail,skip,skip,fail,skip,skip,fail,fail,,,15,0.4.0,2026-08-07
unboxapi.pro,1,0,Absent,,fail,fail,fail,fail,skip,skip,fail,skip,skip,fail,fail,,,29,0.4.0,2026-08-07
undercurrentholdings.com,1,15,Text-only,,fail,fail,fail,fail,skip,skip,fail,skip,skip,pass,pass,,,18,0.4.0,2026-08-07
undisk.app,1,45,Discoverable,,pass,fail,fail,pass,skip,skip,fail,skip,skip,pass,fail,mcp-server-serra|mcp-bare,,27,0.4.0,2026-08-07
uneed.best,1,10,Text-only,,fail,fail,fail,fail,skip,skip,fail,skip,skip,pass,fail,,,33,0.4.0,2026-08-07
unfoldip.com,1,5,Text-only,,fail,fail,fail,fail,skip,skip,fail,skip,skip,fail,pass,,,15,0.4.0,2026-08-07
unibiointelligence.com,1,10,Text-only,,fail,fail,fail,fail,skip,skip,fail,skip,skip,pass,fail,,,18,0.4.0,2026-08-07
unifapi.com,1,0,Absent,,fail,fail,fail,fail,skip,skip,fail,skip,skip,fail,fail,,,44,0.4.0,2026-08-07
unified.to,1,15,Text-only,,fail,fail,fail,fail,skip,skip,fail,skip,skip,pass,pass,,,18,0.4.0,2026-08-07
unifiedoffer.com,1,0,Absent,,error,fail,fail,error,skip,skip,error,skip,skip,fail,fail,,,41,0.4.0,2026-08-07
unit-converter-production-0b91.up.railway.app,1,0,Absent,,fail,fail,fail,fail,skip,skip,fail,skip,skip,fail,fail,,,28,0.4.0,2026-08-07
unit-converter-x402-production.up.railway.app,1,0,Absent,,fail,fail,fail,fail,skip,skip,fail,skip,skip,fail,fail,,,28,0.4.0,2026-08-07
univercityaiconsult.tech,1,15,Text-only,,fail,fail,fail,fail,skip,skip,fail,skip,skip,pass,pass,,,23,0.4.0,2026-08-07
universal-model-registry-production.up.railway.app,1,0,Absent,,fail,fail,fail,fail,skip,skip,fail,skip,skip,fail,fail,,,28,0.4.0,2026-08-07
unlistedinc.com,1,75,Connectable,,fail,fail,pass,fail,pass,fail,fail,skip,skip,fail,pass,,modern,21,0.4.0,2026-08-07
unlocksaas.com,1,50,Discoverable,,pass,fail,fail,fail,skip,skip,fail,skip,skip,pass,pass,mcp-json,,16,0.4.0,2026-08-07
unmarkdown.com,1,45,Discoverable,,fail,fail,fail,pass,skip,skip,fail,skip,skip,pass,fail,,,15,0.4.0,2026-08-07
unorouter.com,1,85,Connectable,,pass,fail,pass,pass,pass,fail,fail,fail,skip,pass,pass,mcp-json|mcp-server-card-json,legacy,26,0.4.0,2026-08-07
unpaper.ai,1,10,Text-only,,fail,fail,fail,fail,skip,skip,fail,skip,skip,pass,fail,,,29,0.4.0,2026-08-07
unphurl.com,1,100,Agent-ready,,fail,fail,pass,pass,pass,pass,fail,skip,pass,pass,pass,,legacy,26,0.4.0,2026-08-07
unpluggedfeed.workers.dev,1,0,Absent,,error,fail,fail,error,skip,skip,error,skip,skip,fail,fail,,,6,0.4.0,2026-08-07
unquant.ai,1,15,Text-only,,fail,fail,fail,fail,skip,skip,fail,skip,skip,pass,pass,,,15,0.4.0,2026-08-07
unshift.ai,1,5,Text-only,,fail,fail,fail,fail,skip,skip,fail,skip,skip,fail,pass,,,15,0.4.0,2026-08-07
unstoppabledomains.com,1,10,Text-only,,fail,fail,fail,fail,skip,skip,fail,skip,skip,pass,fail,,,15,0.4.0,2026-08-07
unstructured.io,1,0,Absent,,fail,fail,fail,fail,skip,skip,fail,skip,skip,fail,fail,,,15,0.4.0,2026-08-07
untap.money,1,50,Discoverable,,pass,fail,fail,pass,skip,skip,fail,skip,skip,pass,pass,mcp-server-card-json,,27,0.4.0,2026-08-07
untype.me,1,0,Absent,,error,fail,fail,error,skip,skip,error,skip,skip,fail,fail,,,3,0.4.0,2026-08-07
unulu.ai,1,45,Discoverable,,pass,fail,fail,fail,skip,skip,fail,skip,skip,pass,fail,mcp-server-card-json,,19,0.4.0,2026-08-07
unyly.org,1,50,Discoverable,,fail,fail,fail,pass,skip,skip,fail,skip,skip,pass,pass,,,16,0.4.0,2026-08-07
upgradeagent.ai,1,50,Discoverable,,pass,fail,fail,pass,fail,skip,fail,skip,skip,pass,pass,ai-catalog|mcp-json|mcp-server-card-json,,31,0.4.0,2026-08-07
uphealth.us,1,15,Text-only,,fail,fail,fail,fail,skip,skip,fail,skip,skip,pass,pass,,,17,0.4.0,2026-08-07
uplink.build,1,10,Text-only,,fail,fail,fail,fail,skip,skip,fail,skip,skip,pass,fail,,,16,0.4.0,2026-08-07
upload-post.com,1,85,Connectable,,pass,fail,fail,pass,pass,fail,fail,skip,skip,pass,pass,mcp-server-card-json,modern,37,0.4.0,2026-08-07
uploadcheck.app,1,10,Text-only,,fail,fail,fail,fail,skip,skip,fail,skip,skip,pass,fail,,,16,0.4.0,2026-08-07
upriver.ai,1,75,Connectable,,fail,fail,pass,pass,pass,fail,fail,skip,skip,fail,pass,,modern,22,0.4.0,2026-08-07
uproad.design,1,75,Connectable,,fail,fail,pass,fail,pass,fail,fail,skip,skip,fail,pass,,modern,19,0.4.0,2026-08-07
uptimeify.io,1,85,Connectable,,pass,fail,pass,pass,pass,fail,fail,pass,skip,pass,pass,mcp-json|mcp-server-card-json,legacy,19,0.4.0,2026-08-07
uptimemonitoring.com,1,15,Text-only,,fail,fail,fail,fail,skip,skip,fail,skip,skip,pass,pass,,,18,0.4.0,2026-08-07
uptocode-mcp-1015314816960.us-central1.run.app,1,0,Absent,,fail,fail,fail,fail,skip,skip,fail,skip,skip,fail,fail,,,28,0.4.0,2026-08-07
uq.edu.au,1,0,Absent,,fail,fail,fail,fail,skip,skip,fail,skip,skip,fail,fail,,,20,0.4.0,2026-08-07
urantia.dev,1,80,Connectable,,pass,fail,pass,fail,pass,fail,pass,pass,skip,pass,fail,mcp-bare|mcp-server-card-json,legacy,21,0.4.0,2026-08-07
urbanplayground.xyz,1,0,Absent,,fail,fail,fail,fail,skip,skip,fail,skip,skip,fail,fail,,,18,0.4.0,2026-08-07
urbot.net,1,75,Connectable,,fail,fail,pass,fail,pass,fail,fail,skip,skip,fail,pass,,legacy,20,0.4.0,2026-08-07
urgent-clean-occupied-catalogs.trycloudflare.com,1,0,Absent,,error,fail,fail,error,skip,skip,error,skip,skip,fail,fail,,,3,0.4.0,2026-08-07
url-safety-validator-mcp-production.up.railway.app,1,35,Discoverable,,pass,fail,fail,fail,skip,skip,fail,skip,skip,fail,fail,mcp-server-card-json,,28,0.4.0,2026-08-07
url-shortener-x402-production.up.railway.app,1,0,Absent,,fail,fail,fail,fail,skip,skip,fail,skip,skip,fail,fail,,,28,0.4.0,2026-08-07
url2image.com,1,50,Discoverable,,pass,fail,fail,pass,skip,skip,fail,skip,skip,pass,pass,mcp-server-card-json,,13,0.4.0,2026-08-07
urlcheck.ai,1,75,Connectable,,fail,fail,pass,fail,pass,fail,fail,skip,skip,fail,pass,,legacy,23,0.4.0,2026-08-07
urlsnap.dev,1,0,Absent,,fail,fail,fail,fail,skip,skip,fail,skip,skip,fail,fail,,,15,0.4.0,2026-08-07
urltopdf.org,1,95,Agent-ready,,fail,fail,pass,fail,pass,pass,fail,skip,pass,pass,fail,,legacy,20,0.4.0,2026-08-07
us-central1-capital-equipment-dev.cloudfunctions.net,1,0,Absent,,fail,fail,fail,fail,skip,skip,fail,skip,skip,fail,fail,,,28,0.4.0,2026-08-07
us-central1-jassguru.cloudfunctions.net,1,0,Absent,,fail,fail,fail,fail,skip,skip,fail,skip,skip,fail,fail,,,28,0.4.0,2026-08-07
us-central1-minoa-roi-firebase.cloudfunctions.net,1,0,Absent,,fail,fail,fail,fail,skip,skip,fail,skip,skip,fail,fail,,,28,0.4.0,2026-08-07
us-central1-philongevity-aiapp-v2.cloudfunctions.net,1,0,Absent,,fail,fail,fail,fail,skip,skip,fail,skip,skip,fail,fail,,,28,0.4.0,2026-08-07
us-central1-sand-gallery-lab.cloudfunctions.net,1,0,Absent,,fail,fail,fail,fail,skip,skip,fail,skip,skip,fail,fail,,,28,0.4.0,2026-08-07
us-law-mcp.vercel.app,1,0,Absent,,fail,fail,fail,fail,skip,skip,fail,skip,skip,fail,fail,,,28,0.4.0,2026-08-07
usaref.dev,1,15,Text-only,,fail,fail,fail,fail,skip,skip,fail,skip,skip,pass,pass,,,16,0.4.0,2026-08-07
usdi-mcp.onrender.com,1,0,Absent,,fail,fail,fail,fail,skip,skip,fail,skip,skip,fail,fail,,,28,0.4.0,2026-08-07
usdvcapital.com,1,15,Text-only,,fail,fail,fail,fail,skip,skip,fail,skip,skip,pass,pass,,,16,0.4.0,2026-08-07
useallowance.com,1,45,Discoverable,,pass,fail,fail,fail,skip,skip,fail,skip,skip,pass,fail,mcp-json,,19,0.4.0,2026-08-07
usealloy.ai,1,15,Text-only,,fail,fail,fail,fail,skip,skip,fail,skip,skip,pass,pass,,,23,0.4.0,2026-08-07
useaxis.dev,1,45,Discoverable,,fail,fail,fail,pass,skip,skip,fail,skip,skip,pass,fail,,,17,0.4.0,2026-08-07
usebleep.com,1,0,Absent,,fail,fail,fail,fail,skip,skip,fail,skip,skip,fail,fail,,,17,0.4.0,2026-08-07
usebrains.app,1,0,Absent,,fail,fail,fail,fail,skip,skip,fail,skip,skip,fail,fail,,,28,0.4.0,2026-08-07
usecarscout.com,1,0,Absent,,fail,fail,fail,fail,skip,skip,fail,skip,skip,fail,fail,,,18,0.4.0,2026-08-07
useclippy.cc,1,100,Agent-ready,,pass,fail,pass,fail,pass,pass,fail,pass,pass,pass,pass,mcp-json,legacy,20,0.4.0,2026-08-07
usecoachai.com,1,0,Absent,,error,fail,fail,error,skip,skip,error,skip,skip,fail,fail,,,41,0.4.0,2026-08-07
usecoal.xyz,1,0,Absent,,fail,fail,fail,fail,skip,skip,fail,skip,skip,fail,fail,,,30,0.4.0,2026-08-07
usecroma.com,1,15,Text-only,,fail,fail,fail,fail,skip,skip,fail,skip,skip,pass,pass,,,21,0.4.0,2026-08-07
usedailyai.com,1,0,Absent,,fail,fail,fail,fail,skip,skip,fail,skip,skip,fail,fail,,,15,0.4.0,2026-08-07
usefreebox.com,1,45,Discoverable,,fail,fail,fail,pass,skip,skip,fail,skip,skip,pass,fail,,,15,0.4.0,2026-08-07
useful-data-source-for-agents-production.up.railway.app,1,0,Absent,,fail,fail,fail,fail,skip,skip,fail,skip,skip,fail,fail,,,28,0.4.0,2026-08-07
usefulapi.io,1,0,Absent,,fail,fail,fail,fail,skip,skip,fail,skip,skip,fail,fail,,,15,0.4.0,2026-08-07
usehandoff.com.br,1,80,Connectable,,pass,fail,fail,fail,pass,fail,fail,skip,skip,pass,fail,mcp-json,modern,29,0.4.0,2026-08-07
usejig.dev,1,0,Absent,,fail,fail,fail,fail,skip,skip,fail,skip,skip,fail,fail,,,24,0.4.0,2026-08-07
uselamina.ai,1,15,Text-only,,fail,fail,fail,fail,skip,skip,fail,skip,skip,pass,pass,,,15,0.4.0,2026-08-07
usememra.com,1,15,Text-only,,fail,fail,fail,fail,skip,skip,fail,skip,skip,pass,pass,,,16,0.4.0,2026-08-07
usemeridian.us,1,40,Discoverable,,fail,fail,fail,pass,skip,skip,fail,skip,skip,fail,pass,,,17,0.4.0,2026-08-07
usemycontext.ai,1,100,Agent-ready,,fail,fail,pass,pass,pass,pass,fail,skip,pass,pass,pass,,modern,22,0.4.0,2026-08-07
usenotch.ai,1,0,Absent,,fail,fail,fail,fail,skip,skip,fail,skip,skip,fail,fail,,,29,0.4.0,2026-08-07
usenotra.com,1,80,Connectable,,pass,fail,fail,pass,pass,fail,fail,skip,skip,pass,fail,mcp-bare|mcp-server-card-json,legacy,37,0.4.0,2026-08-07
useorgx.com,1,15,Text-only,,fail,fail,fail,fail,skip,skip,fail,skip,skip,pass,pass,,,16,0.4.0,2026-08-07
usepancake.com,1,0,Absent,,fail,fail,fail,fail,skip,skip,fail,skip,skip,fail,fail,,,18,0.4.0,2026-08-07
usepopup.com,1,10,Text-only,,fail,fail,fail,fail,skip,skip,fail,skip,skip,pass,fail,,,17,0.4.0,2026-08-07
user-agent-parser-production.up.railway.app,1,0,Absent,,fail,fail,fail,fail,skip,skip,fail,skip,skip,fail,fail,,,28,0.4.0,2026-08-07
user-agent-parser-x402-production.up.railway.app,1,0,Absent,,fail,fail,fail,fail,skip,skip,fail,skip,skip,fail,fail,,,28,0.4.0,2026-08-07
userbrain.com,1,85,Connectable,,fail,fail,pass,pass,pass,fail,fail,skip,skip,pass,pass,,modern,37,0.4.0,2026-08-07
userguiding.com,1,10,Text-only,,fail,fail,fail,fail,skip,skip,fail,skip,skip,pass,fail,,,15,0.4.0,2026-08-07
usertapes.com,1,10,Text-only,,fail,fail,fail,fail,skip,skip,fail,skip,skip,pass,fail,,,14,0.4.0,2026-08-07
uservane.com,1,10,Text-only,,fail,fail,fail,fail,skip,skip,fail,skip,skip,pass,fail,,,18,0.4.0,2026-08-07
usesideways.com,1,10,Text-only,,fail,fail,fail,fail,skip,skip,fail,skip,skip,pass,fail,,,15,0.4.0,2026-08-07
usestring.ai,1,10,Text-only,,fail,fail,fail,fail,skip,skip,fail,skip,skip,pass,fail,,,16,0.4.0,2026-08-07
usetimebook.com,1,10,Text-only,,skip,fail,fail,skip,skip,skip,fail,skip,skip,pass,fail,,,7,0.4.0,2026-08-07
usetrackly.app,1,5,Text-only,,fail,fail,fail,fail,skip,skip,fail,skip,skip,fail,pass,,,17,0.4.0,2026-08-07
usevyra.com,1,10,Text-only,,fail,fail,fail,fail,skip,skip,fail,skip,skip,pass,fail,,,30,0.4.0,2026-08-07
usewait.com,1,45,Discoverable,,fail,fail,fail,pass,skip,skip,fail,skip,skip,pass,fail,,,14,0.4.0,2026-08-07
usewire.io,1,10,Text-only,,fail,fail,fail,fail,skip,skip,fail,skip,skip,pass,fail,,,17,0.4.0,2026-08-07
ustaxrecords.com,1,10,Text-only,,fail,fail,fail,fail,skip,skip,fail,skip,skip,pass,fail,,,20,0.4.0,2026-08-07
utilia.ink,1,80,Connectable,,fail,fail,pass,fail,pass,fail,fail,skip,skip,pass,fail,,legacy,22,0.4.0,2026-08-07
utilify.io,1,45,Discoverable,,pass,fail,fail,fail,skip,skip,fail,skip,skip,pass,fail,mcp-server-card-json,,15,0.4.0,2026-08-07
utility-converter.onrender.com,1,0,Absent,,fail,fail,fail,fail,skip,skip,fail,skip,skip,fail,fail,,,28,0.4.0,2026-08-07
utility-matrix.com,1,80,Connectable,,fail,fail,pass,fail,pass,fail,fail,skip,skip,pass,fail,,legacy,25,0.4.0,2026-08-07
utilsforagents.com,1,50,Discoverable,,pass,fail,fail,fail,skip,skip,fail,skip,skip,pass,pass,mcp-server-card-json,,15,0.4.0,2026-08-07
utsuroi.today,1,0,Absent,,fail,fail,fail,fail,skip,skip,fail,skip,skip,fail,fail,,,18,0.4.0,2026-08-07
uuid-generator-production.up.railway.app,1,0,Absent,,fail,fail,fail,fail,skip,skip,fail,skip,skip,fail,fail,,,28,0.4.0,2026-08-07
uuid-generator-x402-production.up.railway.app,1,0,Absent,,fail,fail,fail,fail,skip,skip,fail,skip,skip,fail,fail,,,28,0.4.0,2026-08-07
uurl.at,1,85,Connectable,,fail,fail,pass,fail,pass,pass,fail,skip,pass,fail,fail,,legacy,21,0.4.0,2026-08-07
uwear.ai,1,85,Connectable,,fail,fail,pass,pass,pass,fail,fail,skip,skip,pass,pass,,legacy,21,0.4.0,2026-08-07
ux-auditor-pro-mcp.vercel.app,1,0,Absent,,fail,fail,fail,fail,skip,skip,fail,skip,skip,fail,fail,,,28,0.4.0,2026-08-07
uxbert.ai,1,0,Absent,,error,error,fail,error,skip,skip,error,skip,skip,fail,fail,,,3,0.4.0,2026-08-07
uxspot.io,1,100,Agent-ready,,fail,fail,pass,fail,pass,pass,fail,skip,pass,pass,pass,,legacy,20,0.4.0,2026-08-07
v-safe.ai,1,0,Absent,,fail,fail,fail,fail,skip,skip,fail,skip,skip,fail,fail,,,18,0.4.0,2026-08-07
v12dfs-production.up.railway.app,1,35,Discoverable,,pass,fail,fail,fail,skip,skip,fail,skip,skip,fail,fail,mcp-bare|mcp-server-card-json,,28,0.4.0,2026-08-07
v3.news,1,0,Absent,,fail,fail,fail,fail,skip,skip,fail,skip,skip,fail,fail,,,19,0.4.0,2026-08-07
vaadin.com,1,0,Absent,,fail,fail,fail,fail,skip,skip,fail,skip,skip,fail,fail,,,17,0.4.0,2026-08-07
vaaya.ai,1,95,Agent-ready,,pass,fail,fail,pass,pass,pass,fail,skip,pass,pass,fail,mcp-json|mcp-server-card-json,modern,19,0.4.0,2026-08-07
vairetail.com,1,5,Text-only,,fail,fail,fail,fail,skip,skip,fail,skip,skip,fail,pass,,,25,0.4.0,2026-08-07
vairogs.lv,1,95,Agent-ready,,fail,fail,pass,fail,pass,pass,fail,skip,pass,pass,fail,,legacy,20,0.4.0,2026-08-07
vaiz.com,1,10,Text-only,,fail,fail,fail,fail,skip,skip,fail,skip,skip,pass,fail,,,15,0.4.0,2026-08-07
val.town,1,15,Text-only,,fail,fail,fail,fail,skip,skip,fail,skip,skip,pass,pass,,,29,0.4.0,2026-08-07
valid.co,1,70,Connectable,,fail,fail,pass,pass,pass,fail,fail,skip,skip,fail,fail,,modern,43,0.4.0,2026-08-07
validatethat.io,1,15,Text-only,,skip,fail,fail,skip,skip,skip,fail,skip,skip,pass,pass,,,14,0.4.0,2026-08-07
valksor.com,1,0,Absent,,fail,fail,fail,fail,skip,skip,fail,skip,skip,fail,fail,,,17,0.4.0,2026-08-07
valossa.com,1,10,Text-only,,fail,fail,fail,fail,skip,skip,fail,skip,skip,pass,fail,,,18,0.4.0,2026-08-07
valuable-sockeye-14.eu-west-1.convex.site,1,70,Connectable,,fail,fail,pass,fail,pass,fail,fail,skip,skip,fail,fail,,modern,32,0.4.0,2026-08-07
value-pro.ru,1,100,Agent-ready,,pass,fail,pass,fail,pass,pass,fail,pass,pass,pass,pass,mcp-server-card-json,legacy,48,0.4.0,2026-08-07
value.us,1,45,Discoverable,,pass,fail,fail,fail,skip,skip,fail,skip,skip,pass,fail,mcp-server-card-json,,14,0.4.0,2026-08-07
valuein.biz,1,85,Connectable,,pass,fail,pass,pass,pass,fail,fail,pass,skip,pass,pass,mcp-json,legacy,25,0.4.0,2026-08-07
valv.sh,1,5,Text-only,,fail,fail,fail,fail,skip,skip,fail,skip,skip,fail,pass,,,15,0.4.0,2026-08-07
valverideflow.com,1,15,Text-only,,fail,fail,fail,fail,skip,skip,fail,skip,skip,pass,pass,,,15,0.4.0,2026-08-07
vandorla.com,1,80,Connectable,,pass,fail,fail,fail,pass,fail,fail,pass,skip,pass,fail,mcp-json,legacy,19,0.4.0,2026-08-07
vantaj.co,1,100,Agent-ready,,fail,fail,pass,fail,pass,pass,fail,skip,pass,pass,pass,,legacy,22,0.4.0,2026-08-07
vantane.com,1,0,Absent,,fail,fail,fail,fail,skip,skip,fail,skip,skip,fail,fail,,,25,0.4.0,2026-08-07
vanticlabs.ai,1,0,Absent,,error,fail,fail,error,skip,skip,error,skip,skip,fail,fail,,,41,0.4.0,2026-08-07
vapagent.com,1,10,Text-only,,fail,fail,fail,fail,skip,skip,fail,skip,skip,pass,fail,,,16,0.4.0,2026-08-07
var.gg,1,5,Text-only,,skip,fail,fail,skip,skip,skip,skip,skip,skip,skip,pass,,,4,0.4.0,2026-08-07
variel.ai,1,0,Absent,,fail,fail,fail,fail,skip,skip,fail,skip,skip,fail,fail,,,14,0.4.0,2026-08-07
varoriya.com,1,80,Connectable,,fail,fail,pass,pass,pass,fail,fail,skip,skip,pass,fail,,modern,33,0.4.0,2026-08-07
varosity.ai,1,45,Discoverable,,pass,fail,fail,fail,skip,skip,fail,skip,skip,pass,fail,mcp-server-card-json,,14,0.4.0,2026-08-07
varrd.com,1,15,Text-only,,fail,fail,fail,fail,skip,skip,fail,skip,skip,pass,pass,,,15,0.4.0,2026-08-07
varynforge.com,1,0,Absent,,fail,fail,fail,fail,skip,skip,fail,skip,skip,fail,fail,,,32,0.4.0,2026-08-07
vassiliy-lakhonin.workers.dev,1,0,Absent,,error,fail,fail,error,skip,skip,error,skip,skip,fail,fail,,,6,0.4.0,2026-08-07
vastlint.org,1,45,Discoverable,,fail,fail,fail,pass,skip,skip,fail,skip,skip,pass,fail,,,15,0.4.0,2026-08-07
vat-validator-mcp-production.up.railway.app,1,35,Discoverable,,pass,fail,fail,fail,skip,skip,fail,skip,skip,fail,fail,mcp-server-card-json,,28,0.4.0,2026-08-07
vaultcrux.com,1,5,Text-only,,fail,fail,fail,fail,skip,skip,fail,skip,skip,fail,pass,,,28,0.4.0,2026-08-07
vaultguard-mcp.vercel.app,1,0,Absent,,fail,fail,fail,fail,skip,skip,fail,skip,skip,fail,fail,,,28,0.4.0,2026-08-07
vayapin.app,1,0,Absent,,fail,fail,fail,fail,skip,skip,fail,skip,skip,fail,fail,,,16,0.4.0,2026-08-07
vdb.ai.kr,1,80,Connectable,,pass,fail,fail,fail,pass,fail,fail,fail,skip,pass,fail,mcp-server-card-json,legacy,19,0.4.0,2026-08-07
vealth.net,1,95,Agent-ready,,pass,fail,fail,fail,pass,pass,fail,pass,pass,pass,fail,mcp-json|mcp-bare,legacy,19,0.4.0,2026-08-07
vector-search-x402-production.up.railway.app,1,0,Absent,,fail,fail,fail,fail,skip,skip,fail,skip,skip,fail,fail,,,28,0.4.0,2026-08-07
vectoropsai.com,1,0,Absent,,error,fail,fail,error,skip,skip,error,skip,skip,fail,fail,,,5,0.4.0,2026-08-07
vedavisor.com,1,85,Connectable,,fail,fail,pass,pass,pass,fail,fail,skip,skip,pass,pass,,legacy,33,0.4.0,2026-08-07
vee3.io,1,0,Absent,,fail,fail,fail,fail,skip,skip,fail,skip,skip,fail,fail,,,27,0.4.0,2026-08-07
veecle.ai,1,50,Discoverable,,pass,fail,fail,pass,fail,skip,fail,skip,skip,pass,pass,mcp-server-card-json,,18,0.4.0,2026-08-07
veed.io,1,0,Absent,,fail,fail,fail,fail,skip,skip,fail,skip,skip,fail,fail,,,30,0.4.0,2026-08-07
veezee.io,1,50,Discoverable,,pass,fail,fail,fail,fail,skip,fail,skip,skip,pass,pass,ai-catalog|mcp-json|mcp-server-card-json,,21,0.4.0,2026-08-07
veilpoint.ca,1,100,Agent-ready,,pass,fail,pass,fail,pass,pass,fail,pass,pass,pass,pass,mcp-json,legacy,21,0.4.0,2026-08-07
velarion-scraper-production.up.railway.app,1,0,Absent,,fail,fail,fail,fail,skip,skip,fail,skip,skip,fail,fail,,,28,0.4.0,2026-08-07
velarion.ai,1,0,Absent,,error,fail,fail,error,skip,skip,error,skip,skip,fail,fail,,,42,0.4.0,2026-08-07
veles-finance-gateway.fly.dev,1,10,Text-only,,fail,fail,fail,fail,skip,skip,fail,skip,skip,pass,fail,,,15,0.4.0,2026-08-07
velocms.org,1,10,Text-only,,fail,fail,fail,fail,skip,skip,fail,skip,skip,pass,fail,,,17,0.4.0,2026-08-07
velvoite.eu,1,50,Discoverable,,fail,pass,fail,fail,skip,skip,fail,skip,skip,pass,pass,,,32,0.4.0,2026-08-07
vendizap.com,1,10,Text-only,,fail,fail,fail,fail,skip,skip,fail,skip,skip,pass,fail,,,32,0.4.0,2026-08-07
vendo-ai.com,1,15,Text-only,,fail,fail,fail,fail,skip,skip,fail,skip,skip,pass,pass,,,16,0.4.0,2026-08-07
venice-components-track-determination.trycloudflare.com,1,0,Absent,,error,fail,fail,error,skip,skip,error,skip,skip,fail,fail,,,3,0.4.0,2026-08-07
ventureatlas.org,1,15,Text-only,,fail,fail,fail,fail,skip,skip,fail,skip,skip,pass,pass,,,32,0.4.0,2026-08-07
ventureinsights.com.sa,1,10,Text-only,,fail,fail,fail,fail,skip,skip,fail,skip,skip,pass,fail,,,18,0.4.0,2026-08-07
venturu.com,1,70,Connectable,,fail,fail,pass,pass,pass,fail,fail,skip,skip,fail,fail,,legacy,37,0.4.0,2026-08-07
venumark.com,1,15,Text-only,,fail,fail,fail,fail,skip,skip,fail,skip,skip,pass,pass,,,15,0.4.0,2026-08-07
venunite.com,1,15,Text-only,,fail,fail,fail,fail,skip,skip,fail,skip,skip,pass,pass,,,16,0.4.0,2026-08-07
venuvidya-backend-production.up.railway.app,1,0,Absent,,fail,fail,fail,fail,skip,skip,fail,skip,skip,fail,fail,,,29,0.4.0,2026-08-07
veradata.dev,1,0,Absent,,error,fail,fail,error,skip,skip,error,skip,skip,fail,fail,,,8,0.4.0,2026-08-07
verant.ai,1,50,Discoverable,,pass,fail,fail,pass,skip,skip,fail,skip,skip,pass,pass,mcp-server-card-json,,14,0.4.0,2026-08-07
verbaterm.com,1,45,Discoverable,,pass,fail,fail,fail,skip,skip,fail,skip,skip,pass,fail,mcp-bare|mcp-server-card-json,,14,0.4.0,2026-08-07
vercel.com,1,10,Text-only,,fail,fail,fail,fail,skip,skip,fail,skip,skip,pass,fail,,,17,0.4.0,2026-08-07
vergio.ai,1,45,Discoverable,,fail,fail,fail,pass,skip,skip,fail,skip,skip,pass,fail,,,14,0.4.0,2026-08-07
veriasia.io,1,0,Absent,,fail,fail,fail,fail,skip,skip,fail,skip,skip,fail,fail,,,31,0.4.0,2026-08-07
verifi.cloud,1,10,Text-only,,fail,fail,fail,fail,skip,skip,fail,skip,skip,pass,fail,,,15,0.4.0,2026-08-07
verificate.ai,1,100,Agent-ready,,fail,fail,pass,fail,pass,pass,fail,skip,pass,pass,pass,,modern,24,0.4.0,2026-08-07
verifieddr.com,1,50,Discoverable,,pass,fail,fail,fail,fail,skip,fail,skip,skip,pass,pass,mcp-json,,16,0.4.0,2026-08-07
verifiedstate.ai,1,10,Text-only,,fail,fail,fail,fail,skip,skip,fail,skip,skip,pass,fail,,,18,0.4.0,2026-08-07
verifiedsupplementdata.com,1,50,Discoverable,,pass,fail,fail,fail,skip,skip,fail,skip,skip,pass,pass,mcp-server-card-json,,15,0.4.0,2026-08-07
verifiedtools.info,1,40,Discoverable,,fail,fail,fail,pass,skip,skip,fail,skip,skip,fail,pass,,,30,0.4.0,2026-08-07
verifier-ma-facture.fr,1,0,Absent,,fail,fail,fail,fail,skip,skip,fail,skip,skip,fail,fail,,,19,0.4.0,2026-08-07
verifly.email,1,15,Text-only,,fail,fail,fail,fail,skip,skip,fail,skip,skip,pass,pass,,,15,0.4.0,2026-08-07
verifox.ai,1,10,Text-only,,fail,fail,fail,fail,skip,skip,fail,skip,skip,pass,fail,,,17,0.4.0,2026-08-07
verifyax.com,1,0,Absent,,fail,fail,fail,fail,skip,skip,fail,skip,skip,fail,fail,,,17,0.4.0,2026-08-07
verifyref.com,1,50,Discoverable,,pass,fail,fail,pass,fail,skip,fail,skip,skip,pass,pass,mcp-bare|mcp-server-card-json,,15,0.4.0,2026-08-07
verifyuk-property-check-production.up.railway.app,1,10,Text-only,,fail,fail,fail,fail,skip,skip,fail,skip,skip,pass,fail,,,28,0.4.0,2026-08-07
verighost-mcp.vercel.app,1,0,Absent,,fail,fail,fail,fail,skip,skip,fail,skip,skip,fail,fail,,,28,0.4.0,2026-08-07
verisgov.com,1,85,Connectable,,fail,fail,pass,pass,pass,pass,fail,skip,fail,pass,pass,,legacy,36,0.4.0,2026-08-07
verityrms.com,1,0,Absent,,fail,fail,fail,fail,skip,skip,fail,skip,skip,fail,fail,,,23,0.4.0,2026-08-07
verityscore.io,1,85,Connectable,,pass,fail,fail,fail,pass,fail,fail,fail,skip,pass,pass,mcp-server-card-json,legacy,25,0.4.0,2026-08-07
verityskills.com,1,85,Connectable,,fail,fail,pass,pass,pass,fail,fail,skip,skip,pass,pass,,modern,23,0.4.0,2026-08-07
verlon.ai,1,10,Text-only,,fail,fail,fail,fail,skip,skip,fail,skip,skip,pass,fail,,,16,0.4.0,2026-08-07
versedb.com,1,35,Discoverable,,fail,fail,fail,pass,skip,skip,fail,skip,skip,fail,fail,,,14,0.4.0,2026-08-07
versionpill.com,1,15,Text-only,,fail,fail,fail,fail,skip,skip,fail,skip,skip,pass,pass,,,16,0.4.0,2026-08-07
versium.com,1,10,Text-only,,fail,fail,fail,fail,skip,skip,fail,skip,skip,pass,fail,,,26,0.4.0,2026-08-07
verychic-mcp.fly.dev,1,0,Absent,,fail,fail,fail,fail,skip,skip,fail,skip,skip,fail,fail,,,15,0.4.0,2026-08-07
vessark.com,1,85,Connectable,,pass,fail,pass,fail,pass,pass,fail,fail,fail,pass,pass,mcp-json,legacy,20,0.4.0,2026-08-07
vetclinic.info,1,10,Text-only,,fail,fail,fail,fail,skip,skip,fail,skip,skip,pass,fail,,,15,0.4.0,2026-08-07
veterans-rights.com,1,85,Connectable,,pass,fail,fail,fail,pass,pass,fail,pass,fail,pass,pass,mcp-json,legacy,34,0.4.0,2026-08-07
vetosql.com,1,15,Text-only,,fail,fail,fail,fail,skip,skip,fail,skip,skip,pass,pass,,,15,0.4.0,2026-08-07
vettedconsumer.com,1,85,Connectable,,pass,fail,pass,fail,pass,fail,fail,pass,skip,pass,pass,mcp-server-card-json,legacy,29,0.4.0,2026-08-07
vevang.com,1,15,Text-only,,fail,fail,fail,fail,skip,skip,fail,skip,skip,pass,pass,,,17,0.4.0,2026-08-07
veynor.xyz,1,0,Absent,,error,fail,fail,error,skip,skip,error,skip,skip,fail,fail,,,36,0.4.0,2026-08-07
viatsy.com,1,40,Discoverable,,pass,fail,fail,fail,fail,skip,fail,skip,skip,fail,pass,mcp-json,,15,0.4.0,2026-08-07
vibe-bi.ai,1,10,Text-only,,fail,fail,fail,fail,skip,skip,fail,skip,skip,pass,fail,,,31,0.4.0,2026-08-07
vibecom.app,1,35,Discoverable,,pass,fail,fail,pass,skip,skip,fail,skip,skip,fail,fail,mcp-bare|mcp-server-card-json,,15,0.4.0,2026-08-07
vibedeploy.be,1,85,Connectable,,fail,fail,pass,pass,pass,fail,fail,skip,skip,pass,pass,,modern,26,0.4.0,2026-08-07
vibekit.bot,1,80,Connectable,,pass,fail,pass,fail,pass,fail,fail,fail,skip,pass,fail,mcp-server-card-json,legacy,23,0.4.0,2026-08-07
vibeseo.dev,1,80,Connectable,,fail,fail,pass,pass,pass,fail,fail,skip,skip,pass,fail,,modern,23,0.4.0,2026-08-07
vibesprings.net,1,100,Agent-ready,,pass,fail,pass,fail,pass,pass,fail,pass,pass,pass,pass,mcp-json|mcp-server-card-json,legacy,20,0.4.0,2026-08-07
vibevo.io,1,15,Text-only,,fail,fail,fail,fail,skip,skip,fail,skip,skip,pass,pass,,,16,0.4.0,2026-08-07
vibgrate.com,1,15,Text-only,,fail,fail,fail,fail,skip,skip,fail,skip,skip,pass,pass,,,19,0.4.0,2026-08-07
vibrai.com,1,15,Text-only,,fail,fail,fail,fail,skip,skip,fail,skip,skip,pass,pass,,,16,0.4.0,2026-08-07
vibsync.com,1,0,Absent,,fail,fail,fail,fail,skip,skip,fail,skip,skip,fail,fail,,,17,0.4.0,2026-08-07
vicp-registry.org,1,50,Discoverable,,pass,fail,fail,fail,skip,skip,fail,skip,skip,pass,pass,mcp-json|mcp-server-card-json,,28,0.4.0,2026-08-07
vicsee.com,1,10,Text-only,,fail,fail,fail,fail,skip,skip,fail,skip,skip,pass,fail,,,16,0.4.0,2026-08-07
viddler.com,1,85,Connectable,,fail,fail,pass,fail,pass,fail,fail,skip,skip,pass,pass,,legacy,23,0.4.0,2026-08-07
videoloom.studio,1,35,Discoverable,,fail,fail,fail,pass,skip,skip,fail,skip,skip,fail,fail,,,14,0.4.0,2026-08-07
videozero.ai,1,5,Text-only,,fail,fail,fail,fail,skip,skip,fail,skip,skip,fail,pass,,,18,0.4.0,2026-08-07
vidhidev.workers.dev,1,0,Absent,,error,fail,fail,error,skip,skip,error,skip,skip,fail,fail,,,6,0.4.0,2026-08-07
vidmoat.com,1,45,Discoverable,,fail,fail,fail,pass,skip,skip,fail,skip,skip,pass,fail,,,30,0.4.0,2026-08-07
vidocu.ai,1,10,Text-only,,fail,fail,fail,fail,skip,skip,fail,skip,skip,pass,fail,,,14,0.4.0,2026-08-07
vikenda.com,1,85,Connectable,,pass,fail,fail,fail,pass,fail,fail,pass,skip,pass,pass,mcp-server-card-json,legacy,21,0.4.0,2026-08-07
vilabuarque.sampa.br,1,100,Agent-ready,,pass,fail,pass,fail,pass,pass,fail,pass,pass,pass,pass,mcp-json,legacy,22,0.4.0,2026-08-07
vilamadalena.sampa.br,1,100,Agent-ready,,pass,fail,pass,fail,pass,pass,fail,pass,pass,pass,pass,mcp-json,legacy,22,0.4.0,2026-08-07
vilamariana.sampa.br,1,100,Agent-ready,,pass,fail,pass,fail,pass,pass,fail,pass,pass,pass,pass,mcp-json,legacy,22,0.4.0,2026-08-07
villiers.ai,1,10,Text-only,,fail,fail,fail,fail,skip,skip,fail,skip,skip,pass,fail,,,27,0.4.0,2026-08-07
vincario.com,1,10,Text-only,,fail,fail,fail,fail,skip,skip,fail,skip,skip,pass,fail,,,17,0.4.0,2026-08-07
vindata.workers.dev,1,0,Absent,,error,fail,fail,error,skip,skip,error,skip,skip,fail,fail,,,6,0.4.0,2026-08-07
vipsallowed.com,1,0,Absent,,fail,fail,fail,fail,skip,skip,fail,skip,skip,fail,fail,,,18,0.4.0,2026-08-07
virajmishratakehome.workers.dev,1,0,Absent,,error,fail,fail,error,skip,skip,error,skip,skip,fail,fail,,,6,0.4.0,2026-08-07
viralnote.app,1,10,Text-only,,fail,fail,fail,fail,skip,skip,fail,skip,skip,pass,fail,,,30,0.4.0,2026-08-07
viralquery.com,1,80,Connectable,,fail,fail,pass,pass,pass,fail,fail,skip,skip,pass,fail,,modern,20,0.4.0,2026-08-07
viralspin.ai,1,10,Text-only,,fail,fail,fail,fail,skip,skip,fail,skip,skip,pass,fail,,,32,0.4.0,2026-08-07
viridis-security.com,1,0,Absent,,fail,fail,fail,fail,skip,skip,fail,skip,skip,fail,fail,,,17,0.4.0,2026-08-07
virifi.xyz,1,0,Absent,,error,fail,fail,error,skip,skip,error,skip,skip,fail,fail,,,54,0.4.0,2026-08-07
virlo.ai,1,50,Discoverable,,pass,fail,fail,pass,fail,skip,pass,skip,skip,pass,pass,mcp-server-card-json,,18,0.4.0,2026-08-07
virohanadentalclinic.com,1,10,Text-only,,fail,fail,fail,fail,skip,skip,fail,skip,skip,pass,fail,,,17,0.4.0,2026-08-07
virohanalife.com,1,15,Text-only,,fail,fail,fail,fail,skip,skip,fail,skip,skip,pass,pass,,,32,0.4.0,2026-08-07
virtualflybrain.org,1,0,Absent,,fail,fail,fail,fail,skip,skip,fail,skip,skip,fail,fail,,,24,0.4.0,2026-08-07
virtualsms.io,1,15,Text-only,,fail,fail,fail,fail,skip,skip,fail,skip,skip,pass,pass,,,17,0.4.0,2026-08-07
virus-alert.com,1,80,Connectable,,pass,fail,fail,fail,pass,pass,fail,pass,fail,pass,fail,mcp-json,legacy,19,0.4.0,2026-08-07
visibly-ai.com,1,70,Connectable,,fail,fail,pass,fail,pass,pass,fail,skip,fail,fail,fail,,legacy,37,0.4.0,2026-08-07
visily.ai,1,0,Absent,,fail,fail,fail,fail,skip,skip,fail,skip,skip,fail,fail,,,28,0.4.0,2026-08-07
visitor-awry-mandarin.ngrok-free.dev,1,0,Absent,,error,fail,fail,error,skip,skip,error,skip,skip,fail,fail,,,54,0.4.0,2026-08-07
vistoya.com,1,50,Discoverable,,pass,fail,fail,fail,skip,skip,pass,skip,skip,pass,pass,mcp-server-card-json,,15,0.4.0,2026-08-07
visuary.ai,1,15,Text-only,,fail,fail,fail,fail,skip,skip,fail,skip,skip,pass,pass,,,17,0.4.0,2026-08-07
vitex.org.nz,1,50,Discoverable,,fail,fail,fail,pass,skip,skip,fail,skip,skip,pass,pass,,,15,0.4.0,2026-08-07
vivesca.org,1,0,Absent,,error,fail,fail,error,skip,skip,error,skip,skip,fail,fail,,,3,0.4.0,2026-08-07
vivid.money,1,10,Text-only,,fail,fail,fail,fail,skip,skip,fail,skip,skip,pass,fail,,,21,0.4.0,2026-08-07
vividads.com.au,1,45,Discoverable,,fail,fail,fail,pass,skip,skip,fail,skip,skip,pass,fail,,,25,0.4.0,2026-08-07
vivideo.ai,1,85,Connectable,,pass,fail,pass,fail,pass,pass,fail,fail,fail,pass,pass,mcp-server-card-json,legacy,25,0.4.0,2026-08-07
vivioo.io,1,15,Text-only,,fail,fail,fail,fail,skip,skip,fail,skip,skip,pass,pass,,,16,0.4.0,2026-08-07
voc.ai,1,0,Absent,,fail,fail,fail,fail,skip,skip,fail,skip,skip,fail,fail,,,29,0.4.0,2026-08-07
vocci.ai,1,45,Discoverable,,fail,fail,fail,pass,skip,skip,fail,skip,skip,pass,fail,,,17,0.4.0,2026-08-07
voice-intel-mcp.vercel.app,1,0,Absent,,fail,fail,fail,fail,skip,skip,fail,skip,skip,fail,fail,,,28,0.4.0,2026-08-07
voice-quality.com,1,0,Absent,,fail,fail,fail,fail,skip,skip,fail,skip,skip,fail,fail,,,18,0.4.0,2026-08-07
voiceflip.cz,1,10,Text-only,,fail,fail,fail,fail,skip,skip,fail,skip,skip,pass,fail,,,30,0.4.0,2026-08-07
voicelabs.now,1,45,Discoverable,,fail,fail,fail,pass,skip,skip,fail,skip,skip,pass,fail,,,18,0.4.0,2026-08-07
voicelogpro.com,1,50,Discoverable,,pass,fail,fail,fail,fail,skip,fail,skip,skip,pass,pass,mcp-json,,17,0.4.0,2026-08-07
voicemode.dev,1,0,Absent,,fail,fail,fail,fail,skip,skip,fail,skip,skip,fail,fail,,,16,0.4.0,2026-08-07
voltcast.com,1,85,Connectable,,pass,fail,pass,fail,pass,pass,fail,pass,fail,pass,pass,mcp-json,legacy,20,0.4.0,2026-08-07
voltplan.app,1,85,Connectable,,pass,fail,pass,fail,pass,fail,fail,pass,skip,pass,pass,mcp-json,legacy,29,0.4.0,2026-08-07
vonage.dev,1,0,Absent,,fail,fail,fail,fail,skip,skip,fail,skip,skip,fail,fail,,,15,0.4.0,2026-08-07
voris.ai,1,85,Connectable,,pass,fail,pass,pass,pass,fail,fail,skip,skip,pass,pass,mcp-server-card-json,modern,23,0.4.0,2026-08-07
vortexiq.ai,1,0,Absent,,fail,fail,fail,fail,skip,skip,fail,skip,skip,fail,fail,,,30,0.4.0,2026-08-07
votura.app,1,10,Text-only,,fail,fail,fail,fail,skip,skip,fail,skip,skip,pass,fail,,,12,0.4.0,2026-08-07
vouchedpros.com,1,5,Text-only,,fail,fail,fail,fail,skip,skip,fail,skip,skip,fail,pass,,,19,0.4.0,2026-08-07
vouchtrail.com,1,10,Text-only,,fail,fail,fail,fail,skip,skip,fail,skip,skip,pass,fail,,,15,0.4.0,2026-08-07
voxell.ai,1,0,Absent,,fail,fail,fail,fail,skip,skip,fail,skip,skip,fail,fail,,,16,0.4.0,2026-08-07
voxodds.com,1,85,Connectable,,pass,fail,fail,fail,pass,fail,fail,skip,skip,pass,pass,mcp-json,legacy,19,0.4.0,2026-08-07
voxplo.ai,1,85,Connectable,,pass,fail,fail,pass,pass,fail,fail,skip,skip,pass,pass,mcp-json|mcp-server-card-json,modern,34,0.4.0,2026-08-07
voyagier.com,1,10,Text-only,,fail,fail,fail,fail,skip,skip,fail,skip,skip,pass,fail,,,29,0.4.0,2026-08-07
vp0.com,1,85,Connectable,,fail,fail,pass,fail,pass,fail,fail,skip,skip,pass,pass,,legacy,22,0.4.0,2026-08-07
vpn.fail,1,0,Absent,,fail,fail,fail,fail,skip,skip,fail,skip,skip,fail,fail,,,29,0.4.0,2026-08-07
vr.org,1,85,Connectable,,pass,fail,pass,fail,pass,fail,fail,pass,skip,pass,pass,mcp-json|mcp-server-card-json,legacy,24,0.4.0,2026-08-07
vruum.ai,1,10,Text-only,,fail,fail,fail,fail,skip,skip,fail,skip,skip,pass,fail,,,17,0.4.0,2026-08-07
vugolaai.com,1,75,Connectable,,fail,fail,pass,pass,pass,fail,fail,skip,skip,fail,pass,,modern,38,0.4.0,2026-08-07
vulk.dev,1,15,Text-only,,fail,fail,fail,fail,skip,skip,fail,skip,skip,pass,pass,,,16,0.4.0,2026-08-07
vultr.com,1,5,Text-only,,fail,fail,fail,fail,skip,skip,fail,skip,skip,fail,pass,,,29,0.4.0,2026-08-07
vviinn.com,1,70,Connectable,,fail,fail,pass,fail,pass,fail,fail,skip,skip,fail,fail,,modern,21,0.4.0,2026-08-07
vybenetwork.com,1,0,Absent,,fail,fail,fail,fail,skip,skip,fail,skip,skip,fail,fail,,,26,0.4.0,2026-08-07
vybenetwork.xyz,1,0,Absent,,error,fail,fail,error,skip,skip,error,skip,skip,fail,fail,,,6,0.4.0,2026-08-07
vybit.net,1,35,Discoverable,,fail,fail,fail,pass,skip,skip,fail,skip,skip,fail,fail,,,16,0.4.0,2026-08-07
vynix.in,1,45,Discoverable,,pass,fail,fail,pass,skip,skip,fail,skip,skip,pass,fail,mcp-server-card-json,,29,0.4.0,2026-08-07
wachete.com,1,0,Absent,,fail,fail,fail,fail,skip,skip,fail,skip,skip,fail,fail,,,30,0.4.0,2026-08-07
wadie.workers.dev,1,0,Absent,,error,fail,fail,error,skip,skip,error,skip,skip,fail,fail,,,6,0.4.0,2026-08-07
wafergraph.com,1,15,Text-only,,fail,fail,fail,fail,skip,skip,fail,skip,skip,pass,pass,,,17,0.4.0,2026-08-07
waggle.zone,1,5,Text-only,,fail,fail,fail,fail,skip,skip,fail,skip,skip,fail,pass,,,15,0.4.0,2026-08-07
waitloop.dev,1,80,Connectable,,fail,fail,pass,fail,pass,fail,fail,skip,skip,pass,fail,,modern,22,0.4.0,2026-08-07
waivern.com,1,0,Absent,,fail,fail,fail,fail,skip,skip,fail,skip,skip,fail,fail,,,29,0.4.0,2026-08-07
wajih-hyder55.workers.dev,1,0,Absent,,error,fail,fail,error,skip,skip,error,skip,skip,fail,fail,,,6,0.4.0,2026-08-07
walkmyplan.com,1,40,Discoverable,,fail,fail,fail,pass,skip,skip,fail,skip,skip,fail,pass,,,30,0.4.0,2026-08-07
wallet-connectors.com,1,85,Connectable,,fail,fail,pass,fail,pass,pass,fail,skip,pass,fail,fail,,legacy,20,0.4.0,2026-08-07
wallet-hygiene-mcp.vercel.app,1,0,Absent,,fail,fail,fail,fail,skip,skip,fail,skip,skip,fail,fail,,,28,0.4.0,2026-08-07
wallet-portfolio-x402-production.up.railway.app,1,0,Absent,,fail,fail,fail,fail,skip,skip,fail,skip,skip,fail,fail,,,28,0.4.0,2026-08-07
wallstrdev.com,1,15,Text-only,,fail,fail,fail,fail,skip,skip,fail,skip,skip,pass,pass,,,15,0.4.0,2026-08-07
walnai.com,1,80,Connectable,,pass,fail,fail,fail,pass,fail,fail,pass,skip,pass,fail,mcp-json,legacy,19,0.4.0,2026-08-07
walnutinvest.com,1,10,Text-only,,fail,fail,fail,fail,skip,skip,fail,skip,skip,pass,fail,,,14,0.4.0,2026-08-07
walterwrites.ai,1,10,Text-only,,fail,fail,fail,fail,skip,skip,fail,skip,skip,pass,fail,,,16,0.4.0,2026-08-07
wanakahaus.nz,1,85,Connectable,,pass,fail,pass,fail,pass,fail,fail,pass,skip,pass,pass,mcp-json,legacy,20,0.4.0,2026-08-07
warmthengine.com,1,15,Text-only,,fail,fail,fail,fail,skip,skip,fail,skip,skip,pass,pass,,,15,0.4.0,2026-08-07
warmysender.com,1,50,Discoverable,,fail,fail,fail,pass,skip,skip,fail,skip,skip,pass,pass,,,14,0.4.0,2026-08-07
warnfirehose.com,1,50,Discoverable,,pass,fail,fail,fail,fail,skip,fail,skip,skip,pass,pass,mcp-json,,17,0.4.0,2026-08-07
warplink.app,1,15,Text-only,,fail,fail,fail,fail,skip,skip,fail,skip,skip,pass,pass,,,14,0.4.0,2026-08-07
warreandvavasour.com,1,10,Text-only,,fail,fail,fail,fail,skip,skip,fail,skip,skip,pass,fail,,,15,0.4.0,2026-08-07
wasabil.com,1,85,Connectable,,fail,fail,pass,pass,pass,fail,fail,skip,skip,pass,pass,,modern,23,0.4.0,2026-08-07
washinmura.jp,1,15,Text-only,,fail,fail,fail,fail,skip,skip,fail,skip,skip,pass,pass,,,28,0.4.0,2026-08-07
washlib.com,1,15,Text-only,,fail,fail,fail,fail,skip,skip,fail,skip,skip,pass,pass,,,18,0.4.0,2026-08-07
washpulse-mcp.vercel.app,1,0,Absent,,fail,fail,fail,fail,skip,skip,fail,skip,skip,fail,fail,,,28,0.4.0,2026-08-07
wassel.cloud,1,70,Connectable,,fail,fail,pass,pass,pass,fail,fail,skip,skip,fail,fail,,modern,20,0.4.0,2026-08-07
watchtower-api.com,1,80,Connectable,,fail,fail,pass,fail,pass,fail,fail,skip,skip,pass,fail,,legacy,20,0.4.0,2026-08-07
wattcoin.workers.dev,1,0,Absent,,error,fail,fail,error,skip,skip,error,skip,skip,fail,fail,,,6,0.4.0,2026-08-07
wattgap.com,1,85,Connectable,,fail,fail,pass,fail,pass,fail,fail,skip,skip,pass,pass,,legacy,20,0.4.0,2026-08-07
wauldo.com,1,15,Text-only,,fail,fail,fail,fail,skip,skip,fail,skip,skip,pass,pass,,,15,0.4.0,2026-08-07
wavedash.com,1,80,Connectable,,fail,fail,pass,fail,pass,fail,fail,skip,skip,pass,fail,,legacy,24,0.4.0,2026-08-07
wavehouse.cloud,1,50,Discoverable,,pass,fail,fail,pass,skip,skip,fail,skip,skip,pass,pass,mcp-json|mcp-bare|mcp-server-card-json,,21,0.4.0,2026-08-07
wavix.com,1,10,Text-only,,fail,fail,fail,fail,skip,skip,fail,skip,skip,pass,fail,,,19,0.4.0,2026-08-07
waxberry.dev,1,0,Absent,,fail,fail,fail,fail,skip,skip,fail,skip,skip,fail,fail,,,15,0.4.0,2026-08-07
waxed.market,1,35,Discoverable,,fail,fail,fail,pass,skip,skip,fail,skip,skip,fail,fail,,,23,0.4.0,2026-08-07
waymark.network,1,10,Text-only,,fail,fail,fail,fail,skip,skip,fail,skip,skip,pass,fail,,,17,0.4.0,2026-08-07
waystation.ai,1,70,Connectable,,fail,fail,pass,pass,pass,fail,fail,skip,skip,fail,fail,,modern,27,0.4.0,2026-08-07
waysway.com,1,0,Absent,,error,fail,fail,error,skip,skip,error,skip,skip,fail,fail,,,4,0.4.0,2026-08-07
wazir-x402.duckdns.org,1,10,Text-only,,fail,fail,fail,fail,skip,skip,fail,skip,skip,pass,fail,,,28,0.4.0,2026-08-07
wcagc.com,1,15,Text-only,,fail,fail,fail,fail,skip,skip,fail,skip,skip,pass,pass,,,17,0.4.0,2026-08-07
we.inc,1,15,Text-only,,fail,fail,fail,fail,skip,skip,fail,skip,skip,pass,pass,,,15,0.4.0,2026-08-07
wealthapi.eu,1,10,Text-only,,fail,fail,fail,fail,skip,skip,fail,skip,skip,pass,fail,,,28,0.4.0,2026-08-07
wealthos.cc,1,85,Connectable,,fail,fail,pass,pass,pass,fail,fail,skip,skip,pass,pass,,modern,23,0.4.0,2026-08-07
wealthville.net,1,15,Text-only,,fail,fail,fail,fail,skip,skip,fail,skip,skip,pass,pass,,,14,0.4.0,2026-08-07
wearewarp.com,1,50,Discoverable,,pass,fail,fail,fail,skip,skip,fail,skip,skip,pass,pass,mcp-json,,30,0.4.0,2026-08-07
wearmu.com,1,80,Connectable,,pass,fail,pass,fail,pass,fail,fail,pass,skip,pass,fail,mcp-json,legacy,23,0.4.0,2026-08-07
weather-api-production-c885.up.railway.app,1,0,Absent,,fail,fail,fail,fail,skip,skip,fail,skip,skip,fail,fail,,,28,0.4.0,2026-08-07
weather-api-x402-production.up.railway.app,1,0,Absent,,fail,fail,fail,fail,skip,skip,fail,skip,skip,fail,fail,,,28,0.4.0,2026-08-07
weather-intel-mcp-production.up.railway.app,1,0,Absent,,error,fail,fail,error,skip,skip,error,skip,skip,fail,fail,,,41,0.4.0,2026-08-07
weather.com,1,15,Text-only,,fail,fail,fail,fail,skip,skip,fail,skip,skip,pass,pass,,,16,0.4.0,2026-08-07
weavz.io,1,15,Text-only,,fail,fail,fail,fail,skip,skip,fail,skip,skip,pass,pass,,,15,0.4.0,2026-08-07
web-production-18a32.up.railway.app,1,35,Discoverable,,pass,fail,fail,fail,fail,skip,fail,skip,skip,fail,fail,mcp-json,,31,0.4.0,2026-08-07
web-production-30ab5.up.railway.app,1,0,Absent,,fail,fail,fail,fail,skip,skip,fail,skip,skip,fail,fail,,,28,0.4.0,2026-08-07
web-production-44f93.up.railway.app,1,35,Discoverable,,fail,fail,fail,pass,skip,skip,fail,skip,skip,fail,fail,,,28,0.4.0,2026-08-07
web-production-4729.up.railway.app,1,0,Absent,,fail,fail,fail,fail,skip,skip,fail,skip,skip,fail,fail,,,28,0.4.0,2026-08-07
web-production-58d585.up.railway.app,1,0,Absent,,fail,fail,fail,fail,skip,skip,fail,skip,skip,fail,fail,,,28,0.4.0,2026-08-07
web-production-817e2.up.railway.app,1,0,Absent,,fail,fail,fail,fail,skip,skip,fail,skip,skip,fail,fail,,,28,0.4.0,2026-08-07
web-production-842e0.up.railway.app,1,0,Absent,,fail,fail,fail,fail,skip,skip,fail,skip,skip,fail,fail,,,28,0.4.0,2026-08-07
web-production-970ba.up.railway.app,1,0,Absent,,skip,fail,fail,skip,skip,skip,skip,skip,skip,skip,fail,,,16,0.4.0,2026-08-07
web-production-c3cf.up.railway.app,1,0,Absent,,fail,fail,fail,fail,skip,skip,fail,skip,skip,fail,fail,,,28,0.4.0,2026-08-07
web-production-dc74b.up.railway.app,1,0,Absent,,fail,fail,fail,fail,skip,skip,fail,skip,skip,fail,fail,,,28,0.4.0,2026-08-07
web-production-dcbcb.up.railway.app,1,0,Absent,,fail,fail,fail,fail,skip,skip,fail,skip,skip,fail,fail,,,28,0.4.0,2026-08-07
web-production-e9e1f.up.railway.app,1,0,Absent,,fail,fail,fail,fail,skip,skip,fail,skip,skip,fail,fail,,,28,0.4.0,2026-08-07
web-scraper-x402-production.up.railway.app,1,0,Absent,,fail,fail,fail,fail,skip,skip,fail,skip,skip,fail,fail,,,28,0.4.0,2026-08-07
web-search-x402-production.up.railway.app,1,0,Absent,,fail,fail,fail,fail,skip,skip,fail,skip,skip,fail,fail,,,28,0.4.0,2026-08-07
web-ten-alpha-81.vercel.app,1,45,Discoverable,,pass,fail,pass,fail,fail,skip,fail,skip,skip,pass,fail,mcp-json,,36,0.4.0,2026-08-07
web3-sentiment-mcp.vercel.app,1,0,Absent,,fail,fail,fail,fail,skip,skip,fail,skip,skip,fail,fail,,,28,0.4.0,2026-08-07
web3-signals-api-production.up.railway.app,1,45,Discoverable,,pass,fail,fail,fail,skip,skip,fail,skip,skip,pass,fail,mcp-json,,27,0.4.0,2026-08-07
web3.tv,1,15,Text-only,,fail,fail,fail,fail,skip,skip,fail,skip,skip,pass,pass,,,14,0.4.0,2026-08-07
web3auth.io,1,70,Connectable,,fail,fail,pass,fail,pass,fail,fail,skip,skip,fail,fail,,legacy,23,0.4.0,2026-08-07
webanatomy.ai,1,75,Connectable,,fail,fail,pass,fail,pass,fail,fail,skip,skip,fail,pass,,modern,36,0.4.0,2026-08-07
webapp-uat-mcp.vercel.app,1,0,Absent,,fail,fail,fail,fail,skip,skip,fail,skip,skip,fail,fail,,,28,0.4.0,2026-08-07
webbersites.com,1,70,Connectable,,fail,fail,pass,fail,pass,fail,fail,skip,skip,fail,fail,,legacy,22,0.4.0,2026-08-07
webembedding-mcp.vercel.app,1,0,Absent,,fail,fail,fail,fail,skip,skip,fail,skip,skip,fail,fail,,,28,0.4.0,2026-08-07
webflow.com,1,45,Discoverable,,pass,fail,fail,fail,skip,skip,fail,skip,skip,pass,fail,mcp-server-card-json,,18,0.4.0,2026-08-07
webforj.com,1,10,Text-only,,fail,fail,fail,fail,skip,skip,fail,skip,skip,pass,fail,,,17,0.4.0,2026-08-07
webhook-studio.com,1,95,Agent-ready,,fail,fail,pass,fail,pass,pass,fail,skip,pass,pass,fail,,legacy,24,0.4.0,2026-08-07
webhook-tester-production-d9bb.up.railway.app,1,0,Absent,,fail,fail,fail,fail,skip,skip,fail,skip,skip,fail,fail,,,28,0.4.0,2026-08-07
webhook-tester-x402-production.up.railway.app,1,0,Absent,,fail,fail,fail,fail,skip,skip,fail,skip,skip,fail,fail,,,28,0.4.0,2026-08-07
webhook.co,1,10,Text-only,,fail,fail,fail,fail,skip,skip,fail,skip,skip,pass,fail,,,34,0.4.0,2026-08-07
webhooktest.net,1,10,Text-only,,fail,fail,fail,fail,skip,skip,fail,skip,skip,pass,fail,,,22,0.4.0,2026-08-07
webhound.ai,1,80,Connectable,,pass,fail,fail,pass,pass,fail,fail,skip,skip,pass,fail,mcp-server-card-json,modern,32,0.4.0,2026-08-07
weblens.dev,1,0,Absent,,error,fail,fail,error,skip,skip,error,skip,skip,fail,fail,,,3,0.4.0,2026-08-07
webmatik.ai,1,100,Agent-ready,,pass,fail,pass,fail,pass,pass,fail,pass,pass,pass,pass,mcp-json|mcp-server-card-json,legacy,19,0.4.0,2026-08-07
webotee.com,1,0,Absent,,fail,fail,fail,fail,skip,skip,fail,skip,skip,fail,fail,,,42,0.4.0,2026-08-07
webscrape-mcp.onrender.com,1,0,Absent,,fail,fail,fail,fail,skip,skip,fail,skip,skip,fail,fail,,,28,0.4.0,2026-08-07
website2vat.com,1,50,Discoverable,,pass,fail,fail,pass,skip,skip,fail,skip,skip,pass,pass,mcp-server-card-json,,13,0.4.0,2026-08-07
websiteiq.xyz,1,80,Connectable,,pass,fail,pass,fail,pass,fail,fail,pass,skip,pass,fail,mcp-server-card-json,legacy,20,0.4.0,2026-08-07
websitelaunches.com,1,10,Text-only,,fail,fail,fail,fail,skip,skip,fail,skip,skip,pass,fail,,,15,0.4.0,2026-08-07
websitepublisher.ai,1,10,Text-only,,fail,fail,fail,fail,skip,skip,fail,skip,skip,pass,fail,,,33,0.4.0,2026-08-07
webuplink.ai,1,10,Text-only,,fail,fail,fail,fail,skip,skip,fail,skip,skip,pass,fail,,,23,0.4.0,2026-08-07
webweaver-nexus-mcp.vercel.app,1,0,Absent,,fail,fail,fail,fail,skip,skip,fail,skip,skip,fail,fail,,,28,0.4.0,2026-08-07
webzum.com,1,50,Discoverable,,pass,fail,fail,fail,skip,skip,fail,skip,skip,pass,pass,mcp-bare,,17,0.4.0,2026-08-07
wedding-seat.com,1,85,Connectable,,fail,fail,pass,fail,pass,fail,fail,skip,skip,pass,pass,,modern,21,0.4.0,2026-08-07
weftly.ai,1,50,Discoverable,,pass,fail,fail,fail,fail,skip,fail,skip,skip,pass,pass,mcp-server-card-json,,19,0.4.0,2026-08-07
wegtultrarich.org,1,95,Agent-ready,,fail,fail,pass,fail,pass,pass,fail,skip,pass,pass,fail,,modern,21,0.4.0,2026-08-07
wejob.ch,1,100,Agent-ready,,fail,fail,pass,fail,pass,pass,fail,skip,pass,pass,pass,,legacy,22,0.4.0,2026-08-07
well.app,1,0,Absent,,fail,fail,fail,fail,skip,skip,fail,skip,skip,fail,fail,,,18,0.4.0,2026-08-07
wellapp.ai,1,15,Text-only,,fail,fail,fail,fail,skip,skip,fail,skip,skip,pass,pass,,,16,0.4.0,2026-08-07
wellnessatwork.me,1,35,Discoverable,,fail,fail,fail,pass,skip,skip,fail,skip,skip,fail,fail,,,16,0.4.0,2026-08-07
wellnessproject.ai,1,50,Discoverable,,fail,fail,fail,pass,skip,skip,fail,skip,skip,pass,pass,,,14,0.4.0,2026-08-07
wetwetwet.be,1,40,Discoverable,,fail,fail,fail,pass,skip,skip,fail,skip,skip,fail,pass,,,15,0.4.0,2026-08-07
weverlabs.com,1,80,Connectable,,pass,fail,fail,fail,pass,pass,fail,fail,fail,pass,fail,mcp-json,legacy,20,0.4.0,2026-08-07
whaber.ai,1,0,Absent,,error,fail,fail,error,skip,skip,error,skip,skip,fail,fail,,,3,0.4.0,2026-08-07
whale-alert-x402-production.up.railway.app,1,0,Absent,,fail,fail,fail,fail,skip,skip,fail,skip,skip,fail,fail,,,28,0.4.0,2026-08-07
what2postapp.com,1,0,Absent,,fail,fail,fail,fail,skip,skip,fail,skip,skip,fail,fail,,,14,0.4.0,2026-08-07
what2watch.live,1,0,Absent,,fail,fail,fail,fail,skip,skip,fail,skip,skip,fail,fail,,,15,0.4.0,2026-08-07
whataplan.net,1,15,Text-only,,fail,fail,fail,fail,skip,skip,fail,skip,skip,pass,pass,,,30,0.4.0,2026-08-07
whatcanido.dev,1,15,Text-only,,fail,fail,fail,fail,skip,skip,fail,skip,skip,pass,pass,,,32,0.4.0,2026-08-07
whatic.io,1,0,Absent,,fail,fail,fail,fail,skip,skip,fail,skip,skip,fail,fail,,,15,0.4.0,2026-08-07
whenmeet.me,1,85,Connectable,,fail,fail,pass,fail,pass,pass,fail,skip,fail,pass,pass,,legacy,19,0.4.0,2026-08-07
whenna.com,1,85,Connectable,,fail,fail,pass,fail,pass,pass,fail,skip,fail,pass,pass,,legacy,19,0.4.0,2026-08-07
whensport.com,1,15,Text-only,,fail,fail,fail,fail,skip,skip,fail,skip,skip,pass,pass,,,15,0.4.0,2026-08-07
whentofly.io,1,45,Discoverable,,pass,fail,fail,fail,skip,skip,fail,skip,skip,pass,fail,mcp-json|mcp-server-card-json,,15,0.4.0,2026-08-07
wherobots.com,1,10,Text-only,,fail,fail,fail,fail,skip,skip,fail,skip,skip,pass,fail,,,18,0.4.0,2026-08-07
whichmodel.dev,1,0,Absent,,fail,fail,fail,fail,skip,skip,fail,skip,skip,fail,fail,,,31,0.4.0,2026-08-07
whiskyhunter.net,1,10,Text-only,,fail,fail,fail,fail,skip,skip,fail,skip,skip,pass,fail,,,15,0.4.0,2026-08-07
whisper.security,1,15,Text-only,,fail,fail,fail,fail,skip,skip,fail,skip,skip,pass,pass,,,29,0.4.0,2026-08-07
whoisgeni.us,1,95,Agent-ready,,fail,fail,pass,fail,pass,pass,fail,skip,pass,pass,fail,,legacy,21,0.4.0,2026-08-07
whooing.com,1,0,Absent,,fail,fail,fail,fail,skip,skip,fail,skip,skip,fail,fail,,,15,0.4.0,2026-08-07
whooshly.co,1,10,Text-only,,fail,fail,fail,fail,skip,skip,fail,skip,skip,pass,fail,,,15,0.4.0,2026-08-07
whycantwehaveanagentforthis.com,1,85,Connectable,,fail,fail,pass,pass,pass,fail,fail,skip,skip,pass,pass,,legacy,20,0.4.0,2026-08-07
whyismy.org,1,100,Agent-ready,,pass,fail,fail,fail,pass,pass,fail,pass,pass,pass,pass,mcp-json|mcp-server-card-json,modern,18,0.4.0,2026-08-07
whylingxi.cn,1,45,Discoverable,,pass,fail,fail,fail,fail,skip,fail,skip,skip,pass,fail,mcp-json|mcp-bare,,15,0.4.0,2026-08-07
wickfunded.com,1,45,Discoverable,,fail,fail,fail,pass,skip,skip,fail,skip,skip,pass,fail,,,14,0.4.0,2026-08-07
widgy.co,1,35,Discoverable,,fail,fail,fail,pass,skip,skip,fail,skip,skip,fail,fail,,,30,0.4.0,2026-08-07
wikexa.com,1,95,Agent-ready,,pass,fail,fail,fail,pass,pass,fail,pass,pass,pass,fail,mcp-json|mcp-bare,legacy,19,0.4.0,2026-08-07
wikiprompt.org,1,85,Connectable,,pass,fail,pass,fail,pass,fail,fail,pass,skip,pass,pass,mcp-json,legacy,35,0.4.0,2026-08-07
wikitolica.com,1,95,Agent-ready,,pass,fail,pass,fail,pass,pass,fail,pass,pass,pass,fail,mcp-server-card-json,legacy,37,0.4.0,2026-08-07
wikivibe.ru,1,85,Connectable,,pass,fail,fail,fail,pass,pass,fail,pass,fail,pass,pass,mcp-json,legacy,27,0.4.0,2026-08-07
wild-card.ai,1,0,Absent,,fail,fail,fail,fail,skip,skip,fail,skip,skip,fail,fail,,,15,0.4.0,2026-08-07
wildrunai.com,1,0,Absent,,fail,fail,fail,fail,skip,skip,fail,skip,skip,fail,fail,,,15,0.4.0,2026-08-07
wildwallet.ai,1,70,Connectable,,pass,fail,fail,fail,pass,pass,fail,pass,fail,fail,fail,mcp-json,legacy,19,0.4.0,2026-08-07
willform.ai,1,0,Absent,,error,fail,fail,error,skip,skip,error,skip,skip,fail,fail,,,3,0.4.0,2026-08-07
wimm.my,1,45,Discoverable,,pass,fail,fail,pass,skip,skip,fail,skip,skip,pass,fail,mcp-bare,,14,0.4.0,2026-08-07
windowsforum.com,1,85,Connectable,,pass,pass,fail,pass,pass,fail,fail,pass,skip,pass,pass,mcp-server-serra|mcp-json|mcp-server-card-json,legacy,22,0.4.0,2026-08-07
windsor.ai,1,50,Discoverable,,fail,fail,fail,pass,skip,skip,fail,skip,skip,pass,pass,,,26,0.4.0,2026-08-07
wingmanprotocol.com,1,50,Discoverable,,pass,fail,fail,fail,fail,skip,fail,skip,skip,pass,pass,ai-catalog|mcp-json|mcp-server-card-json,,17,0.4.0,2026-08-07
wiplash.ai,1,85,Connectable,,fail,fail,pass,pass,pass,fail,fail,skip,skip,pass,pass,,legacy,27,0.4.0,2026-08-07
wiremi-marketing-mcp-pqlquijg3q-uk.a.run.app,1,0,Absent,,fail,fail,fail,fail,skip,skip,fail,skip,skip,fail,fail,,,28,0.4.0,2026-08-07
wiremi.ca,1,15,Text-only,,fail,fail,fail,fail,skip,skip,fail,skip,skip,pass,pass,,,15,0.4.0,2026-08-07
wiselyenterprisesllc.com,1,45,Discoverable,,pass,fail,fail,fail,skip,skip,fail,skip,skip,pass,fail,mcp-json,,15,0.4.0,2026-08-07
wisepenny.app,1,35,Discoverable,,pass,fail,fail,pass,fail,skip,fail,skip,skip,fail,fail,mcp-json|mcp-server-card-json,,29,0.4.0,2026-08-07
wisesheets.io,1,0,Absent,,fail,fail,fail,fail,skip,skip,fail,skip,skip,fail,fail,,,32,0.4.0,2026-08-07
wishpool.app,1,10,Text-only,,fail,fail,fail,fail,skip,skip,fail,skip,skip,pass,fail,,,14,0.4.0,2026-08-07
wistia.com,1,35,Discoverable,,pass,fail,fail,pass,skip,skip,fail,skip,skip,fail,fail,mcp-server-card-json,,15,0.4.0,2026-08-07
withfudge.com,1,0,Absent,,error,fail,fail,error,skip,skip,error,skip,skip,fail,fail,,,4,0.4.0,2026-08-07
withings-mcp.com,1,0,Absent,,skip,fail,fail,skip,skip,skip,fail,skip,skip,fail,fail,,,8,0.4.0,2026-08-07
withresumeai.com,1,15,Text-only,,fail,fail,fail,fail,skip,skip,fail,skip,skip,pass,pass,,,17,0.4.0,2026-08-07
wiv.ai,1,35,Discoverable,,fail,fail,fail,pass,skip,skip,fail,skip,skip,fail,fail,,,19,0.4.0,2026-08-07
wix.com,1,10,Text-only,,fail,fail,fail,fail,skip,skip,fail,skip,skip,pass,fail,,,31,0.4.0,2026-08-07
wizerapi.com,1,0,Absent,,fail,fail,fail,fail,skip,skip,fail,skip,skip,fail,fail,,,17,0.4.0,2026-08-07
wmcp.sh,1,50,Discoverable,,pass,fail,fail,fail,fail,skip,fail,skip,skip,pass,pass,mcp-bare,,15,0.4.0,2026-08-07
woebike.de,1,95,Agent-ready,,fail,fail,pass,fail,pass,pass,fail,skip,pass,pass,fail,,legacy,20,0.4.0,2026-08-07
wogrill.de,1,95,Agent-ready,,fail,fail,pass,fail,pass,pass,fail,skip,pass,pass,fail,,legacy,20,0.4.0,2026-08-07
wohandy.de,1,95,Agent-ready,,fail,fail,pass,fail,pass,pass,fail,skip,pass,pass,fail,,legacy,20,0.4.0,2026-08-07
wokelo.ai,1,80,Connectable,,fail,fail,pass,pass,pass,fail,fail,skip,skip,pass,fail,,modern,36,0.4.0,2026-08-07
wokonsole.de,1,95,Agent-ready,,fail,fail,pass,fail,pass,pass,fail,skip,pass,pass,fail,,legacy,20,0.4.0,2026-08-07
wolaptop.de,1,95,Agent-ready,,fail,fail,pass,fail,pass,pass,fail,skip,pass,pass,fail,,legacy,20,0.4.0,2026-08-07
wolfpack-production.up.railway.app,1,0,Absent,,fail,fail,fail,fail,skip,skip,fail,skip,skip,fail,fail,,,28,0.4.0,2026-08-07
wolfram.com,1,15,Text-only,,fail,fail,fail,fail,skip,skip,fail,skip,skip,pass,pass,,,37,0.4.0,2026-08-07
wontopos.com,1,15,Text-only,,fail,fail,fail,fail,skip,skip,fail,skip,skip,pass,pass,,,16,0.4.0,2026-08-07
woopsocial.com,1,15,Text-only,,fail,fail,fail,fail,skip,skip,fail,skip,skip,pass,pass,,,17,0.4.0,2026-08-07
wopool.de,1,95,Agent-ready,,fail,fail,pass,fail,pass,pass,fail,skip,pass,pass,fail,,legacy,20,0.4.0,2026-08-07
word-cloud.net,1,85,Connectable,,fail,fail,pass,fail,pass,pass,fail,skip,pass,fail,fail,,legacy,20,0.4.0,2026-08-07
word-counter-production.up.railway.app,1,0,Absent,,fail,fail,fail,fail,skip,skip,fail,skip,skip,fail,fail,,,28,0.4.0,2026-08-07
word-counter-x402-production.up.railway.app,1,0,Absent,,fail,fail,fail,fail,skip,skip,fail,skip,skip,fail,fail,,,28,0.4.0,2026-08-07
wordis-bond.com,1,95,Agent-ready,,fail,fail,pass,fail,pass,pass,fail,skip,pass,pass,fail,,legacy,22,0.4.0,2026-08-07
wordlift.io,1,10,Text-only,,fail,fail,fail,fail,skip,skip,fail,skip,skip,pass,fail,,,24,0.4.0,2026-08-07
wordnet.dk,1,0,Absent,,fail,fail,fail,fail,skip,skip,fail,skip,skip,fail,fail,,,29,0.4.0,2026-08-07
wordofclout.ai,1,0,Absent,,fail,fail,fail,fail,skip,skip,fail,skip,skip,fail,fail,,,34,0.4.0,2026-08-07
work-handler.app,1,10,Text-only,,skip,fail,fail,skip,skip,skip,fail,skip,skip,pass,fail,,,5,0.4.0,2026-08-07
work-pick.com,1,5,Text-only,,fail,fail,fail,fail,skip,skip,fail,skip,skip,fail,pass,,,14,0.4.0,2026-08-07
workable.com,1,80,Connectable,,pass,fail,pass,pass,pass,fail,fail,skip,skip,pass,fail,mcp-server-card-json,modern,28,0.4.0,2026-08-07
workers-rights.com,1,50,Discoverable,,pass,fail,fail,fail,fail,skip,fail,skip,skip,pass,pass,ai-catalog|mcp-json|mcp-server-card-json,,35,0.4.0,2026-08-07
workingmemory.ai,1,45,Discoverable,,pass,fail,fail,pass,skip,skip,fail,skip,skip,pass,fail,mcp-server-card-json,,15,0.4.0,2026-08-07
workix.co,1,45,Discoverable,,pass,fail,fail,fail,fail,skip,fail,skip,skip,pass,fail,mcp-json,,17,0.4.0,2026-08-07
workmagic.io,1,0,Absent,,fail,fail,fail,fail,skip,skip,fail,skip,skip,fail,fail,,,31,0.4.0,2026-08-07
workofarttattoo-qulab-mcp.azurewebsites.net,1,0,Absent,,error,fail,fail,error,skip,skip,error,skip,skip,fail,fail,,,3,0.4.0,2026-08-07
workopia.io,1,50,Discoverable,,pass,fail,fail,fail,skip,skip,fail,skip,skip,pass,pass,mcp-server-card-json,,14,0.4.0,2026-08-07
workorai.com,1,70,Connectable,,fail,fail,pass,fail,pass,fail,fail,skip,skip,fail,fail,,legacy,20,0.4.0,2026-08-07
workos.com,1,80,Connectable,,fail,fail,pass,pass,pass,fail,fail,skip,skip,pass,fail,,modern,24,0.4.0,2026-08-07
workout-engine-production-5dd7.up.railway.app,1,0,Absent,,fail,fail,fail,fail,skip,skip,fail,skip,skip,fail,fail,,,28,0.4.0,2026-08-07
workprotocol.ai,1,50,Discoverable,,pass,fail,fail,fail,fail,skip,fail,skip,skip,pass,pass,mcp-json,,17,0.4.0,2026-08-07
works-runner.vercel.app,1,70,Connectable,,fail,fail,pass,fail,pass,fail,fail,skip,skip,fail,fail,,legacy,33,0.4.0,2026-08-07
workspace-developer.goog,1,0,Absent,,fail,fail,fail,fail,skip,skip,fail,skip,skip,fail,fail,,,15,0.4.0,2026-08-07
workspaceapi-server-production-f6d7.up.railway.app,1,0,Absent,,fail,fail,fail,fail,skip,skip,fail,skip,skip,fail,fail,,,28,0.4.0,2026-08-07
worldairfares.com,1,70,Connectable,,fail,fail,pass,fail,pass,fail,fail,skip,skip,fail,fail,,legacy,36,0.4.0,2026-08-07
worldcastr.com,1,100,Agent-ready,,pass,fail,fail,fail,pass,pass,fail,fail,pass,pass,pass,mcp-json|mcp-server-card-json,legacy,22,0.4.0,2026-08-07
worldcitisim.com,1,45,Discoverable,,pass,fail,fail,fail,skip,skip,fail,skip,skip,pass,fail,mcp-bare|mcp-server-card-json,,15,0.4.0,2026-08-07
worldclock.pro,1,50,Discoverable,,pass,fail,fail,fail,fail,skip,fail,skip,skip,pass,pass,ai-catalog|mcp-json|mcp-server-card-json,,19,0.4.0,2026-08-07
worldhums.com,1,80,Connectable,,pass,fail,pass,fail,pass,pass,fail,pass,fail,pass,fail,mcp-json,legacy,20,0.4.0,2026-08-07
worldku.com,1,80,Connectable,,pass,fail,pass,pass,pass,fail,fail,skip,skip,pass,fail,server-card-endpoint-relative,modern,36,0.4.0,2026-08-07
worldmonitor.app,1,50,Discoverable,,pass,fail,fail,pass,fail,skip,pass,skip,skip,pass,pass,ai-catalog|mcp-json|mcp-bare|mcp-server-card-json,,23,0.4.0,2026-08-07
worldweatheronline.com,1,0,Absent,,error,fail,fail,error,skip,skip,error,skip,skip,fail,fail,,,43,0.4.0,2026-08-07
woroller.de,1,95,Agent-ready,,fail,fail,pass,fail,pass,pass,fail,skip,pass,pass,fail,,legacy,20,0.4.0,2026-08-07
wosneaker.de,1,95,Agent-ready,,fail,fail,pass,fail,pass,pass,fail,skip,pass,pass,fail,,legacy,20,0.4.0,2026-08-07
wosolar.de,1,95,Agent-ready,,fail,fail,pass,fail,pass,pass,fail,skip,pass,pass,fail,,legacy,20,0.4.0,2026-08-07
wospeicher.de,1,95,Agent-ready,,fail,fail,pass,fail,pass,pass,fail,skip,pass,pass,fail,,legacy,20,0.4.0,2026-08-07
wostrom.de,1,95,Agent-ready,,fail,fail,pass,fail,pass,pass,fail,skip,pass,pass,fail,,legacy,20,0.4.0,2026-08-07
wotablet.de,1,95,Agent-ready,,fail,fail,pass,fail,pass,pass,fail,skip,pass,pass,fail,,legacy,20,0.4.0,2026-08-07
wouhr.de,1,95,Agent-ready,,fail,fail,pass,fail,pass,pass,fail,skip,pass,pass,fail,,legacy,20,0.4.0,2026-08-07
wovitamine.de,1,95,Agent-ready,,fail,fail,pass,fail,pass,pass,fail,skip,pass,pass,fail,,legacy,20,0.4.0,2026-08-07
wpwriter.com,1,5,Text-only,,fail,fail,fail,fail,skip,skip,fail,skip,skip,fail,pass,,,31,0.4.0,2026-08-07
wrapper-agency.com,1,0,Absent,,error,fail,fail,error,skip,skip,error,skip,skip,fail,fail,,,41,0.4.0,2026-08-07
writeflow.ink,1,95,Agent-ready,,fail,fail,pass,fail,pass,pass,fail,skip,pass,pass,fail,,legacy,20,0.4.0,2026-08-07
writespace.io,1,0,Absent,,fail,fail,fail,fail,skip,skip,fail,skip,skip,fail,fail,,,15,0.4.0,2026-08-07
writingmate.ai,1,50,Discoverable,,fail,fail,fail,pass,skip,skip,fail,skip,skip,pass,pass,,,16,0.4.0,2026-08-07
wubble.ai,1,0,Absent,,fail,fail,fail,fail,skip,skip,fail,skip,skip,fail,fail,,,22,0.4.0,2026-08-07
wuniq.com,1,15,Text-only,,fail,fail,fail,fail,skip,skip,fail,skip,skip,pass,pass,,,42,0.4.0,2026-08-07
wykr.es,1,0,Absent,,fail,fail,fail,fail,skip,skip,fail,skip,skip,fail,fail,,,18,0.4.0,2026-08-07
wynnpay102.chatgpt.site,1,0,Absent,,fail,fail,fail,fail,skip,skip,fail,skip,skip,fail,fail,,,18,0.4.0,2026-08-07
x-402.online,1,70,Connectable,,fail,fail,pass,fail,pass,pass,error,skip,fail,fail,fail,,legacy,10,0.4.0,2026-08-07
x-data-mcp.vercel.app,1,0,Absent,,fail,fail,fail,fail,skip,skip,fail,skip,skip,fail,fail,,,28,0.4.0,2026-08-07
x402-discovery-api.onrender.com,1,0,Absent,,fail,fail,fail,fail,skip,skip,fail,skip,skip,fail,fail,,,54,0.4.0,2026-08-07
x402-endpoints.onrender.com,1,45,Discoverable,,pass,fail,fail,fail,skip,skip,fail,skip,skip,pass,fail,mcp-server-card-json,,29,0.4.0,2026-08-07
x402-gas-api.vercel.app,1,45,Discoverable,,pass,fail,fail,fail,skip,skip,fail,skip,skip,pass,fail,mcp-json,,28,0.4.0,2026-08-07
x402-list.com,1,15,Text-only,,fail,fail,fail,fail,skip,skip,fail,skip,skip,pass,pass,,,16,0.4.0,2026-08-07
x402-mcp.onrender.com,1,45,Discoverable,,pass,fail,fail,fail,skip,skip,fail,skip,skip,pass,fail,mcp-bare,,30,0.4.0,2026-08-07
x402-scout-relay.onrender.com,1,0,Absent,,fail,fail,fail,fail,skip,skip,fail,skip,skip,fail,fail,,,54,0.4.0,2026-08-07
x402-seller-m8nx.onrender.com,1,80,Connectable,,fail,fail,pass,fail,pass,fail,fail,skip,skip,pass,fail,,legacy,33,0.4.0,2026-08-07
x402-services-production.up.railway.app,1,95,Agent-ready,,pass,fail,fail,fail,pass,pass,fail,pass,pass,pass,fail,mcp-json,legacy,32,0.4.0,2026-08-07
x402-solana-cva8.onrender.com,1,10,Text-only,,fail,fail,fail,fail,skip,skip,fail,skip,skip,pass,fail,,,29,0.4.0,2026-08-07
x402-url-extractor-production.up.railway.app,1,80,Connectable,,fail,fail,pass,fail,pass,fail,fail,skip,skip,pass,fail,,legacy,33,0.4.0,2026-08-07
x402image.org,1,80,Connectable,,fail,fail,pass,fail,pass,pass,fail,skip,fail,pass,fail,,legacy,20,0.4.0,2026-08-07
x402layer.cc,1,85,Connectable,,fail,fail,pass,fail,pass,pass,fail,skip,pass,fail,fail,,legacy,38,0.4.0,2026-08-07
x402nano.onrender.com,1,70,Connectable,,pass,fail,pass,fail,pass,fail,fail,pass,skip,fail,fail,mcp-json,legacy,33,0.4.0,2026-08-07
x402score.org,1,95,Agent-ready,,fail,fail,pass,fail,pass,pass,fail,skip,pass,pass,fail,,legacy,20,0.4.0,2026-08-07
x402supply.com,1,10,Text-only,,fail,fail,fail,fail,skip,skip,fail,skip,skip,pass,fail,,,15,0.4.0,2026-08-07
x402tools.xyz,1,10,Text-only,,fail,fail,fail,fail,skip,skip,fail,skip,skip,pass,fail,,,18,0.4.0,2026-08-07
x711.io,1,50,Discoverable,,pass,fail,fail,fail,skip,skip,fail,skip,skip,pass,pass,mcp-json,,15,0.4.0,2026-08-07
x7k9m.workers.dev,1,0,Absent,,error,fail,fail,error,skip,skip,error,skip,skip,fail,fail,,,6,0.4.0,2026-08-07
xavio.in,1,50,Discoverable,,pass,fail,fail,pass,skip,skip,fail,skip,skip,pass,pass,mcp-bare|mcp-server-card-json,,14,0.4.0,2026-08-07
xbarry.ai,1,5,Text-only,,fail,fail,fail,fail,skip,skip,fail,skip,skip,fail,pass,,,16,0.4.0,2026-08-07
xcatcher.top,1,15,Text-only,,fail,fail,fail,fail,skip,skip,fail,skip,skip,pass,pass,,,14,0.4.0,2026-08-07
xcodebuildmcp.com,1,0,Absent,,fail,fail,fail,fail,skip,skip,fail,skip,skip,fail,fail,,,29,0.4.0,2026-08-07
xdcai.tech,1,80,Connectable,,fail,fail,pass,pass,pass,fail,fail,skip,skip,pass,fail,,modern,23,0.4.0,2026-08-07
xdogtrading.com,1,0,Absent,,fail,fail,fail,fail,skip,skip,fail,skip,skip,fail,fail,,,16,0.4.0,2026-08-07
xearno.tools,1,15,Text-only,,fail,fail,fail,fail,skip,skip,fail,skip,skip,pass,pass,,,15,0.4.0,2026-08-07
xfish.hu,1,95,Agent-ready,,pass,fail,fail,fail,pass,pass,fail,pass,pass,pass,fail,mcp-json,legacy,40,0.4.0,2026-08-07
xfms.vercel.app,1,0,Absent,,fail,fail,fail,fail,skip,skip,fail,skip,skip,fail,fail,,,29,0.4.0,2026-08-07
xgr.network,1,70,Connectable,,fail,fail,pass,fail,pass,fail,fail,skip,skip,fail,fail,,legacy,24,0.4.0,2026-08-07
xhostd.com,1,10,Text-only,,fail,fail,fail,fail,skip,skip,fail,skip,skip,pass,fail,,,20,0.4.0,2026-08-07
xitoring.com,1,15,Text-only,,fail,fail,fail,fail,skip,skip,fail,skip,skip,pass,pass,,,14,0.4.0,2026-08-07
xkcdai.onrender.com,1,0,Absent,,fail,fail,fail,fail,skip,skip,fail,skip,skip,fail,fail,,,28,0.4.0,2026-08-07
xmemo.dev,1,45,Discoverable,,pass,fail,fail,pass,skip,skip,fail,skip,skip,pass,fail,mcp-server-card-json,,18,0.4.0,2026-08-07
xn--5ckxa2e4ez471abqo49zn6s.com,1,50,Discoverable,,pass,fail,fail,fail,skip,skip,pass,skip,skip,pass,pass,mcp-server-card-json,,15,0.4.0,2026-08-07
xns.tech,1,0,Absent,,fail,fail,fail,fail,skip,skip,fail,skip,skip,fail,fail,,,15,0.4.0,2026-08-07
xorfox.sh,1,0,Absent,,error,fail,fail,error,skip,skip,error,skip,skip,fail,fail,,,3,0.4.0,2026-08-07
xpansion.dev,1,10,Text-only,,fail,fail,fail,fail,skip,skip,fail,skip,skip,pass,fail,,,29,0.4.0,2026-08-07
xpoz.ai,1,50,Discoverable,,pass,fail,fail,fail,skip,skip,fail,skip,skip,pass,pass,mcp-json|mcp-server-card-json,,32,0.4.0,2026-08-07
xproof.app,1,80,Connectable,,pass,fail,pass,fail,pass,fail,fail,fail,skip,pass,fail,mcp-json,legacy,20,0.4.0,2026-08-07
xquik.com,1,50,Discoverable,,pass,fail,fail,pass,fail,skip,fail,skip,skip,pass,pass,mcp-json|mcp-server-card-json,,15,0.4.0,2026-08-07
xr-utilities.ai,1,0,Absent,,error,fail,fail,error,skip,skip,error,skip,skip,fail,fail,,,5,0.4.0,2026-08-07
xrpdomains.xyz,1,70,Connectable,,fail,fail,pass,fail,pass,fail,fail,skip,skip,fail,fail,,legacy,20,0.4.0,2026-08-07
xrpl-referee.onrender.com,1,70,Connectable,,pass,fail,pass,fail,pass,fail,fail,fail,skip,fail,fail,mcp-server-card-json,legacy,37,0.4.0,2026-08-07
xsignal-production.up.railway.app,1,85,Connectable,,pass,fail,pass,fail,pass,pass,fail,pass,pass,fail,fail,mcp-json,legacy,33,0.4.0,2026-08-07
xskill.ai,1,15,Text-only,,fail,fail,fail,fail,skip,skip,fail,skip,skip,pass,pass,,,18,0.4.0,2026-08-07
xtester.pw,1,10,Text-only,,fail,fail,fail,fail,skip,skip,fail,skip,skip,pass,fail,,,14,0.4.0,2026-08-07
xtiles.app,1,45,Discoverable,,pass,fail,fail,pass,skip,skip,fail,skip,skip,pass,fail,mcp-server-card-json,,19,0.4.0,2026-08-07
xuper.fun,1,0,Absent,,fail,fail,fail,fail,skip,skip,fail,skip,skip,fail,fail,,,15,0.4.0,2026-08-07
xurprise.ai,1,0,Absent,,error,fail,fail,error,skip,skip,error,skip,skip,fail,fail,,,3,0.4.0,2026-08-07
xytara-mcp-executor.onrender.com,1,35,Discoverable,,pass,fail,fail,fail,fail,skip,fail,skip,skip,fail,fail,mcp-server-card-json,,31,0.4.0,2026-08-07
xyzzylabs.ai,1,15,Text-only,,fail,fail,fail,fail,skip,skip,fail,skip,skip,pass,pass,,,17,0.4.0,2026-08-07
yaakovscher.workers.dev,1,0,Absent,,error,fail,fail,error,skip,skip,error,skip,skip,fail,fail,,,6,0.4.0,2026-08-07
yaewurxvufigjntzdruf.supabase.co,1,0,Absent,,error,fail,fail,error,skip,skip,error,skip,skip,fail,fail,,,3,0.4.0,2026-08-07
yafl.dev,1,15,Text-only,,fail,fail,fail,fail,skip,skip,fail,skip,skip,pass,pass,,,16,0.4.0,2026-08-07
yagami8095.workers.dev,1,0,Absent,,error,fail,fail,error,skip,skip,error,skip,skip,fail,fail,,,6,0.4.0,2026-08-07
yapl.app,1,45,Discoverable,,pass,fail,fail,pass,skip,skip,fail,skip,skip,pass,fail,mcp-server-card-json,,19,0.4.0,2026-08-07
yault.xyz,1,5,Text-only,,fail,fail,fail,fail,skip,skip,fail,skip,skip,fail,pass,,,16,0.4.0,2026-08-07
ybolduc.workers.dev,1,0,Absent,,error,fail,fail,error,skip,skip,error,skip,skip,fail,fail,,,6,0.4.0,2026-08-07
ydb-qdrant.tech,1,85,Connectable,,pass,fail,fail,fail,pass,fail,fail,skip,skip,pass,pass,mcp-json|mcp-bare|mcp-server-card-json,modern,21,0.4.0,2026-08-07
yeehaw.bot,1,100,Agent-ready,,pass,fail,pass,fail,pass,pass,fail,pass,pass,pass,pass,mcp-bare,legacy,20,0.4.0,2026-08-07
yeetit.site,1,50,Discoverable,,pass,fail,fail,fail,fail,skip,fail,skip,skip,pass,pass,mcp-json,,15,0.4.0,2026-08-07
yempik.ai,1,0,Absent,,error,fail,fail,error,skip,skip,error,skip,skip,fail,fail,,,44,0.4.0,2026-08-07
yhwcaodofmbusjurawhp.supabase.co,1,0,Absent,,fail,fail,fail,fail,skip,skip,fail,skip,skip,fail,fail,,,15,0.4.0,2026-08-07
yiditu.tech,1,85,Connectable,,fail,fail,pass,fail,pass,fail,fail,skip,skip,pass,pass,,legacy,22,0.4.0,2026-08-07
yieldsignal.vercel.app,1,0,Absent,,fail,fail,fail,fail,skip,skip,fail,skip,skip,fail,fail,,,28,0.4.0,2026-08-07
yigather.com,1,0,Absent,,fail,fail,fail,fail,skip,skip,fail,skip,skip,fail,fail,,,19,0.4.0,2026-08-07
yoauto.md,1,50,Discoverable,,pass,fail,fail,pass,skip,skip,fail,skip,skip,pass,pass,mcp-server-card-json,,15,0.4.0,2026-08-07
yoku.app,1,0,Absent,,fail,fail,fail,fail,skip,skip,fail,skip,skip,fail,fail,,,32,0.4.0,2026-08-07
yolfi.com,1,10,Text-only,,fail,fail,fail,fail,skip,skip,fail,skip,skip,pass,fail,,,18,0.4.0,2026-08-07
yondry.app,1,10,Text-only,,fail,fail,fail,fail,skip,skip,fail,skip,skip,pass,fail,,,15,0.4.0,2026-08-07
yonyon.ai,1,50,Discoverable,,pass,fail,fail,pass,fail,skip,fail,skip,skip,pass,pass,ai-catalog|mcp-json|mcp-server-card-json,,19,0.4.0,2026-08-07
you.com,1,80,Connectable,,fail,fail,pass,pass,pass,fail,fail,skip,skip,pass,fail,,modern,26,0.4.0,2026-08-07
youfiliate-mcp.onrender.com,1,0,Absent,,fail,fail,fail,fail,skip,skip,fail,skip,skip,fail,fail,,,28,0.4.0,2026-08-07
your-host.com,1,0,Absent,,error,fail,fail,error,skip,skip,error,skip,skip,fail,fail,,,3,0.4.0,2026-08-07
yourmatflow.com,1,50,Discoverable,,pass,fail,fail,fail,skip,skip,fail,skip,skip,pass,pass,mcp-json,,17,0.4.0,2026-08-07
youtubestudiomcp.com,1,35,Discoverable,,pass,fail,fail,fail,skip,skip,fail,skip,skip,fail,fail,mcp-server-card-json,,31,0.4.0,2026-08-07
youtubetranscriptdownload.com,1,5,Text-only,,fail,fail,fail,fail,skip,skip,fail,skip,skip,fail,pass,,,14,0.4.0,2026-08-07
ysenseai.org,1,0,Absent,,fail,fail,fail,fail,skip,skip,fail,skip,skip,fail,fail,,,15,0.4.0,2026-08-07
ytbulktranscript.app,1,0,Absent,,fail,fail,fail,fail,skip,skip,fail,skip,skip,fail,fail,,,27,0.4.0,2026-08-07
yul-gasmaster-mcp.vercel.app,1,0,Absent,,fail,fail,fail,fail,skip,skip,fail,skip,skip,fail,fail,,,28,0.4.0,2026-08-07
yungle.co,1,10,Text-only,,fail,fail,fail,fail,skip,skip,fail,skip,skip,pass,fail,,,14,0.4.0,2026-08-07
yusuke8h.workers.dev,1,0,Absent,,error,fail,fail,error,skip,skip,error,skip,skip,fail,fail,,,6,0.4.0,2026-08-07
ywabnlhkmhbyewqhbsjm.supabase.co,1,0,Absent,,fail,fail,fail,fail,skip,skip,fail,skip,skip,fail,fail,,,15,0.4.0,2026-08-07
z03.azurefd.net,1,0,Absent,,error,fail,fail,error,skip,skip,error,skip,skip,fail,fail,,,9,0.4.0,2026-08-07
zad.tools,1,0,Absent,,fail,fail,fail,fail,skip,skip,fail,skip,skip,fail,fail,,,28,0.4.0,2026-08-07
zahabprice.com,1,100,Agent-ready,,pass,fail,fail,fail,pass,pass,fail,pass,pass,pass,pass,mcp-json|mcp-server-card-json,legacy,28,0.4.0,2026-08-07
zairalabs.ai,1,50,Discoverable,,pass,fail,fail,fail,fail,skip,pass,skip,skip,pass,pass,ai-catalog|mcp-server-card-json,,18,0.4.0,2026-08-07
zaklad.app,1,15,Text-only,,fail,fail,fail,fail,skip,skip,fail,skip,skip,pass,pass,,,15,0.4.0,2026-08-07
zandomeni.eu,1,15,Text-only,,fail,fail,fail,fail,skip,skip,fail,skip,skip,pass,pass,,,15,0.4.0,2026-08-07
zapier.com,1,50,Discoverable,,pass,fail,fail,fail,fail,skip,pass,skip,skip,pass,pass,ai-catalog|mcp-server-card-json,,22,0.4.0,2026-08-07
zarklab.ai,1,5,Text-only,,fail,fail,fail,fail,skip,skip,fail,skip,skip,fail,pass,,,30,0.4.0,2026-08-07
zaroniacalculator.co.za,1,0,Absent,,fail,fail,fail,fail,skip,skip,fail,skip,skip,fail,fail,,,19,0.4.0,2026-08-07
zarq.ai,1,15,Text-only,,fail,fail,fail,fail,skip,skip,fail,skip,skip,pass,pass,,,20,0.4.0,2026-08-07
zation1.workers.dev,1,0,Absent,,error,fail,fail,error,skip,skip,error,skip,skip,fail,fail,,,6,0.4.0,2026-08-07
zavod-stanki.ru,1,85,Connectable,,pass,fail,fail,fail,pass,pass,pass,pass,fail,pass,pass,ai-catalog|mcp-json|mcp-bare|mcp-server-card-json,legacy,31,0.4.0,2026-08-07
zeblink.io,1,0,Absent,,fail,fail,fail,fail,skip,skip,fail,skip,skip,fail,fail,,,18,0.4.0,2026-08-07
zeltser.com,1,0,Absent,,fail,fail,fail,fail,skip,skip,fail,skip,skip,fail,fail,,,15,0.4.0,2026-08-07
zelume.io,1,50,Discoverable,,fail,fail,fail,pass,skip,skip,fail,skip,skip,pass,pass,,,28,0.4.0,2026-08-07
zenable.app,1,0,Absent,,fail,fail,fail,fail,skip,skip,fail,skip,skip,fail,fail,,,32,0.4.0,2026-08-07
zenarion.ch,1,50,Discoverable,,fail,fail,fail,pass,skip,skip,fail,skip,skip,pass,pass,,,16,0.4.0,2026-08-07
zencap.ai,1,5,Text-only,,fail,fail,fail,fail,skip,skip,fail,skip,skip,fail,pass,,,17,0.4.0,2026-08-07
zenfin.tech,1,70,Connectable,,fail,fail,pass,pass,pass,fail,fail,skip,skip,fail,fail,,modern,37,0.4.0,2026-08-07
zenithserver.duckdns.org,1,0,Absent,,fail,fail,fail,fail,skip,skip,fail,skip,skip,fail,fail,,,28,0.4.0,2026-08-07
zenovay.com,1,50,Discoverable,,pass,fail,fail,pass,skip,skip,fail,skip,skip,pass,pass,mcp-server-card-json,,17,0.4.0,2026-08-07
zentrik.ai,1,10,Text-only,,fail,fail,fail,fail,skip,skip,fail,skip,skip,pass,fail,,,15,0.4.0,2026-08-07
zenvault.eu,1,85,Connectable,,pass,fail,fail,pass,pass,pass,fail,pass,fail,pass,pass,mcp-server-card-json,legacy,23,0.4.0,2026-08-07
zephex.dev,1,50,Discoverable,,pass,fail,fail,pass,skip,skip,fail,skip,skip,pass,pass,mcp-json|mcp-server-card-json,,14,0.4.0,2026-08-07
zerm.dev,1,80,Connectable,,pass,fail,pass,fail,pass,fail,fail,pass,skip,pass,fail,mcp-json,legacy,20,0.4.0,2026-08-07
zernio.com,1,80,Connectable,,pass,fail,pass,pass,pass,fail,fail,skip,skip,pass,fail,mcp-server-card-json,modern,23,0.4.0,2026-08-07
zerno.one,1,70,Connectable,,pass,fail,pass,pass,pass,fail,fail,skip,skip,fail,fail,mcp-bare,modern,18,0.4.0,2026-08-07
zernote.com,1,85,Connectable,,pass,fail,fail,pass,pass,fail,fail,skip,skip,pass,pass,mcp-server-card-json,modern,17,0.4.0,2026-08-07
zero-leak-mcp.vercel.app,1,0,Absent,,fail,fail,fail,fail,skip,skip,fail,skip,skip,fail,fail,,,27,0.4.0,2026-08-07
zero-wispy-shadow-3951.fly.dev,1,10,Text-only,,error,fail,fail,error,skip,skip,fail,skip,skip,pass,fail,,,21,0.4.0,2026-08-07
zerodrop.dev,1,5,Text-only,,fail,fail,fail,fail,skip,skip,fail,skip,skip,fail,pass,,,17,0.4.0,2026-08-07
zerodust.xyz,1,10,Text-only,,fail,fail,fail,fail,skip,skip,fail,skip,skip,pass,fail,,,30,0.4.0,2026-08-07
zeroheight.com,1,70,Connectable,,fail,fail,pass,pass,pass,fail,fail,skip,skip,fail,fail,,modern,24,0.4.0,2026-08-07
zeroknowledge-vault-mcp.vercel.app,1,0,Absent,,fail,fail,fail,fail,skip,skip,fail,skip,skip,fail,fail,,,27,0.4.0,2026-08-07
zetadeck.com,1,45,Discoverable,,fail,fail,fail,pass,skip,skip,fail,skip,skip,pass,fail,,,14,0.4.0,2026-08-07
zevari.ai,1,5,Text-only,,fail,fail,fail,fail,skip,skip,fail,skip,skip,fail,pass,,,17,0.4.0,2026-08-07
zheng-he.top,1,85,Connectable,,fail,fail,pass,fail,pass,pass,fail,skip,pass,fail,fail,,legacy,23,0.4.0,2026-08-07
zhenjiazhou0127.workers.dev,1,0,Absent,,error,fail,fail,error,skip,skip,error,skip,skip,fail,fail,,,6,0.4.0,2026-08-07
zhenwiaphfwetckfysod.supabase.co,1,0,Absent,,fail,fail,fail,fail,skip,skip,fail,skip,skip,fail,fail,,,15,0.4.0,2026-08-07
zhihuo.net,1,15,Text-only,,fail,fail,fail,fail,skip,skip,fail,skip,skip,pass,pass,,,17,0.4.0,2026-08-07
ziggsai.com,1,0,Absent,,fail,fail,fail,fail,skip,skip,fail,skip,skip,fail,fail,,,19,0.4.0,2026-08-07
zigpoll.com,1,0,Absent,,fail,fail,fail,fail,skip,skip,fail,skip,skip,fail,fail,,,33,0.4.0,2026-08-07
zillapi.com,1,50,Discoverable,,pass,fail,fail,pass,skip,skip,pass,skip,skip,pass,pass,mcp-server-card-json,,16,0.4.0,2026-08-07
zimac.ai,1,0,Absent,,fail,fail,fail,fail,skip,skip,fail,skip,skip,fail,fail,,,15,0.4.0,2026-08-07
zine.ai,1,35,Discoverable,,fail,fail,fail,pass,skip,skip,fail,skip,skip,fail,fail,,,13,0.4.0,2026-08-07
zinema.tv,1,95,Agent-ready,,pass,fail,fail,fail,pass,pass,fail,pass,pass,pass,fail,mcp-json,legacy,21,0.4.0,2026-08-07
zip-tax.com,1,0,Absent,,error,fail,fail,error,skip,skip,error,skip,skip,fail,fail,,,47,0.4.0,2026-08-07
zip.tax,1,10,Text-only,,fail,fail,fail,fail,skip,skip,fail,skip,skip,pass,fail,,,24,0.4.0,2026-08-07
zipexplore.com,1,5,Text-only,,fail,fail,fail,fail,skip,skip,fail,skip,skip,fail,pass,,,34,0.4.0,2026-08-07
zippfeed.com,1,50,Discoverable,,pass,fail,fail,fail,skip,skip,fail,skip,skip,pass,pass,mcp-json,,16,0.4.0,2026-08-07
zipquote.ai,1,5,Text-only,,fail,fail,fail,fail,skip,skip,fail,skip,skip,fail,pass,,,18,0.4.0,2026-08-07
zircular.io,1,15,Text-only,,fail,fail,fail,fail,skip,skip,fail,skip,skip,pass,pass,,,17,0.4.0,2026-08-07
zktecoiot.com,1,0,Absent,,fail,fail,fail,fail,skip,skip,fail,skip,skip,fail,fail,,,18,0.4.0,2026-08-07
zmo.de,1,0,Absent,,fail,fail,fail,fail,skip,skip,fail,skip,skip,fail,fail,,,30,0.4.0,2026-08-07
zobrx.com,1,80,Connectable,,fail,fail,pass,pass,pass,fail,fail,skip,skip,pass,fail,,legacy,38,0.4.0,2026-08-07
zollo.live,1,15,Text-only,,fail,fail,fail,fail,skip,skip,fail,skip,skip,pass,pass,,,21,0.4.0,2026-08-07
zomato.com,1,0,Absent,,error,fail,fail,error,skip,skip,error,skip,skip,fail,fail,,,31,0.4.0,2026-08-07
zoninga.com,1,80,Connectable,,fail,fail,pass,pass,pass,fail,fail,skip,skip,pass,fail,,modern,20,0.4.0,2026-08-07
zoningsignal.com,1,80,Connectable,,pass,fail,pass,fail,pass,fail,fail,pass,skip,pass,fail,mcp-json,legacy,21,0.4.0,2026-08-07
zoningverdict.com,1,15,Text-only,,fail,fail,fail,fail,skip,skip,fail,skip,skip,pass,pass,,,15,0.4.0,2026-08-07
zooid.fund,1,15,Text-only,,fail,fail,fail,fail,skip,skip,fail,skip,skip,pass,pass,,,16,0.4.0,2026-08-07
zooza.app,1,0,Absent,,fail,fail,fail,fail,skip,skip,fail,skip,skip,fail,fail,,,19,0.4.0,2026-08-07
zopaf-mcp-production.up.railway.app,1,0,Absent,,error,fail,fail,error,skip,skip,error,skip,skip,fail,fail,,,41,0.4.0,2026-08-07
zoteus.com,1,10,Text-only,,fail,fail,fail,fail,skip,skip,fail,skip,skip,pass,fail,,,18,0.4.0,2026-08-07
zoteus.duckdns.org,1,0,Absent,,error,fail,fail,error,skip,skip,error,skip,skip,fail,fail,,,54,0.4.0,2026-08-07
zoxron.com,1,45,Discoverable,,pass,fail,fail,fail,skip,skip,fail,skip,skip,pass,fail,mcp-server-card-json,,17,0.4.0,2026-08-07
zsign-z72c.onrender.com,1,35,Discoverable,,fail,fail,fail,pass,skip,skip,fail,skip,skip,fail,fail,,,29,0.4.0,2026-08-07
zsign.io,1,45,Discoverable,,fail,fail,fail,pass,skip,skip,fail,skip,skip,pass,fail,,,16,0.4.0,2026-08-07
zuckerbot.ai,1,85,Connectable,,fail,fail,pass,pass,pass,fail,fail,skip,skip,pass,pass,,modern,19,0.4.0,2026-08-07
zugabot.ai,1,10,Text-only,,fail,fail,fail,fail,skip,skip,fail,skip,skip,pass,fail,,,15,0.4.0,2026-08-07
zugferd-validator.de,1,15,Text-only,,fail,fail,fail,fail,skip,skip,fail,skip,skip,pass,pass,,,16,0.4.0,2026-08-07
zuluworksai.com,1,5,Text-only,,fail,fail,fail,fail,skip,skip,fail,skip,skip,fail,pass,,,15,0.4.0,2026-08-07
zuplo.app,1,0,Absent,,fail,fail,fail,fail,skip,skip,fail,skip,skip,fail,fail,,,28,0.4.0,2026-08-07
zvid.io,1,70,Connectable,,fail,fail,pass,pass,pass,fail,fail,skip,skip,fail,fail,,modern,23,0.4.0,2026-08-07
zwier.app,1,15,Text-only,,fail,fail,fail,fail,skip,skip,fail,skip,skip,pass,pass,,,17,0.4.0,2026-08-07
zwitchy.io,1,100,Agent-ready,,fail,fail,pass,fail,pass,pass,fail,skip,pass,pass,pass,,legacy,20,0.4.0,2026-08-07
zxoar.fi,1,15,Text-only,,fail,fail,fail,fail,skip,skip,fail,skip,skip,pass,pass,,,15,0.4.0,2026-08-07
zyberno.com,1,15,Text-only,,fail,fail,fail,fail,skip,skip,fail,skip,skip,pass,pass,,,15,0.4.0,2026-08-07
zykm9qkk7j.workers.dev,1,0,Absent,,error,fail,fail,error,skip,skip,error,skip,skip,fail,fail,,,6,0.4.0,2026-08-07
zylalabs.com,1,0,Absent,,fail,fail,fail,fail,skip,skip,fail,skip,skip,fail,fail,,,17,0.4.0,2026-08-07
zyntra.app,1,0,Absent,,fail,fail,fail,fail,skip,skip,fail,skip,skip,fail,fail,,,18,0.4.0,2026-08-07
zype.com,1,0,Absent,,fail,fail,fail,fail,skip,skip,fail,skip,skip,fail,fail,,,32,0.4.0,2026-08-07
